Sensor_Distance,Leakage,Time,Prev_Sensor_Distance,Diff,Episode
3.9249690802824397,False,0,0.0,0.0,0
3.9464764723499823,False,1,3.9249690802824397,0.021507392067542597,0
4.081885786150283,False,2,3.9464764723499823,0.13540931380030097,0
3.9913142805199637,False,3,4.081885786150283,-0.09057150563031957,0
4.0447845461082474,False,4,3.9913142805199637,0.053470265588283716,0
3.9486133738845925,False,5,4.0447845461082474,-0.0961711722236549,0
4.079330078975904,False,6,3.9486133738845925,0.13071670509131117,0
4.035357930216466,False,7,4.079330078975904,-0.04397214875943778,0
3.9361999148030913,False,8,4.035357930216466,-0.09915801541337466,0
3.9029467822584754,False,9,3.9361999148030913,-0.033253132544615926,0
3.940521926724752,False,10,3.9029467822584754,0.03757514446627663,0
4.0129416839375205,False,11,3.940521926724752,0.0724197572127685,0
3.947556143419298,False,12,4.0129416839375205,-0.06538554051822265,0
3.9933189701535143,False,13,3.947556143419298,0.0457628267342165,0
3.999600696662193,False,14,3.9933189701535143,0.006281726508678531,0
4.072428608511245,False,15,3.999600696662193,0.07282791184905246,0
3.9971358047492713,False,16,4.072428608511245,-0.075292803761974,0
4.005634440890129,False,17,3.9971358047492713,0.008498636140858107,0
3.975821176639131,False,18,4.005634440890129,-0.029813264250998284,0
4.061918618302728,False,19,3.975821176639131,0.08609744166359645,0
4.061277504803425,False,20,4.061918618302728,-0.0006411134993022927,0
3.935388243493572,False,21,4.061277504803425,-0.12588926130985323,0
4.038448215257991,False,22,3.935388243493572,0.10305997176441872,0
3.9408264172679766,False,23,4.038448215257991,-0.09762179799001425,0
3.9891090321294245,False,24,3.9408264172679766,0.048282614861447914,0
3.916613747389062,False,25,3.9891090321294245,-0.07249528474036238,0
3.951442643675368,False,26,3.916613747389062,0.0348288962863057,0
3.9708344082085936,False,27,3.951442643675368,0.019391764533225775,0
3.926550053657195,False,28,3.9708344082085936,-0.044284354551398675,0
3.904103793530761,False,29,3.926550053657195,-0.022446260126433693,0
3.9243804483518425,False,30,3.904103793530761,0.02027665482108132,0
4.065491082824239,False,31,3.9243804483518425,0.14111063447239625,0
3.9875637005756515,False,32,4.065491082824239,-0.0779273822485873,0
3.965940472777928,False,33,3.9875637005756515,-0.0216232277977233,0
3.905631531531344,False,34,3.965940472777928,-0.06030894124658426,0
3.9443942403047547,False,35,3.905631531531344,0.038762708773410814,0
4.056728474980136,False,36,3.9443942403047547,0.11233423467538106,0
4.063646671611517,False,37,4.056728474980136,0.006918196631381157,0
4.036641140778645,False,38,4.063646671611517,-0.027005530832871827,0
3.9439233651241445,False,39,4.036641140778645,-0.09271777565450057,0
3.9707389540525293,False,40,3.9439233651241445,0.02681558892838476,0
3.903760205510243,False,41,3.9707389540525293,-0.06697874854228614,0
4.074860378805516,False,42,3.903760205510243,0.17110017329527283,0
3.984978580237865,False,43,4.074860378805516,-0.08988179856765077,0
4.021318669364151,False,44,3.984978580237865,0.0363400891262855,0
3.937880525589163,False,45,4.021318669364151,-0.0834381437749876,0
4.079668080693756,False,46,3.937880525589163,0.1417875551045933,0
4.026869744943237,False,47,4.079668080693756,-0.052798335750519065,0
4.050473290289198,False,48,4.026869744943237,0.023603545345960875,0
3.9088619998722764,False,49,4.050473290289198,-0.14161129041692178,0
3.9491280756178844,False,50,3.9088619998722764,0.04026607574560792,0
3.962552909057887,False,51,3.9491280756178844,0.013424833440002448,0
4.037329010828759,False,52,3.962552909057887,0.07477610177087213,0
3.9729076935894545,False,53,4.037329010828759,-0.06442131723930444,0
4.094389767701484,False,54,3.9729076935894545,0.12148207411202971,0
3.952548575690114,False,55,4.094389767701484,-0.14184119201137024,0
4.048680979129434,False,56,3.952548575690114,0.09613240343931961,0
3.9088444836249603,False,57,4.048680979129434,-0.1398364955044733,0
3.9822967012205863,False,58,3.9088444836249603,0.07345221759562603,0
3.958793046959303,False,59,3.9822967012205863,-0.023503654261283202,0
3.953811135876104,False,60,3.958793046959303,-0.004981911083199009,0
3.9954399712701436,False,61,3.953811135876104,0.0416288353940395,0
3.9574874578032233,False,62,3.9954399712701436,-0.0379525134669203,0
3.9101411216377757,False,63,3.9574874578032233,-0.04734633616544759,0
4.02982691913746,False,64,3.9101411216377757,0.11968579749968455,0
4.002569007673315,False,65,4.02982691913746,-0.02725791146414558,0
3.9202221774244954,False,66,4.002569007673315,-0.08234683024881928,0
3.9736305245919956,False,67,3.9202221774244954,0.0534083471675002,0
4.006580451771838,False,68,3.9736305245919956,0.032949927179842575,0
4.089749374324705,False,69,4.006580451771838,0.08316892255286668,0
4.055051618236351,False,70,4.089749374324705,-0.034697756088354126,0
3.952183775683253,False,71,4.055051618236351,-0.10286784255309778,0
3.913609261128,False,72,3.952183775683253,-0.03857451455525318,0
4.017021345165894,False,73,3.913609261128,0.10341208403789404,0
3.9889996458973567,False,74,4.017021345165894,-0.028021699268537148,0
4.036657515236639,False,75,3.9889996458973567,0.0476578693392824,0
3.9905340151238504,False,76,4.036657515236639,-0.04612350011278865,0
4.0059324155111256,False,77,3.9905340151238504,0.015398400387275135,0
4.051713175128327,False,78,4.0059324155111256,0.04578075961720174,0
3.900380673714253,False,79,4.051713175128327,-0.15133250141407428,0
4.018204946073289,False,80,3.900380673714253,0.11782427235903592,0
3.9920803433296586,False,81,4.018204946073289,-0.026124602743630376,0
3.9207865758306863,False,82,3.9920803433296586,-0.0712937674989722,0
3.9566555692321606,False,83,3.9207865758306863,0.0358689934014742,0
4.092873661053363,False,84,3.9566555692321606,0.1362180918212026,0
4.073067760973553,False,85,4.092873661053363,-0.019805900079810534,0
4.065694533163568,False,86,4.073067760973553,-0.007373227809984506,0
3.906362276552672,False,87,4.065694533163568,-0.15933225661089612,0
3.9573530633062317,False,88,3.906362276552672,0.050990786753559725,0
3.9362891937345816,False,89,3.9573530633062317,-0.021063869571650073,0
3.9082454214921567,False,90,3.9362891937345816,-0.028043772242424936,0
4.026023854543883,False,91,3.9082454214921567,0.11777843305172642,0
4.023230286512284,False,92,4.026023854543883,-0.0027935680315991362,0
4.057933798539098,False,93,4.023230286512284,0.03470351202681421,0
4.094745088991997,False,94,4.057933798539098,0.036811290452899215,0
3.902209867484611,False,95,4.094745088991997,-0.19253522150738656,0
3.9607258562478704,False,96,3.902209867484611,0.058515988763259585,0
3.90758972542364,False,97,3.9607258562478704,-0.05313613082423041,0
4.019948062932301,False,98,3.90758972542364,0.11235833750866053,0
4.099026003846328,False,99,4.019948062932301,0.07907794091402742,0
4.147557408725687,True,100,4.099026003846328,0.04853140487935903,0
4.226753913048422,True,101,4.147557408725687,0.07919650432273517,0
4.336565822760728,True,102,4.226753913048422,0.10981190971230603,0
4.346054653172252,True,103,4.336565822760728,0.009488830411523708,0
4.536024040382591,True,104,4.346054653172252,0.18996938721033896,0
4.66918682990477,True,105,4.536024040382591,0.13316278952217875,0
4.815879156895834,True,106,4.66918682990477,0.14669232699106427,0
4.819270435053514,True,107,4.815879156895834,0.0033912781576797,0
5.0322983450908385,True,108,4.819270435053514,0.2130279100373249,0
5.116805934656405,True,109,5.0322983450908385,0.08450758956556648,0
5.281011663028844,True,110,5.116805934656405,0.16420572837243874,0
5.331291165005201,True,111,5.281011663028844,0.05027950197635711,0
5.457368656028383,True,112,5.331291165005201,0.12607749102318255,0
5.489351976111807,True,113,5.457368656028383,0.031983320083423195,0
5.70226996577154,True,114,5.489351976111807,0.21291798965973374,0
5.830501692374589,True,115,5.70226996577154,0.12823172660304838,0
5.8992703578523935,True,116,5.830501692374589,0.0687686654778048,0
6.090089030430658,True,117,5.8992703578523935,0.19081867257826435,0
6.131839450823628,True,118,6.090089030430658,0.04175042039296972,0
6.22221287459681,True,119,6.131839450823628,0.09037342377318236,0
6.462883173914284,True,120,6.22221287459681,0.24067029931747363,0
6.456360939479843,True,121,6.462883173914284,-0.006522234434440222,0
6.6048562734168526,True,122,6.456360939479843,0.1484953339370092,0
6.675220742241663,True,123,6.6048562734168526,0.07036446882481062,0
6.850475837034516,True,124,6.675220742241663,0.17525509479285262,0
6.9567667554194506,True,125,6.850475837034516,0.10629091838493476,0
7.0318213250107044,True,126,6.9567667554194506,0.0750545695912539,0
7.27413994829902,True,127,7.0318213250107044,0.24231862328831522,0
7.364729131176123,True,128,7.27413994829902,0.09058918287710327,0
7.3670257591194535,True,129,7.364729131176123,0.0022966279433305203,0
7.595568349355397,True,130,7.3670257591194535,0.2285425902359437,0
7.645545103565232,True,131,7.595568349355397,0.04997675420983505,0
7.905633484776992,True,132,7.645545103565232,0.2600883812117596,0
7.946274924238841,True,133,7.905633484776992,0.04064143946184906,0
8.034166726342905,True,134,7.946274924238841,0.087891802104064,0
8.076910452738293,True,135,8.034166726342905,0.04274372639538804,0
8.20409948957339,True,136,8.076910452738293,0.1271890368350963,0
8.43781512030141,True,137,8.20409948957339,0.23371563072802104,0
8.41102221364649,True,138,8.43781512030141,-0.0267929066549204,0
8.657487390069413,True,139,8.41102221364649,0.2464651764229231,0
8.684018395697361,True,140,8.657487390069413,0.02653100562794819,0
8.816381912213194,True,141,8.684018395697361,0.13236351651583256,0
8.994254403791452,True,142,8.816381912213194,0.1778724915782579,0
9.069102880613064,True,143,8.994254403791452,0.07484847682161266,0
9.18344351390526,True,144,9.069102880613064,0.1143406332921959,0
9.303890107921887,True,145,9.18344351390526,0.12044659401662727,0
9.37164023460304,True,146,9.303890107921887,0.06775012668115288,0
9.545699487167036,True,147,9.37164023460304,0.17405925256399613,0
9.563389282488691,True,148,9.545699487167036,0.0176897953216546,0
9.668979051570982,True,149,9.563389282488691,0.10558976908229134,0
9.894469145934588,True,150,9.668979051570982,0.22549009436360556,0
9.908733861762132,True,151,9.894469145934588,0.014264715827543739,0
10.13145920225122,True,152,9.908733861762132,0.2227253404890881,0
10.216092412119634,True,153,10.13145920225122,0.08463320986841438,0
10.37712741677157,True,154,10.216092412119634,0.16103500465193576,0
10.40693101367835,True,155,10.37712741677157,0.02980359690677936,0
10.53018494262981,True,156,10.40693101367835,0.12325392895146159,0
10.703410175269987,True,157,10.53018494262981,0.17322523264017597,0
10.75628568139139,True,158,10.703410175269987,0.05287550612140279,0
10.767432014175876,True,159,10.75628568139139,0.01114633278448629,0
11.037974879530013,True,160,10.767432014175876,0.2705428653541375,0
11.061645034131761,True,161,11.037974879530013,0.023670154601747484,0
11.231612361575824,True,162,11.061645034131761,0.16996732744406273,0
11.238423331526292,True,163,11.231612361575824,0.006810969950468149,0
11.36422853467238,True,164,11.238423331526292,0.12580520314608812,0
11.526793219040538,True,165,11.36422853467238,0.1625646843681583,0
11.707166433808437,True,166,11.526793219040538,0.18037321476789892,0
11.697840357015203,True,167,11.707166433808437,-0.009326076793234606,0
11.901996929414029,True,168,11.697840357015203,0.20415657239882634,0
11.987493647631158,True,169,11.901996929414029,0.08549671821712934,0
12.181100706458357,True,170,11.987493647631158,0.1936070588271992,0
12.344297272817057,True,171,12.181100706458357,0.1631965663586996,0
12.270692828662682,True,172,12.344297272817057,-0.07360444415437506,0
12.366871111302958,True,173,12.270692828662682,0.09617828264027573,0
12.516355432225204,True,174,12.366871111302958,0.14948432092224628,0
12.66573498596917,True,175,12.516355432225204,0.14937955374396594,0
12.792663729090677,True,176,12.66573498596917,0.12692874312150693,0
12.890120661154855,True,177,12.792663729090677,0.09745693206417805,0
13.084253583970003,True,178,12.890120661154855,0.1941329228151485,0
13.19629000846575,True,179,13.084253583970003,0.1120364244957468,0
13.231354373495055,True,180,13.19629000846575,0.03506436502930477,0
13.399553489473064,True,181,13.231354373495055,0.16819911597800896,0
13.400340258143727,True,182,13.399553489473064,0.0007867686706628518,0
13.524722981812783,True,183,13.400340258143727,0.124382723669056,0
13.602044817492995,True,184,13.524722981812783,0.07732183568021256,0
13.863981601795702,True,185,13.602044817492995,0.2619367843027067,0
13.877681382739526,True,186,13.863981601795702,0.01369978094382418,0
14.053592840439762,True,187,13.877681382739526,0.17591145770023608,0
14.25557387212891,True,188,14.053592840439762,0.20198103168914727,0
14.342650110351517,True,189,14.25557387212891,0.08707623822260757,0
14.327214066068912,True,190,14.342650110351517,-0.015436044282605366,0
14.439052325156164,True,191,14.327214066068912,0.11183825908725176,0
14.66409715262711,True,192,14.439052325156164,0.22504482747094734,0
14.679098923987798,True,193,14.66409715262711,0.015001771360687144,0
14.88152637448011,True,194,14.679098923987798,0.20242745049231203,0
14.846221401081579,True,195,14.88152637448011,-0.03530497339853156,0
15.14206675776456,True,196,14.846221401081579,0.29584535668298173,0
15.2359628370386,True,197,15.14206675776456,0.09389607927404064,0
15.373147004855445,True,198,15.2359628370386,0.1371841678168444,0
15.440986598970934,True,199,15.373147004855445,0.06783959411548857,0
15.353695399671171,False,200,15.440986598970934,-0.08729119929976292,0
15.363991684431424,False,201,15.353695399671171,0.010296284760253016,0
15.466652214859712,False,202,15.363991684431424,0.10266053042828815,0
15.291393639835649,False,203,15.466652214859712,-0.1752585750240634,0
15.379924342946817,False,204,15.291393639835649,0.08853070311116795,0
15.46079532167034,False,205,15.379924342946817,0.08087097872352267,0
15.346457826005103,False,206,15.46079532167034,-0.11433749566523588,0
15.46113089678866,False,207,15.346457826005103,0.1146730707835566,0
15.400300726032006,False,208,15.46113089678866,-0.06083017075665431,0
15.30944362852264,False,209,15.400300726032006,-0.09085709750936566,0
15.352660645955002,False,210,15.30944362852264,0.043217017432361615,0
15.426892582512044,False,211,15.352660645955002,0.07423193655704274,0
15.370428904578963,False,212,15.426892582512044,-0.05646367793308116,0
15.301852617291951,False,213,15.370428904578963,-0.06857628728701215,0
15.333937188924889,False,214,15.301852617291951,0.03208457163293765,0
15.363116890991462,False,215,15.333937188924889,0.029179702066572943,0
15.341764208676272,False,216,15.363116890991462,-0.021352682315189497,0
15.383616347767203,False,217,15.341764208676272,0.04185213909093122,0
15.419353256731695,False,218,15.383616347767203,0.03573690896449122,0
15.484129256988236,False,219,15.419353256731695,0.06477600025654162,0
15.416723420350147,False,220,15.484129256988236,-0.06740583663808941,0
15.438179914971647,False,221,15.416723420350147,0.0214564946214999,0
15.40355640236577,False,222,15.438179914971647,-0.03462351260587759,0
15.41403209727908,False,223,15.40355640236577,0.010475694913310463,0
15.405101537002077,False,224,15.41403209727908,-0.008930560277002897,0
15.380757036150163,False,225,15.405101537002077,-0.024344500851913864,0
15.335440980853082,False,226,15.380757036150163,-0.04531605529708038,0
15.342215530090384,False,227,15.335440980853082,0.006774549237301031,0
15.41874715904077,False,228,15.342215530090384,0.07653162895038612,0
15.324176730195367,False,229,15.41874715904077,-0.09457042884540279,0
15.417708624712464,False,230,15.324176730195367,0.09353189451709731,0
15.411328749561134,False,231,15.417708624712464,-0.006379875151329983,0
15.335918028129184,False,232,15.411328749561134,-0.07541072143195038,0
15.326645973758593,False,233,15.335918028129184,-0.009272054370590865,0
15.287585548317523,False,234,15.326645973758593,-0.039060425441070024,0
15.327280002573287,False,235,15.287585548317523,0.039694454255764455,0
15.461911639661208,False,236,15.327280002573287,0.1346316370879208,0
15.444981221109945,False,237,15.461911639661208,-0.016930418551263315,0
15.433484232348981,False,238,15.444981221109945,-0.011496988760963944,0
15.444789145253576,False,239,15.433484232348981,0.011304912904595454,0
15.303352225680836,False,240,15.444789145253576,-0.1414369195727403,0
15.450842776365212,False,241,15.303352225680836,0.14749055068437578,0
15.292657867720802,False,242,15.450842776365212,-0.15818490864440982,0
15.340827925448707,False,243,15.292657867720802,0.04817005772790495,0
15.319138533626097,False,244,15.340827925448707,-0.021689391822610204,0
15.482977460943408,False,245,15.319138533626097,0.1638389273173111,0
15.481038410031092,False,246,15.482977460943408,-0.0019390509123162758,0
15.383314352840411,False,247,15.481038410031092,-0.09772405719068011,0
15.432594164517143,False,248,15.383314352840411,0.049279811676731455,0
15.34928375285618,False,249,15.432594164517143,-0.0833104116609622,0
15.456866798248175,False,250,15.34928375285618,0.10758304539199415,0
15.32058967688578,False,251,15.456866798248175,-0.13627712136239545,0
15.366909569062239,False,252,15.32058967688578,0.046319892176459376,0
15.308589881608052,False,253,15.366909569062239,-0.05831968745418692,0
15.4784413004759,False,254,15.308589881608052,0.16985141886784838,0
15.376380075183022,False,255,15.4784413004759,-0.10206122529287853,0
15.382639557705662,False,256,15.376380075183022,0.006259482522640525,0
15.472267694841499,False,257,15.382639557705662,0.08962813713583628,0
15.3974378064884,False,258,15.472267694841499,-0.0748298883530989,0
15.330335129266635,False,259,15.3974378064884,-0.0671026772217651,0
15.441926227698918,False,260,15.330335129266635,0.11159109843228343,0
15.300350008616487,False,261,15.441926227698918,-0.141576219082431,0
15.374059272025036,False,262,15.300350008616487,0.07370926340854922,0
15.449365017625853,False,263,15.374059272025036,0.07530574560081682,0
15.43824612257079,False,264,15.449365017625853,-0.011118895055062694,0
15.320943610912833,False,265,15.43824612257079,-0.11730251165795735,0
15.470314133278716,False,266,15.320943610912833,0.14937052236588322,0
15.41406413593737,False,267,15.470314133278716,-0.056249997341346614,0
15.311768855317453,False,268,15.41406413593737,-0.10229528061991644,0
15.295002040542217,False,269,15.311768855317453,-0.016766814775236227,0
15.44292129515039,False,270,15.295002040542217,0.14791925460817268,0
15.468093940158763,False,271,15.44292129515039,0.02517264500837335,0
15.445081495128681,False,272,15.468093940158763,-0.023012445030081707,0
15.29640462184517,False,273,15.445081495128681,-0.1486768732835113,0
15.364605433165494,False,274,15.29640462184517,0.06820081132032385,0
15.442096361887126,False,275,15.364605433165494,0.0774909287216321,0
15.38494656513052,False,276,15.442096361887126,-0.057149796756606364,0
15.38560163962807,False,277,15.38494656513052,0.0006550744975513112,0
15.442210226420231,False,278,15.38560163962807,0.05660858679216041,0
15.407562515290495,False,279,15.442210226420231,-0.03464771112973608,0
15.47706717816419,False,280,15.407562515290495,0.06950466287369572,0
15.380470162330312,False,281,15.47706717816419,-0.09659701583387914,0
15.316192180717064,False,282,15.380470162330312,-0.06427798161324816,0
15.392224186299213,False,283,15.316192180717064,0.07603200558214951,0
15.452731612664369,False,284,15.392224186299213,0.060507426365155936,0
15.482090379738148,False,285,15.452731612664369,0.029358767073778935,0
15.433481325288938,False,286,15.482090379738148,-0.048609054449210376,0
15.357215312536727,False,287,15.433481325288938,-0.07626601275221034,0
15.482447679517005,False,288,15.357215312536727,0.12523236698027773,0
15.356000325676286,False,289,15.482447679517005,-0.12644735384071915,0
15.395678686013722,False,290,15.356000325676286,0.03967836033743666,0
15.404649054405628,False,291,15.395678686013722,0.008970368391905126,0
15.360649260351934,False,292,15.404649054405628,-0.043999794053693364,0
15.301118109722559,False,293,15.360649260351934,-0.05953115062937542,0
15.351817030735722,False,294,15.301118109722559,0.0506989210131632,0
15.426032118495742,False,295,15.351817030735722,0.07421508776002028,0
15.39830802049166,False,296,15.426032118495742,-0.027724098004082265,0
15.452709170661853,False,297,15.39830802049166,0.05440115017019309,0
15.432275719885206,False,298,15.452709170661853,-0.020433450776646822,0
15.426974540090676,False,299,15.432275719885206,-0.005301179794530597,0
4.053942559292814,False,0,0.0,0.0,1
4.069876595217821,False,1,4.053942559292814,0.01593403592500664,1
3.9600910952661303,False,2,4.069876595217821,-0.10978549995169029,1
4.067246337885865,False,3,3.9600910952661303,0.10715524261973464,1
3.992029453422318,False,4,4.067246337885865,-0.07521688446354702,1
3.9962928281538175,False,5,3.992029453422318,0.004263374731499514,1
3.9982245682728075,False,6,3.9962928281538175,0.0019317401189899996,1
3.9750050951150087,False,7,3.9982245682728075,-0.02321947315779882,1
4.0399881456802955,False,8,3.9750050951150087,0.06498305056528686,1
4.08374329590937,False,9,4.0399881456802955,0.0437551502290745,1
3.9970151648564567,False,10,4.08374329590937,-0.08672813105291333,1
3.974485914678386,False,11,3.9970151648564567,-0.022529250178070725,1
3.989287794295648,False,12,3.974485914678386,0.014801879617261982,1
3.9355178249757516,False,13,3.989287794295648,-0.053769969319896305,1
4.037003939572788,False,14,3.9355178249757516,0.10148611459703627,1
4.0817238085999525,False,15,4.037003939572788,0.04471986902716463,1
4.047200056210467,False,16,4.0817238085999525,-0.03452375238948591,1
3.9596304236727926,False,17,4.047200056210467,-0.08756963253767402,1
4.072132887536718,False,18,3.9596304236727926,0.11250246386392515,1
3.9198991992604872,False,19,4.072132887536718,-0.15223368827623052,1
4.045264620713638,False,20,3.9198991992604872,0.125365421453151,1
3.9570379690978035,False,21,4.045264620713638,-0.08822665161583476,1
4.010627292046204,False,22,3.9570379690978035,0.05358932294840013,1
4.059176117517568,False,23,4.010627292046204,0.04854882547136441,1
4.039774741889263,False,24,4.059176117517568,-0.019401375628304685,1
4.047614796187075,False,25,4.039774741889263,0.007840054297811427,1
3.997136129327587,False,26,4.047614796187075,-0.05047866685948765,1
4.017895366960167,False,27,3.997136129327587,0.020759237632580252,1
3.9229949945577913,False,28,4.017895366960167,-0.09490037240237603,1
4.007116868156276,False,29,3.9229949945577913,0.08412187359848433,1
3.962705334874352,False,30,4.007116868156276,-0.04441153328192371,1
4.006754544983464,False,31,3.962705334874352,0.04404921010911167,1
4.0009553601404235,False,32,4.006754544983464,-0.005799184843040095,1
4.022872588928242,False,33,4.0009553601404235,0.02191722878781821,1
3.907768647877067,False,34,4.022872588928242,-0.11510394105117472,1
3.9523269968771206,False,35,3.907768647877067,0.04455834900005362,1
3.94332991168846,False,36,3.9523269968771206,-0.008997085188660492,1
3.938106554025832,False,37,3.94332991168846,-0.0052233576626279365,1
4.023086657708322,False,38,3.938106554025832,0.08498010368248954,1
3.925173386539578,False,39,4.023086657708322,-0.0979132711687436,1
3.9303552282699705,False,40,3.925173386539578,0.005181841730392378,1
3.921722233165103,False,41,3.9303552282699705,-0.00863299510486737,1
3.921600835990028,False,42,3.921722233165103,-0.00012139717507508863,1
4.034106037273669,False,43,3.921600835990028,0.11250520128364094,1
4.070642148587755,False,44,4.034106037273669,0.03653611131408585,1
4.0388568063498305,False,45,4.070642148587755,-0.0317853422379244,1
4.03641344258602,False,46,4.0388568063498305,-0.002443363763810602,1
4.028137181190945,False,47,4.03641344258602,-0.008276261395074869,1
3.961387212301821,False,48,4.028137181190945,-0.06674996888912421,1
4.065446399492727,False,49,3.961387212301821,0.10405918719090579,1
3.955686831295312,False,50,4.065446399492727,-0.10975956819741439,1
3.95732969719726,False,51,3.955686831295312,0.001642865901947843,1
4.097062695493476,False,52,3.95732969719726,0.13973299829621633,1
4.025716938962406,False,53,4.097062695493476,-0.07134575653107067,1
4.013231387156587,False,54,4.025716938962406,-0.012485551805818673,1
3.9035013642207663,False,55,4.013231387156587,-0.10973002293582068,1
3.9255935866050766,False,56,3.9035013642207663,0.0220922223843103,1
3.9449799162408006,False,57,3.9255935866050766,0.019386329635723953,1
4.064340392137989,False,58,3.9449799162408006,0.11936047589718868,1
4.050963395648738,False,59,4.064340392137989,-0.01337699648925117,1
3.9594459740738865,False,60,4.050963395648738,-0.09151742157485154,1
4.0613938509212755,False,61,3.9594459740738865,0.10194787684738893,1
3.9363176260293122,False,62,4.0613938509212755,-0.12507622489196324,1
3.9796631321619795,False,63,3.9363176260293122,0.0433455061326673,1
3.9035157479945317,False,64,3.9796631321619795,-0.07614738416744782,1
4.020915721872122,False,65,3.9035157479945317,0.11739997387758994,1
3.929377152301401,False,66,4.020915721872122,-0.09153856957072071,1
3.9744412082498735,False,67,3.929377152301401,0.045064055948472515,1
3.9869483396022845,False,68,3.9744412082498735,0.012507131352410994,1
3.934247506678095,False,69,3.9869483396022845,-0.05270083292418937,1
3.9502428650316883,False,70,3.934247506678095,0.015995358353593225,1
3.9710636148508702,False,71,3.9502428650316883,0.020820749819181916,1
4.086347284381194,False,72,3.9710636148508702,0.11528366953032387,1
3.9447777121017444,False,73,4.086347284381194,-0.14156957227944966,1
4.061989250669709,False,74,3.9447777121017444,0.11721153856796418,1
3.974154077087543,False,75,4.061989250669709,-0.08783517358216564,1
3.9620325197698687,False,76,3.974154077087543,-0.01212155731767428,1
3.931620116133889,False,77,3.9620325197698687,-0.030412403635979857,1
3.921807186440244,False,78,3.931620116133889,-0.00981292969364489,1
4.070480484566154,False,79,3.921807186440244,0.14867329812591024,1
4.015762262328657,False,80,4.070480484566154,-0.054718222237497116,1
3.9020381510275937,False,81,4.015762262328657,-0.11372411130106341,1
3.94476264220798,False,82,3.9020381510275937,0.04272449118038635,1
4.015728231426935,False,83,3.94476264220798,0.07096558921895468,1
3.9737823189498913,False,84,4.015728231426935,-0.04194591247704338,1
4.080347402796713,False,85,3.9737823189498913,0.10656508384682173,1
3.9725443715798487,False,86,4.080347402796713,-0.1078030312168643,1
3.990844893564708,False,87,3.9725443715798487,0.01830052198485932,1
4.032479995940479,False,88,3.990844893564708,0.04163510237577084,1
3.955694715865008,False,89,4.032479995940479,-0.07678528007547092,1
3.9884491606367725,False,90,3.955694715865008,0.03275444477176448,1
4.021688357590671,False,91,3.9884491606367725,0.03323919695389854,1
3.9354202788929347,False,92,4.021688357590671,-0.08626807869773634,1
3.968703494553921,False,93,3.9354202788929347,0.033283215660986354,1
4.008015104483712,False,94,3.968703494553921,0.03931160992979077,1
4.050481040571483,False,95,4.008015104483712,0.04246593608777083,1
4.006980579244623,False,96,4.050481040571483,-0.04350046132685925,1
3.970113822756077,False,97,4.006980579244623,-0.036866756488546315,1
3.944801447413399,False,98,3.970113822756077,-0.02531237534267783,1
3.9688032547323213,False,99,3.944801447413399,0.024001807318922097,1
4.4066969388913915,True,100,3.9688032547323213,0.43789368415907015,1
4.528730320938162,True,101,4.4066969388913915,0.12203338204677028,1
4.9530445969187396,True,102,4.528730320938162,0.4243142759805778,1
5.268869878941135,True,103,4.9530445969187396,0.315825282022395,1
5.4562510556719985,True,104,5.268869878941135,0.18738117673086396,1
5.812383289949804,True,105,5.4562510556719985,0.3561322342778057,1
6.1753877553420295,True,106,5.812383289949804,0.3630044653922253,1
6.402418023415632,True,107,6.1753877553420295,0.2270302680736025,1
6.814811401251285,True,108,6.402418023415632,0.4123933778356532,1
7.156714096819604,True,109,6.814811401251285,0.34190269556831865,1
7.417525925326812,True,110,7.156714096819604,0.2608118285072081,1
7.757449783307343,True,111,7.417525925326812,0.3399238579805308,1
8.003338032749976,True,112,7.757449783307343,0.24588824944263354,1
8.309372716833366,True,113,8.003338032749976,0.3060346840833894,1
8.641744020095954,True,114,8.309372716833366,0.33237130326258857,1
8.897079823146774,True,115,8.641744020095954,0.25533580305081927,1
9.324244029360655,True,116,8.897079823146774,0.42716420621388096,1
9.5164819777015,True,117,9.324244029360655,0.1922379483408463,1
9.843010065948523,True,118,9.5164819777015,0.32652808824702184,1
10.232844996149005,True,119,9.843010065948523,0.38983493020048243,1
10.506605077286036,True,120,10.232844996149005,0.27376008113703065,1
10.828975424282252,True,121,10.506605077286036,0.32237034699621603,1
11.054440180688205,True,122,10.828975424282252,0.22546475640595354,1
11.423879558375202,True,123,11.054440180688205,0.3694393776869962,1
11.683285823475506,True,124,11.423879558375202,0.2594062651003046,1
12.04386340951894,True,125,11.683285823475506,0.3605775860434335,1
12.261199875373848,True,126,12.04386340951894,0.21733646585490796,1
12.588624891518904,True,127,12.261199875373848,0.3274250161450567,1
13.058298613630615,True,128,12.588624891518904,0.4696737221117111,1
13.237800830625112,True,129,13.058298613630615,0.17950221699449642,1
13.666651466996523,True,130,13.237800830625112,0.4288506363714113,1
13.850206322903432,True,131,13.666651466996523,0.1835548559069089,1
14.257723655825501,True,132,13.850206322903432,0.40751733292206893,1
14.480138612156528,True,133,14.257723655825501,0.22241495633102737,1
14.945047389523214,True,134,14.480138612156528,0.464908777366686,1
15.13505410607803,True,135,14.945047389523214,0.19000671655481582,1
15.585912740347462,True,136,15.13505410607803,0.45085863426943185,1
15.729540243588646,True,137,15.585912740347462,0.14362750324118423,1
16.163295672200107,True,138,15.729540243588646,0.43375542861146066,1
16.407960460566112,True,139,16.163295672200107,0.24466478836600558,1
16.812372694767017,True,140,16.407960460566112,0.40441223420090466,1
17.080199972342882,True,141,16.812372694767017,0.267827277575865,1
17.4022468999383,True,142,17.080199972342882,0.3220469275954194,1
17.65367546937504,True,143,17.4022468999383,0.2514285694367402,1
18.086542861842144,True,144,17.65367546937504,0.43286739246710226,1
18.33118215179333,True,145,18.086542861842144,0.24463928995118778,1
18.67426453823813,True,146,18.33118215179333,0.3430823864447987,1
18.984352245047265,True,147,18.67426453823813,0.310087706809135,1
19.294591491200546,True,148,18.984352245047265,0.31023924615328013,1
19.518677970834407,True,149,19.294591491200546,0.2240864796338613,1
19.83721972151882,True,150,19.518677970834407,0.3185417506844139,1
20.0,False,151,19.83721972151882,0.16278027848117915,1
20.0,False,152,20.0,0.0,1
20.0,False,153,20.0,0.0,1
20.0,False,154,20.0,0.0,1
20.0,False,155,20.0,0.0,1
20.0,False,156,20.0,0.0,1
20.0,False,157,20.0,0.0,1
20.0,False,158,20.0,0.0,1
20.0,False,159,20.0,0.0,1
20.0,False,160,20.0,0.0,1
20.0,False,161,20.0,0.0,1
20.0,False,162,20.0,0.0,1
20.0,False,163,20.0,0.0,1
20.0,False,164,20.0,0.0,1
20.0,False,165,20.0,0.0,1
20.0,False,166,20.0,0.0,1
20.0,False,167,20.0,0.0,1
20.0,False,168,20.0,0.0,1
20.0,False,169,20.0,0.0,1
20.0,False,170,20.0,0.0,1
20.0,False,171,20.0,0.0,1
20.0,False,172,20.0,0.0,1
20.0,False,173,20.0,0.0,1
20.0,False,174,20.0,0.0,1
20.0,False,175,20.0,0.0,1
20.0,False,176,20.0,0.0,1
20.0,False,177,20.0,0.0,1
20.0,False,178,20.0,0.0,1
20.0,False,179,20.0,0.0,1
20.0,False,180,20.0,0.0,1
20.0,False,181,20.0,0.0,1
20.0,False,182,20.0,0.0,1
20.0,False,183,20.0,0.0,1
20.0,False,184,20.0,0.0,1
20.0,False,185,20.0,0.0,1
20.0,False,186,20.0,0.0,1
20.0,False,187,20.0,0.0,1
20.0,False,188,20.0,0.0,1
20.0,False,189,20.0,0.0,1
20.0,False,190,20.0,0.0,1
20.0,False,191,20.0,0.0,1
20.0,False,192,20.0,0.0,1
20.0,False,193,20.0,0.0,1
20.0,False,194,20.0,0.0,1
20.0,False,195,20.0,0.0,1
20.0,False,196,20.0,0.0,1
20.0,False,197,20.0,0.0,1
20.0,False,198,20.0,0.0,1
20.0,False,199,20.0,0.0,1
20.0,False,200,20.0,0.0,1
19.98578652627523,False,201,20.0,-0.014213473724769443,1
19.978033194358094,False,202,19.98578652627523,-0.007753331917136563,1
20.0,False,203,19.978033194358094,0.021966805641906006,1
20.0,False,204,20.0,0.0,1
19.902715677581227,False,205,20.0,-0.09728432241877272,1
19.907106534087884,False,206,19.902715677581227,0.004390856506656604,1
19.969074896723832,False,207,19.907106534087884,0.06196836263594818,1
19.963366496461184,False,208,19.969074896723832,-0.005708400262648183,1
19.964588874550437,False,209,19.963366496461184,0.0012223780892526293,1
20.0,False,210,19.964588874550437,0.035411125449563485,1
19.910674036902385,False,211,20.0,-0.08932596309761465,1
19.990515501705637,False,212,19.910674036902385,0.07984146480325194,1
19.931428012102682,False,213,19.990515501705637,-0.0590874896029554,1
19.992289028510687,False,214,19.931428012102682,0.06086101640800479,1
19.99189240649212,False,215,19.992289028510687,-0.00039662201856671686,1
19.993506008743925,False,216,19.99189240649212,0.0016136022518047355,1
19.978380020361246,False,217,19.993506008743925,-0.015125988382678202,1
19.994597837775,False,218,19.978380020361246,0.01621781741375372,1
19.969858421932013,False,219,19.994597837775,-0.024739415842987,1
20.0,False,220,19.969858421932013,0.030141578067986785,1
20.0,False,221,20.0,0.0,1
20.0,False,222,20.0,0.0,1
20.0,False,223,20.0,0.0,1
20.0,False,224,20.0,0.0,1
20.0,False,225,20.0,0.0,1
20.0,False,226,20.0,0.0,1
19.96174373106756,False,227,20.0,-0.0382562689324395,1
20.0,False,228,19.96174373106756,0.0382562689324395,1
20.0,False,229,20.0,0.0,1
19.916731975384984,False,230,20.0,-0.08326802461501615,1
19.99874139445178,False,231,19.916731975384984,0.0820094190667966,1
19.91044969524939,False,232,19.99874139445178,-0.0882916992023901,1
19.943265779352828,False,233,19.91044969524939,0.032816084103437504,1
20.0,False,234,19.943265779352828,0.05673422064717215,1
20.0,False,235,20.0,0.0,1
20.0,False,236,20.0,0.0,1
20.0,False,237,20.0,0.0,1
19.955286877826822,False,238,20.0,-0.04471312217317802,1
19.995285696028187,False,239,19.955286877826822,0.03999881820136508,1
20.0,False,240,19.995285696028187,0.004714303971812939,1
19.91832006879184,False,241,20.0,-0.08167993120816064,1
20.0,False,242,19.91832006879184,0.08167993120816064,1
20.0,False,243,20.0,0.0,1
20.0,False,244,20.0,0.0,1
19.983699914843037,False,245,20.0,-0.016300085156963462,1
19.922800701955875,False,246,19.983699914843037,-0.06089921288716127,1
20.0,False,247,19.922800701955875,0.07719929804412473,1
19.998169570303183,False,248,20.0,-0.0018304296968167932,1
20.0,False,249,19.998169570303183,0.0018304296968167932,1
20.0,False,250,20.0,0.0,1
20.0,False,251,20.0,0.0,1
20.0,False,252,20.0,0.0,1
20.0,False,253,20.0,0.0,1
20.0,False,254,20.0,0.0,1
19.968669941108054,False,255,20.0,-0.031330058891946067,1
20.0,False,256,19.968669941108054,0.031330058891946067,1
19.95781363765624,False,257,20.0,-0.0421863623437595,1
20.0,False,258,19.95781363765624,0.0421863623437595,1
20.0,False,259,20.0,0.0,1
19.994116439088028,False,260,20.0,-0.005883560911971841,1
20.0,False,261,19.994116439088028,0.005883560911971841,1
19.915083652763762,False,262,20.0,-0.08491634723623775,1
19.98458240929047,False,263,19.915083652763762,0.06949875652670912,1
20.0,False,264,19.98458240929047,0.015417590709528639,1
19.940630019202906,False,265,20.0,-0.05936998079709355,1
19.998192490352583,False,266,19.940630019202906,0.0575624711496765,1
20.0,False,267,19.998192490352583,0.0018075096474170493,1
20.0,False,268,20.0,0.0,1
19.999839408266997,False,269,20.0,-0.0001605917330032014,1
19.915706874905645,False,270,19.999839408266997,-0.08413253336135185,1
19.943486673362735,False,271,19.915706874905645,0.027779798457089555,1
19.983328336709402,False,272,19.943486673362735,0.03984166334666739,1
20.0,False,273,19.983328336709402,0.016671663290598104,1
20.0,False,274,20.0,0.0,1
19.991892849290878,False,275,20.0,-0.00810715070912238,1
19.920553318482522,False,276,19.991892849290878,-0.07133953080835553,1
20.0,False,277,19.920553318482522,0.07944668151747791,1
20.0,False,278,20.0,0.0,1
19.978320616622124,False,279,20.0,-0.021679383377875894,1
20.0,False,280,19.978320616622124,0.021679383377875894,1
20.0,False,281,20.0,0.0,1
20.0,False,282,20.0,0.0,1
19.975328576627703,False,283,20.0,-0.024671423372296886,1
19.96105388450519,False,284,19.975328576627703,-0.014274692122512533,1
20.0,False,285,19.96105388450519,0.03894611549480942,1
20.0,False,286,20.0,0.0,1
19.932914751679014,False,287,20.0,-0.06708524832098561,1
19.979298930405143,False,288,19.932914751679014,0.046384178726128766,1
20.0,False,289,19.979298930405143,0.020701069594856847,1
19.996769249854164,False,290,20.0,-0.003230750145835515,1
20.0,False,291,19.996769249854164,0.003230750145835515,1
19.914509878892122,False,292,20.0,-0.08549012110787757,1
19.901900754077513,False,293,19.914509878892122,-0.012609124814609629,1
19.920017963689038,False,294,19.901900754077513,0.018117209611524743,1
19.916111489131247,False,295,19.920017963689038,-0.003906474557791029,1
20.0,False,296,19.916111489131247,0.08388851086875349,1
19.93966098518213,False,297,20.0,-0.06033901481787041,1
20.0,False,298,19.93966098518213,0.06033901481787041,1
19.987362961321665,False,299,20.0,-0.012637038678334989,1
4.030112262824039,False,0,0.0,0.0,2
3.923410793862275,False,1,4.030112262824039,-0.1067014689617638,2
3.9875321854913457,False,2,3.923410793862275,0.0641213916290706,2
4.042406358659089,False,3,3.9875321854913457,0.05487417316774312,2
4.066165081409667,False,4,4.042406358659089,0.023758722750578443,2
4.018828701595706,False,5,4.066165081409667,-0.047336379813961216,2
3.995184669688239,False,6,4.018828701595706,-0.02364403190746689,2
3.915090218549008,False,7,3.995184669688239,-0.0800944511392312,2
3.938817198355672,False,8,3.915090218549008,0.02372697980666416,2
3.9717564404981927,False,9,3.938817198355672,0.03293924214252053,2
4.0361978704797545,False,10,3.9717564404981927,0.06444142998156188,2
4.026803233971172,False,11,4.0361978704797545,-0.009394636508582188,2
4.056661750524393,False,12,4.026803233971172,0.029858516553220582,2
4.048192109430394,False,13,4.056661750524393,-0.008469641093999059,2
4.067295130217999,False,14,4.048192109430394,0.01910302078760484,2
3.954438499939085,False,15,4.067295130217999,-0.1128566302789138,2
3.9756923355776657,False,16,3.954438499939085,0.021253835638580743,2
4.080835132222462,False,17,3.9756923355776657,0.1051427966447962,2
4.094461655920482,False,18,4.080835132222462,0.01362652369802042,2
3.9228794840604038,False,19,4.094461655920482,-0.17158217186007851,2
4.029833929379772,False,20,3.9228794840604038,0.10695444531936849,2
4.088198603957443,False,21,4.029833929379772,0.05836467457767114,2
3.9834940662045537,False,22,4.088198603957443,-0.10470453775288968,2
3.9536697389718305,False,23,3.9834940662045537,-0.029824327232723213,2
3.9718775697160402,False,24,3.9536697389718305,0.01820783074420973,2
4.076200248087485,False,25,3.9718775697160402,0.1043226783714446,2
3.99807567660856,False,26,4.076200248087485,-0.07812457147892493,2
4.090772521977512,False,27,3.99807567660856,0.09269684536895229,2
4.067982648586422,False,28,4.090772521977512,-0.02278987339109051,2
4.074323280465271,False,29,4.067982648586422,0.006340631878849479,2
3.9290567844075124,False,30,4.074323280465271,-0.14526649605775876,2
3.9686673176096954,False,31,3.9290567844075124,0.039610533202182996,2
3.913903501853394,False,32,3.9686673176096954,-0.054763815756301515,2
3.9845355823688746,False,33,3.913903501853394,0.07063208051548076,2
3.9476021972402333,False,34,3.9845355823688746,-0.036933385128641305,2
4.094635040169915,False,35,3.9476021972402333,0.14703284292968144,2
3.9458400924423365,False,36,4.094635040169915,-0.1487949477275783,2
3.9176274389348933,False,37,3.9458400924423365,-0.028212653507443175,2
4.016754127300577,False,38,3.9176274389348933,0.09912668836568361,2
4.06432775273378,False,39,4.016754127300577,0.04757362543320287,2
4.014683122062464,False,40,4.06432775273378,-0.04964463067131586,2
3.901654434194994,False,41,4.014683122062464,-0.11302868786747,2
3.9328182848560798,False,42,3.901654434194994,0.031163850661085846,2
3.9593658191703915,False,43,3.9328182848560798,0.026547534314311783,2
4.096114540606225,False,44,3.9593658191703915,0.13674872143583316,2
3.989691589364813,False,45,4.096114540606225,-0.10642295124141166,2
4.051053713863948,False,46,3.989691589364813,0.06136212449913492,2
4.03604296866625,False,47,4.051053713863948,-0.015010745197698405,2
3.9933743859878317,False,48,4.03604296866625,-0.04266858267841789,2
4.094461498448542,False,49,3.9933743859878317,0.10108711246071023,2
3.9258523204401135,False,50,4.094461498448542,-0.16860917800842845,2
3.9198610462154124,False,51,3.9258523204401135,-0.0059912742247010264,2
4.073447966333897,False,52,3.9198610462154124,0.15358692011848474,2
4.015020534308717,False,53,4.073447966333897,-0.05842743202518008,2
4.0915135386966,False,54,4.015020534308717,0.07649300438788309,2
3.960373085851038,False,55,4.0915135386966,-0.1311404528455622,2
4.04863587817644,False,56,3.960373085851038,0.08826279232540202,2
3.9194967444614024,False,57,4.04863587817644,-0.1291391337150376,2
3.9744882829052433,False,58,3.9194967444614024,0.05499153844384086,2
4.064809835317944,False,59,3.9744882829052433,0.09032155241270079,2
4.087499722538815,False,60,4.064809835317944,0.02268988722087073,2
3.987190667824846,False,61,4.087499722538815,-0.10030905471396867,2
3.9920137242696194,False,62,3.987190667824846,0.0048230564447733215,2
3.948092040946562,False,63,3.9920137242696194,-0.04392168332305735,2
3.900595438651831,False,64,3.948092040946562,-0.04749660229473118,2
4.019165749340361,False,65,3.900595438651831,0.11857031068853052,2
3.9132250279773197,False,66,4.019165749340361,-0.10594072136304167,2
4.010583730777329,False,67,3.9132250279773197,0.09735870280000913,2
3.906357783057561,False,68,4.010583730777329,-0.10422594771976801,2
4.074567632357997,False,69,3.906357783057561,0.16820984930043625,2
4.030009910311231,False,70,4.074567632357997,-0.04455772204676656,2
3.95340810767242,False,71,4.030009910311231,-0.07660180263881067,2
3.921356352878824,False,72,3.95340810767242,-0.03205175479359612,2
4.011653397968032,False,73,3.921356352878824,0.090297045089208,2
4.015846165691056,False,74,4.011653397968032,0.00419276772302446,2
3.967164842347163,False,75,4.015846165691056,-0.04868132334389319,2
4.006878950708271,False,76,3.967164842347163,0.03971410836110767,2
4.005907165655297,False,77,4.006878950708271,-0.0009717850529735728,2
3.9029473614892156,False,78,4.005907165655297,-0.10295980416608153,2
4.043357292000633,False,79,3.9029473614892156,0.14040993051141726,2
3.9859602692085057,False,80,4.043357292000633,-0.05739702279212722,2
3.9389695566167746,False,81,3.9859602692085057,-0.04699071259173104,2
4.0048967261736355,False,82,3.9389695566167746,0.06592716955686084,2
4.0781950818006605,False,83,4.0048967261736355,0.07329835562702502,2
3.9333327872367256,False,84,4.0781950818006605,-0.14486229456393485,2
3.9844714833640404,False,85,3.9333327872367256,0.05113869612731481,2
4.040314117264867,False,86,3.9844714833640404,0.05584263390082622,2
4.052130071837,False,87,4.040314117264867,0.011815954572133691,2
4.086703971166639,False,88,4.052130071837,0.03457389932963828,2
4.091256255801645,False,89,4.086703971166639,0.004552284635006565,2
4.022993632284258,False,90,4.091256255801645,-0.06826262351738688,2
3.947024322920066,False,91,4.022993632284258,-0.07596930936419222,2
3.991829843727471,False,92,3.947024322920066,0.044805520807404964,2
3.94665614449333,False,93,3.991829843727471,-0.04517369923414094,2
3.980690805215059,False,94,3.94665614449333,0.034034660721729004,2
4.022950699005189,False,95,3.980690805215059,0.04225989379012951,2
4.006720504539453,False,96,4.022950699005189,-0.01623019446573526,2
3.9312047624593025,False,97,4.006720504539453,-0.07551574208015088,2
3.971267000714376,False,98,3.9312047624593025,0.04006223825507371,2
4.029461707326929,False,99,3.971267000714376,0.05819470661255277,2
4.374907086458699,True,100,4.029461707326929,0.3454453791317702,2
4.705719136882962,True,101,4.374907086458699,0.33081205042426287,2
5.24393971846161,True,102,4.705719136882962,0.5382205815786483,2
5.550047913738865,True,103,5.24393971846161,0.30610819527725486,2
5.930105060446281,True,104,5.550047913738865,0.38005714670741586,2
6.437471011146978,True,105,5.930105060446281,0.5073659507006969,2
6.704512088979637,True,106,6.437471011146978,0.2670410778326593,2
7.1960496820371125,True,107,6.704512088979637,0.49153759305747524,2
7.66143492382627,True,108,7.1960496820371125,0.4653852417891571,2
7.906401336598246,True,109,7.66143492382627,0.2449664127719764,2
8.37579398007157,True,110,7.906401336598246,0.46939264347332443,2
8.665462939366803,True,111,8.37579398007157,0.2896689592952324,2
9.124958078934824,True,112,8.665462939366803,0.45949513956802157,2
9.493479454110188,True,113,9.124958078934824,0.368521375175364,2
9.93119203332654,True,114,9.493479454110188,0.43771257921635254,2
10.269295143814638,True,115,9.93119203332654,0.33810311048809716,2
10.736574553412412,True,116,10.269295143814638,0.4672794095977739,2
11.018325404291481,True,117,10.736574553412412,0.28175085087906915,2
11.48868431536113,True,118,11.018325404291481,0.4703589110696491,2
11.918763215285415,True,119,11.48868431536113,0.4300788999242844,2
12.221126999966144,True,120,11.918763215285415,0.302363784680729,2
12.527921383431085,True,121,12.221126999966144,0.3067943834649416,2
12.9779907172456,True,122,12.527921383431085,0.45006933381451475,2
13.371833052251723,True,123,12.9779907172456,0.39384233500612353,2
13.807694441753073,True,124,13.371833052251723,0.43586138950134945,2
14.123982716385775,True,125,13.807694441753073,0.3162882746327025,2
14.603330710841385,True,126,14.123982716385775,0.47934799445561005,2
14.863195466865426,True,127,14.603330710841385,0.25986475602404013,2
15.367771371421133,True,128,14.863195466865426,0.5045759045557077,2
15.73798813852707,True,129,15.367771371421133,0.3702167671059371,2
16.08460199413044,True,130,15.73798813852707,0.3466138556033709,2
16.604950179641286,True,131,16.08460199413044,0.5203481855108443,2
16.974291657471788,True,132,16.604950179641286,0.36934147783050264,2
17.35171936277161,True,133,16.974291657471788,0.37742770529982295,2
17.611250683259705,True,134,17.35171936277161,0.2595313204880938,2
18.11541615130916,True,135,17.611250683259705,0.5041654680494538,2
18.531636212149515,True,136,18.11541615130916,0.4162200608403559,2
18.797801853449375,True,137,18.531636212149515,0.2661656412998603,2
19.313768231944945,True,138,18.797801853449375,0.5159663784955697,2
19.57693982290981,True,139,19.313768231944945,0.2631715909648662,2
20.0,False,140,19.57693982290981,0.42306017709018917,2
20.0,False,141,20.0,0.0,2
20.0,False,142,20.0,0.0,2
20.0,False,143,20.0,0.0,2
20.0,False,144,20.0,0.0,2
20.0,False,145,20.0,0.0,2
20.0,False,146,20.0,0.0,2
20.0,False,147,20.0,0.0,2
20.0,False,148,20.0,0.0,2
20.0,False,149,20.0,0.0,2
20.0,False,150,20.0,0.0,2
20.0,False,151,20.0,0.0,2
20.0,False,152,20.0,0.0,2
20.0,False,153,20.0,0.0,2
20.0,False,154,20.0,0.0,2
20.0,False,155,20.0,0.0,2
20.0,False,156,20.0,0.0,2
20.0,False,157,20.0,0.0,2
20.0,False,158,20.0,0.0,2
20.0,False,159,20.0,0.0,2
20.0,False,160,20.0,0.0,2
20.0,False,161,20.0,0.0,2
20.0,False,162,20.0,0.0,2
20.0,False,163,20.0,0.0,2
20.0,False,164,20.0,0.0,2
20.0,False,165,20.0,0.0,2
20.0,False,166,20.0,0.0,2
20.0,False,167,20.0,0.0,2
20.0,False,168,20.0,0.0,2
20.0,False,169,20.0,0.0,2
20.0,False,170,20.0,0.0,2
20.0,False,171,20.0,0.0,2
20.0,False,172,20.0,0.0,2
20.0,False,173,20.0,0.0,2
20.0,False,174,20.0,0.0,2
20.0,False,175,20.0,0.0,2
20.0,False,176,20.0,0.0,2
20.0,False,177,20.0,0.0,2
20.0,False,178,20.0,0.0,2
20.0,False,179,20.0,0.0,2
20.0,False,180,20.0,0.0,2
20.0,False,181,20.0,0.0,2
20.0,False,182,20.0,0.0,2
20.0,False,183,20.0,0.0,2
20.0,False,184,20.0,0.0,2
20.0,False,185,20.0,0.0,2
20.0,False,186,20.0,0.0,2
20.0,False,187,20.0,0.0,2
20.0,False,188,20.0,0.0,2
20.0,False,189,20.0,0.0,2
20.0,False,190,20.0,0.0,2
20.0,False,191,20.0,0.0,2
20.0,False,192,20.0,0.0,2
20.0,False,193,20.0,0.0,2
20.0,False,194,20.0,0.0,2
20.0,False,195,20.0,0.0,2
20.0,False,196,20.0,0.0,2
20.0,False,197,20.0,0.0,2
20.0,False,198,20.0,0.0,2
20.0,False,199,20.0,0.0,2
19.963602022187526,False,200,20.0,-0.03639797781247367,2
19.98314637911191,False,201,19.963602022187526,0.019544356924384942,2
19.908035465133004,False,202,19.98314637911191,-0.07511091397890723,2
20.0,False,203,19.908035465133004,0.09196453486699596,2
19.975020258262575,False,204,20.0,-0.024979741737425343,2
20.0,False,205,19.975020258262575,0.024979741737425343,2
19.94840691410083,False,206,20.0,-0.05159308589917089,2
20.0,False,207,19.94840691410083,0.05159308589917089,2
19.95507499890755,False,208,20.0,-0.044925001092451566,2
19.953150360298974,False,209,19.95507499890755,-0.0019246386085747247,2
20.0,False,210,19.953150360298974,0.04684963970102629,2
20.0,False,211,20.0,0.0,2
19.92655984621741,False,212,20.0,-0.07344015378259172,2
19.99783549104963,False,213,19.92655984621741,0.07127564483222315,2
19.97915008687026,False,214,19.99783549104963,-0.018685404179372256,2
20.0,False,215,19.97915008687026,0.020849913129740827,2
19.973054755632997,False,216,20.0,-0.02694524436700263,2
20.0,False,217,19.973054755632997,0.02694524436700263,2
20.0,False,218,20.0,0.0,2
19.96510987111176,False,219,20.0,-0.0348901288882395,2
20.0,False,220,19.96510987111176,0.0348901288882395,2
20.0,False,221,20.0,0.0,2
19.91343183639365,False,222,20.0,-0.08656816360635133,2
19.992213094060357,False,223,19.91343183639365,0.07878125766670863,2
20.0,False,224,19.992213094060357,0.007786905939642708,2
19.998479163356496,False,225,20.0,-0.0015208366435039977,2
19.981043305773905,False,226,19.998479163356496,-0.017435857582590586,2
19.901294558214314,False,227,19.981043305773905,-0.07974874755959149,2
19.948686712764506,False,228,19.901294558214314,0.047392154550191634,2
20.0,False,229,19.948686712764506,0.05131328723549444,2
20.0,False,230,20.0,0.0,2
19.938055987512545,False,231,20.0,-0.06194401248745507,2
19.941622011568267,False,232,19.938055987512545,0.003566024055722039,2
20.0,False,233,19.941622011568267,0.05837798843173303,2
19.908155453713835,False,234,20.0,-0.09184454628616479,2
19.90847500239711,False,235,19.908155453713835,0.00031954868327588315,2
19.902107449759743,False,236,19.90847500239711,-0.006367552637367879,2
20.0,False,237,19.902107449759743,0.09789255024025678,2
20.0,False,238,20.0,0.0,2
19.982775490127086,False,239,20.0,-0.01722450987291424,2
20.0,False,240,19.982775490127086,0.01722450987291424,2
19.936743696730503,False,241,20.0,-0.0632563032694975,2
19.92634406404129,False,242,19.936743696730503,-0.010399632689210847,2
20.0,False,243,19.92634406404129,0.07365593595870834,2
19.981739869972348,False,244,20.0,-0.018260130027652366,2
20.0,False,245,19.981739869972348,0.018260130027652366,2
20.0,False,246,20.0,0.0,2
19.970540835731217,False,247,20.0,-0.0294591642687827,2
19.94848475652909,False,248,19.970540835731217,-0.02205607920212671,2
20.0,False,249,19.94848475652909,0.05151524347090941,2
19.982704861467763,False,250,20.0,-0.017295138532237075,2
19.96468746156743,False,251,19.982704861467763,-0.018017399900333686,2
19.97934529464876,False,252,19.96468746156743,0.01465783308132984,2
20.0,False,253,19.97934529464876,0.02065470535124092,2
20.0,False,254,20.0,0.0,2
19.911225225023294,False,255,20.0,-0.08877477497670583,2
20.0,False,256,19.911225225023294,0.08877477497670583,2
19.90750778681036,False,257,20.0,-0.09249221318964018,2
19.93067575277155,False,258,19.90750778681036,0.023167965961189196,2
19.919615937012956,False,259,19.93067575277155,-0.011059815758592606,2
19.916125200874042,False,260,19.919615937012956,-0.0034907361389144853,2
20.0,False,261,19.916125200874042,0.08387479912595808,2
19.970127364971074,False,262,20.0,-0.029872635028926453,2
20.0,False,263,19.970127364971074,0.029872635028926453,2
19.951538079760873,False,264,20.0,-0.04846192023912721,2
20.0,False,265,19.951538079760873,0.04846192023912721,2
20.0,False,266,20.0,0.0,2
19.911813193210723,False,267,20.0,-0.08818680678927748,2
20.0,False,268,19.911813193210723,0.08818680678927748,2
19.9333539731812,False,269,20.0,-0.06664602681879828,2
20.0,False,270,19.9333539731812,0.06664602681879828,2
19.9890218497032,False,271,20.0,-0.010978150296800493,2
20.0,False,272,19.9890218497032,0.010978150296800493,2
19.99787369286237,False,273,20.0,-0.002126307137629624,2
19.98869075648547,False,274,19.99787369286237,-0.00918293637689871,2
20.0,False,275,19.98869075648547,0.011309243514528333,2
20.0,False,276,20.0,0.0,2
20.0,False,277,20.0,0.0,2
19.90759243658421,False,278,20.0,-0.09240756341579015,2
20.0,False,279,19.90759243658421,0.09240756341579015,2
19.963658507173225,False,280,20.0,-0.036341492826775124,2
20.0,False,281,19.963658507173225,0.036341492826775124,2
19.911721791407235,False,282,20.0,-0.08827820859276514,2
20.0,False,283,19.911721791407235,0.08827820859276514,2
19.9603252769852,False,284,20.0,-0.03967472301480157,2
20.0,False,285,19.9603252769852,0.03967472301480157,2
19.92449822612943,False,286,20.0,-0.07550177387057033,2
19.9853771935975,False,287,19.92449822612943,0.060878967468070755,2
20.0,False,288,19.9853771935975,0.014622806402499577,2
19.95205432960205,False,289,20.0,-0.047945670397950835,2
20.0,False,290,19.95205432960205,0.047945670397950835,2
20.0,False,291,20.0,0.0,2
20.0,False,292,20.0,0.0,2
19.928931146836256,False,293,20.0,-0.07106885316374445,2
20.0,False,294,19.928931146836256,0.07106885316374445,2
19.919048089548617,False,295,20.0,-0.0809519104513825,2
19.931249498668862,False,296,19.919048089548617,0.012201409120244477,2
20.0,False,297,19.931249498668862,0.06875050133113803,2
20.0,False,298,20.0,0.0,2
19.98955495127531,False,299,20.0,-0.010445048724690764,2
3.98272744628213,False,0,0.0,0.0,3
4.067814052764268,False,1,3.98272744628213,0.08508660648213784,3
3.937585784381396,False,2,4.067814052764268,-0.13022826838287171,3
3.9852469712205854,False,3,3.937585784381396,0.047661186839189185,3
4.0193260710925545,False,4,3.9852469712205854,0.03407909987196911,3
4.096750044542726,False,5,4.0193260710925545,0.0774239734501716,3
4.0606233166054,False,6,4.096750044542726,-0.03612672793732585,3
3.9899204864914837,False,7,4.0606233166054,-0.07070283011391654,3
4.019100044003378,False,8,3.9899204864914837,0.02917955751189405,3
4.02437961568466,False,9,4.019100044003378,0.005279571681282569,3
4.019997992448383,False,10,4.02437961568466,-0.004381623236277221,3
3.9766982290114004,False,11,4.019997992448383,-0.04329976343698272,3
3.9483575754517144,False,12,3.9766982290114004,-0.028340653559685958,3
4.0456608913234,False,13,3.9483575754517144,0.09730331587168539,3
3.934165397386814,False,14,4.0456608913234,-0.11149549393658598,3
4.023344912285532,False,15,3.934165397386814,0.08917951489871845,3
4.060371075476477,False,16,4.023344912285532,0.03702616319094432,3
3.933762413068524,False,17,4.060371075476477,-0.12660866240795254,3
4.036642487671906,False,18,3.933762413068524,0.102880074603382,3
4.081396262491075,False,19,4.036642487671906,0.04475377481916887,3
3.970515389844353,False,20,4.081396262491075,-0.11088087264672186,3
4.083372468807699,False,21,3.970515389844353,0.11285707896334607,3
4.075046763827658,False,22,4.083372468807699,-0.008325704980040705,3
3.982223075078904,False,23,4.075046763827658,-0.09282368874875457,3
3.9152521404122096,False,24,3.982223075078904,-0.06697093466669424,3
3.928159180716073,False,25,3.9152521404122096,0.012907040303863582,3
4.084165911336825,False,26,3.928159180716073,0.156006730620752,3
3.9969151637278038,False,27,4.084165911336825,-0.0872507476090214,3
3.939229187653732,False,28,3.9969151637278038,-0.057685976074071554,3
4.044480002823923,False,29,3.939229187653732,0.10525081517019119,3
4.043380098976571,False,30,4.044480002823923,-0.0010999038473524791,3
3.9208136462489196,False,31,4.043380098976571,-0.12256645272765132,3
4.048863074804101,False,32,3.9208136462489196,0.12804942855518098,3
3.910673981842085,False,33,4.048863074804101,-0.13818909296201554,3
4.0821672570292735,False,34,3.910673981842085,0.1714932751871885,3
3.9086502530122282,False,35,4.0821672570292735,-0.17351700401704528,3
3.9398559181910615,False,36,3.9086502530122282,0.031205665178833275,3
4.075348332419327,False,37,3.9398559181910615,0.1354924142282652,3
4.0626166490615,False,38,4.075348332419327,-0.012731683357826817,3
4.027362867518311,False,39,4.0626166490615,-0.035253781543189255,3
4.005325831991277,False,40,4.027362867518311,-0.022037035527033844,3
3.982556814563407,False,41,4.005325831991277,-0.02276901742786963,3
3.9559008978381236,False,42,3.982556814563407,-0.026655916725283557,3
3.9705028047514275,False,43,3.9559008978381236,0.014601906913303875,3
4.090032341868034,False,44,3.9705028047514275,0.11952953711660674,3
3.9333057953736965,False,45,4.090032341868034,-0.1567265464943377,3
3.9474318119053864,False,46,3.9333057953736965,0.014126016531689878,3
4.029991332527023,False,47,3.9474318119053864,0.0825595206216363,3
3.929597169111325,False,48,4.029991332527023,-0.10039416341569751,3
3.948632232101709,False,49,3.929597169111325,0.01903506299038371,3
3.9189166631472245,False,50,3.948632232101709,-0.02971556895448435,3
4.0956331260114425,False,51,3.9189166631472245,0.17671646286421794,3
4.056074214349427,False,52,4.0956331260114425,-0.03955891166201564,3
4.067374803781419,False,53,4.056074214349427,0.011300589431992414,3
4.007391445439436,False,54,4.067374803781419,-0.05998335834198354,3
3.9621192119957374,False,55,4.007391445439436,-0.04527223344369835,3
3.9025135789896006,False,56,3.9621192119957374,-0.05960563300613675,3
4.035050343871152,False,57,3.9025135789896006,0.13253676488155142,3
3.902888376619236,False,58,4.035050343871152,-0.13216196725191587,3
4.036906769277388,False,59,3.902888376619236,0.13401839265815152,3
3.9370034401462877,False,60,4.036906769277388,-0.0999033291311,3
4.065435628052211,False,61,3.9370034401462877,0.12843218790592337,3
4.090118070752121,False,62,4.065435628052211,0.024682442699909934,3
4.002856071200348,False,63,4.090118070752121,-0.08726199955177272,3
3.9666294550693593,False,64,4.002856071200348,-0.03622661613098899,3
4.098736178768446,False,65,3.9666294550693593,0.13210672369908671,3
4.092580270438955,False,66,4.098736178768446,-0.006155908329491311,3
3.913689811069194,False,67,4.092580270438955,-0.1788904593697609,3
4.094664879144032,False,68,3.913689811069194,0.18097506807483832,3
4.038925356587613,False,69,4.094664879144032,-0.05573952255641945,3
4.069178662923992,False,70,4.038925356587613,0.03025330633637946,3
3.946446756993904,False,71,4.069178662923992,-0.1227319059300882,3
3.9828790720243425,False,72,3.946446756993904,0.036432315030438644,3
4.075425836053971,False,73,3.9828790720243425,0.09254676402962847,3
3.9957360303191565,False,74,4.075425836053971,-0.07968980573481454,3
4.059132604467608,False,75,3.9957360303191565,0.0633965741484519,3
4.05965855457398,False,76,4.059132604467608,0.0005259501063719085,3
4.009849622304376,False,77,4.05965855457398,-0.049808932269604256,3
4.071000011048839,False,78,4.009849622304376,0.06115038874446288,3
4.003536812283,False,79,4.071000011048839,-0.0674631987658385,3
3.92404763871155,False,80,4.003536812283,-0.07948917357145024,3
4.004123434258133,False,81,3.92404763871155,0.08007579554658317,3
3.959833087371948,False,82,4.004123434258133,-0.04429034688618527,3
3.9828707321427625,False,83,3.959833087371948,0.02303764477081449,3
4.007875170241821,False,84,3.9828707321427625,0.02500443809905839,3
3.9761660100596954,False,85,4.007875170241821,-0.03170916018212555,3
4.096565891243897,False,86,3.9761660100596954,0.12039988118420197,3
4.0133525774945475,False,87,4.096565891243897,-0.08321331374934982,3
4.059815327355317,False,88,4.0133525774945475,0.04646274986076904,3
3.9547971551749823,False,89,4.059815327355317,-0.10501817218033427,3
3.987703583214295,False,90,3.9547971551749823,0.03290642803931254,3
4.0957692189689165,False,91,3.987703583214295,0.10806563575462169,3
3.912064112743389,False,92,4.0957692189689165,-0.18370510622552771,3
3.94294688002483,False,93,3.912064112743389,0.030882767281441126,3
4.053787703496428,False,94,3.94294688002483,0.11084082347159807,3
4.009188811754556,False,95,4.053787703496428,-0.04459889174187204,3
3.9189879553729803,False,96,4.009188811754556,-0.09020085638157571,3
3.9806788526528263,False,97,3.9189879553729803,0.061690897279846,3
4.066477130199455,False,98,3.9806788526528263,0.08579827754662839,3
3.944182876431839,False,99,4.066477130199455,-0.12229425376761549,3
4.451550120957586,True,100,3.944182876431839,0.5073672445257471,3
4.735725590703409,True,101,4.451550120957586,0.284175469745823,3
4.971335801787088,True,102,4.735725590703409,0.23561021108367886,3
5.372851719715645,True,103,4.971335801787088,0.401515917928557,3
5.7155874131974205,True,104,5.372851719715645,0.34273569348177535,3
6.205084820145075,True,105,5.7155874131974205,0.4894974069476543,3
6.391679087384098,True,106,6.205084820145075,0.18659426723902328,3
6.865109690753399,True,107,6.391679087384098,0.47343060336930076,3
7.26031128349919,True,108,6.865109690753399,0.39520159274579125,3
7.6513095906838835,True,109,7.26031128349919,0.3909983071846934,3
7.830991923609755,True,110,7.6513095906838835,0.17968233292587144,3
8.355267168637592,True,111,7.830991923609755,0.5242752450278374,3
8.592029735311842,True,112,8.355267168637592,0.23676256667424944,3
8.945308853723388,True,113,8.592029735311842,0.353279118411546,3
9.250109830934123,True,114,8.945308853723388,0.3048009772107356,3
9.662030344639525,True,115,9.250109830934123,0.41192051370540206,3
10.010589512114386,True,116,9.662030344639525,0.3485591674748605,3
10.285847793232554,True,117,10.010589512114386,0.27525828111816786,3
10.67415448327565,True,118,10.285847793232554,0.3883066900430965,3
11.146297579974348,True,119,10.67415448327565,0.4721430966986979,3
11.512466385760783,True,120,11.146297579974348,0.36616880578643496,3
11.918774541134752,True,121,11.512466385760783,0.4063081553739689,3
12.18656786216551,True,122,11.918774541134752,0.2677933210307586,3
12.465380027200478,True,123,12.18656786216551,0.2788121650349673,3
12.86074466148426,True,124,12.465380027200478,0.39536463428378177,3
13.283490024951643,True,125,12.86074466148426,0.42274536346738323,3
13.573113874928321,True,126,13.283490024951643,0.2896238499766781,3
13.94857329661973,True,127,13.573113874928321,0.3754594216914082,3
14.401867506604676,True,128,13.94857329661973,0.4532942099849464,3
14.709192650682834,True,129,14.401867506604676,0.3073251440781579,3
15.074123718564126,True,130,14.709192650682834,0.36493106788129204,3
15.433677198254022,True,131,15.074123718564126,0.3595534796898967,3
15.732370364308437,True,132,15.433677198254022,0.29869316605441476,3
15.975003421742581,True,133,15.732370364308437,0.2426330574341442,3
16.528847358020222,True,134,15.975003421742581,0.5538439362776408,3
16.852762386699457,True,135,16.528847358020222,0.3239150286792345,3
17.06777958484056,True,136,16.852762386699457,0.21501719814110487,3
17.492061539584945,True,137,17.06777958484056,0.4242819547443837,3
17.813022263420304,True,138,17.492061539584945,0.3209607238353591,3
18.289369698778362,True,139,17.813022263420304,0.4763474353580577,3
18.577562419835363,True,140,18.289369698778362,0.2881927210570012,3
19.002468174194536,True,141,18.577562419835363,0.4249057543591732,3
19.257131551076107,True,142,19.002468174194536,0.25466337688157026,3
19.543341315955157,True,143,19.257131551076107,0.28620976487905025,3
19.868853389390814,True,144,19.543341315955157,0.32551207343565736,3
20.0,False,145,19.868853389390814,0.13114661060918564,3
20.0,False,146,20.0,0.0,3
20.0,False,147,20.0,0.0,3
20.0,False,148,20.0,0.0,3
20.0,False,149,20.0,0.0,3
20.0,False,150,20.0,0.0,3
20.0,False,151,20.0,0.0,3
20.0,False,152,20.0,0.0,3
20.0,False,153,20.0,0.0,3
20.0,False,154,20.0,0.0,3
20.0,False,155,20.0,0.0,3
20.0,False,156,20.0,0.0,3
20.0,False,157,20.0,0.0,3
20.0,False,158,20.0,0.0,3
20.0,False,159,20.0,0.0,3
20.0,False,160,20.0,0.0,3
20.0,False,161,20.0,0.0,3
20.0,False,162,20.0,0.0,3
20.0,False,163,20.0,0.0,3
20.0,False,164,20.0,0.0,3
20.0,False,165,20.0,0.0,3
20.0,False,166,20.0,0.0,3
20.0,False,167,20.0,0.0,3
20.0,False,168,20.0,0.0,3
20.0,False,169,20.0,0.0,3
20.0,False,170,20.0,0.0,3
20.0,False,171,20.0,0.0,3
20.0,False,172,20.0,0.0,3
20.0,False,173,20.0,0.0,3
20.0,False,174,20.0,0.0,3
20.0,False,175,20.0,0.0,3
20.0,False,176,20.0,0.0,3
20.0,False,177,20.0,0.0,3
20.0,False,178,20.0,0.0,3
20.0,False,179,20.0,0.0,3
20.0,False,180,20.0,0.0,3
20.0,False,181,20.0,0.0,3
20.0,False,182,20.0,0.0,3
20.0,False,183,20.0,0.0,3
20.0,False,184,20.0,0.0,3
20.0,False,185,20.0,0.0,3
20.0,False,186,20.0,0.0,3
20.0,False,187,20.0,0.0,3
20.0,False,188,20.0,0.0,3
20.0,False,189,20.0,0.0,3
20.0,False,190,20.0,0.0,3
20.0,False,191,20.0,0.0,3
20.0,False,192,20.0,0.0,3
20.0,False,193,20.0,0.0,3
20.0,False,194,20.0,0.0,3
20.0,False,195,20.0,0.0,3
20.0,False,196,20.0,0.0,3
20.0,False,197,20.0,0.0,3
20.0,False,198,20.0,0.0,3
20.0,False,199,20.0,0.0,3
20.0,False,200,20.0,0.0,3
20.0,False,201,20.0,0.0,3
20.0,False,202,20.0,0.0,3
19.923014259396368,False,203,20.0,-0.07698574060363228,3
20.0,False,204,19.923014259396368,0.07698574060363228,3
19.90417636821925,False,205,20.0,-0.09582363178074971,3
20.0,False,206,19.90417636821925,0.09582363178074971,3
20.0,False,207,20.0,0.0,3
20.0,False,208,20.0,0.0,3
19.95744577949079,False,209,20.0,-0.04255422050920998,3
19.956972789133292,False,210,19.95744577949079,-0.00047299035749759355,3
19.98921578288603,False,211,19.956972789133292,0.03224299375273887,3
20.0,False,212,19.98921578288603,0.010784217113968708,3
20.0,False,213,20.0,0.0,3
20.0,False,214,20.0,0.0,3
20.0,False,215,20.0,0.0,3
19.963893603757317,False,216,20.0,-0.0361063962426833,3
19.901859532171866,False,217,19.963893603757317,-0.062034071585451045,3
19.990772984149785,False,218,19.901859532171866,0.08891345197791978,3
19.983893359771002,False,219,19.990772984149785,-0.006879624378782978,3
20.0,False,220,19.983893359771002,0.01610664022899755,3
19.967143123661174,False,221,20.0,-0.03285687633882617,3
19.961688673013658,False,222,19.967143123661174,-0.00545445064751604,3
19.99721656344268,False,223,19.961688673013658,0.035527890429023046,3
19.967890470168456,False,224,19.99721656344268,-0.029326093274224974,3
19.976932686473006,False,225,19.967890470168456,0.009042216304550266,3
19.9867620213376,False,226,19.976932686473006,0.009829334864594585,3
20.0,False,227,19.9867620213376,0.013237978662399286,3
19.94337961870561,False,228,20.0,-0.0566203812943904,3
19.946309178187757,False,229,19.94337961870561,0.002929559482147681,3
19.99282311844928,False,230,19.946309178187757,0.04651394026152289,3
20.0,False,231,19.99282311844928,0.007176881550719827,3
19.908706783982304,False,232,20.0,-0.09129321601769647,3
20.0,False,233,19.908706783982304,0.09129321601769647,3
20.0,False,234,20.0,0.0,3
20.0,False,235,20.0,0.0,3
20.0,False,236,20.0,0.0,3
20.0,False,237,20.0,0.0,3
20.0,False,238,20.0,0.0,3
19.901332415753487,False,239,20.0,-0.09866758424651323,3
20.0,False,240,19.901332415753487,0.09866758424651323,3
19.974976312560518,False,241,20.0,-0.025023687439482245,3
19.952675379679015,False,242,19.974976312560518,-0.022300932881503144,3
19.92406979124775,False,243,19.952675379679015,-0.02860558843126526,3
20.0,False,244,19.92406979124775,0.07593020875225065,3
19.948707232298982,False,245,20.0,-0.05129276770101754,3
19.925889705576687,False,246,19.948707232298982,-0.022817526722295867,3
20.0,False,247,19.925889705576687,0.0741102944233134,3
20.0,False,248,20.0,0.0,3
20.0,False,249,20.0,0.0,3
20.0,False,250,20.0,0.0,3
20.0,False,251,20.0,0.0,3
19.96300321870256,False,252,20.0,-0.03699678129743944,3
20.0,False,253,19.96300321870256,0.03699678129743944,3
19.910104267040488,False,254,20.0,-0.08989573295951203,3
19.97309493859434,False,255,19.910104267040488,0.06299067155385174,3
19.932709450260653,False,256,19.97309493859434,-0.040385488333686936,3
20.0,False,257,19.932709450260653,0.06729054973934723,3
20.0,False,258,20.0,0.0,3
20.0,False,259,20.0,0.0,3
19.984031119512515,False,260,20.0,-0.015968880487484682,3
19.99463160757291,False,261,19.984031119512515,0.010600488060394042,3
20.0,False,262,19.99463160757291,0.00536839242709064,3
20.0,False,263,20.0,0.0,3
20.0,False,264,20.0,0.0,3
20.0,False,265,20.0,0.0,3
20.0,False,266,20.0,0.0,3
20.0,False,267,20.0,0.0,3
19.924077769603446,False,268,20.0,-0.07592223039655366,3
19.933110911015117,False,269,19.924077769603446,0.009033141411670442,3
19.976627437402616,False,270,19.933110911015117,0.043516526387499255,3
19.929263169126937,False,271,19.976627437402616,-0.04736426827567897,3
19.993494498489902,False,272,19.929263169126937,0.06423132936296483,3
20.0,False,273,19.993494498489902,0.0065055015100980995,3
20.0,False,274,20.0,0.0,3
19.966012997385537,False,275,20.0,-0.03398700261446308,3
19.92880751944636,False,276,19.966012997385537,-0.037205477939178166,3
19.971308823188547,False,277,19.92880751944636,0.04250130374218841,3
19.997156983462904,False,278,19.971308823188547,0.025848160274357213,3
19.94923079583776,False,279,19.997156983462904,-0.04792618762514422,3
19.94940459382007,False,280,19.94923079583776,0.00017379798230976462,3
19.983546438953812,False,281,19.94940459382007,0.03414184513374252,3
19.972016641259973,False,282,19.983546438953812,-0.011529797693839328,3
20.0,False,283,19.972016641259973,0.027983358740026887,3
20.0,False,284,20.0,0.0,3
20.0,False,285,20.0,0.0,3
19.95114616305755,False,286,20.0,-0.048853836942448936,3
20.0,False,287,19.95114616305755,0.048853836942448936,3
20.0,False,288,20.0,0.0,3
19.94418152640005,False,289,20.0,-0.05581847359994896,3
20.0,False,290,19.94418152640005,0.05581847359994896,3
20.0,False,291,20.0,0.0,3
20.0,False,292,20.0,0.0,3
19.966987377131293,False,293,20.0,-0.0330126228687071,3
19.922211455673782,False,294,19.966987377131293,-0.04477592145751075,3
19.934137635473807,False,295,19.922211455673782,0.011926179800024528,3
19.90319230195211,False,296,19.934137635473807,-0.030945333521696483,3
19.98200914245545,False,297,19.90319230195211,0.07881684050333959,3
19.91613676515427,False,298,19.98200914245545,-0.06587237730117934,3
19.99695049429668,False,299,19.91613676515427,0.08081372914240958,3
3.9854834464989017,False,0,0.0,0.0,4
4.072660726220206,False,1,3.9854834464989017,0.08717727972130396,4
3.909561205225445,False,2,4.072660726220206,-0.16309952099476055,4
4.097496442440347,False,3,3.909561205225445,0.1879352372149019,4
4.009555060478099,False,4,4.097496442440347,-0.08794138196224832,4
3.921802304623613,False,5,4.009555060478099,-0.08775275585448572,4
4.008179379846184,False,6,3.921802304623613,0.08637707522257099,4
4.036607024148402,False,7,4.008179379846184,0.02842764430221756,4
4.062913320435864,False,8,4.036607024148402,0.02630629628746206,4
3.9243289500444547,False,9,4.062913320435864,-0.13858437039140892,4
4.005279004476918,False,10,3.9243289500444547,0.0809500544324635,4
3.957957866649367,False,11,4.005279004476918,-0.04732113782755132,4
3.9867275464604757,False,12,3.957957866649367,0.028769679811108784,4
3.9086489243145404,False,13,3.9867275464604757,-0.0780786221459353,4
3.9645828747971232,False,14,3.9086489243145404,0.05593395048258287,4
3.944707685736895,False,15,3.9645828747971232,-0.019875189060228227,4
3.9844742096492447,False,16,3.944707685736895,0.039766523912349694,4
3.9724882812326454,False,17,3.9844742096492447,-0.01198592841659929,4
4.014236256552188,False,18,3.9724882812326454,0.04174797531954244,4
4.014436485444889,False,19,4.014236256552188,0.00020022889270077115,4
4.00078545963073,False,20,4.014436485444889,-0.013651025814158224,4
3.9295267551136908,False,21,4.00078545963073,-0.07125870451703964,4
3.9125952932894816,False,22,3.9295267551136908,-0.016931461824209126,4
4.001255020065569,False,23,3.9125952932894816,0.08865972677608758,4
4.043095351592941,False,24,4.001255020065569,0.04184033152737143,4
3.921469829538409,False,25,4.043095351592941,-0.12162552205453148,4
3.9027876097582204,False,26,3.921469829538409,-0.018682219780188802,4
4.099625457031897,False,27,3.9027876097582204,0.19683784727367692,4
4.055635755541681,False,28,4.099625457031897,-0.04398970149021597,4
3.9263717342757305,False,29,4.055635755541681,-0.12926402126595082,4
3.99458546315923,False,30,3.9263717342757305,0.06821372888349941,4
3.999948377470527,False,31,3.99458546315923,0.005362914311297207,4
4.006204946419603,False,32,3.999948377470527,0.006256568949075447,4
4.027344954326738,False,33,4.006204946419603,0.021140007907135328,4
4.036369374900057,False,34,4.027344954326738,0.009024420573319425,4
4.022734398922244,False,35,4.036369374900057,-0.013634975977812935,4
4.0843110562192155,False,36,4.022734398922244,0.06157665729697115,4
4.052358664952015,False,37,4.0843110562192155,-0.0319523912672004,4
3.9952027898001456,False,38,4.052358664952015,-0.057155875151869484,4
4.019896536803129,False,39,3.9952027898001456,0.024693747002983546,4
3.930860562500809,False,40,4.019896536803129,-0.08903597430232013,4
4.066338928913497,False,41,3.930860562500809,0.13547836641268818,4
4.048518499446033,False,42,4.066338928913497,-0.01782042946746465,4
3.9633138364763005,False,43,4.048518499446033,-0.08520466296973206,4
4.058560480915372,False,44,3.9633138364763005,0.09524664443907183,4
3.9336144493922296,False,45,4.058560480915372,-0.12494603152314276,4
3.9631859904783995,False,46,3.9336144493922296,0.029571541086169884,4
3.970451061078661,False,47,3.9631859904783995,0.007265070600261492,4
4.059552987902177,False,48,3.970451061078661,0.08910192682351603,4
4.022786593056811,False,49,4.059552987902177,-0.03676639484536626,4
4.07424212048797,False,50,4.022786593056811,0.051455527431159,4
3.9840516759115525,False,51,4.07424212048797,-0.09019044457641723,4
4.06407746487677,False,52,3.9840516759115525,0.08002578896521761,4
4.007673251210117,False,53,4.06407746487677,-0.056404213666652936,4
4.051760493964539,False,54,4.007673251210117,0.04408724275442211,4
4.078465589546066,False,55,4.051760493964539,0.02670509558152645,4
3.933516363401372,False,56,4.078465589546066,-0.14494922614469363,4
4.070285435163108,False,57,3.933516363401372,0.13676907176173625,4
3.9547209323231836,False,58,4.070285435163108,-0.11556450283992481,4
3.946601425177465,False,59,3.9547209323231836,-0.008119507145718519,4
4.027334714875327,False,60,3.946601425177465,0.08073328969786164,4
4.039724094746977,False,61,4.027334714875327,0.012389379871650341,4
3.9610003862115017,False,62,4.039724094746977,-0.07872370853547528,4
4.078425990542808,False,63,3.9610003862115017,0.11742560433130622,4
4.073087176036168,False,64,4.078425990542808,-0.005338814506639977,4
3.907623207269502,False,65,4.073087176036168,-0.16546396876666591,4
4.03415816217408,False,66,3.907623207269502,0.126534954904578,4
4.036180013679381,False,67,4.03415816217408,0.0020218515053009867,4
4.059312071244641,False,68,4.036180013679381,0.0231320575652596,4
4.085296557354384,False,69,4.059312071244641,0.02598448610974291,4
4.004732374778924,False,70,4.085296557354384,-0.0805641825754595,4
4.035134551556823,False,71,4.004732374778924,0.030402176777898582,4
3.99019527158788,False,72,4.035134551556823,-0.044939279968942536,4
3.940314337027936,False,73,3.99019527158788,-0.049880934559944023,4
4.035021441421877,False,74,3.940314337027936,0.09470710439394114,4
3.931319064989787,False,75,4.035021441421877,-0.10370237643209013,4
3.9410394757416847,False,76,3.931319064989787,0.009720410751897557,4
4.053974516898458,False,77,3.9410394757416847,0.11293504115677289,4
3.9578299136195954,False,78,4.053974516898458,-0.0961446032788622,4
4.06210754640786,False,79,3.9578299136195954,0.10427763278826507,4
4.087072820671189,False,80,4.06210754640786,0.024965274263328396,4
3.9551211013655108,False,81,4.087072820671189,-0.13195171930567806,4
4.098468258450463,False,82,3.9551211013655108,0.1433471570849525,4
4.060780902418895,False,83,4.098468258450463,-0.03768735603156781,4
4.0294075740714,False,84,4.060780902418895,-0.03137332834749529,4
3.9118516877840532,False,85,4.0294075740714,-0.11755588628734692,4
3.940139905426324,False,86,3.9118516877840532,0.02828821764227074,4
4.047007427660224,False,87,3.940139905426324,0.10686752223390039,4
3.9742823641067386,False,88,4.047007427660224,-0.07272506355348574,4
3.9553153228560967,False,89,3.9742823641067386,-0.01896704125064197,4
3.9529614646210764,False,90,3.9553153228560967,-0.002353858235020212,4
4.0431297603598315,False,91,3.9529614646210764,0.09016829573875507,4
4.0342786439086,False,92,4.0431297603598315,-0.008851116451231711,4
4.005027303668511,False,93,4.0342786439086,-0.029251340240088908,4
4.041131295166435,False,94,4.005027303668511,0.036103991497924426,4
4.016924535594454,False,95,4.041131295166435,-0.024206759571981706,4
3.9191038305375154,False,96,4.016924535594454,-0.09782070505693818,4
4.031004068249215,False,97,3.9191038305375154,0.11190023771169999,4
3.952081617156202,False,98,4.031004068249215,-0.07892245109301355,4
3.940974972772884,False,99,3.952081617156202,-0.011106644383317654,4
4.076695254173079,True,100,3.940974972772884,0.13572028140019476,4
4.112448959555069,True,101,4.076695254173079,0.03575370538198985,4
4.277358099049778,True,102,4.112448959555069,0.16490913949470887,4
4.438224172532972,True,103,4.277358099049778,0.16086607348319415,4
4.58137152459478,True,104,4.438224172532972,0.14314735206180806,4
4.5248534600655965,True,105,4.58137152459478,-0.0565180645291834,4
4.706299663524279,True,106,4.5248534600655965,0.18144620345868212,4
4.898743518810462,True,107,4.706299663524279,0.19244385528618313,4
5.07009668875849,True,108,4.898743518810462,0.17135316994802796,4
5.049463373649231,True,109,5.07009668875849,-0.02063331510925881,4
5.283819923146029,True,110,5.049463373649231,0.2343565494967983,4
5.339248163301809,True,111,5.283819923146029,0.05542824015577974,4
5.434876635100036,True,112,5.339248163301809,0.09562847179822676,4
5.6347327057870205,True,113,5.434876635100036,0.19985607068698474,4
5.6578314229504025,True,114,5.6347327057870205,0.023098717163382076,4
5.790547570409624,True,115,5.6578314229504025,0.1327161474592211,4
5.930959111982269,True,116,5.790547570409624,0.14041154157264568,4
6.015583621786351,True,117,5.930959111982269,0.08462450980408143,4
6.0835673064320375,True,118,6.015583621786351,0.06798368464568671,4
6.258232965997907,True,119,6.0835673064320375,0.17466565956586955,4
6.406107398648581,True,120,6.258232965997907,0.14787443265067424,4
6.4980840356763805,True,121,6.406107398648581,0.09197663702779924,4
6.7368316263553805,True,122,6.4980840356763805,0.23874759067899998,4
6.7841401466798645,True,123,6.7368316263553805,0.04730852032448407,4
6.822206920794608,True,124,6.7841401466798645,0.03806677411474357,4
6.945392327104647,True,125,6.822206920794608,0.12318540631003927,4
7.0099502763066,True,126,6.945392327104647,0.06455794920195235,4
7.280791570959893,True,127,7.0099502763066,0.27084129465329365,4
7.276032058613624,True,128,7.280791570959893,-0.004759512346269368,4
7.360276725312413,True,129,7.276032058613624,0.0842446666987886,4
7.554152934393951,True,130,7.360276725312413,0.19387620908153824,4
7.713187112953276,True,131,7.554152934393951,0.15903417855932478,4
7.780072009865549,True,132,7.713187112953276,0.06688489691227328,4
7.889568215504024,True,133,7.780072009865549,0.10949620563847517,4
7.953959683557543,True,134,7.889568215504024,0.06439146805351914,4
8.117449198793224,True,135,7.953959683557543,0.163489515235681,4
8.244480811176073,True,136,8.117449198793224,0.127031612382849,4
8.494850471144906,True,137,8.244480811176073,0.25036965996883254,4
8.45832591825145,True,138,8.494850471144906,-0.036524552893455464,4
8.520082764602211,True,139,8.45832591825145,0.06175684635076095,4
8.720732391377569,True,140,8.520082764602211,0.20064962677535725,4
8.863882986700025,True,141,8.720732391377569,0.14315059532245655,4
9.00853068535848,True,142,8.863882986700025,0.14464769865845462,4
9.048756214331576,True,143,9.00853068535848,0.04022552897309595,4
9.201481847036236,True,144,9.048756214331576,0.15272563270466044,4
9.21284414067959,True,145,9.201481847036236,0.011362293643353283,4
9.491584485333147,True,146,9.21284414067959,0.2787403446535581,4
9.49725628270535,True,147,9.491584485333147,0.005671797372203358,4
9.595657279679807,True,148,9.49725628270535,0.09840099697445659,4
9.719405655527002,True,149,9.595657279679807,0.12374837584719423,4
9.886095021799205,True,150,9.719405655527002,0.16668936627220354,4
9.930863200972729,True,151,9.886095021799205,0.04476817917352349,4
10.155389642883915,True,152,9.930863200972729,0.22452644191118587,4
10.253795086892136,True,153,10.155389642883915,0.09840544400822182,4
10.234953109066865,True,154,10.253795086892136,-0.018841977825271528,4
10.36524261172115,True,155,10.234953109066865,0.13028950265428563,4
10.655844143936285,True,156,10.36524261172115,0.29060153221513474,4
10.75648002525498,True,157,10.655844143936285,0.10063588131869494,4
10.792484817910307,True,158,10.75648002525498,0.03600479265532641,4
10.82222286495038,True,159,10.792484817910307,0.029738047040073212,4
11.03628990396012,True,160,10.82222286495038,0.21406703900973945,4
11.060997113600322,True,161,11.03628990396012,0.02470720964020323,4
11.20900992144869,True,162,11.060997113600322,0.14801280784836734,4
11.31693405423868,True,163,11.20900992144869,0.10792413278998936,4
11.454499358368002,True,164,11.31693405423868,0.137565304129323,4
11.466394576037937,True,165,11.454499358368002,0.01189521766993451,4
11.710693000929915,True,166,11.466394576037937,0.24429842489197817,4
11.748749341920897,True,167,11.710693000929915,0.03805634099098221,4
11.947441579054273,True,168,11.748749341920897,0.19869223713337547,4
12.095241289666616,True,169,11.947441579054273,0.1477997106123432,4
12.119620590547553,True,170,12.095241289666616,0.02437930088093765,4
12.12381398807407,True,171,12.119620590547553,0.004193397526517373,4
12.385749978949997,True,172,12.12381398807407,0.26193599087592645,4
12.435002226838332,True,173,12.385749978949997,0.04925224788833482,4
12.66439560434491,True,174,12.435002226838332,0.22939337750657884,4
12.758358110296966,True,175,12.66439560434491,0.0939625059520548,4
12.757300966720802,True,176,12.758358110296966,-0.0010571435761637105,4
12.834110969604486,True,177,12.757300966720802,0.07681000288368445,4
12.932018577635581,True,178,12.834110969604486,0.097907608031095,4
13.223142810324088,True,179,12.932018577635581,0.2911242326885066,4
13.251993693353798,True,180,13.223142810324088,0.02885088302971006,4
13.289313892083237,True,181,13.251993693353798,0.03732019872943937,4
13.516087734599532,True,182,13.289313892083237,0.22677384251629462,4
13.58169017787528,True,183,13.516087734599532,0.06560244327574871,4
13.63380015839407,True,184,13.58169017787528,0.052109980518789456,4
13.839431986479937,True,185,13.63380015839407,0.20563182808586689,4
13.832997742450267,True,186,13.839431986479937,-0.0064342440296698555,4
13.950517347322423,True,187,13.832997742450267,0.11751960487215563,4
14.192342502617878,True,188,13.950517347322423,0.24182515529545512,4
14.38637890331068,True,189,14.192342502617878,0.19403640069280215,4
14.453314146225571,True,190,14.38637890331068,0.06693524291489084,4
14.6235800802243,True,191,14.453314146225571,0.17026593399872958,4
14.75046934786049,True,192,14.6235800802243,0.12688926763618902,4
14.743295887683711,True,193,14.75046934786049,-0.007173460176778335,4
14.897859038930692,True,194,14.743295887683711,0.15456315124698072,4
15.016867199151864,True,195,14.897859038930692,0.11900816022117233,4
15.107826467911236,True,196,15.016867199151864,0.09095926875937188,4
15.264711262340413,True,197,15.107826467911236,0.15688479442917647,4
15.423299783771407,True,198,15.264711262340413,0.15858852143099433,4
15.507205775125104,True,199,15.423299783771407,0.08390599135369747,4
15.39767360221019,False,200,15.507205775125104,-0.10953217291491413,4
15.430777352918957,False,201,15.39767360221019,0.03310375070876681,4
15.458399744581708,False,202,15.430777352918957,0.027622391662751156,4
15.40563295214513,False,203,15.458399744581708,-0.05276679243657867,4
15.440188745658142,False,204,15.40563295214513,0.034555793513012745,4
15.557439206860723,False,205,15.440188745658142,0.11725046120258042,4
15.424302611461297,False,206,15.557439206860723,-0.13313659539942613,4
15.544886350187713,False,207,15.424302611461297,0.12058373872641681,4
15.48997164402201,False,208,15.544886350187713,-0.05491470616570382,4
15.394683413577285,False,209,15.48997164402201,-0.09528823044472468,4
15.42216444274405,False,210,15.394683413577285,0.02748102916676487,4
15.439883563048078,False,211,15.42216444274405,0.01771912030402767,4
15.558174374295593,False,212,15.439883563048078,0.11829081124751539,4
15.528329568890515,False,213,15.558174374295593,-0.02984480540507839,4
15.521338341374536,False,214,15.528329568890515,-0.006991227515978693,4
15.451044533462701,False,215,15.521338341374536,-0.0702938079118347,4
15.53892291631864,False,216,15.451044533462701,0.08787838285593885,4
15.57394721922607,False,217,15.53892291631864,0.03502430290743064,4
15.409270400810158,False,218,15.57394721922607,-0.16467681841591286,4
15.559881290741341,False,219,15.409270400810158,0.15061088993118332,4
15.50432254304926,False,220,15.559881290741341,-0.055558747692080246,4
15.404218606744243,False,221,15.50432254304926,-0.10010393630501824,4
15.405055294020752,False,222,15.404218606744243,0.000836687276509096,4
15.443533685247138,False,223,15.405055294020752,0.038478391226385966,4
15.501805200452663,False,224,15.443533685247138,0.05827151520552576,4
15.515582555857208,False,225,15.501805200452663,0.013777355404544167,4
15.479597656061454,False,226,15.515582555857208,-0.03598489979575348,4
15.577727447437576,False,227,15.479597656061454,0.0981297913761221,4
15.52073200858314,False,228,15.577727447437576,-0.05699543885443603,4
15.44290907578531,False,229,15.52073200858314,-0.07782293279782948,4
15.55640473374165,False,230,15.44290907578531,0.11349565795633865,4
15.385976689284016,False,231,15.55640473374165,-0.17042804445763338,4
15.453659727681371,False,232,15.385976689284016,0.06768303839735523,4
15.520769566783656,False,233,15.453659727681371,0.06710983910228485,4
15.430526978173148,False,234,15.520769566783656,-0.09024258861050782,4
15.49053633752115,False,235,15.430526978173148,0.06000935934800111,4
15.507374272165208,False,236,15.49053633752115,0.016837934644058805,4
15.505501273881496,False,237,15.507374272165208,-0.001872998283712235,4
15.573028892509438,False,238,15.505501273881496,0.06752761862794188,4
15.490768841183474,False,239,15.573028892509438,-0.0822600513259637,4
15.57241322965888,False,240,15.490768841183474,0.08164438847540545,4
15.404624407408745,False,241,15.57241322965888,-0.16778882225013447,4
15.555732425410977,False,242,15.404624407408745,0.1511080180022315,4
15.398312123413398,False,243,15.555732425410977,-0.15742030199757906,4
15.535047015018087,False,244,15.398312123413398,0.13673489160468932,4
15.399559664097504,False,245,15.535047015018087,-0.13548735092058273,4
15.419167357807016,False,246,15.399559664097504,0.019607693709511764,4
15.39364518685284,False,247,15.419167357807016,-0.02552217095417575,4
15.428631271332174,False,248,15.39364518685284,0.03498608447933371,4
15.536183028159368,False,249,15.428631271332174,0.10755175682719376,4
15.571368401863515,False,250,15.536183028159368,0.03518537370414698,4
15.383996090098892,False,251,15.571368401863515,-0.18737231176462288,4
15.489305688601416,False,252,15.383996090098892,0.10530959850252408,4
15.479466806378698,False,253,15.489305688601416,-0.009838882222718226,4
15.497171441070266,False,254,15.479466806378698,0.0177046346915688,4
15.511254117369843,False,255,15.497171441070266,0.014082676299576491,4
15.547759318111464,False,256,15.511254117369843,0.03650520074162067,4
15.467858876952779,False,257,15.547759318111464,-0.079900441158685,4
15.40236544279156,False,258,15.467858876952779,-0.065493434161219,4
15.45694590639149,False,259,15.40236544279156,0.05458046359992963,4
15.555790035726867,False,260,15.45694590639149,0.09884412933537767,4
15.510237995917956,False,261,15.555790035726867,-0.04555203980891065,4
15.400056238643005,False,262,15.510237995917956,-0.11018175727495105,4
15.555429025184855,False,263,15.400056238643005,0.15537278654185016,4
15.537948220131712,False,264,15.555429025184855,-0.0174808050531432,4
15.45617575123269,False,265,15.537948220131712,-0.08177246889902179,4
15.487044649592864,False,266,15.45617575123269,0.030868898360173702,4
15.46843992739457,False,267,15.487044649592864,-0.0186047221982939,4
15.468914590139205,False,268,15.46843992739457,0.00047466274463481284,4
15.405035653722686,False,269,15.468914590139205,-0.06387893641651843,4
15.47701161222785,False,270,15.405035653722686,0.07197595850516336,4
15.475370754243267,False,271,15.47701161222785,-0.0016408579845830218,4
15.482017341713162,False,272,15.475370754243267,0.006646587469894882,4
15.491766235113465,False,273,15.482017341713162,0.00974889340030316,4
15.416565136551599,False,274,15.491766235113465,-0.07520109856186608,4
15.48170090922669,False,275,15.416565136551599,0.06513577267509163,4
15.41114723274962,False,276,15.48170090922669,-0.07055367647707023,4
15.51219346541524,False,277,15.41114723274962,0.1010462326656203,4
15.522165003515992,False,278,15.51219346541524,0.009971538100751687,4
15.493998007054994,False,279,15.522165003515992,-0.02816699646099785,4
15.526663352945445,False,280,15.493998007054994,0.032665345890450226,4
15.54326696566645,False,281,15.526663352945445,0.0166036127210063,4
15.465127853352755,False,282,15.54326696566645,-0.0781391123136963,4
15.544908097491168,False,283,15.465127853352755,0.07978024413841389,4
15.507433953061566,False,284,15.544908097491168,-0.03747414442960206,4
15.562284892715782,False,285,15.507433953061566,0.054850939654215836,4
15.40290960840392,False,286,15.562284892715782,-0.15937528431186188,4
15.440229839916093,False,287,15.40290960840392,0.03732023151217234,4
15.44691183934529,False,288,15.440229839916093,0.00668199942919756,4
15.419910366925679,False,289,15.44691183934529,-0.02700147241961126,4
15.548786779151397,False,290,15.419910366925679,0.12887641222571844,4
15.44261846298689,False,291,15.548786779151397,-0.10616831616450817,4
15.434894860497801,False,292,15.44261846298689,-0.0077236024890883215,4
15.470845704786905,False,293,15.434894860497801,0.03595084428910411,4
15.51745927305087,False,294,15.470845704786905,0.04661356826396457,4
15.476168195736324,False,295,15.51745927305087,-0.04129107731454518,4
15.447636565210924,False,296,15.476168195736324,-0.028531630525399976,4
15.578738904809711,False,297,15.447636565210924,0.1311023395987867,4
15.544598027250398,False,298,15.578738904809711,-0.034140877559313054,4
15.474561795801833,False,299,15.544598027250398,-0.07003623144856519,4
4.0980074492502165,False,0,0.0,0.0,5
4.054186441060644,False,1,4.0980074492502165,-0.04382100818957291,5
3.9655695073038806,False,2,4.054186441060644,-0.08861693375676305,5
3.90763869255664,False,3,3.9655695073038806,-0.0579308147472406,5
3.923124821563703,False,4,3.90763869255664,0.015486129007062921,5
4.00918237726071,False,5,3.923124821563703,0.0860575556970069,5
3.917763070428529,False,6,4.00918237726071,-0.09141930683218069,5
4.0392149375459985,False,7,3.917763070428529,0.12145186711746936,5
4.008985574554535,False,8,4.0392149375459985,-0.030229362991463837,5
4.003547361263738,False,9,4.008985574554535,-0.005438213290796412,5
3.947405605521661,False,10,4.003547361263738,-0.05614175574207714,5
3.9312150253084486,False,11,3.947405605521661,-0.016190580213212513,5
3.926746824969633,False,12,3.9312150253084486,-0.004468200338815453,5
4.050220920151846,False,13,3.926746824969633,0.12347409518221264,5
4.025032418299053,False,14,4.050220920151846,-0.025188501852793088,5
3.9613401900499627,False,15,4.025032418299053,-0.06369222824908993,5
4.026398734236445,False,16,3.9613401900499627,0.0650585441864826,5
3.9021117882140484,False,17,4.026398734236445,-0.12428694602239698,5
3.96022622192817,False,18,3.9021117882140484,0.05811443371412173,5
4.091182932966669,False,19,3.96022622192817,0.13095671103849904,5
4.000468790715415,False,20,4.091182932966669,-0.09071414225125451,5
3.942949249124779,False,21,4.000468790715415,-0.05751954159063555,5
3.996008983435408,False,22,3.942949249124779,0.053059734310628937,5
3.9178395967130397,False,23,3.996008983435408,-0.07816938672236828,5
3.9458136353206275,False,24,3.9178395967130397,0.027974038607587737,5
4.035514556759267,False,25,3.9458136353206275,0.08970092143863972,5
3.9448316453131045,False,26,4.035514556759267,-0.0906829114461627,5
4.035706398625844,False,27,3.9448316453131045,0.0908747533127392,5
4.043255527015095,False,28,4.035706398625844,0.007549128389251258,5
3.995521865937825,False,29,4.043255527015095,-0.04773366107726984,5
3.903937924808167,False,30,3.995521865937825,-0.09158394112965818,5
4.073190697299877,False,31,3.903937924808167,0.1692527724917099,5
3.9699805649611686,False,32,4.073190697299877,-0.10321013233870824,5
4.089601236878392,False,33,3.9699805649611686,0.11962067191722303,5
3.9312243452739075,False,34,4.089601236878392,-0.1583768916044841,5
4.081590773783107,False,35,3.9312243452739075,0.15036642850919968,5
4.071077175241501,False,36,4.081590773783107,-0.01051359854160605,5
3.9558611866763176,False,37,4.071077175241501,-0.11521598856518356,5
3.9371724556153853,False,38,3.9558611866763176,-0.018688731060932273,5
3.984494348921458,False,39,3.9371724556153853,0.04732189330607284,5
4.025305586710542,False,40,3.984494348921458,0.04081123778908369,5
3.9520098510518027,False,41,4.025305586710542,-0.07329573565873915,5
3.916675952756646,False,42,3.9520098510518027,-0.03533389829515654,5
4.081008314741041,False,43,3.916675952756646,0.16433236198439483,5
4.074823669650441,False,44,4.081008314741041,-0.006184645090599794,5
4.030636163332144,False,45,4.074823669650441,-0.04418750631829749,5
4.057112604565342,False,46,4.030636163332144,0.026476441233198145,5
4.078344135439706,False,47,4.057112604565342,0.021231530874364246,5
3.909197250397088,False,48,4.078344135439706,-0.16914688504261788,5
4.060282291468575,False,49,3.909197250397088,0.15108504107148724,5
3.922403868361752,False,50,4.060282291468575,-0.13787842310682352,5
4.086605065899371,False,51,3.922403868361752,0.16420119753761897,5
4.046744394597416,False,52,4.086605065899371,-0.039860671301954476,5
3.921565033662498,False,53,4.046744394597416,-0.12517936093491855,5
4.075464400476813,False,54,3.921565033662498,0.15389936681431493,5
4.014864652448591,False,55,4.075464400476813,-0.060599748028221434,5
3.9480998152419216,False,56,4.014864652448591,-0.06676483720666981,5
4.047504361142296,False,57,3.9480998152419216,0.09940454590037406,5
4.021265977197772,False,58,4.047504361142296,-0.02623838394452349,5
3.96911021536006,False,59,4.021265977197772,-0.05215576183771198,5
3.9273637558655152,False,60,3.96911021536006,-0.04174645949454492,5
3.9490139895185887,False,61,3.9273637558655152,0.021650233653073503,5
3.925765701470814,False,62,3.9490139895185887,-0.02324828804777468,5
4.088718594118798,False,63,3.925765701470814,0.16295289264798374,5
4.087544507544417,False,64,4.088718594118798,-0.0011740865743812279,5
3.9643535733300945,False,65,4.087544507544417,-0.12319093421432203,5
4.082806840867626,False,66,3.9643535733300945,0.11845326753753138,5
4.008011398436408,False,67,4.082806840867626,-0.07479544243121783,5
3.9617642148188366,False,68,4.008011398436408,-0.04624718361757152,5
4.0728413111912,False,69,3.9617642148188366,0.11107709637236374,5
4.020866190297318,False,70,4.0728413111912,-0.05197512089388212,5
4.071694078425059,False,71,4.020866190297318,0.05082788812774108,5
4.0545998609013845,False,72,4.071694078425059,-0.017094217523674793,5
3.9436863497219887,False,73,4.0545998609013845,-0.11091351117939574,5
4.005473471733847,False,74,3.9436863497219887,0.06178712201185821,5
4.097080277081294,False,75,4.005473471733847,0.09160680534744703,5
4.024555422816638,False,76,4.097080277081294,-0.07252485426465594,5
3.9837229980030564,False,77,4.024555422816638,-0.040832424813581625,5
4.0939009784485965,False,78,3.9837229980030564,0.11017798044554006,5
4.055073233881248,False,79,4.0939009784485965,-0.03882774456734861,5
4.033055422925219,False,80,4.055073233881248,-0.022017810956028505,5
4.0120236424720455,False,81,4.033055422925219,-0.021031780453173887,5
3.9428020558952315,False,82,4.0120236424720455,-0.06922158657681399,5
3.9151951818295423,False,83,3.9428020558952315,-0.02760687406568918,5
3.9665677312898207,False,84,3.9151951818295423,0.05137254946027836,5
4.029563598411913,False,85,3.9665677312898207,0.06299586712209271,5
3.9414718463593754,False,86,4.029563598411913,-0.08809175205253794,5
4.035579381881597,False,87,3.9414718463593754,0.0941075355222214,5
4.079750031452525,False,88,4.035579381881597,0.04417064957092798,5
3.9512221939135563,False,89,4.079750031452525,-0.12852783753896846,5
4.099984930731528,False,90,3.9512221939135563,0.14876273681797203,5
3.9261421774525895,False,91,4.099984930731528,-0.17384275327893883,5
3.9524179489217905,False,92,3.9261421774525895,0.026275771469201015,5
3.9906654743691643,False,93,3.9524179489217905,0.038247525447373754,5
3.968015409452558,False,94,3.9906654743691643,-0.02265006491660637,5
4.068143130038751,False,95,3.968015409452558,0.10012772058619346,5
3.987335376403144,False,96,4.068143130038751,-0.08080775363560733,5
4.040989035869889,False,97,3.987335376403144,0.05365365946674494,5
4.065947434036026,False,98,4.040989035869889,0.024958398166137208,5
4.028004893371254,False,99,4.065947434036026,-0.03794254066477265,5
4.267015067151809,True,100,4.028004893371254,0.23901017378055567,5
4.439160744370234,True,101,4.267015067151809,0.1721456772184249,5
4.754050916972806,True,102,4.439160744370234,0.31489017260257146,5
5.0565326361789085,True,103,4.754050916972806,0.3024817192061029,5
5.350791706476406,True,104,5.0565326361789085,0.29425907029749787,5
5.537470319665168,True,105,5.350791706476406,0.18667861318876167,5
5.714850902257025,True,106,5.537470319665168,0.17738058259185685,5
5.99546240275356,True,107,5.714850902257025,0.28061150049653527,5
6.317169934461992,True,108,5.99546240275356,0.3217075317084319,5
6.513288363704662,True,109,6.317169934461992,0.1961184292426701,5
6.886339287979173,True,110,6.513288363704662,0.37305092427451125,5
7.221912374425004,True,111,6.886339287979173,0.33557308644583106,5
7.389316705368129,True,112,7.221912374425004,0.1674043309431248,5
7.579110881574106,True,113,7.389316705368129,0.18979417620597694,5
7.843257634663173,True,114,7.579110881574106,0.2641467530890669,5
8.287078370572148,True,115,7.843257634663173,0.4438207359089752,5
8.50670601787525,True,116,8.287078370572148,0.21962764730310091,5
8.617991777488067,True,117,8.50670601787525,0.11128575961281761,5
9.045066590438784,True,118,8.617991777488067,0.4270748129507176,5
9.141008943097852,True,119,9.045066590438784,0.09594235265906725,5
9.526786314876261,True,120,9.141008943097852,0.38577737177840987,5
9.729563743485768,True,121,9.526786314876261,0.20277742860950632,5
9.993593377061845,True,122,9.729563743485768,0.26402963357607767,5
10.337268684164345,True,123,9.993593377061845,0.34367530710249916,5
10.561011688197146,True,124,10.337268684164345,0.22374300403280145,5
10.770650882713136,True,125,10.561011688197146,0.2096391945159901,5
10.963808728356433,True,126,10.770650882713136,0.19315784564329697,5
11.30609426459072,True,127,10.963808728356433,0.3422855362342876,5
11.572805725322425,True,128,11.30609426459072,0.26671146073170426,5
11.762044552178603,True,129,11.572805725322425,0.18923882685617777,5
12.059500284655273,True,130,11.762044552178603,0.2974557324766707,5
12.386778823765813,True,131,12.059500284655273,0.32727853911053906,5
12.658102896578177,True,132,12.386778823765813,0.27132407281236404,5
12.87491645551609,True,133,12.658102896578177,0.216813558937913,5
13.119628782490109,True,134,12.87491645551609,0.24471232697401923,5
13.456308440181504,True,135,13.119628782490109,0.33667965769139485,5
13.688821713794848,True,136,13.456308440181504,0.2325132736133444,5
13.950128237346123,True,137,13.688821713794848,0.2613065235512746,5
14.176928636558488,True,138,13.950128237346123,0.22680039921236528,5
14.429999845588965,True,139,14.176928636558488,0.25307120903047675,5
14.839909456226918,True,140,14.429999845588965,0.4099096106379534,5
14.951404250741918,True,141,14.839909456226918,0.111494794515,5
15.25918518228481,True,142,14.951404250741918,0.3077809315428919,5
15.536272077906046,True,143,15.25918518228481,0.27708689562123645,5
15.969905426388461,True,144,15.536272077906046,0.43363334848241486,5
16.055754634801193,True,145,15.969905426388461,0.08584920841273203,5
16.41582348288028,True,146,16.055754634801193,0.3600688480790879,5
16.715880600659283,True,147,16.41582348288028,0.30005711777900146,5
16.871109904610638,True,148,16.715880600659283,0.15522930395135504,5
17.243449497302247,True,149,16.871109904610638,0.37233959269160977,5
17.42988754815053,True,150,17.243449497302247,0.18643805084828102,5
17.816614512518708,True,151,17.42988754815053,0.38672696436817944,5
17.931587950517606,True,152,17.816614512518708,0.11497343799889848,5
18.224718063036125,True,153,17.931587950517606,0.2931301125185186,5
18.477726361813264,True,154,18.224718063036125,0.2530082987771394,5
18.879287276126043,True,155,18.477726361813264,0.4015609143127783,5
19.027054372583258,True,156,18.879287276126043,0.14776709645721553,5
19.19301337120388,True,157,19.027054372583258,0.1659589986206207,5
19.531855172937995,True,158,19.19301337120388,0.33884180173411593,5
19.820811683651968,True,159,19.531855172937995,0.2889565107139731,5
20.0,False,160,19.820811683651968,0.17918831634803212,5
20.0,False,161,20.0,0.0,5
20.0,False,162,20.0,0.0,5
20.0,False,163,20.0,0.0,5
20.0,False,164,20.0,0.0,5
20.0,False,165,20.0,0.0,5
20.0,False,166,20.0,0.0,5
20.0,False,167,20.0,0.0,5
20.0,False,168,20.0,0.0,5
20.0,False,169,20.0,0.0,5
20.0,False,170,20.0,0.0,5
20.0,False,171,20.0,0.0,5
20.0,False,172,20.0,0.0,5
20.0,False,173,20.0,0.0,5
20.0,False,174,20.0,0.0,5
20.0,False,175,20.0,0.0,5
20.0,False,176,20.0,0.0,5
20.0,False,177,20.0,0.0,5
20.0,False,178,20.0,0.0,5
20.0,False,179,20.0,0.0,5
20.0,False,180,20.0,0.0,5
20.0,False,181,20.0,0.0,5
20.0,False,182,20.0,0.0,5
20.0,False,183,20.0,0.0,5
20.0,False,184,20.0,0.0,5
20.0,False,185,20.0,0.0,5
20.0,False,186,20.0,0.0,5
20.0,False,187,20.0,0.0,5
20.0,False,188,20.0,0.0,5
20.0,False,189,20.0,0.0,5
20.0,False,190,20.0,0.0,5
20.0,False,191,20.0,0.0,5
20.0,False,192,20.0,0.0,5
20.0,False,193,20.0,0.0,5
20.0,False,194,20.0,0.0,5
20.0,False,195,20.0,0.0,5
20.0,False,196,20.0,0.0,5
20.0,False,197,20.0,0.0,5
20.0,False,198,20.0,0.0,5
20.0,False,199,20.0,0.0,5
20.0,False,200,20.0,0.0,5
20.0,False,201,20.0,0.0,5
20.0,False,202,20.0,0.0,5
20.0,False,203,20.0,0.0,5
19.941311291351834,False,204,20.0,-0.058688708648166,5
20.0,False,205,19.941311291351834,0.058688708648166,5
20.0,False,206,20.0,0.0,5
19.91053729117446,False,207,20.0,-0.08946270882553975,5
19.948834681838697,False,208,19.91053729117446,0.038297390664236985,5
19.91697947953782,False,209,19.948834681838697,-0.03185520230087846,5
20.0,False,210,19.91697947953782,0.08302052046218122,5
19.981010486299063,False,211,20.0,-0.018989513700937266,5
20.0,False,212,19.981010486299063,0.018989513700937266,5
20.0,False,213,20.0,0.0,5
19.95340991127242,False,214,20.0,-0.04659008872758008,5
20.0,False,215,19.95340991127242,0.04659008872758008,5
20.0,False,216,20.0,0.0,5
20.0,False,217,20.0,0.0,5
20.0,False,218,20.0,0.0,5
19.96191282276835,False,219,20.0,-0.038087177231648894,5
19.959870863264396,False,220,19.96191282276835,-0.0020419595039555816,5
20.0,False,221,19.959870863264396,0.040129136735604476,5
20.0,False,222,20.0,0.0,5
20.0,False,223,20.0,0.0,5
19.94679015695854,False,224,20.0,-0.05320984304146137,5
19.905626745431835,False,225,19.94679015695854,-0.04116341152670344,5
20.0,False,226,19.905626745431835,0.09437325456816481,5
20.0,False,227,20.0,0.0,5
19.922730575959108,False,228,20.0,-0.07726942404089243,5
20.0,False,229,19.922730575959108,0.07726942404089243,5
19.94854095068347,False,230,20.0,-0.05145904931653078,5
20.0,False,231,19.94854095068347,0.05145904931653078,5
20.0,False,232,20.0,0.0,5
19.93224146978249,False,233,20.0,-0.06775853021751033,5
19.99405840295663,False,234,19.93224146978249,0.061816933174139166,5
20.0,False,235,19.99405840295663,0.005941597043371161,5
19.98555095053998,False,236,20.0,-0.014449049460019125,5
19.904114841434165,False,237,19.98555095053998,-0.081436109105816,5
19.95511962224175,False,238,19.904114841434165,0.05100478080758464,5
20.0,False,239,19.95511962224175,0.04488037775825049,5
20.0,False,240,20.0,0.0,5
20.0,False,241,20.0,0.0,5
20.0,False,242,20.0,0.0,5
20.0,False,243,20.0,0.0,5
20.0,False,244,20.0,0.0,5
20.0,False,245,20.0,0.0,5
20.0,False,246,20.0,0.0,5
19.918693058533204,False,247,20.0,-0.08130694146679573,5
20.0,False,248,19.918693058533204,0.08130694146679573,5
20.0,False,249,20.0,0.0,5
19.91571722934017,False,250,20.0,-0.08428277065982925,5
19.947564012852855,False,251,19.91571722934017,0.031846783512683885,5
20.0,False,252,19.947564012852855,0.05243598714714537,5
19.983877124417056,False,253,20.0,-0.01612287558294412,5
19.923244090873098,False,254,19.983877124417056,-0.06063303354395799,5
19.98627286238511,False,255,19.923244090873098,0.06302877151201258,5
20.0,False,256,19.98627286238511,0.013727137614889529,5
20.0,False,257,20.0,0.0,5
19.90429790310542,False,258,20.0,-0.09570209689458054,5
20.0,False,259,19.90429790310542,0.09570209689458054,5
19.937883663545154,False,260,20.0,-0.06211633645484582,5
20.0,False,261,19.937883663545154,0.06211633645484582,5
19.92057375838832,False,262,20.0,-0.07942624161168155,5
20.0,False,263,19.92057375838832,0.07942624161168155,5
19.99127560942793,False,264,20.0,-0.008724390572069751,5
20.0,False,265,19.99127560942793,0.008724390572069751,5
20.0,False,266,20.0,0.0,5
20.0,False,267,20.0,0.0,5
20.0,False,268,20.0,0.0,5
20.0,False,269,20.0,0.0,5
20.0,False,270,20.0,0.0,5
20.0,False,271,20.0,0.0,5
19.964673468039585,False,272,20.0,-0.0353265319604148,5
20.0,False,273,19.964673468039585,0.0353265319604148,5
20.0,False,274,20.0,0.0,5
20.0,False,275,20.0,0.0,5
19.960774354177452,False,276,20.0,-0.039225645822547506,5
20.0,False,277,19.960774354177452,0.039225645822547506,5
20.0,False,278,20.0,0.0,5
19.911339157561617,False,279,20.0,-0.08866084243838301,5
20.0,False,280,19.911339157561617,0.08866084243838301,5
20.0,False,281,20.0,0.0,5
20.0,False,282,20.0,0.0,5
20.0,False,283,20.0,0.0,5
20.0,False,284,20.0,0.0,5
19.957412207458873,False,285,20.0,-0.0425877925411271,5
19.979428021840192,False,286,19.957412207458873,0.022015814381319387,5
20.0,False,287,19.979428021840192,0.020571978159807713,5
20.0,False,288,20.0,0.0,5
20.0,False,289,20.0,0.0,5
19.99242823622695,False,290,20.0,-0.007571763773050577,5
19.946411878347188,False,291,19.99242823622695,-0.046016357879761216,5
19.969217852706144,False,292,19.946411878347188,0.02280597435895615,5
20.0,False,293,19.969217852706144,0.030782147293855644,5
19.908969776241833,False,294,20.0,-0.0910302237581675,5
20.0,False,295,19.908969776241833,0.0910302237581675,5
19.963476635834507,False,296,20.0,-0.03652336416549318,5
20.0,False,297,19.963476635834507,0.03652336416549318,5
19.98138068207379,False,298,20.0,-0.018619317926209078,5
19.959035328097514,False,299,19.98138068207379,-0.022345353976277238,5
4.0063873229221905,False,0,0.0,0.0,6
4.0710875825722175,False,1,4.0063873229221905,0.06470025965002701,6
3.9634379766960626,False,2,4.0710875825722175,-0.10764960587615491,6
3.9582006298470573,False,3,3.9634379766960626,-0.005237346849005231,6
3.924128789865268,False,4,3.9582006298470573,-0.03407183998178942,6
4.093494970673592,False,5,3.924128789865268,0.169366180808324,6
4.067088742145508,False,6,4.093494970673592,-0.026406228528084164,6
4.08718881567401,False,7,4.067088742145508,0.020100073528502627,6
3.970875378024056,False,8,4.08718881567401,-0.11631343764995439,6
3.99970849796626,False,9,3.970875378024056,0.028833119942203833,6
4.056719710294621,False,10,3.99970849796626,0.057011212328360816,6
3.977112727913778,False,11,4.056719710294621,-0.07960698238084252,6
4.0419617082974275,False,12,3.977112727913778,0.06484898038364939,6
3.964148469213441,False,13,4.0419617082974275,-0.0778132390839863,6
3.951516485200955,False,14,3.964148469213441,-0.012631984012485997,6
3.964954902648082,False,15,3.951516485200955,0.013438417447126927,6
3.9562190962968904,False,16,3.964954902648082,-0.008735806351191755,6
3.995771426201462,False,17,3.9562190962968904,0.03955232990457169,6
4.045247190548394,False,18,3.995771426201462,0.04947576434693168,6
4.013205501363783,False,19,4.045247190548394,-0.032041689184611144,6
4.092747743576047,False,20,4.013205501363783,0.07954224221226447,6
3.989945440632531,False,21,4.092747743576047,-0.10280230294351611,6
3.9971826773425487,False,22,3.989945440632531,0.007237236710017747,6
3.930664820014024,False,23,3.9971826773425487,-0.06651785732852478,6
3.924605091061819,False,24,3.930664820014024,-0.006059728952204857,6
3.929089690549665,False,25,3.924605091061819,0.004484599487845742,6
3.9721165446600772,False,26,3.929089690549665,0.043026854110412405,6
3.914269824395439,False,27,3.9721165446600772,-0.05784672026463822,6
4.060309317198973,False,28,3.914269824395439,0.146039492803534,6
3.959497904187132,False,29,4.060309317198973,-0.10081141301184093,6
3.9154576262160017,False,30,3.959497904187132,-0.044040277971130415,6
3.9805543552935347,False,31,3.9154576262160017,0.06509672907753306,6
4.0380134358063975,False,32,3.9805543552935347,0.05745908051286275,6
4.037205160633594,False,33,4.0380134358063975,-0.0008082751728037962,6
3.983611307636951,False,34,4.037205160633594,-0.05359385299664288,6
4.0023380910840896,False,35,3.983611307636951,0.01872678344713874,6
4.002763318888737,False,36,4.0023380910840896,0.0004252278046470437,6
4.099898533579609,False,37,4.002763318888737,0.09713521469087283,6
4.052206750553545,False,38,4.099898533579609,-0.047691783026064805,6
4.076868515118914,False,39,4.052206750553545,0.024661764565369282,6
3.9686181135199297,False,40,4.076868515118914,-0.10825040159898425,6
3.9689648973258733,False,41,3.9686181135199297,0.0003467838059436623,6
4.038499598877441,False,42,3.9689648973258733,0.06953470155156749,6
4.051731440522734,False,43,4.038499598877441,0.01323184164529323,6
3.9109401998626763,False,44,4.051731440522734,-0.14079124066005777,6
3.943571317774032,False,45,3.9109401998626763,0.032631117911355645,6
3.913496422890352,False,46,3.943571317774032,-0.03007489488367998,6
4.062718072657562,False,47,3.913496422890352,0.14922164976721009,6
4.087143798855894,False,48,4.062718072657562,0.02442572619833161,6
4.0882076540106995,False,49,4.087143798855894,0.0010638551548058928,6
4.0328932911245365,False,50,4.0882076540106995,-0.05531436288616298,6
3.991539758759509,False,51,4.0328932911245365,-0.04135353236502759,6
3.9641368207325614,False,52,3.991539758759509,-0.0274029380269476,6
4.002054824404724,False,53,3.9641368207325614,0.037918003672162914,6
4.019829154640597,False,54,4.002054824404724,0.017774330235872604,6
3.948540790907252,False,55,4.019829154640597,-0.0712883637333448,6
3.940845472200859,False,56,3.948540790907252,-0.007695318706393284,6
3.9269070296799526,False,57,3.940845472200859,-0.013938442520906147,6
3.962942609646951,False,58,3.9269070296799526,0.036035579966998466,6
4.091947055000083,False,59,3.962942609646951,0.12900444535313182,6
3.9037030894454747,False,60,4.091947055000083,-0.1882439655546082,6
3.9430740636232313,False,61,3.9037030894454747,0.03937097417775659,6
4.01287473413043,False,62,3.9430740636232313,0.06980067050719896,6
4.061024867452672,False,63,4.01287473413043,0.04815013332224183,6
4.026791856860804,False,64,4.061024867452672,-0.03423301059186823,6
3.90497118166171,False,65,4.026791856860804,-0.12182067519909401,6
4.096491325868781,False,66,3.90497118166171,0.1915201442070713,6
4.004806296604921,False,67,4.096491325868781,-0.0916850292638598,6
3.9352307269590816,False,68,4.004806296604921,-0.06957556964583977,6
4.054492327649396,False,69,3.9352307269590816,0.11926160069031466,6
3.907490919992783,False,70,4.054492327649396,-0.1470014076566133,6
3.9625700494224136,False,71,3.907490919992783,0.05507912942963067,6
3.903959574220943,False,72,3.9625700494224136,-0.05861047520147045,6
3.9430603311528825,False,73,3.903959574220943,0.03910075693193926,6
4.042855523169667,False,74,3.9430603311528825,0.09979519201678455,6
4.013306808376913,False,75,4.042855523169667,-0.029548714792754005,6
4.028502284629883,False,76,4.013306808376913,0.015195476252969797,6
3.9319160490975675,False,77,4.028502284629883,-0.09658623553231527,6
3.983618458906649,False,78,3.9319160490975675,0.05170240980908147,6
3.9423960876260273,False,79,3.983618458906649,-0.04122237128062167,6
4.084555298615917,False,80,3.9423960876260273,0.14215921098988948,6
4.023541589102579,False,81,4.084555298615917,-0.061013709513337844,6
4.075448723844627,False,82,4.023541589102579,0.05190713474204767,6
3.9769606556272628,False,83,4.075448723844627,-0.09848806821736389,6
4.005863282314081,False,84,3.9769606556272628,0.028902626686818422,6
4.066973340461351,False,85,4.005863282314081,0.06111005814726944,6
4.057644469078686,False,86,4.066973340461351,-0.009328871382664694,6
3.9828616979315905,False,87,4.057644469078686,-0.07478277114709542,6
3.9147705204987844,False,88,3.9828616979315905,-0.06809117743280613,6
4.00509034416268,False,89,3.9147705204987844,0.09031982366389535,6
4.094878875467981,False,90,4.00509034416268,0.08978853130530151,6
3.9468216092674258,False,91,4.094878875467981,-0.14805726620055548,6
3.936036512021286,False,92,3.9468216092674258,-0.010785097246139852,6
4.058554567636952,False,93,3.936036512021286,0.12251805561566576,6
4.060069416559416,False,94,4.058554567636952,0.0015148489224641182,6
4.07344942012417,False,95,4.060069416559416,0.013380003564754439,6
3.952125366087696,False,96,4.07344942012417,-0.1213240540364744,6
3.9203294317524997,False,97,3.952125366087696,-0.03179593433519612,6
3.950794687150011,False,98,3.9203294317524997,0.030465255397511104,6
4.056143883242479,False,99,3.950794687150011,0.10534919609246796,6
4.2027555285018865,True,100,4.056143883242479,0.14661164525940773,6
4.343455532244137,True,101,4.2027555285018865,0.14070000374225078,6
4.739712460650712,True,102,4.343455532244137,0.3962569284065749,6
4.851432638480299,True,103,4.739712460650712,0.11172017782958665,6
5.0894069963423405,True,104,4.851432638480299,0.23797435786204169,6
5.277583969001437,True,105,5.0894069963423405,0.18817697265909672,6
5.628889897891231,True,106,5.277583969001437,0.3513059288897935,6
5.8751792329478425,True,107,5.628889897891231,0.24628933505661177,6
6.015630431676116,True,108,5.8751792329478425,0.1404511987282735,6
6.219841485032451,True,109,6.015630431676116,0.20421105335633527,6
6.369659570872561,True,110,6.219841485032451,0.14981808584010992,6
6.711235621563085,True,111,6.369659570872561,0.34157605069052366,6
6.937531960677897,True,112,6.711235621563085,0.22629633911481228,6
7.174035316406279,True,113,6.937531960677897,0.23650335572838177,6
7.361989066589029,True,114,7.174035316406279,0.18795375018274996,6
7.553319094032852,True,115,7.361989066589029,0.191330027443823,6
7.737310374660212,True,116,7.553319094032852,0.18399128062736025,6
8.03531785810623,True,117,7.737310374660212,0.29800748344601846,6
8.316688212439992,True,118,8.03531785810623,0.28137035433376134,6
8.350243243527837,True,119,8.316688212439992,0.033555031087844966,6
8.742996830849123,True,120,8.350243243527837,0.39275358732128574,6
8.925177218764619,True,121,8.742996830849123,0.18218038791549596,6
9.076405067317877,True,122,8.925177218764619,0.15122784855325833,6
9.258523164861698,True,123,9.076405067317877,0.18211809754382102,6
9.515311088098798,True,124,9.258523164861698,0.2567879232371002,6
9.79111980035371,True,125,9.515311088098798,0.27580871225491244,6
10.064500650241872,True,126,9.79111980035371,0.27338084988816114,6
10.195475930142395,True,127,10.064500650241872,0.1309752799005235,6
10.519226082293798,True,128,10.195475930142395,0.323750152151403,6
10.711444395498198,True,129,10.519226082293798,0.19221831320439975,6
10.84602931083714,True,130,10.711444395498198,0.13458491533894268,6
11.033697927620482,True,131,10.84602931083714,0.18766861678334124,6
11.259423813231383,True,132,11.033697927620482,0.2257258856109008,6
11.615237278886307,True,133,11.259423813231383,0.3558134656549239,6
11.687796010381787,True,134,11.615237278886307,0.07255873149548009,6
11.990817407349367,True,135,11.687796010381787,0.3030213969675799,6
12.191736797531252,True,136,11.990817407349367,0.20091939018188576,6
12.457172305596236,True,137,12.191736797531252,0.26543550806498395,6
12.60023115796976,True,138,12.457172305596236,0.14305885237352456,6
12.868573250990567,True,139,12.60023115796976,0.2683420930208058,6
13.138396812629617,True,140,12.868573250990567,0.2698235616390505,6
13.216452834832241,True,141,13.138396812629617,0.07805602220262386,6
13.49772443594684,True,142,13.216452834832241,0.28127160111459837,6
13.699507853443363,True,143,13.49772443594684,0.2017834174965234,6
14.043856364518437,True,144,13.699507853443363,0.3443485110750739,6
14.267635803169497,True,145,14.043856364518437,0.22377943865106076,6
14.33725835366932,True,146,14.267635803169497,0.06962255049982247,6
14.540309041552467,True,147,14.33725835366932,0.20305068788314706,6
14.821915049537818,True,148,14.540309041552467,0.28160600798535107,6
15.172307855876019,True,149,14.821915049537818,0.3503928063382009,6
15.40627009604426,True,150,15.172307855876019,0.23396224016824085,6
15.515625681055518,True,151,15.40627009604426,0.10935558501125797,6
15.804947102981904,True,152,15.515625681055518,0.28932142192638644,6
15.902104754484151,True,153,15.804947102981904,0.09715765150224698,6
16.195707499434008,True,154,15.902104754484151,0.2936027449498564,6
16.358983985870417,True,155,16.195707499434008,0.16327648643640913,6
16.704311782886336,True,156,16.358983985870417,0.3453277970159192,6
16.909024281487227,True,157,16.704311782886336,0.20471249860089102,6
17.206462543903182,True,158,16.909024281487227,0.2974382624159553,6
17.313009228921352,True,159,17.206462543903182,0.10654668501817,6
17.503632399145133,True,160,17.313009228921352,0.1906231702237804,6
17.89538655755938,True,161,17.503632399145133,0.39175415841424766,6
17.937462731082906,True,162,17.89538655755938,0.042076173523525995,6
18.136344500426414,True,163,17.937462731082906,0.1988817693435081,6
18.356660157281024,True,164,18.136344500426414,0.2203156568546092,6
18.635699377125537,True,165,18.356660157281024,0.2790392198445133,6
18.94951511541457,True,166,18.635699377125537,0.3138157382890334,6
19.129758079475273,True,167,18.94951511541457,0.18024296406070306,6
19.430435148455768,True,168,19.129758079475273,0.3006770689804945,6
19.67531444180622,True,169,19.430435148455768,0.24487929335045067,6
19.769138293514995,True,170,19.67531444180622,0.09382385170877683,6
19.989650418678284,False,171,19.769138293514995,0.22051212516328889,6
20.0,False,172,19.989650418678284,0.010349581321715817,6
20.0,False,173,20.0,0.0,6
20.0,False,174,20.0,0.0,6
20.0,False,175,20.0,0.0,6
20.0,False,176,20.0,0.0,6
20.0,False,177,20.0,0.0,6
20.0,False,178,20.0,0.0,6
20.0,False,179,20.0,0.0,6
20.0,False,180,20.0,0.0,6
20.0,False,181,20.0,0.0,6
20.0,False,182,20.0,0.0,6
20.0,False,183,20.0,0.0,6
20.0,False,184,20.0,0.0,6
20.0,False,185,20.0,0.0,6
20.0,False,186,20.0,0.0,6
20.0,False,187,20.0,0.0,6
20.0,False,188,20.0,0.0,6
20.0,False,189,20.0,0.0,6
20.0,False,190,20.0,0.0,6
20.0,False,191,20.0,0.0,6
20.0,False,192,20.0,0.0,6
20.0,False,193,20.0,0.0,6
20.0,False,194,20.0,0.0,6
20.0,False,195,20.0,0.0,6
20.0,False,196,20.0,0.0,6
20.0,False,197,20.0,0.0,6
20.0,False,198,20.0,0.0,6
20.0,False,199,20.0,0.0,6
19.95726794109995,False,200,20.0,-0.04273205890005016,6
19.95668281554207,False,201,19.95726794109995,-0.0005851255578797065,6
19.972899257918844,False,202,19.95668281554207,0.016216442376773443,6
19.957060561686774,False,203,19.972899257918844,-0.015838696232069793,6
19.985200630195614,False,204,19.957060561686774,0.028140068508839988,6
19.92477409055245,False,205,19.985200630195614,-0.06042653964316358,6
20.0,False,206,19.92477409055245,0.07522590944754981,6
19.909641936155083,False,207,20.0,-0.09035806384491707,6
20.0,False,208,19.909641936155083,0.09035806384491707,6
19.997887054662467,False,209,20.0,-0.0021129453375330343,6
19.916042261163636,False,210,19.997887054662467,-0.08184479349883134,6
20.0,False,211,19.916042261163636,0.08395773883636437,6
20.0,False,212,20.0,0.0,6
20.0,False,213,20.0,0.0,6
20.0,False,214,20.0,0.0,6
19.986704136552614,False,215,20.0,-0.01329586344738587,6
19.93580882627999,False,216,19.986704136552614,-0.050895310272622396,6
19.950329909045912,False,217,19.93580882627999,0.014521082765920568,6
20.0,False,218,19.950329909045912,0.0496700909540877,6
19.957870277331637,False,219,20.0,-0.042129722668363456,6
19.938379192525577,False,220,19.957870277331637,-0.019491084806059433,6
19.96889875261733,False,221,19.938379192525577,0.030519560091754272,6
20.0,False,222,19.96889875261733,0.031101247382668618,6
20.0,False,223,20.0,0.0,6
19.9437703061004,False,224,20.0,-0.0562296938995992,6
19.997307262966455,False,225,19.9437703061004,0.0535369568660542,6
20.0,False,226,19.997307262966455,0.0026927370335450007,6
19.998694030814672,False,227,20.0,-0.001305969185327882,6
19.9826369892431,False,228,19.998694030814672,-0.016057041571571062,6
20.0,False,229,19.9826369892431,0.017363010756898944,6
19.997302237016328,False,230,20.0,-0.0026977629836721917,6
20.0,False,231,19.997302237016328,0.0026977629836721917,6
19.976852200917836,False,232,20.0,-0.0231477990821638,6
20.0,False,233,19.976852200917836,0.0231477990821638,6
20.0,False,234,20.0,0.0,6
20.0,False,235,20.0,0.0,6
20.0,False,236,20.0,0.0,6
20.0,False,237,20.0,0.0,6
19.992222554443927,False,238,20.0,-0.007777445556072848,6
19.95163888095946,False,239,19.992222554443927,-0.04058367348446623,6
20.0,False,240,19.95163888095946,0.04836111904053908,6
19.96896040589492,False,241,20.0,-0.03103959410508139,6
19.93226759041986,False,242,19.96896040589492,-0.036692815475060314,6
20.0,False,243,19.93226759041986,0.0677324095801417,6
20.0,False,244,20.0,0.0,6
19.91465306919788,False,245,20.0,-0.08534693080212108,6
19.96614952700544,False,246,19.91465306919788,0.051496457807562734,6
19.945210014122367,False,247,19.96614952700544,-0.02093951288307494,6
19.927324832885176,False,248,19.945210014122367,-0.017885181237190295,6
19.944148946032108,False,249,19.927324832885176,0.016824113146931552,6
19.925101036717415,False,250,19.944148946032108,-0.019047909314693356,6
19.979764217551722,False,251,19.925101036717415,0.05466318083430721,6
20.0,False,252,19.979764217551722,0.020235782448278172,6
19.916321674480116,False,253,20.0,-0.08367832551988386,6
20.0,False,254,19.916321674480116,0.08367832551988386,6
20.0,False,255,20.0,0.0,6
19.981753807050293,False,256,20.0,-0.018246192949707307,6
19.9374837842693,False,257,19.981753807050293,-0.044270022780992235,6
19.90230810606905,False,258,19.9374837842693,-0.03517567820025036,6
20.0,False,259,19.90230810606905,0.0976918939309499,6
20.0,False,260,20.0,0.0,6
20.0,False,261,20.0,0.0,6
19.977214684004437,False,262,20.0,-0.022785315995562883,6
19.970078908581183,False,263,19.977214684004437,-0.007135775423254387,6
19.984106435257225,False,264,19.970078908581183,0.014027526676041902,6
19.916594064734515,False,265,19.984106435257225,-0.06751237052271009,6
20.0,False,266,19.916594064734515,0.08340593526548545,6
19.951508949343868,False,267,20.0,-0.04849105065613202,6
19.960304998002517,False,268,19.951508949343868,0.008796048658648914,6
19.997184747835234,False,269,19.960304998002517,0.03687974983271758,6
19.965929728575713,False,270,19.997184747835234,-0.03125501925952179,6
20.0,False,271,19.965929728575713,0.03407027142428731,6
19.990265404105635,False,272,20.0,-0.009734595894364872,6
20.0,False,273,19.990265404105635,0.009734595894364872,6
20.0,False,274,20.0,0.0,6
19.916982265664203,False,275,20.0,-0.0830177343357974,6
19.912359566396688,False,276,19.916982265664203,-0.004622699267514463,6
19.90059843367604,False,277,19.912359566396688,-0.011761132720646827,6
19.90687484831025,False,278,19.90059843367604,0.006276414634207583,6
20.0,False,279,19.90687484831025,0.0931251516897511,6
20.0,False,280,20.0,0.0,6
19.93826974115384,False,281,20.0,-0.061730258846161234,6
20.0,False,282,19.93826974115384,0.061730258846161234,6
19.953618897800197,False,283,20.0,-0.046381102199802626,6
20.0,False,284,19.953618897800197,0.046381102199802626,6
19.951598464438856,False,285,20.0,-0.048401535561144016,6
19.9262347175688,False,286,19.951598464438856,-0.025363746870056048,6
20.0,False,287,19.9262347175688,0.07376528243120006,6
19.942793875471004,False,288,20.0,-0.05720612452899587,6
20.0,False,289,19.942793875471004,0.05720612452899587,6
20.0,False,290,20.0,0.0,6
19.973042553435807,False,291,20.0,-0.026957446564193077,6
20.0,False,292,19.973042553435807,0.026957446564193077,6
20.0,False,293,20.0,0.0,6
20.0,False,294,20.0,0.0,6
20.0,False,295,20.0,0.0,6
19.934940537245744,False,296,20.0,-0.065059462754256,6
19.958376834860292,False,297,19.934940537245744,0.02343629761454835,6
20.0,False,298,19.958376834860292,0.04162316513970765,6
19.99548838008069,False,299,20.0,-0.004511619919309595,6
3.912439018215237,False,0,0.0,0.0,7
3.923872770590249,False,1,3.912439018215237,0.011433752375012318,7
3.986995068742712,False,2,3.923872770590249,0.06312229815246262,7
4.00759625944603,False,3,3.986995068742712,0.02060119070331856,7
3.953305197403895,False,4,4.00759625944603,-0.05429106204213552,7
3.9100652522119796,False,5,3.953305197403895,-0.04323994519191521,7
4.026066015437513,False,6,3.9100652522119796,0.1160007632255331,7
3.93725067899498,False,7,4.026066015437513,-0.08881533644253281,7
3.9532777454381547,False,8,3.93725067899498,0.016027066443174753,7
3.9925968599418624,False,9,3.9532777454381547,0.03931911450370773,7
4.019547467396869,False,10,3.9925968599418624,0.026950607455006548,7
4.033945854640817,False,11,4.019547467396869,0.01439838724394793,7
4.065047890718167,False,12,4.033945854640817,0.031102036077349737,7
4.064565895605761,False,13,4.065047890718167,-0.00048199511240554216,7
3.9844285536799,False,14,4.064565895605761,-0.08013734192586108,7
4.096603225365095,False,15,3.9844285536799,0.11217467168519457,7
3.926538988373844,False,16,4.096603225365095,-0.17006423699125062,7
4.010615847363556,False,17,3.926538988373844,0.08407685898971184,7
3.963520793376752,False,18,4.010615847363556,-0.047095053986804025,7
3.916468013553045,False,19,3.963520793376752,-0.047052779823706814,7
4.019575894652996,False,20,3.916468013553045,0.10310788109995084,7
3.9831286003152293,False,21,4.019575894652996,-0.0364472943377665,7
3.9163410964272787,False,22,3.9831286003152293,-0.06678750388795063,7
3.9742984638264267,False,23,3.9163410964272787,0.05795736739914803,7
3.9542380450454964,False,24,3.9742984638264267,-0.020060418780930345,7
3.963624462584622,False,25,3.9542380450454964,0.009386417539125613,7
3.906046792820024,False,26,3.963624462584622,-0.05757766976459777,7
3.9639271560186278,False,27,3.906046792820024,0.05788036319860357,7
4.01346061206278,False,28,3.9639271560186278,0.04953345604415249,7
3.9293535183766406,False,29,4.01346061206278,-0.08410709368613967,7
4.0313030979892845,False,30,3.9293535183766406,0.10194957961264395,7
3.9195934275336723,False,31,4.0313030979892845,-0.1117096704556122,7
3.9048158141218816,False,32,3.9195934275336723,-0.014777613411790735,7
4.059960659471669,False,33,3.9048158141218816,0.155144845349787,7
4.0119651252511055,False,34,4.059960659471669,-0.04799553422056313,7
4.070028552248624,False,35,4.0119651252511055,0.058063426997518874,7
4.065657000428436,False,36,4.070028552248624,-0.004371551820188557,7
3.932788897550357,False,37,4.065657000428436,-0.1328681028780787,7
3.92358952800024,False,38,3.932788897550357,-0.00919936955011691,7
4.055177298638319,False,39,3.92358952800024,0.1315877706380788,7
3.9151200712817644,False,40,4.055177298638319,-0.14005722735655457,7
4.03659905151783,False,41,3.9151200712817644,0.1214789802360654,7
3.9627926286861834,False,42,4.03659905151783,-0.0738064228316464,7
4.014880457513908,False,43,3.9627926286861834,0.05208782882772489,7
4.024820433786344,False,44,4.014880457513908,0.00993997627243548,7
4.041135428330398,False,45,4.024820433786344,0.016314994544054606,7
3.9531467084655603,False,46,4.041135428330398,-0.08798871986483814,7
3.9737427316563196,False,47,3.9531467084655603,0.02059602319075937,7
3.932404444476188,False,48,3.9737427316563196,-0.04133828718013177,7
4.033667264698502,False,49,3.932404444476188,0.10126282022231381,7
3.9566709043979302,False,50,4.033667264698502,-0.07699636030057144,7
3.937316091093893,False,51,3.9566709043979302,-0.01935481330403732,7
4.0048362444053955,False,52,3.937316091093893,0.06752015331150263,7
3.95734008539296,False,53,4.0048362444053955,-0.047496159012435424,7
3.9599160717930615,False,54,3.95734008539296,0.002575986400101371,7
4.051967593319196,False,55,3.9599160717930615,0.09205152152613438,7
3.9500543881883474,False,56,4.051967593319196,-0.10191320513084845,7
4.082034713830938,False,57,3.9500543881883474,0.1319803256425902,7
4.057093622449565,False,58,4.082034713830938,-0.024941091381372793,7
3.956097632632519,False,59,4.057093622449565,-0.10099598981704583,7
3.961385543655947,False,60,3.956097632632519,0.005287911023427849,7
3.9253015388946517,False,61,3.961385543655947,-0.03608400476129514,7
3.9001546153258904,False,62,3.9253015388946517,-0.02514692356876136,7
3.9025861803534716,False,63,3.9001546153258904,0.0024315650275812395,7
4.091938507014495,False,64,3.9025861803534716,0.18935232666102353,7
4.06769444427792,False,65,4.091938507014495,-0.024244062736575422,7
4.090045644216064,False,66,4.06769444427792,0.022351199938144717,7
4.081093452474455,False,67,4.090045644216064,-0.008952191741609106,7
4.0426316810238045,False,68,4.081093452474455,-0.03846177145065077,7
3.951581716033325,False,69,4.0426316810238045,-0.09104996499047946,7
4.0062704487108,False,70,3.951581716033325,0.05468873267747476,7
4.090334049424776,False,71,4.0062704487108,0.0840636007139759,7
4.050022835217659,False,72,4.090334049424776,-0.04031121420711692,7
4.02727906895991,False,73,4.050022835217659,-0.022743766257748987,7
4.031141753722721,False,74,4.02727906895991,0.003862684762811597,7
3.9362715624460543,False,75,4.031141753722721,-0.09487019127666718,7
4.029765015856314,False,76,3.9362715624460543,0.09349345341025961,7
4.006185151224583,False,77,4.029765015856314,-0.02357986463173045,7
4.067978298040782,False,78,4.006185151224583,0.06179314681619896,7
4.08870993224639,False,79,4.067978298040782,0.02073163420560764,7
4.077542707582749,False,80,4.08870993224639,-0.011167224663640951,7
3.952312036889796,False,81,4.077542707582749,-0.1252306706929529,7
3.9698895317663845,False,82,3.952312036889796,0.01757749487658833,7
3.959569396969277,False,83,3.9698895317663845,-0.010320134797107361,7
4.008603009009942,False,84,3.959569396969277,0.04903361204066492,7
3.9818924720469266,False,85,4.008603009009942,-0.026710536963015397,7
4.024058563892498,False,86,3.9818924720469266,0.04216609184557152,7
4.067094928501428,False,87,4.024058563892498,0.04303636460892957,7
3.950703600974877,False,88,4.067094928501428,-0.1163913275265509,7
4.092627583436459,False,89,3.950703600974877,0.14192398246158255,7
3.966925958551135,False,90,4.092627583436459,-0.12570162488532421,7
4.0210568225716266,False,91,3.966925958551135,0.05413086402049139,7
4.072485385588079,False,92,4.0210568225716266,0.0514285630164526,7
4.0851716711493875,False,93,4.072485385588079,0.012686285561308352,7
3.966425262968932,False,94,4.0851716711493875,-0.11874640818045545,7
3.9675078350208453,False,95,3.966425262968932,0.0010825720519131998,7
3.9524766304213426,False,96,3.9675078350208453,-0.01503120459950269,7
4.04763690347567,False,97,3.9524766304213426,0.0951602730543275,7
4.060016997744064,False,98,4.04763690347567,0.01238009426839426,7
4.049104024282534,False,99,4.060016997744064,-0.010912973461530306,7
4.544174886005519,True,100,4.049104024282534,0.49507086172298465,7
4.876488587361913,True,101,4.544174886005519,0.3323137013563944,7
5.384393473343591,True,102,4.876488587361913,0.5079048859816782,7
5.757884859443298,True,103,5.384393473343591,0.37349138609970645,7
6.356833124441789,True,104,5.757884859443298,0.5989482649984916,7
6.8616189250257085,True,105,6.356833124441789,0.5047858005839192,7
7.1341990496626435,True,106,6.8616189250257085,0.27258012463693504,7
7.679809756872109,True,107,7.1341990496626435,0.5456107072094651,7
8.119961224002425,True,108,7.679809756872109,0.44015146713031683,7
8.615933818384853,True,109,8.119961224002425,0.4959725943824278,7
8.968682422830584,True,110,8.615933818384853,0.35274860444573086,7
9.373577441386516,True,111,8.968682422830584,0.4048950185559317,7
10.012899291478565,True,112,9.373577441386516,0.639321850092049,7
10.363928332448271,True,113,10.012899291478565,0.35102904096970633,7
10.886302819901134,True,114,10.363928332448271,0.5223744874528631,7
11.213714608397595,True,115,10.886302819901134,0.3274117884964607,7
11.728838564109735,True,116,11.213714608397595,0.5151239557121396,7
12.251924587711239,True,117,11.728838564109735,0.523086023601504,7
12.602681914036243,True,118,12.251924587711239,0.3507573263250041,7
12.983706035486065,True,119,12.602681914036243,0.3810241214498227,7
13.470094108180184,True,120,12.983706035486065,0.486388072694119,7
13.992078766449326,True,121,13.470094108180184,0.5219846582691421,7
14.318261338383266,True,122,13.992078766449326,0.3261825719339395,7
14.877931426064542,True,123,14.318261338383266,0.5596700876812761,7
15.340936103143967,True,124,14.877931426064542,0.46300467707942516,7
15.68370874941867,True,125,15.340936103143967,0.34277264627470316,7
16.241696171702355,True,126,15.68370874941867,0.5579874222836843,7
16.76541168409405,True,127,16.241696171702355,0.5237155123916963,7
17.20075887440606,True,128,16.76541168409405,0.4353471903120081,7
17.65177343449402,True,129,17.20075887440606,0.4510145600879625,7
18.070245979648494,True,130,17.65177343449402,0.4184725451544722,7
18.343752718447647,True,131,18.070245979648494,0.27350673879915277,7
18.96712234062908,True,132,18.343752718447647,0.623369622181432,7
19.4132463154933,True,133,18.96712234062908,0.4461239748642214,7
19.84012475197496,True,134,19.4132463154933,0.4268784364816618,7
20.0,False,135,19.84012475197496,0.15987524802503827,7
20.0,False,136,20.0,0.0,7
20.0,False,137,20.0,0.0,7
20.0,False,138,20.0,0.0,7
20.0,False,139,20.0,0.0,7
20.0,False,140,20.0,0.0,7
20.0,False,141,20.0,0.0,7
20.0,False,142,20.0,0.0,7
20.0,False,143,20.0,0.0,7
20.0,False,144,20.0,0.0,7
20.0,False,145,20.0,0.0,7
20.0,False,146,20.0,0.0,7
20.0,False,147,20.0,0.0,7
20.0,False,148,20.0,0.0,7
20.0,False,149,20.0,0.0,7
20.0,False,150,20.0,0.0,7
20.0,False,151,20.0,0.0,7
20.0,False,152,20.0,0.0,7
20.0,False,153,20.0,0.0,7
20.0,False,154,20.0,0.0,7
20.0,False,155,20.0,0.0,7
20.0,False,156,20.0,0.0,7
20.0,False,157,20.0,0.0,7
20.0,False,158,20.0,0.0,7
20.0,False,159,20.0,0.0,7
20.0,False,160,20.0,0.0,7
20.0,False,161,20.0,0.0,7
20.0,False,162,20.0,0.0,7
20.0,False,163,20.0,0.0,7
20.0,False,164,20.0,0.0,7
20.0,False,165,20.0,0.0,7
20.0,False,166,20.0,0.0,7
20.0,False,167,20.0,0.0,7
20.0,False,168,20.0,0.0,7
20.0,False,169,20.0,0.0,7
20.0,False,170,20.0,0.0,7
20.0,False,171,20.0,0.0,7
20.0,False,172,20.0,0.0,7
20.0,False,173,20.0,0.0,7
20.0,False,174,20.0,0.0,7
20.0,False,175,20.0,0.0,7
20.0,False,176,20.0,0.0,7
20.0,False,177,20.0,0.0,7
20.0,False,178,20.0,0.0,7
20.0,False,179,20.0,0.0,7
20.0,False,180,20.0,0.0,7
20.0,False,181,20.0,0.0,7
20.0,False,182,20.0,0.0,7
20.0,False,183,20.0,0.0,7
20.0,False,184,20.0,0.0,7
20.0,False,185,20.0,0.0,7
20.0,False,186,20.0,0.0,7
20.0,False,187,20.0,0.0,7
20.0,False,188,20.0,0.0,7
20.0,False,189,20.0,0.0,7
20.0,False,190,20.0,0.0,7
20.0,False,191,20.0,0.0,7
20.0,False,192,20.0,0.0,7
20.0,False,193,20.0,0.0,7
20.0,False,194,20.0,0.0,7
20.0,False,195,20.0,0.0,7
20.0,False,196,20.0,0.0,7
20.0,False,197,20.0,0.0,7
20.0,False,198,20.0,0.0,7
20.0,False,199,20.0,0.0,7
19.95159735641275,False,200,20.0,-0.04840264358724866,7
19.936123642477092,False,201,19.95159735641275,-0.015473713935659106,7
19.996589891131606,False,202,19.936123642477092,0.06046624865451378,7
20.0,False,203,19.996589891131606,0.0034101088683939906,7
20.0,False,204,20.0,0.0,7
19.94677586818455,False,205,20.0,-0.05322413181545116,7
19.967811320800127,False,206,19.94677586818455,0.021035452615578265,7
20.0,False,207,19.967811320800127,0.032188679199872894,7
19.92783028366366,False,208,20.0,-0.07216971633634017,7
19.98258582565648,False,209,19.92783028366366,0.054755541992818735,7
20.0,False,210,19.98258582565648,0.017414174343521438,7
20.0,False,211,20.0,0.0,7
19.924584372382764,False,212,20.0,-0.07541562761723597,7
20.0,False,213,19.924584372382764,0.07541562761723597,7
20.0,False,214,20.0,0.0,7
20.0,False,215,20.0,0.0,7
20.0,False,216,20.0,0.0,7
19.98048657680908,False,217,20.0,-0.019513423190918644,7
19.94711482283802,False,218,19.98048657680908,-0.033371753971060514,7
20.0,False,219,19.94711482283802,0.05288517716197916,7
20.0,False,220,20.0,0.0,7
19.993237631404902,False,221,20.0,-0.006762368595097712,7
20.0,False,222,19.993237631404902,0.006762368595097712,7
19.90537006254791,False,223,20.0,-0.09462993745209047,7
19.91230611205192,False,224,19.90537006254791,0.0069360495040093895,7
19.97253222880916,False,225,19.91230611205192,0.06022611675724221,7
20.0,False,226,19.97253222880916,0.027467771190838874,7
19.974037580156153,False,227,20.0,-0.025962419843846618,7
19.982139786965575,False,228,19.974037580156153,0.008102206809422086,7
20.0,False,229,19.982139786965575,0.017860213034424532,7
20.0,False,230,20.0,0.0,7
20.0,False,231,20.0,0.0,7
19.911701474479784,False,232,20.0,-0.08829852552021578,7
20.0,False,233,19.911701474479784,0.08829852552021578,7
20.0,False,234,20.0,0.0,7
20.0,False,235,20.0,0.0,7
19.975593258792735,False,236,20.0,-0.02440674120726527,7
19.963483530698916,False,237,19.975593258792735,-0.012109728093818717,7
20.0,False,238,19.963483530698916,0.03651646930108399,7
20.0,False,239,20.0,0.0,7
20.0,False,240,20.0,0.0,7
19.952323604859497,False,241,20.0,-0.04767639514050259,7
20.0,False,242,19.952323604859497,0.04767639514050259,7
19.934579289475913,False,243,20.0,-0.06542071052408716,7
19.929322201542167,False,244,19.934579289475913,-0.0052570879337459075,7
20.0,False,245,19.929322201542167,0.07067779845783306,7
20.0,False,246,20.0,0.0,7
20.0,False,247,20.0,0.0,7
19.99871295890986,False,248,20.0,-0.0012870410901406615,7
20.0,False,249,19.99871295890986,0.0012870410901406615,7
19.922888023584996,False,250,20.0,-0.07711197641500434,7
19.942451818677522,False,251,19.922888023584996,0.019563795092526703,7
20.0,False,252,19.942451818677522,0.05754818132247763,7
20.0,False,253,20.0,0.0,7
19.94390475893715,False,254,20.0,-0.0560952410628488,7
19.946466145039345,False,255,19.94390475893715,0.002561386102193808,7
19.978223180410335,False,256,19.946466145039345,0.031757035370990394,7
20.0,False,257,19.978223180410335,0.021776819589664598,7
19.982537905728506,False,258,20.0,-0.01746209427149381,7
20.0,False,259,19.982537905728506,0.01746209427149381,7
20.0,False,260,20.0,0.0,7
19.94154135320674,False,261,20.0,-0.05845864679325885,7
19.992171494631148,False,262,19.94154135320674,0.05063014142440636,7
19.95305462286136,False,263,19.992171494631148,-0.03911687176978873,7
20.0,False,264,19.95305462286136,0.04694537713864122,7
20.0,False,265,20.0,0.0,7
20.0,False,266,20.0,0.0,7
19.93197518092593,False,267,20.0,-0.06802481907406843,7
19.946615571260935,False,268,19.93197518092593,0.014640390335003417,7
19.95709043306113,False,269,19.946615571260935,0.01047486180019419,7
20.0,False,270,19.95709043306113,0.042909566938870825,7
20.0,False,271,20.0,0.0,7
19.983746665882148,False,272,20.0,-0.016253334117852347,7
20.0,False,273,19.983746665882148,0.016253334117852347,7
19.938710722280646,False,274,20.0,-0.06128927771935366,7
19.929898619622517,False,275,19.938710722280646,-0.008812102658129817,7
20.0,False,276,19.929898619622517,0.07010138037748348,7
20.0,False,277,20.0,0.0,7
20.0,False,278,20.0,0.0,7
20.0,False,279,20.0,0.0,7
20.0,False,280,20.0,0.0,7
20.0,False,281,20.0,0.0,7
20.0,False,282,20.0,0.0,7
20.0,False,283,20.0,0.0,7
20.0,False,284,20.0,0.0,7
20.0,False,285,20.0,0.0,7
19.908384773343624,False,286,20.0,-0.09161522665637634,7
20.0,False,287,19.908384773343624,0.09161522665637634,7
19.931327701920758,False,288,20.0,-0.06867229807924247,7
19.993592147096486,False,289,19.931327701920758,0.062264445175728156,7
19.938260657994235,False,290,19.993592147096486,-0.05533148910225094,7
19.958163806405935,False,291,19.938260657994235,0.019903148411700045,7
20.0,False,292,19.958163806405935,0.04183619359406521,7
20.0,False,293,20.0,0.0,7
19.956575738793955,False,294,20.0,-0.043424261206045145,7
19.9966399540529,False,295,19.956575738793955,0.0400642152589441,7
20.0,False,296,19.9966399540529,0.0033600459471010424,7
19.93835612384431,False,297,20.0,-0.06164387615568856,7
19.981815872663542,False,298,19.93835612384431,0.04345974881923098,7
19.961395067069798,False,299,19.981815872663542,-0.020420805593744262,7
3.9270955014314017,False,0,0.0,0.0,8
4.057382578691501,False,1,3.9270955014314017,0.1302870772600997,8
3.9060331246606337,False,2,4.057382578691501,-0.15134945403086775,8
3.91805083219325,False,3,3.9060331246606337,0.012017707532616217,8
4.053647584138135,False,4,3.91805083219325,0.13559675194488507,8
3.96333633262196,False,5,4.053647584138135,-0.0903112515161748,8
4.011548020320887,False,6,3.96333633262196,0.048211687698926475,8
4.089468399737659,False,7,4.011548020320887,0.07792037941677243,8
3.9630032833450555,False,8,4.089468399737659,-0.1264651163926036,8
3.99838406853683,False,9,3.9630032833450555,0.03538078519177468,8
4.042600580317741,False,10,3.99838406853683,0.04421651178091057,8
3.91343762321417,False,11,4.042600580317741,-0.12916295710357062,8
4.0541402672675675,False,12,3.91343762321417,0.14070264405339739,8
4.001861814732203,False,13,4.0541402672675675,-0.05227845253536412,8
3.9906180356180667,False,14,4.001861814732203,-0.011243779114136654,8
4.05289516983785,False,15,3.9906180356180667,0.0622771342197832,8
4.0738192617912015,False,16,4.05289516983785,0.020924091953351542,8
4.022845611571831,False,17,4.0738192617912015,-0.050973650219370725,8
3.910526745532989,False,18,4.022845611571831,-0.11231886603884167,8
4.051842771469591,False,19,3.910526745532989,0.14131602593660197,8
4.062535693813802,False,20,4.051842771469591,0.010692922344211375,8
4.011866811503876,False,21,4.062535693813802,-0.05066888230992639,8
4.083794350733892,False,22,4.011866811503876,0.07192753923001582,8
3.985101642693708,False,23,4.083794350733892,-0.09869270804018404,8
4.00432421497098,False,24,3.985101642693708,0.01922257227727231,8
4.066610623209689,False,25,4.00432421497098,0.0622864082387089,8
3.903845791529742,False,26,4.066610623209689,-0.16276483167994682,8
3.958840658651566,False,27,3.903845791529742,0.05499486712182389,8
3.914860313521277,False,28,3.958840658651566,-0.043980345130289145,8
4.057618908487859,False,29,3.914860313521277,0.14275859496658194,8
4.024920610880436,False,30,4.057618908487859,-0.032698297607423044,8
4.077476022528382,False,31,4.024920610880436,0.05255541164794586,8
3.9476599544296382,False,32,4.077476022528382,-0.12981606809874346,8
4.034463165306217,False,33,3.9476599544296382,0.08680321087657905,8
4.0536706499517825,False,34,4.034463165306217,0.01920748464556521,8
4.0476711490645405,False,35,4.0536706499517825,-0.005999500887241993,8
3.9785906097869206,False,36,4.0476711490645405,-0.06908053927761992,8
4.05221333788995,False,37,3.9785906097869206,0.07362272810302928,8
3.9534892347179134,False,38,4.05221333788995,-0.0987241031720365,8
4.067939426149832,False,39,3.9534892347179134,0.11445019143191848,8
4.070818850413513,False,40,4.067939426149832,0.002879424263681152,8
4.058735915244945,False,41,4.070818850413513,-0.012082935168567843,8
3.9364310934588373,False,42,4.058735915244945,-0.1223048217861078,8
4.012110491576496,False,43,3.9364310934588373,0.07567939811765845,8
4.057584660492294,False,44,4.012110491576496,0.04547416891579825,8
4.045403373299188,False,45,4.057584660492294,-0.012181287193105739,8
4.053779818162683,False,46,4.045403373299188,0.008376444863494648,8
4.060605876884344,False,47,4.053779818162683,0.006826058721660644,8
4.024660475078154,False,48,4.060605876884344,-0.03594540180618999,8
4.035427867834565,False,49,4.024660475078154,0.010767392756411809,8
3.971669557867567,False,50,4.035427867834565,-0.06375830996699827,8
3.9868539867017674,False,51,3.971669557867567,0.015184428834200236,8
3.960940482278658,False,52,3.9868539867017674,-0.02591350442310958,8
3.9401304130466595,False,53,3.960940482278658,-0.02081006923199835,8
3.954585444154227,False,54,3.9401304130466595,0.014455031107567518,8
3.9153861417647473,False,55,3.954585444154227,-0.03919930238947966,8
3.948402833815392,False,56,3.9153861417647473,0.033016692050644725,8
4.041035552593304,False,57,3.948402833815392,0.09263271877791235,8
4.04456852019529,False,58,4.041035552593304,0.003532967601985959,8
3.938432629851334,False,59,4.04456852019529,-0.10613589034395643,8
3.9267997965982753,False,60,3.938432629851334,-0.011632833253058639,8
4.090782369965022,False,61,3.9267997965982753,0.16398257336674682,8
3.9848352280626824,False,62,4.090782369965022,-0.10594714190233967,8
3.9875170505061632,False,63,3.9848352280626824,0.002681822443480808,8
3.9193655905598,False,64,3.9875170505061632,-0.06815145994636307,8
4.061283627196044,False,65,3.9193655905598,0.1419180366362438,8
3.919143548259181,False,66,4.061283627196044,-0.14214007893686276,8
4.023113645005987,False,67,3.919143548259181,0.10397009674680557,8
4.00319148957148,False,68,4.023113645005987,-0.019922155434506372,8
4.008142069740709,False,69,4.00319148957148,0.004950580169228225,8
3.935852137595522,False,70,4.008142069740709,-0.07228993214518642,8
4.01704327123757,False,71,3.935852137595522,0.08119113364204811,8
3.990760295023946,False,72,4.01704327123757,-0.0262829762136243,8
3.952223206531383,False,73,3.990760295023946,-0.038537088492562876,8
3.974816663794681,False,74,3.952223206531383,0.022593457263297978,8
4.087693720965435,False,75,3.974816663794681,0.11287705717075358,8
3.9155668756299966,False,76,4.087693720965435,-0.1721268453354381,8
4.096278270046532,False,77,3.9155668756299966,0.18071139441653505,8
4.003741203676632,False,78,4.096278270046532,-0.09253706636989989,8
3.9213520242668594,False,79,4.003741203676632,-0.08238917940977242,8
3.991434430250217,False,80,3.9213520242668594,0.0700824059833578,8
3.905496307197918,False,81,3.991434430250217,-0.08593812305229909,8
4.087733017821648,False,82,3.905496307197918,0.18223671062373015,8
3.9681924867489684,False,83,4.087733017821648,-0.11954053107267981,8
4.084343500574241,False,84,3.9681924867489684,0.11615101382527282,8
4.031661407999177,False,85,4.084343500574241,-0.052682092575063955,8
3.920752865794369,False,86,4.031661407999177,-0.11090854220480839,8
3.999110757658709,False,87,3.920752865794369,0.07835789186434017,8
3.934399258580968,False,88,3.999110757658709,-0.06471149907774087,8
3.936489799489493,False,89,3.934399258580968,0.002090540908525007,8
3.908801913801681,False,90,3.936489799489493,-0.02768788568781222,8
3.933024231154955,False,91,3.908801913801681,0.024222317353273848,8
3.922415159592909,False,92,3.933024231154955,-0.010609071562045713,8
4.043615372432636,False,93,3.922415159592909,0.1212002128397267,8
3.9095426412682324,False,94,4.043615372432636,-0.13407273116440344,8
4.024479463828065,False,95,3.9095426412682324,0.11493682255983284,8
4.085031308480722,False,96,4.024479463828065,0.060551844652656506,8
4.058591404133051,False,97,4.085031308480722,-0.026439904347670407,8
4.05676337040771,False,98,4.058591404133051,-0.0018280337253413492,8
4.072163676223559,False,99,4.05676337040771,0.015400305815848725,8
4.230257528305447,True,100,4.072163676223559,0.15809385208188864,8
4.657889925600779,True,101,4.230257528305447,0.42763239729533176,8
4.869559279822954,True,102,4.657889925600779,0.2116693542221748,8
5.14858262236952,True,103,4.869559279822954,0.2790233425465658,8
5.522501158169796,True,104,5.14858262236952,0.3739185358002759,8
5.900656243186044,True,105,5.522501158169796,0.3781550850162487,8
6.202896814015793,True,106,5.900656243186044,0.3022405708297491,8
6.528417189892609,True,107,6.202896814015793,0.3255203758768159,8
6.820352520183395,True,108,6.528417189892609,0.29193533029078544,8
7.054179563791158,True,109,6.820352520183395,0.2338270436077634,8
7.431633681107865,True,110,7.054179563791158,0.37745411731670675,8
7.73788920543556,True,111,7.431633681107865,0.3062555243276952,8
8.05813687950535,True,112,7.73788920543556,0.3202476740697895,8
8.407904093561617,True,113,8.05813687950535,0.34976721405626776,8
8.632086961681889,True,114,8.407904093561617,0.22418286812027155,8
8.879846698522137,True,115,8.632086961681889,0.24775973684024777,8
9.13788897617769,True,116,8.879846698522137,0.2580422776555533,8
9.526037104102272,True,117,9.13788897617769,0.3881481279245822,8
9.861085488584635,True,118,9.526037104102272,0.33504838448236285,8
10.172328340523414,True,119,9.861085488584635,0.3112428519387791,8
10.399515544554625,True,120,10.172328340523414,0.2271872040312104,8
10.83536574901235,True,121,10.399515544554625,0.4358502044577257,8
11.060650238817066,True,122,10.83536574901235,0.22528448980471616,8
11.343557807094161,True,123,11.060650238817066,0.2829075682770945,8
11.674635204924193,True,124,11.343557807094161,0.33107739783003254,8
11.912179719400608,True,125,11.674635204924193,0.237544514476415,8
12.185007550320384,True,126,11.912179719400608,0.27282783091977514,8
12.498637941711982,True,127,12.185007550320384,0.3136303913915981,8
12.876094803416246,True,128,12.498637941711982,0.37745686170426396,8
13.085629068344385,True,129,12.876094803416246,0.20953426492813954,8
13.54712572810653,True,130,13.085629068344385,0.46149665976214393,8
13.853013214086872,True,131,13.54712572810653,0.30588748598034243,8
13.96636491197702,True,132,13.853013214086872,0.11335169789014898,8
14.400735743945125,True,133,13.96636491197702,0.43437083196810455,8
14.674368355530037,True,134,14.400735743945125,0.2736326115849117,8
14.977715941119682,True,135,14.674368355530037,0.3033475855896448,8
15.291588662867753,True,136,14.977715941119682,0.313872721748071,8
15.497534078419031,True,137,15.291588662867753,0.20594541555127854,8
15.849480822728726,True,138,15.497534078419031,0.35194674430969464,8
16.058795864693835,True,139,15.849480822728726,0.20931504196510886,8
16.49875483787715,True,140,16.058795864693835,0.439958973183316,8
16.699915245642096,True,141,16.49875483787715,0.20116040776494515,8
16.977523071193254,True,142,16.699915245642096,0.2776078255511578,8
17.274835391093646,True,143,16.977523071193254,0.2973123199003922,8
17.59616942212156,True,144,17.274835391093646,0.3213340310279129,8
18.03103742771369,True,145,17.59616942212156,0.4348680055921328,8
18.263530173104666,True,146,18.03103742771369,0.23249274539097442,8
18.602162328990243,True,147,18.263530173104666,0.33863215588557694,8
18.82175982722807,True,148,18.602162328990243,0.21959749823782815,8
19.193884956054287,True,149,18.82175982722807,0.37212512882621596,8
19.51267248460143,True,150,19.193884956054287,0.3187875285471442,8
19.713115876857152,True,151,19.51267248460143,0.20044339225572116,8
19.9687894787352,False,152,19.713115876857152,0.25567360187804766,8
20.0,False,153,19.9687894787352,0.03121052126479995,8
20.0,False,154,20.0,0.0,8
20.0,False,155,20.0,0.0,8
20.0,False,156,20.0,0.0,8
20.0,False,157,20.0,0.0,8
20.0,False,158,20.0,0.0,8
20.0,False,159,20.0,0.0,8
20.0,False,160,20.0,0.0,8
20.0,False,161,20.0,0.0,8
20.0,False,162,20.0,0.0,8
20.0,False,163,20.0,0.0,8
20.0,False,164,20.0,0.0,8
20.0,False,165,20.0,0.0,8
20.0,False,166,20.0,0.0,8
20.0,False,167,20.0,0.0,8
20.0,False,168,20.0,0.0,8
20.0,False,169,20.0,0.0,8
20.0,False,170,20.0,0.0,8
20.0,False,171,20.0,0.0,8
20.0,False,172,20.0,0.0,8
20.0,False,173,20.0,0.0,8
20.0,False,174,20.0,0.0,8
20.0,False,175,20.0,0.0,8
20.0,False,176,20.0,0.0,8
20.0,False,177,20.0,0.0,8
20.0,False,178,20.0,0.0,8
20.0,False,179,20.0,0.0,8
20.0,False,180,20.0,0.0,8
20.0,False,181,20.0,0.0,8
20.0,False,182,20.0,0.0,8
20.0,False,183,20.0,0.0,8
20.0,False,184,20.0,0.0,8
20.0,False,185,20.0,0.0,8
20.0,False,186,20.0,0.0,8
20.0,False,187,20.0,0.0,8
20.0,False,188,20.0,0.0,8
20.0,False,189,20.0,0.0,8
20.0,False,190,20.0,0.0,8
20.0,False,191,20.0,0.0,8
20.0,False,192,20.0,0.0,8
20.0,False,193,20.0,0.0,8
20.0,False,194,20.0,0.0,8
20.0,False,195,20.0,0.0,8
20.0,False,196,20.0,0.0,8
20.0,False,197,20.0,0.0,8
20.0,False,198,20.0,0.0,8
20.0,False,199,20.0,0.0,8
20.0,False,200,20.0,0.0,8
20.0,False,201,20.0,0.0,8
20.0,False,202,20.0,0.0,8
19.933254598296738,False,203,20.0,-0.06674540170326182,8
19.925317106818902,False,204,19.933254598296738,-0.00793749147783629,8
20.0,False,205,19.925317106818902,0.07468289318109811,8
20.0,False,206,20.0,0.0,8
20.0,False,207,20.0,0.0,8
19.91131998239403,False,208,20.0,-0.08868001760597011,8
20.0,False,209,19.91131998239403,0.08868001760597011,8
19.988748401483317,False,210,20.0,-0.011251598516683003,8
20.0,False,211,19.988748401483317,0.011251598516683003,8
19.979611753756604,False,212,20.0,-0.02038824624339597,8
19.917598316168267,False,213,19.979611753756604,-0.06201343758833744,8
20.0,False,214,19.917598316168267,0.08240168383173341,8
19.948039170997696,False,215,20.0,-0.051960829002304365,8
19.9306270531091,False,216,19.948039170997696,-0.017412117888596867,8
20.0,False,217,19.9306270531091,0.06937294689090123,8
19.92671211375118,False,218,20.0,-0.07328788624882066,8
20.0,False,219,19.92671211375118,0.07328788624882066,8
20.0,False,220,20.0,0.0,8
20.0,False,221,20.0,0.0,8
20.0,False,222,20.0,0.0,8
19.91724322240945,False,223,20.0,-0.08275677759055,8
20.0,False,224,19.91724322240945,0.08275677759055,8
20.0,False,225,20.0,0.0,8
20.0,False,226,20.0,0.0,8
20.0,False,227,20.0,0.0,8
20.0,False,228,20.0,0.0,8
19.92209929538133,False,229,20.0,-0.0779007046186706,8
19.986952372795983,False,230,19.92209929538133,0.06485307741465363,8
20.0,False,231,19.986952372795983,0.013047627204016976,8
20.0,False,232,20.0,0.0,8
20.0,False,233,20.0,0.0,8
20.0,False,234,20.0,0.0,8
20.0,False,235,20.0,0.0,8
19.95805761113659,False,236,20.0,-0.041942388863411395,8
19.923779463704854,False,237,19.95805761113659,-0.03427814743173485,8
19.938812804303794,False,238,19.923779463704854,0.015033340598940015,8
20.0,False,239,19.938812804303794,0.06118719569620623,8
19.91131046594156,False,240,20.0,-0.08868953405843882,8
20.0,False,241,19.91131046594156,0.08868953405843882,8
19.909113693824253,False,242,20.0,-0.09088630617574722,8
19.900799228011184,False,243,19.909113693824253,-0.008314465813068495,8
19.928530947162486,False,244,19.900799228011184,0.02773171915130135,8
19.906370894888504,False,245,19.928530947162486,-0.02216005227398199,8
19.91270653019404,False,246,19.906370894888504,0.006335635305536158,8
19.947965141682605,False,247,19.91270653019404,0.03525861148856535,8
19.938136715833533,False,248,19.947965141682605,-0.009828425849072175,8
19.978626598624135,False,249,19.938136715833533,0.040489882790602394,8
19.991179232025107,False,250,19.978626598624135,0.012552633400972013,8
20.0,False,251,19.991179232025107,0.008820767974892618,8
19.988782756773297,False,252,20.0,-0.011217243226703033,8
19.901561453729926,False,253,19.988782756773297,-0.08722130304337128,8
19.95884646959443,False,254,19.901561453729926,0.05728501586450463,8
19.988352366873567,False,255,19.95884646959443,0.02950589727913666,8
19.968468832125893,False,256,19.988352366873567,-0.019883534747673792,8
20.0,False,257,19.968468832125893,0.031531167874106814,8
19.942308860380724,False,258,20.0,-0.0576911396192763,8
19.95317051613817,False,259,19.942308860380724,0.010861655757445021,8
19.926763402584438,False,260,19.95317051613817,-0.02640711355373071,8
20.0,False,261,19.926763402584438,0.07323659741556199,8
20.0,False,262,20.0,0.0,8
20.0,False,263,20.0,0.0,8
19.930612624777304,False,264,20.0,-0.06938737522269633,8
19.96080701627311,False,265,19.930612624777304,0.03019439149580805,8
20.0,False,266,19.96080701627311,0.039192983726888286,8
20.0,False,267,20.0,0.0,8
20.0,False,268,20.0,0.0,8
19.99722316641615,False,269,20.0,-0.0027768335838516123,8
20.0,False,270,19.99722316641615,0.0027768335838516123,8
20.0,False,271,20.0,0.0,8
19.948110756136145,False,272,20.0,-0.05188924386385452,8
19.966639515978493,False,273,19.948110756136145,0.018528759842347142,8
19.988004801323264,False,274,19.966639515978493,0.021365285344771223,8
20.0,False,275,19.988004801323264,0.011995198676736152,8
19.91657888802159,False,276,20.0,-0.08342111197841007,8
20.0,False,277,19.91657888802159,0.08342111197841007,8
19.92732773530207,False,278,20.0,-0.07267226469792831,8
20.0,False,279,19.92732773530207,0.07267226469792831,8
19.96275339424004,False,280,20.0,-0.03724660575996097,8
20.0,False,281,19.96275339424004,0.03724660575996097,8
20.0,False,282,20.0,0.0,8
19.995482762513955,False,283,20.0,-0.004517237486044934,8
20.0,False,284,19.995482762513955,0.004517237486044934,8
20.0,False,285,20.0,0.0,8
20.0,False,286,20.0,0.0,8
20.0,False,287,20.0,0.0,8
19.97501744704419,False,288,20.0,-0.024982552955808757,8
20.0,False,289,19.97501744704419,0.024982552955808757,8
19.906385370855226,False,290,20.0,-0.09361462914477414,8
20.0,False,291,19.906385370855226,0.09361462914477414,8
20.0,False,292,20.0,0.0,8
20.0,False,293,20.0,0.0,8
19.930355024197475,False,294,20.0,-0.06964497580252527,8
20.0,False,295,19.930355024197475,0.06964497580252527,8
20.0,False,296,20.0,0.0,8
19.977740374069143,False,297,20.0,-0.022259625930857396,8
19.987977493645147,False,298,19.977740374069143,0.010237119576004261,8
19.981807478698983,False,299,19.987977493645147,-0.006170014946164315,8
4.0765405400458405,False,0,0.0,0.0,9
3.9624625053283653,False,1,4.0765405400458405,-0.11407803471747524,9
3.930289751259598,False,2,3.9624625053283653,-0.03217275406876752,9
4.077017428231526,False,3,3.930289751259598,0.14672767697192857,9
4.032215558866746,False,4,4.077017428231526,-0.0448018693647807,9
3.9967792740157555,False,5,4.032215558866746,-0.03543628485099015,9
4.066563089942792,False,6,3.9967792740157555,0.06978381592703675,9
4.045861978010475,False,7,4.066563089942792,-0.020701111932317495,9
4.0997044310014505,False,8,4.045861978010475,0.053842452990975787,9
3.9985091443210425,False,9,4.0997044310014505,-0.101195286680408,9
3.949744846708055,False,10,3.9985091443210425,-0.048764297612987395,9
3.9407664903257924,False,11,3.949744846708055,-0.008978356382262742,9
4.094814369243693,False,12,3.9407664903257924,0.1540478789179005,9
3.983847451176545,False,13,4.094814369243693,-0.11096691806714798,9
4.054795871311051,False,14,3.983847451176545,0.07094842013450631,9
3.996076121756393,False,15,4.054795871311051,-0.05871974955465831,9
4.099498103442062,False,16,3.996076121756393,0.10342198168566874,9
3.9854043318617607,False,17,4.099498103442062,-0.11409377158030098,9
4.076834344862513,False,18,3.9854043318617607,0.09143001300075193,9
3.947168571727808,False,19,4.076834344862513,-0.1296657731347044,9
4.090662805912619,False,20,3.947168571727808,0.1434942341848111,9
3.9656590455579446,False,21,4.090662805912619,-0.12500376035467475,9
4.0170636432521185,False,22,3.9656590455579446,0.05140459769417394,9
3.9874391917109326,False,23,4.0170636432521185,-0.02962445154118587,9
4.027982354257054,False,24,3.9874391917109326,0.040543162546121,9
3.971572370696046,False,25,4.027982354257054,-0.05640998356100768,9
4.017206176995062,False,26,3.971572370696046,0.04563380629901603,9
4.0451605745401515,False,27,4.017206176995062,0.02795439754508955,9
3.932513870539715,False,28,4.0451605745401515,-0.11264670400043642,9
3.9597645628358302,False,29,3.932513870539715,0.027250692296115098,9
3.9486728824060267,False,30,3.9597645628358302,-0.011091680429803574,9
3.976610887124379,False,31,3.9486728824060267,0.027938004718352172,9
4.096901940997938,False,32,3.976610887124379,0.12029105387355932,9
3.9368968460898826,False,33,4.096901940997938,-0.1600050949080556,9
3.9249101850006416,False,34,3.9368968460898826,-0.011986661089240958,9
3.9305368699460197,False,35,3.9249101850006416,0.005626684945378102,9
4.059732010121412,False,36,3.9305368699460197,0.1291951401753919,9
4.083982694972948,False,37,4.059732010121412,0.024250684851536697,9
4.032197687595608,False,38,4.083982694972948,-0.051785007377340264,9
4.049490288481673,False,39,4.032197687595608,0.01729260088606477,9
4.082715952457116,False,40,4.049490288481673,0.033225663975443354,9
3.999933676172975,False,41,4.082715952457116,-0.08278227628414125,9
3.963052218807771,False,42,3.999933676172975,-0.036881457365204096,9
4.085973336528687,False,43,3.963052218807771,0.12292111772091596,9
4.084881389807235,False,44,4.085973336528687,-0.001091946721452075,9
4.04099471804445,False,45,4.084881389807235,-0.0438866717627846,9
4.050359613924478,False,46,4.04099471804445,0.009364895880027646,9
3.9226778043698487,False,47,4.050359613924478,-0.12768180955462904,9
3.946994174260486,False,48,3.9226778043698487,0.024316369890637457,9
4.084946674227045,False,49,3.946994174260486,0.13795249996655912,9
3.901285038368138,False,50,4.084946674227045,-0.18366163585890716,9
4.064190333967253,False,51,3.901285038368138,0.16290529559911482,9
3.955346691968767,False,52,4.064190333967253,-0.10884364199848573,9
3.9880747554013363,False,53,3.955346691968767,0.032728063432569066,9
4.041221581693909,False,54,3.9880747554013363,0.053146826292572946,9
3.905057956853544,False,55,4.041221581693909,-0.13616362484036504,9
3.9221146077661833,False,56,3.905057956853544,0.017056650912639082,9
4.00927066898231,False,57,3.9221146077661833,0.08715606121612707,9
3.948940565583419,False,58,4.00927066898231,-0.06033010339889122,9
4.070645072074888,False,59,3.948940565583419,0.12170450649146902,9
4.028101383139762,False,60,4.070645072074888,-0.042543688935126056,9
4.0224138932139395,False,61,4.028101383139762,-0.005687489925822575,9
4.033682751602875,False,62,4.0224138932139395,0.011268858388935321,9
4.0236475062117325,False,63,4.033682751602875,-0.010035245391142311,9
3.9890250381694305,False,64,4.0236475062117325,-0.03462246804230196,9
4.031847059726495,False,65,3.9890250381694305,0.04282202155706427,9
3.968135828000853,False,66,4.031847059726495,-0.06371123172564186,9
3.9950004104846473,False,67,3.968135828000853,0.026864582483794308,9
4.084594329126561,False,68,3.9950004104846473,0.08959391864191346,9
3.9926969396734706,False,69,4.084594329126561,-0.09189738945309012,9
3.934240553857201,False,70,3.9926969396734706,-0.05845638581626966,9
4.093647439312373,False,71,3.934240553857201,0.159406885455172,9
3.956690254503787,False,72,4.093647439312373,-0.13695718480858599,9
4.03053398614918,False,73,3.956690254503787,0.07384373164539326,9
3.9464024675505933,False,74,4.03053398614918,-0.08413151859858692,9
4.043112529402781,False,75,3.9464024675505933,0.09671006185218767,9
3.9693920965847513,False,76,4.043112529402781,-0.07372043281802965,9
3.946776905502513,False,77,3.9693920965847513,-0.022615191082238528,9
3.969963838163006,False,78,3.946776905502513,0.02318693266049321,9
4.012768132247824,False,79,3.969963838163006,0.04280429408481767,9
3.9649260581954757,False,80,4.012768132247824,-0.04784207405234797,9
3.9530562998603207,False,81,3.9649260581954757,-0.011869758335155023,9
3.9850434365281204,False,82,3.9530562998603207,0.03198713666779973,9
3.920729130975242,False,83,3.9850434365281204,-0.06431430555287854,9
4.060117528950686,False,84,3.920729130975242,0.139388397975444,9
4.0642661926201304,False,85,4.060117528950686,0.004148663669444552,9
4.020897550864702,False,86,4.0642661926201304,-0.04336864175542843,9
3.9698072223107093,False,87,4.020897550864702,-0.05109032855399276,9
3.960190139795148,False,88,3.9698072223107093,-0.009617082515561481,9
3.988495534923345,False,89,3.960190139795148,0.028305395128197297,9
3.9925163883023047,False,90,3.988495534923345,0.004020853378959632,9
3.9172468634424447,False,91,3.9925163883023047,-0.07526952485986005,9
3.9726708651863616,False,92,3.9172468634424447,0.05542400174391693,9
3.912906610648171,False,93,3.9726708651863616,-0.05976425453819045,9
3.9139689088778464,False,94,3.912906610648171,0.0010622982296752959,9
4.075534108324435,False,95,3.9139689088778464,0.16156519944658854,9
3.9448104921738336,False,96,4.075534108324435,-0.13072361615060135,9
3.9343343969946183,False,97,3.9448104921738336,-0.010476095179215328,9
3.9549044810467784,False,98,3.9343343969946183,0.020570084052160098,9
4.012933730421064,False,99,3.9549044810467784,0.058029249374285996,9
4.440995218449979,True,100,4.012933730421064,0.42806148802891464,9
4.656809723840961,True,101,4.440995218449979,0.21581450539098235,9
5.124185299644665,True,102,4.656809723840961,0.4673755758037039,9
5.381630407511308,True,103,5.124185299644665,0.25744510786664243,9
5.754778505396149,True,104,5.381630407511308,0.37314809788484116,9
6.2976855815846156,True,105,5.754778505396149,0.5429070761884667,9
6.616151570838687,True,106,6.2976855815846156,0.3184659892540713,9
6.903472282421829,True,107,6.616151570838687,0.287320711583142,9
7.256657001830241,True,108,6.903472282421829,0.35318471940841256,9
7.786451995552982,True,109,7.256657001830241,0.5297949937227404,9
8.121905337043621,True,110,7.786451995552982,0.33545334149063954,9
8.327795706066526,True,111,8.121905337043621,0.2058903690229048,9
8.763868316021949,True,112,8.327795706066526,0.4360726099554224,9
9.082266581769971,True,113,8.763868316021949,0.3183982657480229,9
9.441997273561022,True,114,9.082266581769971,0.3597306917910501,9
9.794855200840365,True,115,9.441997273561022,0.3528579272793433,9
10.279419914964453,True,116,9.794855200840365,0.4845647141240885,9
10.546311979780404,True,117,10.279419914964453,0.2668920648159503,9
11.029410264361358,True,118,10.546311979780404,0.4830982845809544,9
11.321656104183853,True,119,11.029410264361358,0.2922458398224954,9
11.869537297379821,True,120,11.321656104183853,0.547881193195968,9
12.157479605636597,True,121,11.869537297379821,0.2879423082567758,9
12.544823126864687,True,122,12.157479605636597,0.38734352122808957,9
12.941840035370921,True,123,12.544823126864687,0.3970169085062345,9
13.27918384035722,True,124,12.941840035370921,0.3373438049862987,9
13.692031149509905,True,125,13.27918384035722,0.41284730915268497,9
13.992595897810574,True,126,13.692031149509905,0.30056474830066904,9
14.319880838212438,True,127,13.992595897810574,0.3272849404018636,9
14.765279581162309,True,128,14.319880838212438,0.44539874294987136,9
15.173198670440947,True,129,14.765279581162309,0.4079190892786375,9
15.489926190056007,True,130,15.173198670440947,0.3167275196150605,9
15.834120325864541,True,131,15.489926190056007,0.3441941358085341,9
16.238216665268578,True,132,15.834120325864541,0.40409633940403644,9
16.63727043040358,True,133,16.238216665268578,0.399053765135001,9
16.98935119528518,True,134,16.63727043040358,0.35208076488160245,9
17.24406985754768,True,135,16.98935119528518,0.25471866226249773,9
17.737962701981637,True,136,17.24406985754768,0.4938928444339581,9
18.17557853282589,True,137,17.737962701981637,0.4376158308442548,9
18.41228178210877,True,138,18.17557853282589,0.2367032492828791,9
18.730951274458505,True,139,18.41228178210877,0.3186694923497342,9
19.073453164982983,True,140,18.730951274458505,0.34250189052447766,9
19.563352780125626,True,141,19.073453164982983,0.4898996151426438,9
19.808725442449706,True,142,19.563352780125626,0.24537266232407973,9
20.0,False,143,19.808725442449706,0.19127455755029388,9
20.0,False,144,20.0,0.0,9
20.0,False,145,20.0,0.0,9
20.0,False,146,20.0,0.0,9
20.0,False,147,20.0,0.0,9
20.0,False,148,20.0,0.0,9
20.0,False,149,20.0,0.0,9
20.0,False,150,20.0,0.0,9
20.0,False,151,20.0,0.0,9
20.0,False,152,20.0,0.0,9
20.0,False,153,20.0,0.0,9
20.0,False,154,20.0,0.0,9
20.0,False,155,20.0,0.0,9
20.0,False,156,20.0,0.0,9
20.0,False,157,20.0,0.0,9
20.0,False,158,20.0,0.0,9
20.0,False,159,20.0,0.0,9
20.0,False,160,20.0,0.0,9
20.0,False,161,20.0,0.0,9
20.0,False,162,20.0,0.0,9
20.0,False,163,20.0,0.0,9
20.0,False,164,20.0,0.0,9
20.0,False,165,20.0,0.0,9
20.0,False,166,20.0,0.0,9
20.0,False,167,20.0,0.0,9
20.0,False,168,20.0,0.0,9
20.0,False,169,20.0,0.0,9
20.0,False,170,20.0,0.0,9
20.0,False,171,20.0,0.0,9
20.0,False,172,20.0,0.0,9
20.0,False,173,20.0,0.0,9
20.0,False,174,20.0,0.0,9
20.0,False,175,20.0,0.0,9
20.0,False,176,20.0,0.0,9
20.0,False,177,20.0,0.0,9
20.0,False,178,20.0,0.0,9
20.0,False,179,20.0,0.0,9
20.0,False,180,20.0,0.0,9
20.0,False,181,20.0,0.0,9
20.0,False,182,20.0,0.0,9
20.0,False,183,20.0,0.0,9
20.0,False,184,20.0,0.0,9
20.0,False,185,20.0,0.0,9
20.0,False,186,20.0,0.0,9
20.0,False,187,20.0,0.0,9
20.0,False,188,20.0,0.0,9
20.0,False,189,20.0,0.0,9
20.0,False,190,20.0,0.0,9
20.0,False,191,20.0,0.0,9
20.0,False,192,20.0,0.0,9
20.0,False,193,20.0,0.0,9
20.0,False,194,20.0,0.0,9
20.0,False,195,20.0,0.0,9
20.0,False,196,20.0,0.0,9
20.0,False,197,20.0,0.0,9
20.0,False,198,20.0,0.0,9
20.0,False,199,20.0,0.0,9
20.0,False,200,20.0,0.0,9
20.0,False,201,20.0,0.0,9
19.956058265835253,False,202,20.0,-0.043941734164747004,9
19.976736619280995,False,203,19.956058265835253,0.020678353445742204,9
19.994929055695327,False,204,19.976736619280995,0.018192436414331326,9
20.0,False,205,19.994929055695327,0.005070944304673475,9
19.914496695061,False,206,20.0,-0.08550330493899949,9
19.943408056754244,False,207,19.914496695061,0.028911361693243265,9
19.939518460264964,False,208,19.943408056754244,-0.0038895964892802226,9
20.0,False,209,19.939518460264964,0.06048153973503645,9
19.996895651968128,False,210,20.0,-0.003104348031872206,9
19.940930397113775,False,211,19.996895651968128,-0.05596525485435322,9
20.0,False,212,19.940930397113775,0.059069602886225425,9
19.961487587573682,False,213,20.0,-0.038512412426317866,9
20.0,False,214,19.961487587573682,0.038512412426317866,9
20.0,False,215,20.0,0.0,9
20.0,False,216,20.0,0.0,9
19.985717542312777,False,217,20.0,-0.014282457687222916,9
19.993421357614388,False,218,19.985717542312777,0.007703815301610462,9
19.975998457271043,False,219,19.993421357614388,-0.017422900343344594,9
19.909365629334655,False,220,19.975998457271043,-0.06663282793638814,9
19.944323341505406,False,221,19.909365629334655,0.034957712170751165,9
19.982208406801497,False,222,19.944323341505406,0.03788506529609137,9
19.92197847251809,False,223,19.982208406801497,-0.06022993428340584,9
20.0,False,224,19.92197847251809,0.07802152748190849,9
19.97732776737529,False,225,20.0,-0.02267223262471063,9
20.0,False,226,19.97732776737529,0.02267223262471063,9
20.0,False,227,20.0,0.0,9
20.0,False,228,20.0,0.0,9
20.0,False,229,20.0,0.0,9
19.90964138329146,False,230,20.0,-0.09035861670853862,9
20.0,False,231,19.90964138329146,0.09035861670853862,9
19.93540309325553,False,232,20.0,-0.0645969067444696,9
20.0,False,233,19.93540309325553,0.0645969067444696,9
20.0,False,234,20.0,0.0,9
19.90547634180361,False,235,20.0,-0.09452365819639041,9
19.98387495329706,False,236,19.90547634180361,0.0783986114934514,9
19.93356610472027,False,237,19.98387495329706,-0.05030884857679041,9
19.985957007732573,False,238,19.93356610472027,0.052390903012302203,9
20.0,False,239,19.985957007732573,0.014042992267427223,9
20.0,False,240,20.0,0.0,9
19.997806962012955,False,241,20.0,-0.0021930379870447325,9
20.0,False,242,19.997806962012955,0.0021930379870447325,9
20.0,False,243,20.0,0.0,9
19.93249630628119,False,244,20.0,-0.06750369371880893,9
19.987201744914213,False,245,19.93249630628119,0.054705438633021686,9
19.99454353535193,False,246,19.987201744914213,0.0073417904377173215,9
20.0,False,247,19.99454353535193,0.005456464648069925,9
19.92911102686373,False,248,20.0,-0.0708889731362703,9
19.9533351279216,False,249,19.92911102686373,0.02422410105787165,9
19.92120144471882,False,250,19.9533351279216,-0.03213368320277965,9
20.0,False,251,19.92120144471882,0.0787985552811783,9
19.9207467826276,False,252,20.0,-0.07925321737240054,9
19.906733985735446,False,253,19.9207467826276,-0.01401279689215329,9
20.0,False,254,19.906733985735446,0.09326601426455383,9
19.96082130837989,False,255,20.0,-0.03917869162010845,9
20.0,False,256,19.96082130837989,0.03917869162010845,9
20.0,False,257,20.0,0.0,9
20.0,False,258,20.0,0.0,9
19.939767416881306,False,259,20.0,-0.06023258311869384,9
19.95238395805462,False,260,19.939767416881306,0.012616541173315454,9
19.916623673644427,False,261,19.95238395805462,-0.03576028441019474,9
19.925253250570876,False,262,19.916623673644427,0.008629576926448834,9
19.979015405596556,False,263,19.925253250570876,0.05376215502568016,9
19.972525194409773,False,264,19.979015405596556,-0.006490211186783057,9
19.938549888297757,False,265,19.972525194409773,-0.0339753061120156,9
19.951205583582112,False,266,19.938549888297757,0.012655695284355062,9
19.961339412869258,False,267,19.951205583582112,0.010133829287145346,9
19.972793988988826,False,268,19.961339412869258,0.011454576119568571,9
20.0,False,269,19.972793988988826,0.027206011011173814,9
19.977431020007018,False,270,20.0,-0.022568979992982463,9
20.0,False,271,19.977431020007018,0.022568979992982463,9
19.96224242472513,False,272,20.0,-0.03775757527487045,9
20.0,False,273,19.96224242472513,0.03775757527487045,9
19.91147209643839,False,274,20.0,-0.08852790356160867,9
20.0,False,275,19.91147209643839,0.08852790356160867,9
20.0,False,276,20.0,0.0,9
19.996255972211404,False,277,20.0,-0.0037440277885956164,9
20.0,False,278,19.996255972211404,0.0037440277885956164,9
20.0,False,279,20.0,0.0,9
20.0,False,280,20.0,0.0,9
19.930385793169883,False,281,20.0,-0.0696142068301171,9
19.927280386089546,False,282,19.930385793169883,-0.0031054070803371303,9
19.92334776611189,False,283,19.927280386089546,-0.003932619977657481,9
20.0,False,284,19.92334776611189,0.07665223388811171,9
20.0,False,285,20.0,0.0,9
20.0,False,286,20.0,0.0,9
19.973706064853772,False,287,20.0,-0.02629393514622791,9
19.980324779106255,False,288,19.973706064853772,0.006618714252482505,9
20.0,False,289,19.980324779106255,0.019675220893745404,9
20.0,False,290,20.0,0.0,9
19.979161691587553,False,291,20.0,-0.02083830841244705,9
20.0,False,292,19.979161691587553,0.02083830841244705,9
20.0,False,293,20.0,0.0,9
19.910224371150463,False,294,20.0,-0.08977562884953727,9
20.0,False,295,19.910224371150463,0.08977562884953727,9
20.0,False,296,20.0,0.0,9
19.992926658692106,False,297,20.0,-0.007073341307894054,9
19.943549951975072,False,298,19.992926658692106,-0.04937670671703387,9
19.97839247370696,False,299,19.943549951975072,0.034842521731889065,9
4.039498762954586,False,0,0.0,0.0,10
3.966374222249565,False,1,4.039498762954586,-0.07312454070502072,10
4.018682628762167,False,2,3.966374222249565,0.052308406512601824,10
4.069431292612528,False,3,4.018682628762167,0.05074866385036092,10
3.9594895688573284,False,4,4.069431292612528,-0.1099417237551994,10
3.987592326567579,False,5,3.9594895688573284,0.028102757710250614,10
4.0660252697023616,False,6,3.987592326567579,0.07843294313478255,10
3.90687471993634,False,7,4.0660252697023616,-0.1591505497660215,10
3.946112070693862,False,8,3.90687471993634,0.039237350757522105,10
3.942368199022615,False,9,3.946112070693862,-0.003743871671247234,10
3.963131855201789,False,10,3.942368199022615,0.020763656179174195,10
4.022109109829663,False,11,3.963131855201789,0.058977254627873954,10
3.906008843425958,False,12,4.022109109829663,-0.11610026640370519,10
3.912390903436505,False,13,3.906008843425958,0.006382060010547086,10
3.9582013002880747,False,14,3.912390903436505,0.045810396851569735,10
4.010686544652146,False,15,3.9582013002880747,0.05248524436407154,10
3.999121803213734,False,16,4.010686544652146,-0.011564741438412351,10
3.963454698464192,False,17,3.999121803213734,-0.035667104749542045,10
3.9115359090331636,False,18,3.963454698464192,-0.051918789431028234,10
4.0061172350106125,False,19,3.9115359090331636,0.09458132597744884,10
3.9238225307990238,False,20,4.0061172350106125,-0.08229470421158869,10
3.9968707981462708,False,21,3.9238225307990238,0.07304826734724701,10
4.081037729471934,False,22,3.9968707981462708,0.084166931325663,10
3.963542165769933,False,23,4.081037729471934,-0.11749556370200098,10
4.027641829993679,False,24,3.963542165769933,0.06409966422374636,10
3.916584715372011,False,25,4.027641829993679,-0.11105711462166834,10
3.9394730733932355,False,26,3.916584715372011,0.022888358021224686,10
3.927821264550908,False,27,3.9394730733932355,-0.011651808842327416,10
3.9277028718376954,False,28,3.927821264550908,-0.0001183927132126783,10
3.9827623752250996,False,29,3.9277028718376954,0.055059503387404174,10
3.9697819069386555,False,30,3.9827623752250996,-0.012980468286444058,10
4.0928179006055245,False,31,3.9697819069386555,0.12303599366686901,10
4.05618883300055,False,32,4.0928179006055245,-0.03662906760497453,10
3.9196407551375,False,33,4.05618883300055,-0.13654807786305012,10
3.9347895827228982,False,34,3.9196407551375,0.015148827585398372,10
3.9222738298472373,False,35,3.9347895827228982,-0.01251575287566098,10
4.008068521050671,False,36,3.9222738298472373,0.08579469120343353,10
3.9870298255009233,False,37,4.008068521050671,-0.021038695549747466,10
3.913719324654584,False,38,3.9870298255009233,-0.07331050084633928,10
4.01160218944189,False,39,3.913719324654584,0.09788286478730557,10
4.0455194213659516,False,40,4.01160218944189,0.03391723192406193,10
3.982493065163032,False,41,4.0455194213659516,-0.06302635620291941,10
4.022786967722163,False,42,3.982493065163032,0.04029390255913068,10
3.9351225139095223,False,43,4.022786967722163,-0.08766445381264054,10
3.9182938166798436,False,44,3.9351225139095223,-0.016828697229678724,10
4.080381742020451,False,45,3.9182938166798436,0.16208792534060779,10
4.0549508221798085,False,46,4.080381742020451,-0.02543091984064283,10
3.971991647122033,False,47,4.0549508221798085,-0.08295917505777561,10
3.9718726811564573,False,48,3.971991647122033,-0.00011896596557559036,10
4.002683952247624,False,49,3.9718726811564573,0.03081127109116677,10
3.9672882240391756,False,50,4.002683952247624,-0.035395728208448496,10
4.071667100652187,False,51,3.9672882240391756,0.10437887661301115,10
4.066741923153969,False,52,4.071667100652187,-0.00492517749821797,10
4.007374873198326,False,53,4.066741923153969,-0.059367049955643125,10
4.053640484522973,False,54,4.007374873198326,0.04626561132464779,10
3.931093500570797,False,55,4.053640484522973,-0.12254698395217645,10
3.9091965015433283,False,56,3.931093500570797,-0.021896999027468667,10
3.9517577948045313,False,57,3.9091965015433283,0.04256129326120295,10
3.906556987577976,False,58,3.9517577948045313,-0.045200807226555284,10
4.086896520989227,False,59,3.906556987577976,0.1803395334112512,10
4.041117141033301,False,60,4.086896520989227,-0.04577937995592585,10
4.041068969273369,False,61,4.041117141033301,-4.8171759932102987e-05,10
4.054860026582693,False,62,4.041068969273369,0.01379105730932384,10
4.010931987841675,False,63,4.054860026582693,-0.043928038741017694,10
3.9514564347365537,False,64,4.010931987841675,-0.05947555310512165,10
3.969289981744592,False,65,3.9514564347365537,0.01783354700803841,10
3.9707313085240723,False,66,3.969289981744592,0.0014413267794801676,10
3.917533127778536,False,67,3.9707313085240723,-0.053198180745536394,10
3.962538821141696,False,68,3.917533127778536,0.04500569336315996,10
4.003009630415507,False,69,3.962538821141696,0.04047080927381108,10
3.9198585500504977,False,70,4.003009630415507,-0.08315108036500929,10
4.000434174668946,False,71,3.9198585500504977,0.08057562461844858,10
3.902327903766383,False,72,4.000434174668946,-0.09810627090256308,10
3.952129125435184,False,73,3.902327903766383,0.04980122166880063,10
4.076226128735736,False,74,3.952129125435184,0.12409700330055218,10
4.070843157908851,False,75,4.076226128735736,-0.005382970826884659,10
3.9592945775650095,False,76,4.070843157908851,-0.11154858034384185,10
3.9033775101644492,False,77,3.9592945775650095,-0.05591706740056024,10
4.02308516473447,False,78,3.9033775101644492,0.11970765457002042,10
4.040148478160404,False,79,4.02308516473447,0.017063313425934368,10
4.079006915058227,False,80,4.040148478160404,0.03885843689782309,10
3.971353233647518,False,81,4.079006915058227,-0.10765368141070919,10
4.014817160478179,False,82,3.971353233647518,0.04346392683066114,10
3.946901637776368,False,83,4.014817160478179,-0.0679155227018109,10
3.9320816258213127,False,84,3.946901637776368,-0.014820011955055445,10
4.045391696176167,False,85,3.9320816258213127,0.11331007035485419,10
3.9163672898364394,False,86,4.045391696176167,-0.12902440633972745,10
3.900247738377703,False,87,3.9163672898364394,-0.016119551458736225,10
3.9658705673401116,False,88,3.900247738377703,0.06562282896240834,10
3.9806485305500034,False,89,3.9658705673401116,0.014777963209891887,10
4.041101330383487,False,90,3.9806485305500034,0.06045279983348362,10
4.099534015184617,False,91,4.041101330383487,0.058432684801130286,10
3.912976438905541,False,92,4.099534015184617,-0.18655757627907654,10
4.076062548911777,False,93,3.912976438905541,0.16308611000623596,10
3.9985831391461817,False,94,4.076062548911777,-0.07747940976559509,10
3.949306996897178,False,95,3.9985831391461817,-0.04927614224900356,10
4.014086345026323,False,96,3.949306996897178,0.06477934812914476,10
4.001174062197622,False,97,4.014086345026323,-0.012912282828700938,10
3.9866558029879413,False,98,4.001174062197622,-0.01451825920968064,10
4.098751013756205,False,99,3.9866558029879413,0.11209521076826379,10
4.205613613028059,True,100,4.098751013756205,0.10686259927185393,10
4.368667808134935,True,101,4.205613613028059,0.16305419510687624,10
4.656360713185502,True,102,4.368667808134935,0.28769290505056677,10
4.798969347427286,True,103,4.656360713185502,0.1426086342417836,10
4.90929599321211,True,104,4.798969347427286,0.11032664578482443,10
5.098773695905162,True,105,4.90929599321211,0.1894777026930523,10
5.302594171413096,True,106,5.098773695905162,0.2038204755079338,10
5.641974126436869,True,107,5.302594171413096,0.33937995502377305,10
5.681867445278227,True,108,5.641974126436869,0.03989331884135794,10
5.934810606511844,True,109,5.681867445278227,0.2529431612336168,10
6.2055804947155755,True,110,5.934810606511844,0.2707698882037315,10
6.3708984797094095,True,111,6.2055804947155755,0.165317984993834,10
6.501128222267477,True,112,6.3708984797094095,0.1302297425580674,10
6.736716196237236,True,113,6.501128222267477,0.23558797396975883,10
6.98294910361558,True,114,6.736716196237236,0.24623290737834402,10
7.035686678512776,True,115,6.98294910361558,0.052737574897196104,10
7.383514288886607,True,116,7.035686678512776,0.34782761037383114,10
7.484906089109858,True,117,7.383514288886607,0.10139180022325078,10
7.678918946298039,True,118,7.484906089109858,0.19401285718818162,10
7.857541899432679,True,119,7.678918946298039,0.1786229531346395,10
8.038677009178715,True,120,7.857541899432679,0.18113510974603564,10
8.36329919881136,True,121,8.038677009178715,0.32462218963264533,10
8.568538887668872,True,122,8.36329919881136,0.2052396888575121,10
8.624057699192646,True,123,8.568538887668872,0.05551881152377369,10
8.858463299008065,True,124,8.624057699192646,0.2344055998154193,10
9.212924296631945,True,125,8.858463299008065,0.35446099762387995,10
9.277836983414828,True,126,9.212924296631945,0.06491268678288264,10
9.541944421486203,True,127,9.277836983414828,0.2641074380713757,10
9.72810720625834,True,128,9.541944421486203,0.18616278477213655,10
9.873039291624151,True,129,9.72810720625834,0.14493208536581115,10
10.063074376662787,True,130,9.873039291624151,0.19003508503863564,10
10.214065855608414,True,131,10.063074376662787,0.15099147894562748,10
10.557659605682883,True,132,10.214065855608414,0.3435937500744686,10
10.613027313481632,True,133,10.557659605682883,0.05536770779874978,10
10.853938704779093,True,134,10.613027313481632,0.24091139129746075,10
11.077713271640283,True,135,10.853938704779093,0.22377456686118968,10
11.217091340681746,True,136,11.077713271640283,0.139378069041463,10
11.550329849648568,True,137,11.217091340681746,0.33323850896682217,10
11.623875267685742,True,138,11.550329849648568,0.07354541803717396,10
11.818408190127665,True,139,11.623875267685742,0.19453292244192255,10
12.06122996001521,True,140,11.818408190127665,0.242821769887545,10
12.290379344008954,True,141,12.06122996001521,0.22914938399374485,10
12.50177927604979,True,142,12.290379344008954,0.21139993204083574,10
12.7718534204474,True,143,12.50177927604979,0.2700741443976096,10
12.831913652798933,True,144,12.7718534204474,0.06006023235153357,10
13.030374673701163,True,145,12.831913652798933,0.19846102090222928,10
13.202546636337981,True,146,13.030374673701163,0.17217196263681878,10
13.44060187589245,True,147,13.202546636337981,0.23805523955446795,10
13.646078418178167,True,148,13.44060187589245,0.20547654228571766,10
13.757381840160013,True,149,13.646078418178167,0.11130342198184628,10
14.088136217431805,True,150,13.757381840160013,0.33075437727179136,10
14.228654113193071,True,151,14.088136217431805,0.14051789576126694,10
14.461308704634051,True,152,14.228654113193071,0.23265459144097989,10
14.593793125003685,True,153,14.461308704634051,0.13248442036963404,10
14.825867916732122,True,154,14.593793125003685,0.23207479172843648,10
15.114150146330509,True,155,14.825867916732122,0.2882822295983871,10
15.338186249479385,True,156,15.114150146330509,0.224036103148876,10
15.484264202511488,True,157,15.338186249479385,0.14607795303210303,10
15.727472812805436,True,158,15.484264202511488,0.2432086102939479,10
15.810305110940613,True,159,15.727472812805436,0.08283229813517679,10
16.061129153585412,True,160,15.810305110940613,0.2508240426447994,10
16.302501977157046,True,161,16.061129153585412,0.24137282357163414,10
16.518358031806127,True,162,16.302501977157046,0.21585605464908042,10
16.733346526279504,True,163,16.518358031806127,0.21498849447337776,10
16.907023144010022,True,164,16.733346526279504,0.1736766177305178,10
17.130996341374857,True,165,16.907023144010022,0.22397319736483468,10
17.270329334002877,True,166,17.130996341374857,0.13933299262802024,10
17.41975593797109,True,167,17.270329334002877,0.1494266039682124,10
17.724035358336437,True,168,17.41975593797109,0.30427942036534716,10
17.837640377511928,True,169,17.724035358336437,0.11360501917549115,10
18.11584524511479,True,170,17.837640377511928,0.278204867602863,10
18.242432411415315,True,171,18.11584524511479,0.12658716630052425,10
18.457388730643668,True,172,18.242432411415315,0.214956319228353,10
18.680473139318853,True,173,18.457388730643668,0.22308440867518442,10
18.982877693447332,True,174,18.680473139318853,0.3024045541284792,10
19.070995080386393,True,175,18.982877693447332,0.0881173869390608,10
19.359446730598613,True,176,19.070995080386393,0.2884516502122203,10
19.43746080019532,True,177,19.359446730598613,0.07801406959670842,10
19.625152618506235,True,178,19.43746080019532,0.1876918183109133,10
19.894463617678223,True,179,19.625152618506235,0.26931099917198864,10
20.0,False,180,19.894463617678223,0.10553638232177676,10
20.0,False,181,20.0,0.0,10
20.0,False,182,20.0,0.0,10
20.0,False,183,20.0,0.0,10
20.0,False,184,20.0,0.0,10
20.0,False,185,20.0,0.0,10
20.0,False,186,20.0,0.0,10
20.0,False,187,20.0,0.0,10
20.0,False,188,20.0,0.0,10
20.0,False,189,20.0,0.0,10
20.0,False,190,20.0,0.0,10
20.0,False,191,20.0,0.0,10
20.0,False,192,20.0,0.0,10
20.0,False,193,20.0,0.0,10
20.0,False,194,20.0,0.0,10
20.0,False,195,20.0,0.0,10
20.0,False,196,20.0,0.0,10
20.0,False,197,20.0,0.0,10
20.0,False,198,20.0,0.0,10
20.0,False,199,20.0,0.0,10
20.0,False,200,20.0,0.0,10
20.0,False,201,20.0,0.0,10
19.903468735287333,False,202,20.0,-0.0965312647126666,10
20.0,False,203,19.903468735287333,0.0965312647126666,10
19.98344447483683,False,204,20.0,-0.01655552516317016,10
19.914166798453394,False,205,19.98344447483683,-0.06927767638343596,10
20.0,False,206,19.914166798453394,0.08583320154660612,10
19.934333801257004,False,207,20.0,-0.06566619874299562,10
20.0,False,208,19.934333801257004,0.06566619874299562,10
19.982757962434462,False,209,20.0,-0.01724203756553777,10
20.0,False,210,19.982757962434462,0.01724203756553777,10
19.96503904161487,False,211,20.0,-0.034960958385131136,10
20.0,False,212,19.96503904161487,0.034960958385131136,10
19.932618287449813,False,213,20.0,-0.06738171255018699,10
20.0,False,214,19.932618287449813,0.06738171255018699,10
20.0,False,215,20.0,0.0,10
20.0,False,216,20.0,0.0,10
19.997906792523764,False,217,20.0,-0.002093207476235648,10
19.974701557552724,False,218,19.997906792523764,-0.023205234971040767,10
20.0,False,219,19.974701557552724,0.025298442447276415,10
19.94285351068122,False,220,20.0,-0.05714648931877875,10
20.0,False,221,19.94285351068122,0.05714648931877875,10
19.921375118552852,False,222,20.0,-0.07862488144714774,10
19.972502919418922,False,223,19.921375118552852,0.051127800866069606,10
19.977574434193823,False,224,19.972502919418922,0.005071514774900976,10
20.0,False,225,19.977574434193823,0.02242556580617716,10
20.0,False,226,20.0,0.0,10
19.92045555430537,False,227,20.0,-0.07954444569462993,10
20.0,False,228,19.92045555430537,0.07954444569462993,10
19.976052241595987,False,229,20.0,-0.023947758404013086,10
19.94716601427522,False,230,19.976052241595987,-0.0288862273207684,10
19.96150125979233,False,231,19.94716601427522,0.01433524551710974,10
19.984769315390867,False,232,19.96150125979233,0.02326805559853895,10
19.90627778926662,False,233,19.984769315390867,-0.07849152612424604,10
20.0,False,234,19.90627778926662,0.09372221073337883,10
19.999691233278106,False,235,20.0,-0.0003087667218935053,10
20.0,False,236,19.999691233278106,0.0003087667218935053,10
20.0,False,237,20.0,0.0,10
20.0,False,238,20.0,0.0,10
19.96698221526241,False,239,20.0,-0.03301778473759143,10
19.920152455808825,False,240,19.96698221526241,-0.046829759453583364,10
20.0,False,241,19.920152455808825,0.07984754419117479,10
19.98815743656447,False,242,20.0,-0.01184256343552903,10
19.99917731144647,False,243,19.98815743656447,0.011019874881998959,10
20.0,False,244,19.99917731144647,0.000822688553530071,10
19.91638841546498,False,245,20.0,-0.08361158453502071,10
19.98243431179971,False,246,19.91638841546498,0.06604589633473168,10
19.923300297347964,False,247,19.98243431179971,-0.05913401445174671,10
20.0,False,248,19.923300297347964,0.07669970265203574,10
20.0,False,249,20.0,0.0,10
20.0,False,250,20.0,0.0,10
19.97806496679814,False,251,20.0,-0.021935033201859966,10
19.909650772208646,False,252,19.97806496679814,-0.0684141945894936,10
20.0,False,253,19.909650772208646,0.09034922779135357,10
19.98548819922446,False,254,20.0,-0.014511800775540706,10
20.0,False,255,19.98548819922446,0.014511800775540706,10
19.923347165964742,False,256,20.0,-0.07665283403525791,10
20.0,False,257,19.923347165964742,0.07665283403525791,10
19.968691358926144,False,258,20.0,-0.031308641073856336,10
19.935049130610285,False,259,19.968691358926144,-0.03364222831585906,10
19.959165654918866,False,260,19.935049130610285,0.02411652430858169,10
20.0,False,261,19.959165654918866,0.040834345081133705,10
20.0,False,262,20.0,0.0,10
19.92141699085152,False,263,20.0,-0.07858300914848115,10
19.996767770626295,False,264,19.92141699085152,0.07535077977477656,10
19.973593532947074,False,265,19.996767770626295,-0.02317423767922122,10
20.0,False,266,19.973593532947074,0.02640646705292582,10
20.0,False,267,20.0,0.0,10
19.95960339784545,False,268,20.0,-0.04039660215455143,10
20.0,False,269,19.95960339784545,0.04039660215455143,10
19.96837050569261,False,270,20.0,-0.031629494307388484,10
20.0,False,271,19.96837050569261,0.031629494307388484,10
20.0,False,272,20.0,0.0,10
19.95374976070579,False,273,20.0,-0.046250239294209905,10
19.921606174202882,False,274,19.95374976070579,-0.03214358650290805,10
20.0,False,275,19.921606174202882,0.07839382579711796,10
20.0,False,276,20.0,0.0,10
19.920571678074896,False,277,20.0,-0.07942832192510352,10
19.94522890094852,False,278,19.920571678074896,0.024657222873624818,10
19.965601556787043,False,279,19.94522890094852,0.020372655838521325,10
19.901304238352353,False,280,19.965601556787043,-0.06429731843469,10
20.0,False,281,19.901304238352353,0.09869576164764737,10
20.0,False,282,20.0,0.0,10
20.0,False,283,20.0,0.0,10
20.0,False,284,20.0,0.0,10
19.992790992613592,False,285,20.0,-0.007209007386407507,10
20.0,False,286,19.992790992613592,0.007209007386407507,10
19.93105108636684,False,287,20.0,-0.06894891363316091,10
19.945274021071054,False,288,19.93105108636684,0.014222934704214651,10
20.0,False,289,19.945274021071054,0.05472597892894626,10
20.0,False,290,20.0,0.0,10
19.908900190257807,False,291,20.0,-0.09109980974219312,10
20.0,False,292,19.908900190257807,0.09109980974219312,10
20.0,False,293,20.0,0.0,10
20.0,False,294,20.0,0.0,10
20.0,False,295,20.0,0.0,10
20.0,False,296,20.0,0.0,10
19.906834908741097,False,297,20.0,-0.09316509125890349,10
20.0,False,298,19.906834908741097,0.09316509125890349,10
19.904467042109047,False,299,20.0,-0.09553295789095273,10
3.9736277726402474,False,0,0.0,0.0,11
4.00684323141831,False,1,3.9736277726402474,0.03321545877806287,11
4.08045689160131,False,2,4.00684323141831,0.07361366018299975,11
4.039175408367463,False,3,4.08045689160131,-0.04128148323384728,11
4.015052467346292,False,4,4.039175408367463,-0.02412294102117052,11
3.9749909501897354,False,5,4.015052467346292,-0.040061517156556814,11
4.034974067715481,False,6,3.9749909501897354,0.05998311752574592,11
4.005738383162168,False,7,4.034974067715481,-0.02923568455331349,11
3.951543974794143,False,8,4.005738383162168,-0.05419440836802458,11
4.07699525551748,False,9,3.951543974794143,0.125451280723337,11
3.990948531598164,False,10,4.07699525551748,-0.08604672391931611,11
3.9932019683692763,False,11,3.990948531598164,0.002253436771112227,11
3.990798977028244,False,12,3.9932019683692763,-0.00240299134103239,11
4.024322706091882,False,13,3.990798977028244,0.03352372906363765,11
3.922920936400557,False,14,4.024322706091882,-0.10140176969132453,11
4.043587937158869,False,15,3.922920936400557,0.12066700075831216,11
3.9730367358753345,False,16,4.043587937158869,-0.07055120128353476,11
3.9441969143214437,False,17,3.9730367358753345,-0.028839821553890754,11
4.006769242897215,False,18,3.9441969143214437,0.06257232857577089,11
3.9607381953082177,False,19,4.006769242897215,-0.0460310475889969,11
4.029845333384636,False,20,3.9607381953082177,0.06910713807641855,11
4.029680575130313,False,21,4.029845333384636,-0.0001647582543231607,11
4.0898934422518485,False,22,4.029680575130313,0.060212867121535396,11
4.064951673768211,False,23,4.0898934422518485,-0.024941768483637716,11
4.003700260379584,False,24,4.064951673768211,-0.06125141338862683,11
4.095312637226868,False,25,4.003700260379584,0.09161237684728363,11
4.042716652202581,False,26,4.095312637226868,-0.05259598502428631,11
4.091707838153708,False,27,4.042716652202581,0.048991185951126504,11
4.015557259139212,False,28,4.091707838153708,-0.07615057901449607,11
4.099514415617023,False,29,4.015557259139212,0.08395715647781099,11
4.066673504446021,False,30,4.099514415617023,-0.03284091117100196,11
3.9383917168901714,False,31,4.066673504446021,-0.1282817875558493,11
4.039501920056598,False,32,3.9383917168901714,0.10111020316642616,11
3.9090051031361,False,33,4.039501920056598,-0.13049681692049742,11
4.011407522597266,False,34,3.9090051031361,0.1024024194611659,11
4.068032536255439,False,35,4.011407522597266,0.05662501365817274,11
3.920466304181324,False,36,4.068032536255439,-0.1475662320741149,11
4.075148674941731,False,37,3.920466304181324,0.15468237076040747,11
3.9332465844642517,False,38,4.075148674941731,-0.1419020904774797,11
4.068832124521457,False,39,3.9332465844642517,0.13558554005720502,11
3.991641530203759,False,40,4.068832124521457,-0.07719059431769759,11
3.994135685805433,False,41,3.991641530203759,0.0024941556016737643,11
3.903611199961648,False,42,3.994135685805433,-0.09052448584378503,11
4.035187287428015,False,43,3.903611199961648,0.1315760874663674,11
3.901978030390793,False,44,4.035187287428015,-0.13320925703722208,11
4.008040738812285,False,45,3.901978030390793,0.10606270842149224,11
3.9033675087750237,False,46,4.008040738812285,-0.1046732300372617,11
3.9943383508309784,False,47,3.9033675087750237,0.09097084205595474,11
3.9253468875690025,False,48,3.9943383508309784,-0.06899146326197592,11
3.9897537046761773,False,49,3.9253468875690025,0.06440681710717477,11
4.068351587782609,False,50,3.9897537046761773,0.07859788310643179,11
4.093466346763591,False,51,4.068351587782609,0.025114758980981478,11
4.062758910190787,False,52,4.093466346763591,-0.03070743657280328,11
3.9985700836254123,False,53,4.062758910190787,-0.06418882656537495,11
4.021739206951041,False,54,3.9985700836254123,0.023169123325629037,11
4.005966607813907,False,55,4.021739206951041,-0.01577259913713469,11
4.044333330357524,False,56,4.005966607813907,0.038366722543617726,11
3.9997671747910233,False,57,4.044333330357524,-0.04456615556650112,11
3.9855391493489303,False,58,3.9997671747910233,-0.014228025442093006,11
3.9762657956507494,False,59,3.9855391493489303,-0.00927335369818083,11
4.063630286708196,False,60,3.9762657956507494,0.08736449105744626,11
3.9154767723930437,False,61,4.063630286708196,-0.148153514315152,11
4.024965930133898,False,62,3.9154767723930437,0.1094891577408541,11
4.051757017077437,False,63,4.024965930133898,0.026791086943538822,11
3.9493838501606207,False,64,4.051757017077437,-0.10237316691681597,11
4.080658791636426,False,65,3.9493838501606207,0.13127494147580565,11
3.977693796457824,False,66,4.080658791636426,-0.10296499517860225,11
4.0149079799447,False,67,3.977693796457824,0.03721418348687555,11
4.0145418921343605,False,68,4.0149079799447,-0.00036608781033908855,11
4.004344118125184,False,69,4.0145418921343605,-0.010197774009176541,11
3.961807415599573,False,70,4.004344118125184,-0.04253670252561115,11
3.9028236230439743,False,71,3.961807415599573,-0.05898379255559849,11
3.9782054704975094,False,72,3.9028236230439743,0.07538184745353504,11
3.94245526802931,False,73,3.9782054704975094,-0.035750202468199266,11
4.079360918340197,False,74,3.94245526802931,0.13690565031088697,11
4.022437099297468,False,75,4.079360918340197,-0.05692381904272903,11
3.945323513101306,False,76,4.022437099297468,-0.07711358619616204,11
4.051551064914992,False,77,3.945323513101306,0.10622755181368637,11
3.9682860702838494,False,78,4.051551064914992,-0.08326499463114301,11
3.925266117437491,False,79,3.9682860702838494,-0.0430199528463584,11
4.006506280723253,False,80,3.925266117437491,0.08124016328576245,11
4.039497219784282,False,81,4.006506280723253,0.03299093906102879,11
3.9124793823429376,False,82,4.039497219784282,-0.12701783744134465,11
4.039822973567183,False,83,3.9124793823429376,0.12734359122424577,11
3.9664322776515695,False,84,4.039822973567183,-0.07339069591561387,11
4.055871642894199,False,85,3.9664322776515695,0.08943936524262952,11
3.9435155931455026,False,86,4.055871642894199,-0.1123560497486964,11
3.931205059512752,False,87,3.9435155931455026,-0.012310533632750698,11
3.9668993206056307,False,88,3.931205059512752,0.035694261092878765,11
4.075903976775454,False,89,3.9668993206056307,0.10900465616982302,11
4.048863629818385,False,90,4.075903976775454,-0.027040346957068806,11
3.942565729969625,False,91,4.048863629818385,-0.10629789984876004,11
3.9065574006432717,False,92,3.942565729969625,-0.03600832932635312,11
3.9102458618846985,False,93,3.9065574006432717,0.0036884612414267437,11
4.054782149846589,False,94,3.9102458618846985,0.14453628796189033,11
4.029871694119971,False,95,4.054782149846589,-0.024910455726617542,11
3.992607151609666,False,96,4.029871694119971,-0.03726454251030509,11
4.005033156434142,False,97,3.992607151609666,0.012426004824475978,11
3.990664675515565,False,98,4.005033156434142,-0.01436848091857712,11
3.979330514438402,False,99,3.990664675515565,-0.011334161077162896,11
4.146255447204504,True,100,3.979330514438402,0.16692493276610154,11
4.119197601221839,True,101,4.146255447204504,-0.027057845982664475,11
4.38999129272463,True,102,4.119197601221839,0.2707936915027904,11
4.321453266738871,True,103,4.38999129272463,-0.06853802598575864,11
4.4011992521953305,True,104,4.321453266738871,0.0797459854564595,11
4.540266514122036,True,105,4.4011992521953305,0.13906726192670593,11
4.571654991057894,True,106,4.540266514122036,0.03138847693585767,11
4.64561619733225,True,107,4.571654991057894,0.07396120627435554,11
4.718194014090439,True,108,4.64561619733225,0.07257781675818897,11
4.828979327680002,True,109,4.718194014090439,0.11078531358956312,11
4.95947903942716,True,110,4.828979327680002,0.13049971174715846,11
4.974803782222711,True,111,4.95947903942716,0.01532474279555096,11
5.121686157123958,True,112,4.974803782222711,0.14688237490124667,11
5.155386387969574,True,113,5.121686157123958,0.03370023084561602,11
5.416816744387059,True,114,5.155386387969574,0.2614303564174856,11
5.497487642210756,True,115,5.416816744387059,0.08067089782369674,11
5.600139830114574,True,116,5.497487642210756,0.1026521879038178,11
5.608797619609852,True,117,5.600139830114574,0.0086577894952784,11
5.646140176414491,True,118,5.608797619609852,0.037342556804638605,11
5.913329694117046,True,119,5.646140176414491,0.2671895177025547,11
5.997842245928249,True,120,5.913329694117046,0.0845125518112031,11
6.096717531170115,True,121,5.997842245928249,0.09887528524186617,11
6.171925442661624,True,122,6.096717531170115,0.07520791149150874,11
6.125848722075504,True,123,6.171925442661624,-0.04607672058611989,11
6.234587624403851,True,124,6.125848722075504,0.10873890232834693,11
6.413411403489423,True,125,6.234587624403851,0.17882377908557245,11
6.395280200716098,True,126,6.413411403489423,-0.018131202773325583,11
6.592448570260864,True,127,6.395280200716098,0.1971683695447668,11
6.53517949961955,True,128,6.592448570260864,-0.05726907064131481,11
6.749139284543441,True,129,6.53517949961955,0.21395978492389123,11
6.851514389201132,True,130,6.749139284543441,0.10237510465769084,11
6.848751564692152,True,131,6.851514389201132,-0.002762824508979911,11
6.894547373666523,True,132,6.848751564692152,0.04579580897437108,11
6.982796343390445,True,133,6.894547373666523,0.0882489697239226,11
7.215305444122275,True,134,6.982796343390445,0.2325091007318294,11
7.304766787288054,True,135,7.215305444122275,0.08946134316577936,11
7.331160249911588,True,136,7.304766787288054,0.026393462623533814,11
7.374207725916592,True,137,7.331160249911588,0.043047476005003915,11
7.450872852725729,True,138,7.374207725916592,0.07666512680913673,11
7.563889078254147,True,139,7.450872852725729,0.11301622552841817,11
7.754736336646505,True,140,7.563889078254147,0.19084725839235794,11
7.672301677817399,True,141,7.754736336646505,-0.08243465882910606,11
7.800720729571812,True,142,7.672301677817399,0.12841905175441326,11
7.890589383030551,True,143,7.800720729571812,0.08986865345873873,11
7.969310829667443,True,144,7.890589383030551,0.07872144663689262,11
8.188015862418574,True,145,7.969310829667443,0.21870503275113062,11
8.14142968343535,True,146,8.188015862418574,-0.04658617898322426,11
8.237873345013186,True,147,8.14142968343535,0.09644366157783679,11
8.29243269131541,True,148,8.237873345013186,0.05455934630222359,11
8.349611773936179,True,149,8.29243269131541,0.05717908262076854,11
8.531619545766173,True,150,8.349611773936179,0.18200777182999417,11
8.62976617994397,True,151,8.531619545766173,0.09814663417779812,11
8.787368854538618,True,152,8.62976617994397,0.1576026745946475,11
8.883316983097401,True,153,8.787368854538618,0.0959481285587831,11
8.80363605138445,True,154,8.883316983097401,-0.07968093171295187,11
8.977309483969186,True,155,8.80363605138445,0.1736734325847369,11
9.159123998498627,True,156,8.977309483969186,0.18181451452944053,11
9.247147925366175,True,157,9.159123998498627,0.08802392686754779,11
9.227262031411794,True,158,9.247147925366175,-0.019885893954381118,11
9.273392737424444,True,159,9.227262031411794,0.04613070601265079,11
9.468062936285609,True,160,9.273392737424444,0.19467019886116432,11
9.582982246230033,True,161,9.468062936285609,0.11491930994442434,11
9.59729419744471,True,162,9.582982246230033,0.0143119512146761,11
9.626320267285006,True,163,9.59729419744471,0.029026069840297097,11
9.865661675648843,True,164,9.626320267285006,0.23934140836383655,11
9.867421550860852,True,165,9.865661675648843,0.0017598752120093764,11
10.049220890521273,True,166,9.867421550860852,0.1817993396604205,11
10.088403215352205,True,167,10.049220890521273,0.0391823248309322,11
10.278886350150138,True,168,10.088403215352205,0.19048313479793322,11
10.32929451211886,True,169,10.278886350150138,0.050408161968722,11
10.314725229012518,True,170,10.32929451211886,-0.014569283106341757,11
10.362713508267538,True,171,10.314725229012518,0.04798827925501925,11
10.501823363143915,True,172,10.362713508267538,0.13910985487637717,11
10.593610853698548,True,173,10.501823363143915,0.09178749055463342,11
10.743529610495088,True,174,10.593610853698548,0.14991875679653965,11
10.74708211507454,True,175,10.743529610495088,0.0035525045794528864,11
10.845609598598822,True,176,10.74708211507454,0.09852748352428087,11
10.978809479011508,True,177,10.845609598598822,0.13319988041268616,11
11.173038956926295,True,178,10.978809479011508,0.19422947791478684,11
11.262736807317408,True,179,11.173038956926295,0.08969785039111322,11
11.27346004655792,True,180,11.262736807317408,0.010723239240512328,11
11.352064772880917,True,181,11.27346004655792,0.07860472632299675,11
11.382115159622897,True,182,11.352064772880917,0.030050386741979906,11
11.590673360915924,True,183,11.382115159622897,0.2085582012930267,11
11.572086256554126,True,184,11.590673360915924,-0.018587104361797557,11
11.802377454956794,True,185,11.572086256554126,0.23029119840266787,11
11.854197480754905,True,186,11.802377454956794,0.0518200257981114,11
11.878785585950133,True,187,11.854197480754905,0.024588105195228138,11
12.096289541406335,True,188,11.878785585950133,0.21750395545620194,11
12.172833401767182,True,189,12.096289541406335,0.0765438603608466,11
12.185845653212706,True,190,12.172833401767182,0.01301225144552376,11
12.291998067993802,True,191,12.185845653212706,0.10615241478109638,11
12.447027394804364,True,192,12.291998067993802,0.15502932681056159,11
12.41285545832964,True,193,12.447027394804364,-0.03417193647472416,11
12.602041176923333,True,194,12.41285545832964,0.18918571859369315,11
12.779604608571391,True,195,12.602041176923333,0.17756343164805877,11
12.745056881594275,True,196,12.779604608571391,-0.03454772697711661,11
12.839179899158536,True,197,12.745056881594275,0.09412301756426089,11
12.93926670172957,True,198,12.839179899158536,0.10008680257103464,11
13.168516235232044,True,199,12.93926670172957,0.22924953350247357,11
13.082742609228463,False,200,13.168516235232044,-0.08577362600358107,11
13.087015230419555,False,201,13.082742609228463,0.00427262119109173,11
13.03757999227092,False,202,13.087015230419555,-0.04943523814863404,11
13.176209129184587,False,203,13.03757999227092,0.13862913691366607,11
13.103938384126295,False,204,13.176209129184587,-0.07227074505829201,11
13.13752090063431,False,205,13.103938384126295,0.033582516508015914,11
13.094520167422559,False,206,13.13752090063431,-0.04300073321175191,11
13.062526555319666,False,207,13.094520167422559,-0.031993612102892754,11
13.192582452631413,False,208,13.062526555319666,0.13005589731174716,11
13.040846253655204,False,209,13.192582452631413,-0.15173619897620938,11
13.055131670763963,False,210,13.040846253655204,0.01428541710875919,11
13.0903590979031,False,211,13.055131670763963,0.03522742713913729,11
13.092746321814403,False,212,13.0903590979031,0.0023872239113025273,11
13.107591251607118,False,213,13.092746321814403,0.014844929792715789,11
13.205586443370333,False,214,13.107591251607118,0.09799519176321425,11
13.159534523064806,False,215,13.205586443370333,-0.046051920305526295,11
13.205755454712252,False,216,13.159534523064806,0.04622093164744534,11
13.14637176853496,False,217,13.205755454712252,-0.059383686177291395,11
13.143378881002628,False,218,13.14637176853496,-0.002992887532332844,11
13.121097840286765,False,219,13.143378881002628,-0.022281040715862233,11
13.103034725028852,False,220,13.121097840286765,-0.018063115257913154,11
13.17409913083846,False,221,13.103034725028852,0.07106440580960793,11
13.184156774208123,False,222,13.17409913083846,0.010057643369663083,11
13.20491564241601,False,223,13.184156774208123,0.02075886820788675,11
13.034762089673649,False,224,13.20491564241601,-0.1701535527423612,11
13.089381496868665,False,225,13.034762089673649,0.05461940719501612,11
13.039104566972041,False,226,13.089381496868665,-0.05027692989662391,11
13.187966890046793,False,227,13.039104566972041,0.1488623230747521,11
13.063941456374998,False,228,13.187966890046793,-0.12402543367179497,11
13.138967895437418,False,229,13.063941456374998,0.07502643906241957,11
13.15410332540835,False,230,13.138967895437418,0.015135429970932535,11
13.064776574142556,False,231,13.15410332540835,-0.08932675126579426,11
13.045924666030308,False,232,13.064776574142556,-0.01885190811224824,11
13.20519667783678,False,233,13.045924666030308,0.15927201180647188,11
13.022253510286635,False,234,13.20519667783678,-0.18294316755014428,11
13.095061089564645,False,235,13.022253510286635,0.07280757927800963,11
13.091710659249474,False,236,13.095061089564645,-0.003350430315171238,11
13.066388166560046,False,237,13.091710659249474,-0.02532249268942799,11
13.159075421600651,False,238,13.066388166560046,0.09268725504060527,11
13.119550896743897,False,239,13.159075421600651,-0.03952452485675373,11
13.05655845320123,False,240,13.119550896743897,-0.06299244354266698,11
13.187292363958548,False,241,13.05655845320123,0.13073391075731777,11
13.139465169957141,False,242,13.187292363958548,-0.04782719400140678,11
13.203814333754266,False,243,13.139465169957141,0.06434916379712519,11
13.125435009067806,False,244,13.203814333754266,-0.0783793246864608,11
13.124882792018404,False,245,13.125435009067806,-0.0005522170494014489,11
13.082034324141022,False,246,13.124882792018404,-0.04284846787738239,11
13.088423039144878,False,247,13.082034324141022,0.0063887150038564045,11
13.199019132147843,False,248,13.088423039144878,0.11059609300296458,11
13.188343912212439,False,249,13.199019132147843,-0.010675219935404101,11
13.03114842735339,False,250,13.188343912212439,-0.15719548485904866,11
13.135535590834264,False,251,13.03114842735339,0.10438716348087418,11
13.082075187372416,False,252,13.135535590834264,-0.053460403461848216,11
13.107134841239127,False,253,13.082075187372416,0.025059653866710718,11
13.187432799052557,False,254,13.107134841239127,0.08029795781343019,11
13.072626804355929,False,255,13.187432799052557,-0.11480599469662778,11
13.01326263090631,False,256,13.072626804355929,-0.05936417344961953,11
13.092817268967613,False,257,13.01326263090631,0.07955463806130325,11
13.188267853576102,False,258,13.092817268967613,0.09545058460848921,11
13.058243152029362,False,259,13.188267853576102,-0.1300247015467395,11
13.182036947070253,False,260,13.058243152029362,0.12379379504089094,11
13.186918587486709,False,261,13.182036947070253,0.004881640416455113,11
13.052897110435561,False,262,13.186918587486709,-0.13402147705114764,11
13.138467244180317,False,263,13.052897110435561,0.0855701337447563,11
13.14938608018582,False,264,13.138467244180317,0.010918836005503252,11
13.202611792389673,False,265,13.14938608018582,0.05322571220385264,11
13.105663467662845,False,266,13.202611792389673,-0.0969483247268279,11
13.203698398967372,False,267,13.105663467662845,0.098034931304527,11
13.186920059526086,False,268,13.203698398967372,-0.01677833944128615,11
13.038594540227702,False,269,13.186920059526086,-0.14832551929838367,11
13.168627845443808,False,270,13.038594540227702,0.1300333052161058,11
13.066269067705452,False,271,13.168627845443808,-0.10235877773835611,11
13.191282739543682,False,272,13.066269067705452,0.12501367183823042,11
13.110350288422215,False,273,13.191282739543682,-0.08093245112146796,11
13.049994851244302,False,274,13.110350288422215,-0.06035543717791292,11
13.179069574321884,False,275,13.049994851244302,0.12907472307758283,11
13.154892962771195,False,276,13.179069574321884,-0.02417661155068984,11
13.180852592219173,False,277,13.154892962771195,0.02595962944797847,11
13.147024123125131,False,278,13.180852592219173,-0.03382846909404158,11
13.189691744769057,False,279,13.147024123125131,0.04266762164392546,11
13.04380497383299,False,280,13.189691744769057,-0.14588677093606606,11
13.130187873649067,False,281,13.04380497383299,0.08638289981607628,11
13.116575516255521,False,282,13.130187873649067,-0.013612357393546048,11
13.205469497733537,False,283,13.116575516255521,0.08889398147801586,11
13.142565146883438,False,284,13.205469497733537,-0.06290435085009882,11
13.05652240329536,False,285,13.142565146883438,-0.08604274358807729,11
13.130802395284123,False,286,13.05652240329536,0.074279991988762,11
13.161725003027112,False,287,13.130802395284123,0.030922607742988717,11
13.078687347707813,False,288,13.161725003027112,-0.08303765531929841,11
13.077416320798756,False,289,13.078687347707813,-0.0012710269090572268,11
13.134138835991063,False,290,13.077416320798756,0.0567225151923072,11
13.142102113864304,False,291,13.134138835991063,0.007963277873241026,11
13.076564030422317,False,292,13.142102113864304,-0.06553808344198764,11
13.083903345200351,False,293,13.076564030422317,0.007339314778034733,11
13.044732630091437,False,294,13.083903345200351,-0.03917071510891468,11
13.171526817129916,False,295,13.044732630091437,0.12679418703847922,11
13.118072331430042,False,296,13.171526817129916,-0.053454485699873544,11
13.13829169672257,False,297,13.118072331430042,0.02021936529252777,11
13.186398778124808,False,298,13.13829169672257,0.04810708140223774,11
13.02111214907115,False,299,13.186398778124808,-0.1652866290536572,11
3.9884726561987023,False,0,0.0,0.0,12
3.9092982804627496,False,1,3.9884726561987023,-0.07917437573595265,12
3.9923496629909936,False,2,3.9092982804627496,0.08305138252824396,12
4.010524151933066,False,3,3.9923496629909936,0.018174488942072742,12
3.993275567943833,False,4,4.010524151933066,-0.017248583989233346,12
4.07015631529476,False,5,3.993275567943833,0.07688074735092698,12
3.923105532919625,False,6,4.07015631529476,-0.14705078237513503,12
3.9898439920847215,False,7,3.923105532919625,0.06673845916509658,12
4.000219288770082,False,8,3.9898439920847215,0.010375296685360524,12
3.9311020528647975,False,9,4.000219288770082,-0.06911723590528451,12
4.097285311787933,False,10,3.9311020528647975,0.16618325892313512,12
3.9280591776081373,False,11,4.097285311787933,-0.16922613417979537,12
4.059812971825075,False,12,3.9280591776081373,0.13175379421693734,12
4.064566528147952,False,13,4.059812971825075,0.00475355632287755,12
3.9099563638653114,False,14,4.064566528147952,-0.15461016428264074,12
3.9900058903044457,False,15,3.9099563638653114,0.08004952643913432,12
3.917455021067728,False,16,3.9900058903044457,-0.07255086923671783,12
3.9245479420432576,False,17,3.917455021067728,0.007092920975529715,12
4.087015362604575,False,18,3.9245479420432576,0.16246742056131724,12
3.9362441869559026,False,19,4.087015362604575,-0.15077117564867226,12
4.066536953000421,False,20,3.9362441869559026,0.13029276604451834,12
4.068447955137888,False,21,4.066536953000421,0.0019110021374668662,12
3.9707308165331687,False,22,4.068447955137888,-0.09771713860471909,12
3.9674995406372364,False,23,3.9707308165331687,-0.0032312758959323062,12
4.031478462243342,False,24,3.9674995406372364,0.06397892160610574,12
3.9788592756717316,False,25,4.031478462243342,-0.05261918657161058,12
4.051642049896332,False,26,3.9788592756717316,0.07278277422460011,12
4.087767594225286,False,27,4.051642049896332,0.03612554432895454,12
4.076439383898888,False,28,4.087767594225286,-0.011328210326397858,12
3.95150578774651,False,29,4.076439383898888,-0.12493359615237853,12
3.957133877871045,False,30,3.95150578774651,0.0056280901245351345,12
4.022457518176486,False,31,3.957133877871045,0.06532364030544091,12
4.040189573111646,False,32,4.022457518176486,0.017732054935160058,12
4.05719954229452,False,33,4.040189573111646,0.01700996918287423,12
4.076381751500823,False,34,4.05719954229452,0.01918220920630276,12
4.072106735151807,False,35,4.076381751500823,-0.00427501634901617,12
3.952720160614306,False,36,4.072106735151807,-0.11938657453750068,12
4.076992288150528,False,37,3.952720160614306,0.12427212753622197,12
3.9992041240339913,False,38,4.076992288150528,-0.07778816411653677,12
3.901494356247007,False,39,3.9992041240339913,-0.09770976778698426,12
3.9849679452511464,False,40,3.901494356247007,0.08347358900413937,12
4.086070953889403,False,41,3.9849679452511464,0.10110300863825694,12
3.9014821824781047,False,42,4.086070953889403,-0.1845887714112986,12
4.071526432593861,False,43,3.9014821824781047,0.17004425011575597,12
3.997230755527908,False,44,4.071526432593861,-0.07429567706595286,12
4.00052091237035,False,45,3.997230755527908,0.003290156842441938,12
3.9121516958665152,False,46,4.00052091237035,-0.08836921650383456,12
4.070091846195476,False,47,3.9121516958665152,0.1579401503289608,12
4.098580409761492,False,48,4.070091846195476,0.028488563566016367,12
3.9431343909446963,False,49,4.098580409761492,-0.1554460188167961,12
3.9090435533289294,False,50,3.9431343909446963,-0.03409083761576692,12
3.997579177397207,False,51,3.9090435533289294,0.08853562406827775,12
4.072927817233829,False,52,3.997579177397207,0.07534863983662188,12
4.0836607099385915,False,53,4.072927817233829,0.01073289270476252,12
4.099877732514288,False,54,4.0836607099385915,0.016217022575696127,12
4.024995083438814,False,55,4.099877732514288,-0.07488264907547393,12
3.9116494387053495,False,56,4.024995083438814,-0.1133456447334642,12
4.040446079457303,False,57,3.9116494387053495,0.12879664075195363,12
3.9406275809472864,False,58,4.040446079457303,-0.09981849851001678,12
3.9125594947908264,False,59,3.9406275809472864,-0.028068086156459948,12
4.093725997204252,False,60,3.9125594947908264,0.18116650241342525,12
4.033059028673279,False,61,4.093725997204252,-0.06066696853097309,12
3.912124514037371,False,62,4.033059028673279,-0.12093451463590776,12
3.9252363603025917,False,63,3.912124514037371,0.013111846265220883,12
4.000936404397582,False,64,3.9252363603025917,0.07570004409499065,12
3.929106048962094,False,65,4.000936404397582,-0.07183035543548844,12
3.9211740163607947,False,66,3.929106048962094,-0.007932032601299266,12
3.999637198617093,False,67,3.9211740163607947,0.07846318225629823,12
3.9203539126475118,False,68,3.999637198617093,-0.07928328596958112,12
3.980958918002371,False,69,3.9203539126475118,0.06060500535485902,12
4.031148393797883,False,70,3.980958918002371,0.05018947579551236,12
3.9555075691095207,False,71,4.031148393797883,-0.07564082468836242,12
4.0175959905522625,False,72,3.9555075691095207,0.06208842144274174,12
3.9157929760399237,False,73,4.0175959905522625,-0.10180301451233875,12
3.976696526576626,False,74,3.9157929760399237,0.060903550536702156,12
4.047631218931729,False,75,3.976696526576626,0.07093469235510286,12
3.9625010496038042,False,76,4.047631218931729,-0.0851301693279245,12
3.9923651628619687,False,77,3.9625010496038042,0.029864113258164515,12
3.9575010852252825,False,78,3.9923651628619687,-0.0348640776366862,12
3.9850600757477004,False,79,3.9575010852252825,0.027558990522417837,12
3.94323470159663,False,80,3.9850600757477004,-0.04182537415107035,12
4.018758912330747,False,81,3.94323470159663,0.07552421073411697,12
3.963447384452884,False,82,4.018758912330747,-0.055311527877862865,12
4.026289865592716,False,83,3.963447384452884,0.06284248113983182,12
3.9239853535913762,False,84,4.026289865592716,-0.10230451200133972,12
4.019837977932685,False,85,3.9239853535913762,0.0958526243413087,12
3.9310251904292977,False,86,4.019837977932685,-0.08881278750338728,12
3.9155874837598876,False,87,3.9310251904292977,-0.015437706669410023,12
4.0503311693935915,False,88,3.9155874837598876,0.13474368563370387,12
3.9601542010553112,False,89,4.0503311693935915,-0.09017696833828026,12
3.928083558776635,False,90,3.9601542010553112,-0.032070642278676065,12
4.0802911247901505,False,91,3.928083558776635,0.15220756601351537,12
4.008158185349103,False,92,4.0802911247901505,-0.07213293944104748,12
3.92888384388189,False,93,4.008158185349103,-0.07927434146721302,12
3.925658978751773,False,94,3.92888384388189,-0.003224865130117216,12
3.9862134739784705,False,95,3.925658978751773,0.06055449522669765,12
4.080701488766347,False,96,3.9862134739784705,0.09448801478787638,12
4.025843584027718,False,97,4.080701488766347,-0.05485790473862906,12
3.9657366495252684,False,98,4.025843584027718,-0.060106934502449416,12
4.03186302663368,False,99,3.9657366495252684,0.0661263771084113,12
4.34357658393688,True,100,4.03186302663368,0.31171355730320016,12
4.674901342573372,True,101,4.34357658393688,0.3313247586364918,12
5.002560916708093,True,102,4.674901342573372,0.3276595741347217,12
5.219935340066079,True,103,5.002560916708093,0.2173744233579855,12
5.629367523264337,True,104,5.219935340066079,0.40943218319825814,12
5.9554684266004,True,105,5.629367523264337,0.3261009033360631,12
6.107783924639008,True,106,5.9554684266004,0.15231549803860833,12
6.463041643804685,True,107,6.107783924639008,0.3552577191656763,12
6.732763187588253,True,108,6.463041643804685,0.26972154378356805,12
7.090466057440001,True,109,6.732763187588253,0.3577028698517486,12
7.512338959878694,True,110,7.090466057440001,0.42187290243869224,12
7.842523948305417,True,111,7.512338959878694,0.3301849884267236,12
7.984736262177029,True,112,7.842523948305417,0.14221231387161204,12
8.416005383632838,True,113,7.984736262177029,0.4312691214558084,12
8.731144072757838,True,114,8.416005383632838,0.31513868912499987,12
9.093759942784834,True,115,8.731144072757838,0.36261587002699613,12
9.291445570021207,True,116,9.093759942784834,0.19768562723637295,12
9.619080063527482,True,117,9.291445570021207,0.3276344935062756,12
9.871836806048384,True,118,9.619080063527482,0.2527567425209014,12
10.32147294526099,True,119,9.871836806048384,0.4496361392126058,12
10.553889912745268,True,120,10.32147294526099,0.2324169674842782,12
10.795610719025028,True,121,10.553889912745268,0.24172080627976023,12
11.124111381053831,True,122,10.795610719025028,0.32850066202880335,12
11.523937533960359,True,123,11.124111381053831,0.39982615290652745,12
11.850669124459229,True,124,11.523937533960359,0.3267315904988699,12
12.026939433098917,True,125,11.850669124459229,0.17627030863968862,12
12.449358671649767,True,126,12.026939433098917,0.42241923855084984,12
12.686726719041852,True,127,12.449358671649767,0.23736804739208495,12
12.963470878672823,True,128,12.686726719041852,0.27674415963097054,12
13.36114848232729,True,129,12.963470878672823,0.3976776036544667,12
13.768884978512766,True,130,13.36114848232729,0.4077364961854766,12
13.976559079177209,True,131,13.768884978512766,0.20767410066444292,12
14.420031109516314,True,132,13.976559079177209,0.4434720303391053,12
14.726252677264998,True,133,14.420031109516314,0.30622156774868436,12
15.007156001087354,True,134,14.726252677264998,0.28090332382235594,12
15.227555853914739,True,135,15.007156001087354,0.22039985282738428,12
15.46713002771294,True,136,15.227555853914739,0.23957417379820178,12
15.870091888119306,True,137,15.46713002771294,0.40296186040636606,12
16.195106125730174,True,138,15.870091888119306,0.32501423761086734,12
16.418429978687843,True,139,16.195106125730174,0.22332385295766954,12
16.8078853026336,True,140,16.418429978687843,0.3894553239457572,12
17.115931577933477,True,141,16.8078853026336,0.30804627529987627,12
17.50577835200155,True,142,17.115931577933477,0.3898467740680722,12
17.74086624177621,True,143,17.50577835200155,0.2350878897746611,12
18.024960401909247,True,144,17.74086624177621,0.2840941601330371,12
18.32248739247389,True,145,18.024960401909247,0.2975269905646414,12
18.64282831120969,True,146,18.32248739247389,0.32034091873580195,12
18.924555820416185,True,147,18.64282831120969,0.2817275092064939,12
19.25858462242961,True,148,18.924555820416185,0.33402880201342455,12
19.67232561763759,True,149,19.25858462242961,0.4137409952079807,12
19.916767751723484,True,150,19.67232561763759,0.24444213408589377,12
20.0,False,151,19.916767751723484,0.08323224827651643,12
20.0,False,152,20.0,0.0,12
20.0,False,153,20.0,0.0,12
20.0,False,154,20.0,0.0,12
20.0,False,155,20.0,0.0,12
20.0,False,156,20.0,0.0,12
20.0,False,157,20.0,0.0,12
20.0,False,158,20.0,0.0,12
20.0,False,159,20.0,0.0,12
20.0,False,160,20.0,0.0,12
20.0,False,161,20.0,0.0,12
20.0,False,162,20.0,0.0,12
20.0,False,163,20.0,0.0,12
20.0,False,164,20.0,0.0,12
20.0,False,165,20.0,0.0,12
20.0,False,166,20.0,0.0,12
20.0,False,167,20.0,0.0,12
20.0,False,168,20.0,0.0,12
20.0,False,169,20.0,0.0,12
20.0,False,170,20.0,0.0,12
20.0,False,171,20.0,0.0,12
20.0,False,172,20.0,0.0,12
20.0,False,173,20.0,0.0,12
20.0,False,174,20.0,0.0,12
20.0,False,175,20.0,0.0,12
20.0,False,176,20.0,0.0,12
20.0,False,177,20.0,0.0,12
20.0,False,178,20.0,0.0,12
20.0,False,179,20.0,0.0,12
20.0,False,180,20.0,0.0,12
20.0,False,181,20.0,0.0,12
20.0,False,182,20.0,0.0,12
20.0,False,183,20.0,0.0,12
20.0,False,184,20.0,0.0,12
20.0,False,185,20.0,0.0,12
20.0,False,186,20.0,0.0,12
20.0,False,187,20.0,0.0,12
20.0,False,188,20.0,0.0,12
20.0,False,189,20.0,0.0,12
20.0,False,190,20.0,0.0,12
20.0,False,191,20.0,0.0,12
20.0,False,192,20.0,0.0,12
20.0,False,193,20.0,0.0,12
20.0,False,194,20.0,0.0,12
20.0,False,195,20.0,0.0,12
20.0,False,196,20.0,0.0,12
20.0,False,197,20.0,0.0,12
20.0,False,198,20.0,0.0,12
20.0,False,199,20.0,0.0,12
20.0,False,200,20.0,0.0,12
19.92921608215041,False,201,20.0,-0.07078391784958882,12
20.0,False,202,19.92921608215041,0.07078391784958882,12
19.96440482106446,False,203,20.0,-0.03559517893554087,12
19.922194490141,False,204,19.96440482106446,-0.04221033092346005,12
19.90732956814062,False,205,19.922194490141,-0.01486492200037759,12
20.0,False,206,19.90732956814062,0.09267043185937851,12
20.0,False,207,20.0,0.0,12
20.0,False,208,20.0,0.0,12
20.0,False,209,20.0,0.0,12
20.0,False,210,20.0,0.0,12
19.961477820852377,False,211,20.0,-0.03852217914762335,12
19.90728753460328,False,212,19.961477820852377,-0.05419028624909572,12
20.0,False,213,19.90728753460328,0.09271246539671907,12
19.925330173927083,False,214,20.0,-0.07466982607291683,12
19.95099124599392,False,215,19.925330173927083,0.025661072066835544,12
20.0,False,216,19.95099124599392,0.04900875400608129,12
19.965774044355896,False,217,20.0,-0.03422595564410358,12
19.97646863119672,False,218,19.965774044355896,0.010694586840823916,12
19.943109114545294,False,219,19.97646863119672,-0.033359516651426446,12
20.0,False,220,19.943109114545294,0.05689088545470611,12
20.0,False,221,20.0,0.0,12
20.0,False,222,20.0,0.0,12
20.0,False,223,20.0,0.0,12
20.0,False,224,20.0,0.0,12
20.0,False,225,20.0,0.0,12
20.0,False,226,20.0,0.0,12
20.0,False,227,20.0,0.0,12
20.0,False,228,20.0,0.0,12
19.98477340669845,False,229,20.0,-0.015226593301548519,12
19.94766474754223,False,230,19.98477340669845,-0.03710865915622108,12
19.936049572340274,False,231,19.94766474754223,-0.011615175201956873,12
20.0,False,232,19.936049572340274,0.06395042765972647,12
20.0,False,233,20.0,0.0,12
20.0,False,234,20.0,0.0,12
20.0,False,235,20.0,0.0,12
20.0,False,236,20.0,0.0,12
19.98280092611771,False,237,20.0,-0.017199073882288474,12
20.0,False,238,19.98280092611771,0.017199073882288474,12
19.99832218014316,False,239,20.0,-0.0016778198568410119,12
19.930974972218078,False,240,19.99832218014316,-0.06734720792508142,12
20.0,False,241,19.930974972218078,0.06902502778192243,12
20.0,False,242,20.0,0.0,12
20.0,False,243,20.0,0.0,12
19.995610355405745,False,244,20.0,-0.00438964459425506,12
19.912924778720722,False,245,19.995610355405745,-0.08268557668502297,12
20.0,False,246,19.912924778720722,0.08707522127927803,12
19.95814731344553,False,247,20.0,-0.04185268655447061,12
20.0,False,248,19.95814731344553,0.04185268655447061,12
20.0,False,249,20.0,0.0,12
20.0,False,250,20.0,0.0,12
20.0,False,251,20.0,0.0,12
19.932990712728497,False,252,20.0,-0.06700928727150313,12
20.0,False,253,19.932990712728497,0.06700928727150313,12
19.946508268229053,False,254,20.0,-0.053491731770947126,12
19.928940312562244,False,255,19.946508268229053,-0.017567955666809354,12
20.0,False,256,19.928940312562244,0.07105968743775648,12
19.995057871409788,False,257,20.0,-0.004942128590212036,12
19.90526396434578,False,258,19.995057871409788,-0.08979390706400636,12
19.90556257248421,False,259,19.90526396434578,0.00029860813842930156,12
19.990166450486537,False,260,19.90556257248421,0.08460387800232638,12
20.0,False,261,19.990166450486537,0.009833549513462714,12
19.924240904566958,False,262,20.0,-0.07575909543304249,12
19.977836647866045,False,263,19.924240904566958,0.05359574329908767,12
20.0,False,264,19.977836647866045,0.022163352133954817,12
19.948792263825897,False,265,20.0,-0.05120773617410279,12
20.0,False,266,19.948792263825897,0.05120773617410279,12
19.99467129047768,False,267,20.0,-0.005328709522320452,12
20.0,False,268,19.99467129047768,0.005328709522320452,12
20.0,False,269,20.0,0.0,12
20.0,False,270,20.0,0.0,12
20.0,False,271,20.0,0.0,12
20.0,False,272,20.0,0.0,12
20.0,False,273,20.0,0.0,12
20.0,False,274,20.0,0.0,12
20.0,False,275,20.0,0.0,12
19.946072282398692,False,276,20.0,-0.05392771760130799,12
20.0,False,277,19.946072282398692,0.05392771760130799,12
19.929891739888255,False,278,20.0,-0.07010826011174487,12
19.92991530582101,False,279,19.929891739888255,2.356593275365526e-05,12
19.921748914890124,False,280,19.92991530582101,-0.008166390930885115,12
19.926880202552297,False,281,19.921748914890124,0.005131287662173634,12
19.94129927539943,False,282,19.926880202552297,0.014419072847132952,12
19.984116172765205,False,283,19.94129927539943,0.042816897365774764,12
19.90319869753465,False,284,19.984116172765205,-0.08091747523055659,12
20.0,False,285,19.90319869753465,0.09680130246535157,12
19.94231172280164,False,286,20.0,-0.05768827719835912,12
19.999542676349815,False,287,19.94231172280164,0.05723095354817431,12
19.912265930929948,False,288,19.999542676349815,-0.0872767454198673,12
19.976302861443433,False,289,19.912265930929948,0.06403693051348469,12
19.989354912151402,False,290,19.976302861443433,0.013052050707969443,12
19.930994822239434,False,291,19.989354912151402,-0.05836008991196806,12
19.920234017983347,False,292,19.930994822239434,-0.010760804256086942,12
20.0,False,293,19.920234017983347,0.07976598201665297,12
20.0,False,294,20.0,0.0,12
20.0,False,295,20.0,0.0,12
19.912931803859376,False,296,20.0,-0.08706819614062411,12
20.0,False,297,19.912931803859376,0.08706819614062411,12
19.992290747448944,False,298,20.0,-0.007709252551055812,12
20.0,False,299,19.992290747448944,0.007709252551055812,12
3.9865336493325483,False,0,0.0,0.0,13
4.065680780997726,False,1,3.9865336493325483,0.07914713166517728,13
3.950180620307403,False,2,4.065680780997726,-0.11550016069032276,13
3.9198324966556375,False,3,3.950180620307403,-0.030348123651765313,13
4.031249767468578,False,4,3.9198324966556375,0.11141727081294084,13
4.027408991692219,False,5,4.031249767468578,-0.0038407757763589956,13
3.9640906878136315,False,6,4.027408991692219,-0.06331830387858783,13
3.9517521499012944,False,7,3.9640906878136315,-0.012338537912337078,13
4.068844567015136,False,8,3.9517521499012944,0.11709241711384122,13
3.977513174864664,False,9,4.068844567015136,-0.09133139215047148,13
3.9700451078659835,False,10,3.977513174864664,-0.007468066998680634,13
4.026798131318466,False,11,3.9700451078659835,0.05675302345248223,13
3.9777535768749797,False,12,4.026798131318466,-0.0490445544434861,13
3.9273236189314806,False,13,3.9777535768749797,-0.050429957943499026,13
3.956738821297214,False,14,3.9273236189314806,0.02941520236573325,13
3.9038139737720643,False,15,3.956738821297214,-0.05292484752514959,13
4.093200389707414,False,16,3.9038139737720643,0.18938641593535,13
3.956447242968262,False,17,4.093200389707414,-0.1367531467391525,13
4.055125400732567,False,18,3.956447242968262,0.09867815776430566,13
3.9828052805823777,False,19,4.055125400732567,-0.07232012015018974,13
3.905584564207547,False,20,3.9828052805823777,-0.07722071637483063,13
4.069435699013427,False,21,3.905584564207547,0.16385113480587998,13
4.0774481542252605,False,22,4.069435699013427,0.008012455211833469,13
4.008816366275071,False,23,4.0774481542252605,-0.06863178795018943,13
4.031252855299097,False,24,4.008816366275071,0.02243648902402562,13
3.9698611257688943,False,25,4.031252855299097,-0.061391729530202443,13
3.9570055549674406,False,26,3.9698611257688943,-0.01285557080145372,13
4.004389587495136,False,27,3.9570055549674406,0.0473840325276953,13
4.011101684781307,False,28,4.004389587495136,0.006712097286171392,13
4.010892462193595,False,29,4.011101684781307,-0.0002092225877126097,13
3.9372109453791757,False,30,4.010892462193595,-0.07368151681441892,13
3.9564131972534295,False,31,3.9372109453791757,0.01920225187425384,13
4.021458260492861,False,32,3.9564131972534295,0.06504506323943149,13
4.01215530468086,False,33,4.021458260492861,-0.009302955812001024,13
4.060047865778724,False,34,4.01215530468086,0.04789256109786422,13
4.062926332483958,False,35,4.060047865778724,0.0028784667052335067,13
4.005909665385163,False,36,4.062926332483958,-0.057016667098794827,13
4.080120668134265,False,37,4.005909665385163,0.0742110027491023,13
4.041119206884945,False,38,4.080120668134265,-0.03900146124932036,13
4.091856417545806,False,39,4.041119206884945,0.05073721066086101,13
3.9178575286748,False,40,4.091856417545806,-0.17399888887100579,13
4.07535160802951,False,41,3.9178575286748,0.15749407935470972,13
3.9814046054412944,False,42,4.07535160802951,-0.09394700258821542,13
3.925576147572081,False,43,3.9814046054412944,-0.0558284578692132,13
3.931604904007835,False,44,3.925576147572081,0.006028756435753735,13
4.058583842843707,False,45,3.931604904007835,0.1269789388358724,13
3.933918997599736,False,46,4.058583842843707,-0.12466484524397137,13
4.002014021773832,False,47,3.933918997599736,0.06809502417409563,13
3.9331937593118655,False,48,4.002014021773832,-0.06882026246196604,13
4.08190516392091,False,49,3.9331937593118655,0.14871140460904408,13
3.986443558511752,False,50,4.08190516392091,-0.09546160540915771,13
4.057126628281179,False,51,3.986443558511752,0.0706830697694274,13
4.01374126214664,False,52,4.057126628281179,-0.04338536613453936,13
3.90094424382083,False,53,4.01374126214664,-0.1127970183258098,13
3.9377592384777977,False,54,3.90094424382083,0.03681499465696758,13
3.9130145050197855,False,55,3.9377592384777977,-0.024744733458012202,13
4.010035071569143,False,56,3.9130145050197855,0.09702056654935731,13
4.097198775764516,False,57,4.010035071569143,0.08716370419537345,13
4.076406735182923,False,58,4.097198775764516,-0.02079204058159334,13
3.964376263757861,False,59,4.076406735182923,-0.11203047142506195,13
3.9721124647605266,False,60,3.964376263757861,0.007736201002665588,13
4.052472659244855,False,61,3.9721124647605266,0.0803601944843284,13
4.019975560140143,False,62,4.052472659244855,-0.03249709910471221,13
4.030403366140118,False,63,4.019975560140143,0.01042780599997517,13
3.913798235634321,False,64,4.030403366140118,-0.11660513050579713,13
3.9237533790646983,False,65,3.913798235634321,0.009955143430377511,13
3.917426372566415,False,66,3.9237533790646983,-0.006327006498283438,13
4.0554723808614135,False,67,3.917426372566415,0.13804600829499858,13
3.9989249191741076,False,68,4.0554723808614135,-0.056547461687305844,13
3.920516194288287,False,69,3.9989249191741076,-0.07840872488582074,13
3.9176404643938554,False,70,3.920516194288287,-0.0028757298944315224,13
4.03403913657633,False,71,3.9176404643938554,0.11639867218247435,13
3.9321956060967684,False,72,4.03403913657633,-0.1018435304795613,13
3.9335673182038886,False,73,3.9321956060967684,0.001371712107120171,13
4.004853279695634,False,74,3.9335673182038886,0.07128596149174582,13
4.05906801655597,False,75,4.004853279695634,0.0542147368603354,13
3.9365472869902116,False,76,4.05906801655597,-0.12252072956575821,13
4.057840050817058,False,77,3.9365472869902116,0.12129276382684617,13
3.951116404727907,False,78,4.057840050817058,-0.10672364608915075,13
3.9107045599289503,False,79,3.951116404727907,-0.040411844798956764,13
3.9160808220299086,False,80,3.9107045599289503,0.005376262100958318,13
3.9774251044313713,False,81,3.9160808220299086,0.061344282401462724,13
4.0902707001088,False,82,3.9774251044313713,0.11284559567742836,13
4.09018530649261,False,83,4.0902707001088,-8.539361618975505e-05,13
4.000214321422054,False,84,4.09018530649261,-0.0899709850705559,13
4.016329402789565,False,85,4.000214321422054,0.016115081367511053,13
4.06722344120038,False,86,4.016329402789565,0.050894038410814524,13
3.903840690787928,False,87,4.06722344120038,-0.16338275041245165,13
3.9976068735598744,False,88,3.903840690787928,0.09376618277194648,13
4.006760522758481,False,89,3.9976068735598744,0.009153649198606395,13
4.058311915212416,False,90,4.006760522758481,0.05155139245393503,13
3.9293252298920804,False,91,4.058311915212416,-0.12898668532033541,13
3.964798841456002,False,92,3.9293252298920804,0.03547361156392137,13
4.039427670654183,False,93,3.964798841456002,0.07462882919818092,13
3.9309017083930984,False,94,4.039427670654183,-0.10852596226108435,13
4.070445845289051,False,95,3.9309017083930984,0.13954413689595224,13
3.9006163526747972,False,96,4.070445845289051,-0.1698294926142534,13
4.06416816630598,False,97,3.9006163526747972,0.16355181363118287,13
3.946416627553403,False,98,4.06416816630598,-0.11775153875257693,13
4.0275933704594715,False,99,3.946416627553403,0.08117674290606836,13
4.092899248003865,True,100,4.0275933704594715,0.0653058775443931,13
4.383358015790716,True,101,4.092899248003865,0.2904587677868511,13
4.414988327285681,True,102,4.383358015790716,0.031630311494965646,13
4.683817412448978,True,103,4.414988327285681,0.26882908516329707,13
4.711847222908409,True,104,4.683817412448978,0.028029810459430315,13
4.990939887716594,True,105,4.711847222908409,0.27909266480818484,13
5.069276088715595,True,106,4.990939887716594,0.07833620099900163,13
5.164107853064942,True,107,5.069276088715595,0.09483176434934659,13
5.404682270897283,True,108,5.164107853064942,0.2405744178323408,13
5.571952740796107,True,109,5.404682270897283,0.1672704698988241,13
5.683161445464269,True,110,5.571952740796107,0.11120870466816246,13
5.876276085352555,True,111,5.683161445464269,0.19311463988828592,13
5.8969686281563565,True,112,5.876276085352555,0.020692542803801395,13
6.210268702923305,True,113,5.8969686281563565,0.3133000747669481,13
6.288486256251,True,114,6.210268702923305,0.0782175533276952,13
6.502924894451635,True,115,6.288486256251,0.2144386382006349,13
6.594372466981815,True,116,6.502924894451635,0.09144757253018021,13
6.7230496298385525,True,117,6.594372466981815,0.12867716285673758,13
6.81462364616699,True,118,6.7230496298385525,0.09157401632843776,13
7.078000259902005,True,119,6.81462364616699,0.26337661373501486,13
7.175135954631024,True,120,7.078000259902005,0.09713569472901895,13
7.42037048353046,True,121,7.175135954631024,0.2452345288994362,13
7.476896466875666,True,122,7.42037048353046,0.056525983345205866,13
7.652711367171228,True,123,7.476896466875666,0.17581490029556157,13
7.7686185353030375,True,124,7.652711367171228,0.11590716813180979,13
8.01541414997501,True,125,7.7686185353030375,0.24679561467197253,13
8.065934982464276,True,126,8.01541414997501,0.050520832489265644,13
8.203727488304759,True,127,8.065934982464276,0.13779250584048341,13
8.392616359653848,True,128,8.203727488304759,0.18888887134908927,13
8.466831352336502,True,129,8.392616359653848,0.07421499268265386,13
8.696258406699327,True,130,8.466831352336502,0.22942705436282473,13
8.791340626568054,True,131,8.696258406699327,0.09508221986872734,13
9.072962235171037,True,132,8.791340626568054,0.2816216086029826,13
9.112942671633187,True,133,9.072962235171037,0.03998043646214988,13
9.423128438344335,True,134,9.112942671633187,0.3101857667111485,13
9.440126480122112,True,135,9.423128438344335,0.016998041777776862,13
9.700411061192792,True,136,9.440126480122112,0.26028458107068,13
9.88715001868529,True,137,9.700411061192792,0.1867389574924978,13
10.012740743957156,True,138,9.88715001868529,0.12559072527186643,13
10.091160506901696,True,139,10.012740743957156,0.07841976294453978,13
10.187169628499783,True,140,10.091160506901696,0.09600912159808672,13
10.448803678334107,True,141,10.187169628499783,0.26163404983432414,13
10.503851296225186,True,142,10.448803678334107,0.055047617891078815,13
10.677192508064564,True,143,10.503851296225186,0.17334121183937867,13
10.839375938070548,True,144,10.677192508064564,0.16218343000598345,13
11.033794239502885,True,145,10.839375938070548,0.19441830143233751,13
11.239268721888479,True,146,11.033794239502885,0.2054744823855934,13
11.396431098039548,True,147,11.239268721888479,0.15716237615106898,13
11.424864851788115,True,148,11.396431098039548,0.02843375374856727,13
11.642911673812135,True,149,11.424864851788115,0.2180468220240197,13
11.8761783715297,True,150,11.642911673812135,0.23326669771756592,13
11.951604461205694,True,151,11.8761783715297,0.07542608967599307,13
12.236264065449616,True,152,11.951604461205694,0.284659604243922,13
12.284393002350038,True,153,12.236264065449616,0.0481289369004223,13
12.517534991884187,True,154,12.284393002350038,0.23314198953414866,13
12.673213103150017,True,155,12.517534991884187,0.1556781112658303,13
12.769039398490628,True,156,12.673213103150017,0.09582629534061127,13
12.9937138696051,True,157,12.769039398490628,0.22467447111447214,13
13.107655473130531,True,158,12.9937138696051,0.11394160352543103,13
13.290310989830607,True,159,13.107655473130531,0.18265551670007518,13
13.517594435841128,True,160,13.290310989830607,0.22728344601052086,13
13.67018685450517,True,161,13.517594435841128,0.15259241866404238,13
13.828878243705722,True,162,13.67018685450517,0.15869138920055192,13
13.991854930240894,True,163,13.828878243705722,0.16297668653517228,13
14.147123337364466,True,164,13.991854930240894,0.1552684071235717,13
14.188783270661862,True,165,14.147123337364466,0.041659933297395924,13
14.317799928051583,True,166,14.188783270661862,0.12901665738972135,13
14.468941758671221,True,167,14.317799928051583,0.15114183061963793,13
14.695597506758414,True,168,14.468941758671221,0.22665574808719313,13
14.860119963598232,True,169,14.695597506758414,0.16452245683981737,13
15.088134772116414,True,170,14.860119963598232,0.22801480851818212,13
15.15244675197773,True,171,15.088134772116414,0.06431197986131565,13
15.421533814367114,True,172,15.15244675197773,0.26908706238938507,13
15.398427583642189,True,173,15.421533814367114,-0.02310623072492568,13
15.694413000601172,True,174,15.398427583642189,0.29598541695898284,13
15.820263570366198,True,175,15.694413000601172,0.12585056976502607,13
16.012969862568305,True,176,15.820263570366198,0.19270629220210722,13
16.09634198925337,True,177,16.012969862568305,0.08337212668506666,13
16.199076165812105,True,178,16.09634198925337,0.10273417655873374,13
16.408332239126555,True,179,16.199076165812105,0.2092560733144495,13
16.561345204655684,True,180,16.408332239126555,0.15301296552912902,13
16.627397579021256,True,181,16.561345204655684,0.06605237436557232,13
16.835368552178224,True,182,16.627397579021256,0.2079709731569679,13
16.94579912380534,True,183,16.835368552178224,0.11043057162711634,13
17.140441100280515,True,184,16.94579912380534,0.19464197647517523,13
17.346509238844522,True,185,17.140441100280515,0.20606813856400663,13
17.35802407166678,True,186,17.346509238844522,0.011514832822257404,13
17.63154766089529,True,187,17.35802407166678,0.2735235892285104,13
17.782499722123067,True,188,17.63154766089529,0.15095206122777682,13
17.85051947434488,True,189,17.782499722123067,0.06801975222181156,13
18.02929553882683,True,190,17.85051947434488,0.17877606448195138,13
18.12163703084675,True,191,18.02929553882683,0.09234149201991926,13
18.2109318737175,True,192,18.12163703084675,0.08929484287074985,13
18.50610443911378,True,193,18.2109318737175,0.2951725653962818,13
18.682824749677287,True,194,18.50610443911378,0.1767203105635069,13
18.83466457653783,True,195,18.682824749677287,0.15183982686054165,13
18.953414160612894,True,196,18.83466457653783,0.11874958407506497,13
19.128348322475464,True,197,18.953414160612894,0.17493416186256994,13
19.304099320318123,True,198,19.128348322475464,0.17575099784265902,13
19.46333745576371,True,199,19.304099320318123,0.1592381354455874,13
19.44003809151581,False,200,19.46333745576371,-0.02329936424790091,13
19.460167043607537,False,201,19.44003809151581,0.020128952091727825,13
19.35372759355385,False,202,19.460167043607537,-0.10643945005368849,13
19.433725323258585,False,203,19.35372759355385,0.07999772970473629,13
19.486518550341916,False,204,19.433725323258585,0.05279322708333112,13
19.501415404831555,False,205,19.486518550341916,0.0148968544896384,13
19.389740784625218,False,206,19.501415404831555,-0.11167462020633678,13
19.48219876049464,False,207,19.389740784625218,0.09245797586942217,13
19.33249134198274,False,208,19.48219876049464,-0.14970741851189828,13
19.336975289439607,False,209,19.33249134198274,0.0044839474568654225,13
19.397619312988777,False,210,19.336975289439607,0.060644023549169646,13
19.392335550775634,False,211,19.397619312988777,-0.005283762213142751,13
19.308417125118396,False,212,19.392335550775634,-0.08391842565723806,13
19.373391243943765,False,213,19.308417125118396,0.06497411882536852,13
19.439606105207847,False,214,19.373391243943765,0.06621486126408271,13
19.40247163222826,False,215,19.439606105207847,-0.03713447297958794,13
19.38260538528599,False,216,19.40247163222826,-0.019866246942267907,13
19.464160009862486,False,217,19.38260538528599,0.0815546245764942,13
19.36166948310668,False,218,19.464160009862486,-0.10249052675580472,13
19.47606700739427,False,219,19.36166948310668,0.11439752428758965,13
19.477326007227976,False,220,19.47606700739427,0.0012589998337055874,13
19.404819768425753,False,221,19.477326007227976,-0.07250623880222307,13
19.376093500346336,False,222,19.404819768425753,-0.02872626807941714,13
19.378027961577807,False,223,19.376093500346336,0.0019344612314711185,13
19.350101369464397,False,224,19.378027961577807,-0.027926592113409754,13
19.346764856019085,False,225,19.350101369464397,-0.0033365134453120504,13
19.328125821708507,False,226,19.346764856019085,-0.018639034310577784,13
19.305942928523255,False,227,19.328125821708507,-0.022182893185252794,13
19.36072170199595,False,228,19.305942928523255,0.05477877347269455,13
19.382714599857998,False,229,19.36072170199595,0.02199289786204872,13
19.309215794781597,False,230,19.382714599857998,-0.07349880507640094,13
19.39294004472476,False,231,19.309215794781597,0.08372424994316319,13
19.39294470383737,False,232,19.39294004472476,4.6591126086070744e-06,13
19.49761992060455,False,233,19.39294470383737,0.1046752167671805,13
19.44483744176394,False,234,19.49761992060455,-0.052782478840608604,13
19.400020100264268,False,235,19.44483744176394,-0.04481734149967309,13
19.403557068082343,False,236,19.400020100264268,0.0035369678180749986,13
19.460861138798084,False,237,19.403557068082343,0.05730407071574106,13
19.33489387057083,False,238,19.460861138798084,-0.12596726822725302,13
19.316407538997446,False,239,19.33489387057083,-0.018486331573384973,13
19.35624227901737,False,240,19.316407538997446,0.03983474001992349,13
19.42039628772704,False,241,19.35624227901737,0.06415400870967147,13
19.413371915363427,False,242,19.42039628772704,-0.007024372363613196,13
19.469992564309397,False,243,19.413371915363427,0.05662064894596952,13
19.444509371052515,False,244,19.469992564309397,-0.025483193256881975,13
19.466486409287302,False,245,19.444509371052515,0.02197703823478747,13
19.360383950802557,False,246,19.466486409287302,-0.1061024584847452,13
19.36322385599193,False,247,19.360383950802557,0.0028399051893721605,13
19.463407814640604,False,248,19.36322385599193,0.10018395864867458,13
19.48081391483359,False,249,19.463407814640604,0.01740610019298572,13
19.394639822196893,False,250,19.48081391483359,-0.08617409263669629,13
19.420811924563846,False,251,19.394639822196893,0.026172102366953,13
19.33365387845453,False,252,19.420811924563846,-0.08715804610931599,13
19.33002335386186,False,253,19.33365387845453,-0.0036305245926691043,13
19.473828307560463,False,254,19.33002335386186,0.14380495369860213,13
19.439424837447227,False,255,19.473828307560463,-0.03440347011323652,13
19.379901242581184,False,256,19.439424837447227,-0.059523594866043084,13
19.352267128613093,False,257,19.379901242581184,-0.0276341139680909,13
19.431030468697802,False,258,19.352267128613093,0.0787633400847092,13
19.427911012355125,False,259,19.431030468697802,-0.003119456342677296,13
19.485576214298064,False,260,19.427911012355125,0.05766520194293889,13
19.41444865569225,False,261,19.485576214298064,-0.07112755860581288,13
19.484292651903267,False,262,19.41444865569225,0.06984399621101645,13
19.35999273594809,False,263,19.484292651903267,-0.1242999159551772,13
19.333410539693087,False,264,19.35999273594809,-0.0265821962550028,13
19.470995594516314,False,265,19.333410539693087,0.13758505482322647,13
19.456982642549157,False,266,19.470995594516314,-0.014012951967156795,13
19.463917820772515,False,267,19.456982642549157,0.006935178223358207,13
19.37558259721959,False,268,19.463917820772515,-0.08833522355292445,13
19.321491836923485,False,269,19.37558259721959,-0.0540907602961056,13
19.446380763909243,False,270,19.321491836923485,0.12488892698575782,13
19.32769192182272,False,271,19.446380763909243,-0.11868884208652375,13
19.38949845503481,False,272,19.32769192182272,0.06180653321209206,13
19.30601780067096,False,273,19.38949845503481,-0.08348065436385,13
19.485320216664107,False,274,19.30601780067096,0.17930241599314556,13
19.407075192405777,False,275,19.485320216664107,-0.07824502425832947,13
19.457240944171346,False,276,19.407075192405777,0.0501657517655687,13
19.470371411883484,False,277,19.457240944171346,0.013130467712137772,13
19.37452020596404,False,278,19.470371411883484,-0.09585120591944474,13
19.483898342500737,False,279,19.37452020596404,0.10937813653669792,13
19.44941344822488,False,280,19.483898342500737,-0.03448489427585599,13
19.463742576962506,False,281,19.44941344822488,0.014329128737625041,13
19.4697434558187,False,282,19.463742576962506,0.006000878856195158,13
19.483373095542852,False,283,19.4697434558187,0.013629639724150877,13
19.404961750898295,False,284,19.483373095542852,-0.07841134464455735,13
19.3901775506474,False,285,19.404961750898295,-0.014784200250893775,13
19.310588873244292,False,286,19.3901775506474,-0.07958867740310893,13
19.4517389346547,False,287,19.310588873244292,0.1411500614104071,13
19.437505959591117,False,288,19.4517389346547,-0.014232975063581677,13
19.487766187362123,False,289,19.437505959591117,0.05026022777100536,13
19.389919495608748,False,290,19.487766187362123,-0.09784669175337513,13
19.319952905747332,False,291,19.389919495608748,-0.06996658986141568,13
19.492216789126953,False,292,19.319952905747332,0.17226388337962106,13
19.345485803798077,False,293,19.492216789126953,-0.14673098532887607,13
19.481078862959293,False,294,19.345485803798077,0.13559305916121644,13
19.43599617530547,False,295,19.481078862959293,-0.045082687653824394,13
19.381374246575213,False,296,19.43599617530547,-0.054621928730256286,13
19.358139071081506,False,297,19.381374246575213,-0.02323517549370635,13
19.49443061649757,False,298,19.358139071081506,0.13629154541606425,13
19.496496024560084,False,299,19.49443061649757,0.0020654080625135407,13
3.951228744818523,False,0,0.0,0.0,14
4.074794354586996,False,1,3.951228744818523,0.1235656097684732,14
3.9515615262365302,False,2,4.074794354586996,-0.12323282835046578,14
4.053462325977965,False,3,3.9515615262365302,0.10190079974143496,14
3.987873530810277,False,4,4.053462325977965,-0.06558879516768812,14
3.9539932259672175,False,5,3.987873530810277,-0.033880304843059594,14
3.9693522419142715,False,6,3.9539932259672175,0.015359015947054022,14
3.93421182156733,False,7,3.9693522419142715,-0.035140420346941426,14
3.9539855441980496,False,8,3.93421182156733,0.019773722630719526,14
4.032236075474704,False,9,3.9539855441980496,0.07825053127665438,14
3.9037406124569953,False,10,4.032236075474704,-0.12849546301770864,14
4.064188836269162,False,11,3.9037406124569953,0.16044822381216672,14
4.020701495043184,False,12,4.064188836269162,-0.04348734122597797,14
3.9226993954348304,False,13,4.020701495043184,-0.09800209960835371,14
3.961561407139827,False,14,3.9226993954348304,0.03886201170499648,14
4.0233094415264645,False,15,3.961561407139827,0.061748034386637674,14
4.078039734876682,False,16,4.0233094415264645,0.054730293350217174,14
3.984407968974182,False,17,4.078039734876682,-0.09363176590249989,14
3.9963579091897863,False,18,3.984407968974182,0.011949940215604471,14
4.060759937124715,False,19,3.9963579091897863,0.06440202793492844,14
4.050679804702704,False,20,4.060759937124715,-0.010080132422010557,14
4.096825304394364,False,21,4.050679804702704,0.04614549969165971,14
3.9823548448126047,False,22,4.096825304394364,-0.11447045958175917,14
4.0485422046271875,False,23,3.9823548448126047,0.06618735981458279,14
4.080476383104272,False,24,4.0485422046271875,0.03193417847708435,14
3.905943213493198,False,25,4.080476383104272,-0.1745331696110739,14
3.9215027331927534,False,26,3.905943213493198,0.01555951969955549,14
3.905671810898061,False,27,3.9215027331927534,-0.015830922294692407,14
4.0561580394221,False,28,3.905671810898061,0.15048622852403915,14
3.9158970517108735,False,29,4.0561580394221,-0.14026098771122664,14
3.972305563002314,False,30,3.9158970517108735,0.05640851129144053,14
3.9245412745097488,False,31,3.972305563002314,-0.04776428849256531,14
4.076966939661928,False,32,3.9245412745097488,0.1524256651521796,14
4.097390511824895,False,33,4.076966939661928,0.020423572162966863,14
3.991735982908712,False,34,4.097390511824895,-0.10565452891618321,14
3.921603817897789,False,35,3.991735982908712,-0.07013216501092323,14
4.080695021175519,False,36,3.921603817897789,0.15909120327772985,14
4.054330904032522,False,37,4.080695021175519,-0.02636411714299669,14
4.098820566274134,False,38,4.054330904032522,0.044489662241612216,14
4.022286066843538,False,39,4.098820566274134,-0.07653449943059609,14
3.9659936353946152,False,40,4.022286066843538,-0.05629243144892282,14
3.9532408820958254,False,41,3.9659936353946152,-0.012752753298789887,14
3.977197340901291,False,42,3.9532408820958254,0.023956458805465708,14
4.0048952708410726,False,43,3.977197340901291,0.027697929939781485,14
4.016849573070081,False,44,4.0048952708410726,0.011954302229008285,14
3.9216678677583983,False,45,4.016849573070081,-0.09518170531168257,14
3.913386397066766,False,46,3.9216678677583983,-0.008281470691632098,14
4.03441155112044,False,47,3.913386397066766,0.1210251540536742,14
4.060076268954612,False,48,4.03441155112044,0.02566471783417157,14
4.071467710988891,False,49,4.060076268954612,0.011391442034279109,14
4.037254271415925,False,50,4.071467710988891,-0.034213439572965854,14
3.9454703248478693,False,51,4.037254271415925,-0.09178394656805589,14
4.058290903035969,False,52,3.9454703248478693,0.11282057818809976,14
4.099878391871785,False,53,4.058290903035969,0.04158748883581609,14
3.9630861377543227,False,54,4.099878391871785,-0.13679225411746243,14
3.946460081989062,False,55,3.9630861377543227,-0.016626055765260883,14
3.9592102662535225,False,56,3.946460081989062,0.012750184264460618,14
3.976200053803344,False,57,3.9592102662535225,0.0169897875498215,14
3.9371000879920803,False,58,3.976200053803344,-0.039099965811263626,14
4.091376717649075,False,59,3.9371000879920803,0.1542766296569944,14
4.072157489770159,False,60,4.091376717649075,-0.01921922787891539,14
4.037945500671945,False,61,4.072157489770159,-0.03421198909821399,14
4.045250926336665,False,62,4.037945500671945,0.007305425664720033,14
3.924566457572371,False,63,4.045250926336665,-0.12068446876429428,14
3.936066680592432,False,64,3.924566457572371,0.011500223020060929,14
3.990279999562955,False,65,3.936066680592432,0.05421331897052317,14
3.9107281428436367,False,66,3.990279999562955,-0.07955185671931853,14
3.9853873146952363,False,67,3.9107281428436367,0.07465917185159965,14
3.9456450883618044,False,68,3.9853873146952363,-0.03974222633343194,14
4.000485394649471,False,69,3.9456450883618044,0.05484030628766634,14
3.9213248420022473,False,70,4.000485394649471,-0.07916055264722344,14
3.973710554361045,False,71,3.9213248420022473,0.052385712358797853,14
3.9545607897419304,False,72,3.973710554361045,-0.019149764619114773,14
3.993267517961357,False,73,3.9545607897419304,0.038706728219426445,14
3.9020026740296783,False,74,3.993267517961357,-0.09126484393167855,14
3.937308800257011,False,75,3.9020026740296783,0.03530612622733287,14
3.9434075905394614,False,76,3.937308800257011,0.006098790282450306,14
3.9076948408108554,False,77,3.9434075905394614,-0.03571274972860605,14
3.955726752368799,False,78,3.9076948408108554,0.04803191155794373,14
3.965674508076866,False,79,3.955726752368799,0.009947755708066719,14
4.088068476923775,False,80,3.965674508076866,0.12239396884690912,14
3.9420780830034716,False,81,4.088068476923775,-0.14599039392030333,14
3.9693469014463787,False,82,3.9420780830034716,0.027268818442907072,14
3.9382805702309494,False,83,3.9693469014463787,-0.031066331215429344,14
4.0020051194226625,False,84,3.9382805702309494,0.06372454919171311,14
3.9543428258029496,False,85,4.0020051194226625,-0.04766229361971286,14
4.070622659234899,False,86,3.9543428258029496,0.11627983343194925,14
3.95539116477505,False,87,4.070622659234899,-0.1152314944598487,14
3.910819292908043,False,88,3.95539116477505,-0.04457187186700695,14
3.954348976594123,False,89,3.910819292908043,0.04352968368607968,14
3.901755326820203,False,90,3.954348976594123,-0.05259364977391989,14
4.079400357049567,False,91,3.901755326820203,0.1776450302293644,14
3.934254324636299,False,92,4.079400357049567,-0.1451460324132685,14
3.918655640822102,False,93,3.934254324636299,-0.015598683814197045,14
3.986299156953471,False,94,3.918655640822102,0.0676435161313691,14
3.9131405595215236,False,95,3.986299156953471,-0.0731585974319473,14
4.079674165947415,False,96,3.9131405595215236,0.1665336064258911,14
4.055612925097234,False,97,4.079674165947415,-0.024061240850180354,14
3.9473024012318287,False,98,4.055612925097234,-0.10831052386540563,14
4.060639713034949,False,99,3.9473024012318287,0.11333731180312068,14
4.43469816416823,True,100,4.060639713034949,0.37405845113328073,14
5.053614254338041,True,101,4.43469816416823,0.6189160901698108,14
5.487650427042486,True,102,5.053614254338041,0.4340361727044453,14
6.01641652131283,True,103,5.487650427042486,0.5287660942703436,14
6.398726357799878,True,104,6.01641652131283,0.38230983648704786,14
6.904356894746163,True,105,6.398726357799878,0.5056305369462857,14
7.396235631783458,True,106,6.904356894746163,0.491878737037295,14
7.936081501912816,True,107,7.396235631783458,0.5398458701293576,14
8.332096671386113,True,108,7.936081501912816,0.39601516947329696,14
8.863806228709473,True,109,8.332096671386113,0.5317095573233601,14
9.366672907320554,True,110,8.863806228709473,0.5028666786110811,14
9.78976742954964,True,111,9.366672907320554,0.4230945222290856,14
10.30773706865291,True,112,9.78976742954964,0.5179696391032707,14
10.728152791848949,True,113,10.30773706865291,0.42041572319603837,14
11.205211702113141,True,114,10.728152791848949,0.47705891026419245,14
11.727415605905671,True,115,11.205211702113141,0.5222039037925299,14
12.227940641708031,True,116,11.727415605905671,0.5005250358023599,14
12.719954946958229,True,117,12.227940641708031,0.49201430525019774,14
13.13738965140709,True,118,12.719954946958229,0.417434704448862,14
13.713729892725281,True,119,13.13738965140709,0.5763402413181904,14
14.154208222378292,True,120,13.713729892725281,0.44047832965301126,14
14.604680339659364,True,121,14.154208222378292,0.4504721172810715,14
15.149321547538882,True,122,14.604680339659364,0.5446412078795184,14
15.454273132361504,True,123,15.149321547538882,0.3049515848226214,14
15.971359583028356,True,124,15.454273132361504,0.5170864506668522,14
16.56302408745296,True,125,15.971359583028356,0.5916645044246032,14
17.072410173807082,True,126,16.56302408745296,0.5093860863541231,14
17.460364394787558,True,127,17.072410173807082,0.3879542209804754,14
17.962272469217044,True,128,17.460364394787558,0.5019080744294868,14
18.434520950661994,True,129,17.962272469217044,0.47224848144495013,14
18.90891930894841,True,130,18.434520950661994,0.47439835828641463,14
19.398202596251707,True,131,18.90891930894841,0.48928328730329795,14
20.0,True,132,19.398202596251707,0.6017974037482929,14
20.0,False,133,20.0,0.0,14
20.0,False,134,20.0,0.0,14
20.0,False,135,20.0,0.0,14
20.0,False,136,20.0,0.0,14
20.0,False,137,20.0,0.0,14
20.0,False,138,20.0,0.0,14
20.0,False,139,20.0,0.0,14
20.0,False,140,20.0,0.0,14
20.0,False,141,20.0,0.0,14
20.0,False,142,20.0,0.0,14
20.0,False,143,20.0,0.0,14
20.0,False,144,20.0,0.0,14
20.0,False,145,20.0,0.0,14
20.0,False,146,20.0,0.0,14
20.0,False,147,20.0,0.0,14
20.0,False,148,20.0,0.0,14
20.0,False,149,20.0,0.0,14
20.0,False,150,20.0,0.0,14
20.0,False,151,20.0,0.0,14
20.0,False,152,20.0,0.0,14
20.0,False,153,20.0,0.0,14
20.0,False,154,20.0,0.0,14
20.0,False,155,20.0,0.0,14
20.0,False,156,20.0,0.0,14
20.0,False,157,20.0,0.0,14
20.0,False,158,20.0,0.0,14
20.0,False,159,20.0,0.0,14
20.0,False,160,20.0,0.0,14
20.0,False,161,20.0,0.0,14
20.0,False,162,20.0,0.0,14
20.0,False,163,20.0,0.0,14
20.0,False,164,20.0,0.0,14
20.0,False,165,20.0,0.0,14
20.0,False,166,20.0,0.0,14
20.0,False,167,20.0,0.0,14
20.0,False,168,20.0,0.0,14
20.0,False,169,20.0,0.0,14
20.0,False,170,20.0,0.0,14
20.0,False,171,20.0,0.0,14
20.0,False,172,20.0,0.0,14
20.0,False,173,20.0,0.0,14
20.0,False,174,20.0,0.0,14
20.0,False,175,20.0,0.0,14
20.0,False,176,20.0,0.0,14
20.0,False,177,20.0,0.0,14
20.0,False,178,20.0,0.0,14
20.0,False,179,20.0,0.0,14
20.0,False,180,20.0,0.0,14
20.0,False,181,20.0,0.0,14
20.0,False,182,20.0,0.0,14
20.0,False,183,20.0,0.0,14
20.0,False,184,20.0,0.0,14
20.0,False,185,20.0,0.0,14
20.0,False,186,20.0,0.0,14
20.0,False,187,20.0,0.0,14
20.0,False,188,20.0,0.0,14
20.0,False,189,20.0,0.0,14
20.0,False,190,20.0,0.0,14
20.0,False,191,20.0,0.0,14
20.0,False,192,20.0,0.0,14
20.0,False,193,20.0,0.0,14
20.0,False,194,20.0,0.0,14
20.0,False,195,20.0,0.0,14
20.0,False,196,20.0,0.0,14
20.0,False,197,20.0,0.0,14
20.0,False,198,20.0,0.0,14
20.0,False,199,20.0,0.0,14
20.0,False,200,20.0,0.0,14
19.94433911984586,False,201,20.0,-0.05566088015413939,14
19.993791025147605,False,202,19.94433911984586,0.04945190530174415,14
19.931551534189232,False,203,19.993791025147605,-0.062239490958372556,14
20.0,False,204,19.931551534189232,0.0684484658107678,14
19.913355027081618,False,205,20.0,-0.08664497291838202,14
19.9360428251091,False,206,19.913355027081618,0.022687798027483552,14
20.0,False,207,19.9360428251091,0.06395717489089847,14
20.0,False,208,20.0,0.0,14
20.0,False,209,20.0,0.0,14
19.94303875592681,False,210,20.0,-0.056961244073189476,14
20.0,False,211,19.94303875592681,0.056961244073189476,14
19.90314124845322,False,212,20.0,-0.09685875154677959,14
20.0,False,213,19.90314124845322,0.09685875154677959,14
20.0,False,214,20.0,0.0,14
19.950039368358723,False,215,20.0,-0.04996063164127662,14
19.940674160989555,False,216,19.950039368358723,-0.009365207369167905,14
20.0,False,217,19.940674160989555,0.059325839010444525,14
19.99909687636472,False,218,20.0,-0.0009031236352790017,14
20.0,False,219,19.99909687636472,0.0009031236352790017,14
19.9103016228709,False,220,20.0,-0.08969837712909978,14
19.956636579706206,False,221,19.9103016228709,0.046334956835305974,14
19.93112184988637,False,222,19.956636579706206,-0.025514729819835935,14
20.0,False,223,19.93112184988637,0.06887815011362974,14
20.0,False,224,20.0,0.0,14
19.90213653350635,False,225,20.0,-0.0978634664936493,14
19.90152824635996,False,226,19.90213653350635,-0.0006082871463917172,14
20.0,False,227,19.90152824635996,0.09847175364004102,14
19.9717343092359,False,228,20.0,-0.028265690764101237,14
20.0,False,229,19.9717343092359,0.028265690764101237,14
19.980007302112185,False,230,20.0,-0.019992697887815325,14
19.973451213034494,False,231,19.980007302112185,-0.006556089077690785,14
19.937729244505217,False,232,19.973451213034494,-0.03572196852927689,14
20.0,False,233,19.937729244505217,0.062270755494783,14
19.9740383868371,False,234,20.0,-0.0259616131628988,14
19.988982587787596,False,235,19.9740383868371,0.014944200950495201,14
20.0,False,236,19.988982587787596,0.011017412212403599,14
20.0,False,237,20.0,0.0,14
19.98721749942515,False,238,20.0,-0.01278250057485053,14
19.982253905634455,False,239,19.98721749942515,-0.004963593790694887,14
19.908468161345414,False,240,19.982253905634455,-0.07378574428904017,14
20.0,False,241,19.908468161345414,0.09153183865458558,14
19.906768586629507,False,242,20.0,-0.09323141337049279,14
20.0,False,243,19.906768586629507,0.09323141337049279,14
19.977435000942105,False,244,20.0,-0.022564999057895108,14
19.943005795781975,False,245,19.977435000942105,-0.03442920516013004,14
19.94270834159623,False,246,19.943005795781975,-0.0002974541857447832,14
19.93808045061516,False,247,19.94270834159623,-0.004627890981069527,14
20.0,False,248,19.93808045061516,0.061919549384839456,14
19.906712146480338,False,249,20.0,-0.09328785351966218,14
19.945963938877043,False,250,19.906712146480338,0.03925179239670484,14
19.904767724419283,False,251,19.945963938877043,-0.04119621445775934,14
19.94706659927452,False,252,19.904767724419283,0.042298874855237756,14
20.0,False,253,19.94706659927452,0.05293340072547892,14
19.97222447462132,False,254,20.0,-0.027775525378679333,14
19.97479534928477,False,255,19.97222447462132,0.002570874663447853,14
20.0,False,256,19.97479534928477,0.02520465071523148,14
19.908334976142143,False,257,20.0,-0.09166502385785691,14
20.0,False,258,19.908334976142143,0.09166502385785691,14
20.0,False,259,20.0,0.0,14
20.0,False,260,20.0,0.0,14
20.0,False,261,20.0,0.0,14
20.0,False,262,20.0,0.0,14
20.0,False,263,20.0,0.0,14
19.92797313926162,False,264,20.0,-0.07202686073837938,14
20.0,False,265,19.92797313926162,0.07202686073837938,14
20.0,False,266,20.0,0.0,14
20.0,False,267,20.0,0.0,14
20.0,False,268,20.0,0.0,14
19.91616560646424,False,269,20.0,-0.08383439353575994,14
20.0,False,270,19.91616560646424,0.08383439353575994,14
19.98094076171291,False,271,20.0,-0.019059238287091773,14
19.97343812594696,False,272,19.98094076171291,-0.007502635765948895,14
20.0,False,273,19.97343812594696,0.02656187405304067,14
19.93688156353405,False,274,20.0,-0.06311843646594895,14
19.918880158977224,False,275,19.93688156353405,-0.018001404556827083,14
19.966765488929674,False,276,19.918880158977224,0.047885329952450206,14
19.97383535392185,False,277,19.966765488929674,0.007069864992175212,14
19.96731577505577,False,278,19.97383535392185,-0.006519578866079456,14
20.0,False,279,19.96731577505577,0.03268422494423007,14
19.91959074846773,False,280,20.0,-0.08040925153227008,14
19.98634144845271,False,281,19.91959074846773,0.06675069998497918,14
19.99832834932988,False,282,19.98634144845271,0.011986900877172246,14
19.905186516123617,False,283,19.99832834932988,-0.09314183320626412,14
19.999196708611066,False,284,19.905186516123617,0.09401019248744902,14
20.0,False,285,19.999196708611066,0.0008032913889337578,14
20.0,False,286,20.0,0.0,14
20.0,False,287,20.0,0.0,14
19.940387440330987,False,288,20.0,-0.05961255966901291,14
20.0,False,289,19.940387440330987,0.05961255966901291,14
20.0,False,290,20.0,0.0,14
19.94574581972226,False,291,20.0,-0.054254180277741426,14
19.920363681392388,False,292,19.94574581972226,-0.025382138329870685,14
20.0,False,293,19.920363681392388,0.07963631860761211,14
20.0,False,294,20.0,0.0,14
19.928357169669937,False,295,20.0,-0.07164283033006313,14
20.0,False,296,19.928357169669937,0.07164283033006313,14
20.0,False,297,20.0,0.0,14
20.0,False,298,20.0,0.0,14
19.95345440695569,False,299,20.0,-0.04654559304431061,14
3.9658878727987834,False,0,0.0,0.0,15
4.0450801950297866,False,1,3.9658878727987834,0.07919232223100314,15
3.912251602661772,False,2,4.0450801950297866,-0.1328285923680146,15
3.9932338129693603,False,3,3.912251602661772,0.08098221030758834,15
4.033572312221014,False,4,3.9932338129693603,0.04033849925165356,15
4.02143778023574,False,5,4.033572312221014,-0.012134531985274144,15
4.086706938628369,False,6,4.02143778023574,0.06526915839262948,15
4.042531061006893,False,7,4.086706938628369,-0.04417587762147601,15
4.0134324011211255,False,8,4.042531061006893,-0.029098659885767653,15
4.089683788003259,False,9,4.0134324011211255,0.07625138688213351,15
3.95197387117978,False,10,4.089683788003259,-0.137709916823479,15
4.026023933949665,False,11,3.95197387117978,0.07405006276988457,15
3.927648724952893,False,12,4.026023933949665,-0.09837520899677177,15
4.067972314148072,False,13,3.927648724952893,0.1403235891951793,15
3.9674108343016687,False,14,4.067972314148072,-0.1005614798464034,15
3.930555632297888,False,15,3.9674108343016687,-0.036855202003780896,15
4.078057990671042,False,16,3.930555632297888,0.1475023583731545,15
3.916382548685291,False,17,4.078057990671042,-0.16167544198575134,15
3.9444839887443455,False,18,3.916382548685291,0.02810144005905446,15
4.031358237091107,False,19,3.9444839887443455,0.08687424834676127,15
3.9048080084677688,False,20,4.031358237091107,-0.12655022862333798,15
4.016795739221636,False,21,3.9048080084677688,0.11198773075386725,15
4.069889197776923,False,22,4.016795739221636,0.05309345855528669,15
3.9369733997327208,False,23,4.069889197776923,-0.13291579804420195,15
4.049030355521316,False,24,3.9369733997327208,0.11205695578859487,15
4.043734600562984,False,25,4.049030355521316,-0.005295754958331678,15
3.9054171461785083,False,26,4.043734600562984,-0.13831745438447562,15
4.086568681038548,False,27,3.9054171461785083,0.18115153486003965,15
4.002067512988373,False,28,4.086568681038548,-0.08450116805017505,15
4.079463366390631,False,29,4.002067512988373,0.0773958534022583,15
3.9727746510589577,False,30,4.079463366390631,-0.10668871533167357,15
3.9320963805283458,False,31,3.9727746510589577,-0.040678270530611904,15
4.030323803262408,False,32,3.9320963805283458,0.09822742273406204,15
3.953238174443659,False,33,4.030323803262408,-0.07708562881874892,15
3.9412618752377564,False,34,3.953238174443659,-0.011976299205902485,15
3.9752565350150344,False,35,3.9412618752377564,0.033994659777278,15
4.08496749822882,False,36,3.9752565350150344,0.10971096321378537,15
4.069491001018843,False,37,4.08496749822882,-0.015476497209976792,15
4.092959833797526,False,38,4.069491001018843,0.023468832778682724,15
3.984372801205049,False,39,4.092959833797526,-0.1085870325924767,15
4.097965881331448,False,40,3.984372801205049,0.11359308012639913,15
4.070652547315463,False,41,4.097965881331448,-0.027313334015985014,15
3.9107355180915357,False,42,4.070652547315463,-0.15991702922392736,15
4.035818297923316,False,43,3.9107355180915357,0.1250827798317804,15
4.026201939249037,False,44,4.035818297923316,-0.009616358674279013,15
3.9878175211684432,False,45,4.026201939249037,-0.038384418080593896,15
4.059172504416576,False,46,3.9878175211684432,0.07135498324813305,15
3.9748124297638845,False,47,4.059172504416576,-0.0843600746526918,15
4.075397467789808,False,48,3.9748124297638845,0.10058503802592389,15
3.9369607748921074,False,49,4.075397467789808,-0.138436692897701,15
4.0123369574304695,False,50,3.9369607748921074,0.07537618253836209,15
4.02636938756187,False,51,4.0123369574304695,0.014032430131400098,15
4.048413835798153,False,52,4.02636938756187,0.02204444823628382,15
4.052551461434354,False,53,4.048413835798153,0.004137625636200681,15
4.094077446587537,False,54,4.052551461434354,0.041525985153183065,15
4.003133823286472,False,55,4.094077446587537,-0.0909436233010652,15
3.9024603318417435,False,56,4.003133823286472,-0.10067349144472848,15
3.9741452876126107,False,57,3.9024603318417435,0.0716849557708672,15
3.9206955959179277,False,58,3.9741452876126107,-0.053449691694682944,15
3.9374409580685796,False,59,3.9206955959179277,0.01674536215065192,15
4.068441440536154,False,60,3.9374409580685796,0.13100048246757456,15
3.9199607181685083,False,61,4.068441440536154,-0.14848072236764587,15
3.9791964938341287,False,62,3.9199607181685083,0.05923577566562033,15
3.984255778260034,False,63,3.9791964938341287,0.005059284425905197,15
3.960264598667334,False,64,3.984255778260034,-0.02399117959269992,15
3.9597716531432776,False,65,3.960264598667334,-0.0004929455240563207,15
3.9747745781371604,False,66,3.9597716531432776,0.015002924993882782,15
4.078197128959137,False,67,3.9747745781371604,0.1034225508219766,15
4.070161203128857,False,68,4.078197128959137,-0.008035925830279567,15
3.9204709868865697,False,69,4.070161203128857,-0.14969021624228773,15
3.97718611854782,False,70,3.9204709868865697,0.05671513166125042,15
3.9621076779109567,False,71,3.97718611854782,-0.015078440636863366,15
4.080486472404657,False,72,3.9621076779109567,0.11837879449370048,15
3.927290346706506,False,73,4.080486472404657,-0.15319612569815133,15
3.9543618835605003,False,74,3.927290346706506,0.027071536853994438,15
4.008162591655428,False,75,3.9543618835605003,0.053800708094927874,15
4.020536958155121,False,76,4.008162591655428,0.012374366499693146,15
4.036796816279066,False,77,4.020536958155121,0.016259858123945037,15
4.0761186966688125,False,78,4.036796816279066,0.039321880389746156,15
3.9413993813289214,False,79,4.0761186966688125,-0.13471931533989112,15
4.068985250705101,False,80,3.9413993813289214,0.12758586937617933,15
3.9083383378181735,False,81,4.068985250705101,-0.16064691288692723,15
4.0001584864093305,False,82,3.9083383378181735,0.09182014859115695,15
3.983629885856217,False,83,4.0001584864093305,-0.01652860055311356,15
4.06548810756986,False,84,3.983629885856217,0.08185822171364299,15
3.9029444045321178,False,85,4.06548810756986,-0.16254370303774213,15
4.049502777096897,False,86,3.9029444045321178,0.14655837256477966,15
3.9204227545976016,False,87,4.049502777096897,-0.12908002249929584,15
3.9188419872402545,False,88,3.9204227545976016,-0.0015807673573471348,15
3.90032770839082,False,89,3.9188419872402545,-0.01851427884943435,15
3.9636547992435904,False,90,3.90032770839082,0.06332709085277033,15
3.9578272848489693,False,91,3.9636547992435904,-0.005827514394621147,15
4.072457059325167,False,92,3.9578272848489693,0.11462977447619771,15
3.954589718586801,False,93,4.072457059325167,-0.11786734073836591,15
4.040214007688491,False,94,3.954589718586801,0.08562428910169029,15
3.9261667367323616,False,95,4.040214007688491,-0.11404727095612976,15
3.9427656267991202,False,96,3.9261667367323616,0.01659889006675863,15
3.9072865713594704,False,97,3.9427656267991202,-0.0354790554396498,15
3.9864163271709985,False,98,3.9072865713594704,0.07912975581152804,15
4.0538490491133725,False,99,3.9864163271709985,0.06743272194237404,15
3.9732585994821106,True,100,4.0538490491133725,-0.08059044963126194,15
4.139322034289201,True,101,3.9732585994821106,0.16606343480709018,15
4.284884719164569,True,102,4.139322034289201,0.14556268487536794,15
4.3423713204891925,True,103,4.284884719164569,0.0574866013246238,15
4.289696876595654,True,104,4.3423713204891925,-0.05267444389353848,15
4.360237105777532,True,105,4.289696876595654,0.07054022918187819,15
4.5882553992655755,True,106,4.360237105777532,0.22801829348804326,15
4.558890478003253,True,107,4.5882553992655755,-0.029364921262322596,15
4.609885828577522,True,108,4.558890478003253,0.050995350574269516,15
4.756212747867058,True,109,4.609885828577522,0.14632691928953534,15
4.756131443224449,True,110,4.756212747867058,-8.130464260869275e-05,15
4.836927563927262,True,111,4.756131443224449,0.08079612070281339,15
4.925266888785424,True,112,4.836927563927262,0.0883393248581612,15
4.949073273509338,True,113,4.925266888785424,0.023806384723914498,15
5.058469530860399,True,114,4.949073273509338,0.10939625735106073,15
5.021355535808506,True,115,5.058469530860399,-0.037113995051893056,15
5.091331015057937,True,116,5.021355535808506,0.0699754792494316,15
5.261386621462972,True,117,5.091331015057937,0.17005560640503425,15
5.28238188626603,True,118,5.261386621462972,0.02099526480305869,15
5.37863527139977,True,119,5.28238188626603,0.09625338513373993,15
5.458260045416809,True,120,5.37863527139977,0.07962477401703882,15
5.508507697374351,True,121,5.458260045416809,0.05024765195754188,15
5.5173197966592715,True,122,5.508507697374351,0.00881209928492055,15
5.614783022170084,True,123,5.5173197966592715,0.0974632255108121,15
5.629526744915234,True,124,5.614783022170084,0.014743722745150123,15
5.760531894732766,True,125,5.629526744915234,0.13100514981753264,15
5.773023602989638,True,126,5.760531894732766,0.012491708256871625,15
5.900079447141657,True,127,5.773023602989638,0.12705584415201887,15
6.058224320216603,True,128,5.900079447141657,0.15814487307494574,15
6.08060596875567,True,129,6.058224320216603,0.0223816485390671,15
6.038343875685728,True,130,6.08060596875567,-0.042262093069942,15
6.144002335080008,True,131,6.038343875685728,0.10565845939427998,15
6.213869868696099,True,132,6.144002335080008,0.06986753361609122,15
6.332448293337887,True,133,6.213869868696099,0.1185784246417878,15
6.362882697718459,True,134,6.332448293337887,0.03043440438057221,15
6.389823354398041,True,135,6.362882697718459,0.026940656679582453,15
6.552904382451374,True,136,6.389823354398041,0.16308102805333302,15
6.634173086525101,True,137,6.552904382451374,0.081268704073727,15
6.738629912319607,True,138,6.634173086525101,0.10445682579450555,15
6.793962175550613,True,139,6.738629912319607,0.05533226323100582,15
6.698545666273511,True,140,6.793962175550613,-0.09541650927710155,15
6.864686044388617,True,141,6.698545666273511,0.16614037811510585,15
6.998514747019295,True,142,6.864686044388617,0.13382870263067836,15
6.929568864955218,True,143,6.998514747019295,-0.06894588206407715,15
7.0469534877564275,True,144,6.929568864955218,0.1173846228012092,15
7.230177720737598,True,145,7.0469534877564275,0.1832242329811704,15
7.225664774885561,True,146,7.230177720737598,-0.004512945852036765,15
7.370701853354275,True,147,7.225664774885561,0.1450370784687136,15
7.424642561000326,True,148,7.370701853354275,0.05394070764605097,15
7.378165001477406,True,149,7.424642561000326,-0.046477559522919876,15
7.428578370727292,True,150,7.378165001477406,0.050413369249886486,15
7.604987225647136,True,151,7.428578370727292,0.1764088549198437,15
7.580306705080221,True,152,7.604987225647136,-0.024680520566914943,15
7.778656551914892,True,153,7.580306705080221,0.19834984683467116,15
7.7711884332800345,True,154,7.778656551914892,-0.0074681186348577455,15
7.7841916627893,True,155,7.7711884332800345,0.013003229509265246,15
7.868696432432459,True,156,7.7841916627893,0.0845047696431589,15
8.031416937370189,True,157,7.868696432432459,0.16272050493773005,15
7.94188061105336,True,158,8.031416937370189,-0.08953632631682851,15
8.178542903398032,True,159,7.94188061105336,0.23666229234467195,15
8.109998558273837,True,160,8.178542903398032,-0.06854434512419516,15
8.228792054144622,True,161,8.109998558273837,0.11879349587078458,15
8.275677971679366,True,162,8.228792054144622,0.04688591753474469,15
8.217392220280612,True,163,8.275677971679366,-0.05828575139875447,15
8.384790016732742,True,164,8.217392220280612,0.16739779645213027,15
8.526696623220268,True,165,8.384790016732742,0.14190660648752562,15
8.614100573118677,True,166,8.526696623220268,0.08740394989840894,15
8.682818723167559,True,167,8.614100573118677,0.06871815004888226,15
8.669888060604132,True,168,8.682818723167559,-0.01293066256342712,15
8.692957056815988,True,169,8.669888060604132,0.02306899621185643,15
8.834294635785234,True,170,8.692957056815988,0.14133757896924593,15
8.844775172983146,True,171,8.834294635785234,0.010480537197912199,15
8.902620005650654,True,172,8.844775172983146,0.05784483266750762,15
8.974736834640757,True,173,8.902620005650654,0.07211682899010263,15
9.036658520119408,True,174,8.974736834640757,0.06192168547865151,15
9.055058435742461,True,175,9.036658520119408,0.01839991562305343,15
9.068746047415054,True,176,9.055058435742461,0.013687611672592581,15
9.10143922107859,True,177,9.068746047415054,0.03269317366353519,15
9.187297768211495,True,178,9.10143922107859,0.08585854713290608,15
9.312714413629168,True,179,9.187297768211495,0.1254166454176726,15
9.379876577076406,True,180,9.312714413629168,0.06716216344723769,15
9.405664622062735,True,181,9.379876577076406,0.025788044986329695,15
9.372720350839403,True,182,9.405664622062735,-0.03294427122333232,15
9.579315123965866,True,183,9.372720350839403,0.20659477312646324,15
9.521870225102306,True,184,9.579315123965866,-0.05744489886355986,15
9.639159595703923,True,185,9.521870225102306,0.11728937060161648,15
9.746664724759334,True,186,9.639159595703923,0.10750512905541143,15
9.743343919236825,True,187,9.746664724759334,-0.0033208055225095734,15
9.877567583786426,True,188,9.743343919236825,0.13422366454960155,15
9.939445068250798,True,189,9.877567583786426,0.06187748446437169,15
9.955462086592714,True,190,9.939445068250798,0.016017018341916156,15
9.979154921008648,True,191,9.955462086592714,0.023692834415934172,15
10.062951366385851,True,192,9.979154921008648,0.0837964453772031,15
10.216516206487345,True,193,10.062951366385851,0.15356484010149352,15
10.319264196277636,True,194,10.216516206487345,0.10274798979029143,15
10.334748021094434,True,195,10.319264196277636,0.015483824816797664,15
10.380939919531917,True,196,10.334748021094434,0.04619189843748295,15
10.474773745064688,True,197,10.380939919531917,0.09383382553277109,15
10.548537298540964,True,198,10.474773745064688,0.07376355347627594,15
10.663163142359222,True,199,10.548537298540964,0.11462584381825813,15
10.650944450844534,False,200,10.663163142359222,-0.012218691514688018,15
10.653475960742016,False,201,10.650944450844534,0.002531509897481854,15
10.6815661661935,False,202,10.653475960742016,0.028090205451483996,15
10.580797089057885,False,203,10.6815661661935,-0.10076907713561489,15
10.58253132767953,False,204,10.580797089057885,0.0017342386216441241,15
10.673282900537203,False,205,10.58253132767953,0.09075157285767332,15
10.492589675867334,False,206,10.673282900537203,-0.18069322466986826,15
10.526404610696275,False,207,10.492589675867334,0.033814934828940935,15
10.614394605050334,False,208,10.526404610696275,0.08798999435405896,15
10.635786990846825,False,209,10.614394605050334,0.021392385796490387,15
10.550840907663352,False,210,10.635786990846825,-0.08494608318347296,15
10.688089543523136,False,211,10.550840907663352,0.13724863585978397,15
10.615454787351092,False,212,10.688089543523136,-0.07263475617204307,15
10.53032681859961,False,213,10.615454787351092,-0.08512796875148254,15
10.553040057225607,False,214,10.53032681859961,0.022713238625996723,15
10.567463382978971,False,215,10.553040057225607,0.01442332575336458,15
10.589973734675013,False,216,10.567463382978971,0.022510351696041653,15
10.596942267762143,False,217,10.589973734675013,0.006968533087130524,15
10.649489468295906,False,218,10.596942267762143,0.052547200533762606,15
10.670088548352975,False,219,10.649489468295906,0.02059908005706923,15
10.64472532134858,False,220,10.670088548352975,-0.025363227004394417,15
10.680588149485716,False,221,10.64472532134858,0.035862828137135594,15
10.656307653131723,False,222,10.680588149485716,-0.02428049635399354,15
10.660855831861674,False,223,10.656307653131723,0.004548178729951502,15
10.531829938190716,False,224,10.660855831861674,-0.12902589367095807,15
10.500639115621773,False,225,10.531829938190716,-0.031190822568943233,15
10.561342889281697,False,226,10.500639115621773,0.060703773659923854,15
10.688704713908828,False,227,10.561342889281697,0.12736182462713153,15
10.680854397862978,False,228,10.688704713908828,-0.007850316045850292,15
10.496756099220098,False,229,10.680854397862978,-0.18409829864287985,15
10.626222480135208,False,230,10.496756099220098,0.12946638091510998,15
10.550114056349642,False,231,10.626222480135208,-0.07610842378556626,15
10.670956446656442,False,232,10.550114056349642,0.12084239030679989,15
10.61113775724262,False,233,10.670956446656442,-0.05981868941382196,15
10.630640666103906,False,234,10.61113775724262,0.019502908861285917,15
10.531173154436981,False,235,10.630640666103906,-0.09946751166692458,15
10.648195447735562,False,236,10.531173154436981,0.1170222932985805,15
10.639627663210756,False,237,10.648195447735562,-0.008567784524805333,15
10.50008817688469,False,238,10.639627663210756,-0.1395394863260666,15
10.535792414625174,False,239,10.50008817688469,0.035704237740484146,15
10.534666338529695,False,240,10.535792414625174,-0.0011260760954794335,15
10.633538479695018,False,241,10.534666338529695,0.09887214116532306,15
10.638607623055822,False,242,10.633538479695018,0.005069143360804773,15
10.639876571954815,False,243,10.638607623055822,0.001268948898992761,15
10.560341477799788,False,244,10.639876571954815,-0.0795350941550268,15
10.505015270198465,False,245,10.560341477799788,-0.055326207601323674,15
10.596403468502459,False,246,10.505015270198465,0.09138819830399392,15
10.552850765482331,False,247,10.596403468502459,-0.04355270302012748,15
10.517304379699883,False,248,10.552850765482331,-0.03554638578244784,15
10.492506928447941,False,249,10.517304379699883,-0.024797451251941993,15
10.524039759218223,False,250,10.492506928447941,0.03153283077028135,15
10.57483847999308,False,251,10.524039759218223,0.05079872077485703,15
10.545512844788393,False,252,10.57483847999308,-0.029325635204687117,15
10.577350725406792,False,253,10.545512844788393,0.031837880618398984,15
10.649239548231114,False,254,10.577350725406792,0.07188882282432196,15
10.52942371017112,False,255,10.649239548231114,-0.11981583805999385,15
10.600330867400498,False,256,10.52942371017112,0.07090715722937802,15
10.656668936859965,False,257,10.600330867400498,0.05633806945946773,15
10.494616357073339,False,258,10.656668936859965,-0.1620525797866268,15
10.660403956782966,False,259,10.494616357073339,0.16578759970962764,15
10.631846383467794,False,260,10.660403956782966,-0.02855757331517239,15
10.498138513904385,False,261,10.631846383467794,-0.13370786956340908,15
10.595141553385659,False,262,10.498138513904385,0.0970030394812742,15
10.534507586322977,False,263,10.595141553385659,-0.06063396706268165,15
10.641560239203288,False,264,10.534507586322977,0.10705265288031107,15
10.657623915121471,False,265,10.641560239203288,0.016063675918182696,15
10.63779884825112,False,266,10.657623915121471,-0.019825066870351904,15
10.619890091820551,False,267,10.63779884825112,-0.017908756430568218,15
10.528982028348695,False,268,10.619890091820551,-0.09090806347185598,15
10.60692942371571,False,269,10.528982028348695,0.07794739536701556,15
10.628886183056586,False,270,10.60692942371571,0.02195675934087582,15
10.617021439036433,False,271,10.628886183056586,-0.01186474402015314,15
10.641502686037704,False,272,10.617021439036433,0.024481247001270745,15
10.628927763254262,False,273,10.641502686037704,-0.012574922783441522,15
10.629777245553534,False,274,10.628927763254262,0.0008494822992712869,15
10.563480301894359,False,275,10.629777245553534,-0.06629694365917516,15
10.584892175022693,False,276,10.563480301894359,0.02141187312833459,15
10.584907443514224,False,277,10.584892175022693,1.526849153066223e-05,15
10.618476179823572,False,278,10.584907443514224,0.033568736309348424,15
10.571992490827743,False,279,10.618476179823572,-0.04648368899582955,15
10.582444704668102,False,280,10.571992490827743,0.010452213840359548,15
10.572642545334494,False,281,10.582444704668102,-0.009802159333608174,15
10.610017880862962,False,282,10.572642545334494,0.03737533552846806,15
10.626036095860345,False,283,10.610017880862962,0.01601821499738243,15
10.562606268249663,False,284,10.626036095860345,-0.0634298276106815,15
10.648059716132988,False,285,10.562606268249663,0.08545344788332443,15
10.590403219597755,False,286,10.648059716132988,-0.05765649653523219,15
10.563893338629141,False,287,10.590403219597755,-0.026509880968614397,15
10.499552221059513,False,288,10.563893338629141,-0.06434111756962757,15
10.67478413746999,False,289,10.499552221059513,0.17523191641047653,15
10.551623209638734,False,290,10.67478413746999,-0.12316092783125576,15
10.657148844704638,False,291,10.551623209638734,0.10552563506590396,15
10.645179923524351,False,292,10.657148844704638,-0.01196892118028714,15
10.690752588487642,False,293,10.645179923524351,0.04557266496329149,15
10.552375552951947,False,294,10.690752588487642,-0.13837703553569547,15
10.542412393215105,False,295,10.552375552951947,-0.009963159736841476,15
10.657181028175003,False,296,10.542412393215105,0.11476863495989775,15
10.686584609662011,False,297,10.657181028175003,0.029403581487008168,15
10.67285182778914,False,298,10.686584609662011,-0.013732781872871413,15
10.638731029454556,False,299,10.67285182778914,-0.034120798334583924,15
3.9106972178321913,False,0,0.0,0.0,16
3.9244794780191747,False,1,3.9106972178321913,0.013782260186983475,16
3.96634540664918,False,2,3.9244794780191747,0.04186592863000538,16
4.0984115057834725,False,3,3.96634540664918,0.13206609913429235,16
3.9942744541434774,False,4,4.0984115057834725,-0.10413705163999509,16
3.908814547084653,False,5,3.9942744541434774,-0.08545990705882422,16
3.998356305800956,False,6,3.908814547084653,0.08954175871630277,16
4.002316522335837,False,7,3.998356305800956,0.003960216534881322,16
3.9640250398039067,False,8,4.002316522335837,-0.03829148253193049,16
4.018109833094823,False,9,3.9640250398039067,0.05408479329091653,16
3.9258946973281708,False,10,4.018109833094823,-0.09221513576665252,16
4.048392751185327,False,11,3.9258946973281708,0.12249805385715629,16
3.9303572627949794,False,12,4.048392751185327,-0.11803548839034761,16
4.012422498777345,False,13,3.9303572627949794,0.08206523598236526,16
3.99266690296852,False,14,4.012422498777345,-0.01975559580882491,16
3.9948510171496716,False,15,3.99266690296852,0.0021841141811518305,16
4.064640045215875,False,16,3.9948510171496716,0.06978902806620368,16
3.9474737858007143,False,17,4.064640045215875,-0.11716625941516101,16
3.966150169861823,False,18,3.9474737858007143,0.01867638406110883,16
4.082751731227019,False,19,3.966150169861823,0.11660156136519628,16
3.913231525808105,False,20,4.082751731227019,-0.16952020541891422,16
3.903341568809591,False,21,3.913231525808105,-0.009889956998514027,16
3.9900749908685316,False,22,3.903341568809591,0.08673342205894041,16
3.9466704255660936,False,23,3.9900749908685316,-0.04340456530243797,16
4.016789968552654,False,24,3.9466704255660936,0.07011954298656065,16
4.058275543164132,False,25,4.016789968552654,0.04148557461147817,16
4.044712949532343,False,26,4.058275543164132,-0.013562593631789355,16
4.094769743671695,False,27,4.044712949532343,0.050056794139352156,16
4.057809881451577,False,28,4.094769743671695,-0.036959862220117934,16
3.9997203350365638,False,29,4.057809881451577,-0.058089546415013515,16
4.02342927797253,False,30,3.9997203350365638,0.023708942935965815,16
3.969132775356943,False,31,4.02342927797253,-0.054296502615586384,16
3.949633941424288,False,32,3.969132775356943,-0.01949883393265539,16
3.9750238270167078,False,33,3.949633941424288,0.025389885592419947,16
4.038564380697338,False,34,3.9750238270167078,0.06354055368062994,16
4.086200391071645,False,35,4.038564380697338,0.047636010374307425,16
4.090872814111195,False,36,4.086200391071645,0.004672423039550289,16
4.061923244313184,False,37,4.090872814111195,-0.028949569798011332,16
4.057083284828905,False,38,4.061923244313184,-0.004839959484279177,16
3.9756854513639235,False,39,4.057083284828905,-0.08139783346498142,16
3.9985266171627574,False,40,3.9756854513639235,0.022841165798833885,16
3.9892057566538868,False,41,3.9985266171627574,-0.009320860508870599,16
4.09188968108083,False,42,3.9892057566538868,0.1026839244269433,16
3.946841755718435,False,43,4.09188968108083,-0.14504792536239508,16
4.032978126057547,False,44,3.946841755718435,0.08613637033911159,16
4.094467961800053,False,45,4.032978126057547,0.061489835742506216,16
4.084672988285034,False,46,4.094467961800053,-0.009794973515019123,16
4.034476944241118,False,47,4.084672988285034,-0.050196044043915755,16
4.046121512195993,False,48,4.034476944241118,0.011644567954874674,16
4.072330229190873,False,49,4.046121512195993,0.02620871699488081,16
3.9163893076103604,False,50,4.072330229190873,-0.15594092158051298,16
4.032241476060374,False,51,3.9163893076103604,0.11585216845001378,16
3.9998219521902945,False,52,4.032241476060374,-0.032419523870079736,16
4.078290362187214,False,53,3.9998219521902945,0.07846840999691995,16
4.056882261284278,False,54,4.078290362187214,-0.021408100902936766,16
4.054957999618915,False,55,4.056882261284278,-0.0019242616653629696,16
4.038530339180954,False,56,4.054957999618915,-0.016427660437960512,16
3.908921780479796,False,57,4.038530339180954,-0.12960855870115795,16
4.096897085713685,False,58,3.908921780479796,0.18797530523388906,16
3.9047301014421136,False,59,4.096897085713685,-0.19216698427157164,16
3.958798083801637,False,60,3.9047301014421136,0.05406798235952337,16
4.0814143050916485,False,61,3.958798083801637,0.12261622129001148,16
4.017317400046027,False,62,4.0814143050916485,-0.06409690504562171,16
3.9049076789002206,False,63,4.017317400046027,-0.11240972114580616,16
3.9527890092054365,False,64,3.9049076789002206,0.04788133030521591,16
3.9794049104109956,False,65,3.9527890092054365,0.026615901205559123,16
3.976363682848662,False,66,3.9794049104109956,-0.003041227562333493,16
4.025180832661865,False,67,3.976363682848662,0.04881714981320329,16
4.000100673837565,False,68,4.025180832661865,-0.02508015882430037,16
3.9905923252977455,False,69,4.000100673837565,-0.009508348539819522,16
3.9876322870272976,False,70,3.9905923252977455,-0.0029600382704479955,16
3.97485710767133,False,71,3.9876322870272976,-0.012775179355967392,16
3.9944063033977817,False,72,3.97485710767133,0.01954919572645153,16
4.032086761848954,False,73,3.9944063033977817,0.037680458451172516,16
4.047760028685852,False,74,4.032086761848954,0.01567326683689796,16
4.039181815250598,False,75,4.047760028685852,-0.008578213435254334,16
4.040618820912399,False,76,4.039181815250598,0.0014370056618009386,16
4.081333864083125,False,77,4.040618820912399,0.04071504317072616,16
3.9919949535077537,False,78,4.081333864083125,-0.08933891057537124,16
4.001552279026079,False,79,3.9919949535077537,0.009557325518325221,16
3.9736117741430985,False,80,4.001552279026079,-0.027940504882980388,16
4.020690473782615,False,81,3.9736117741430985,0.0470786996395165,16
4.097334425358348,False,82,4.020690473782615,0.07664395157573267,16
4.0232451842676324,False,83,4.097334425358348,-0.07408924109071524,16
3.98263201800166,False,84,4.0232451842676324,-0.040613166265972556,16
3.9491590495750186,False,85,3.98263201800166,-0.03347296842664127,16
3.957976503662631,False,86,3.9491590495750186,0.008817454087612475,16
4.044532973996112,False,87,3.957976503662631,0.08655647033348046,16
3.950908762291021,False,88,4.044532973996112,-0.0936242117050905,16
3.996394436344162,False,89,3.950908762291021,0.04548567405314108,16
3.9968104834235585,False,90,3.996394436344162,0.0004160470793963533,16
4.038284125752237,False,91,3.9968104834235585,0.04147364232867856,16
4.076505188761006,False,92,4.038284125752237,0.03822106300876893,16
4.080207257594963,False,93,4.076505188761006,0.003702068833956851,16
3.9156608492627005,False,94,4.080207257594963,-0.1645464083322623,16
3.944388259584549,False,95,3.9156608492627005,0.028727410321848446,16
4.089584850048872,False,96,3.944388259584549,0.14519659046432265,16
4.053170889401368,False,97,4.089584850048872,-0.03641396064750335,16
4.095718940793095,False,98,4.053170889401368,0.04254805139172646,16
3.9942354195604826,False,99,4.095718940793095,-0.10148352123261217,16
4.198385614528971,True,100,3.9942354195604826,0.2041501949684883,16
4.196302521676631,True,101,4.198385614528971,-0.002083092852339874,16
4.236212933078751,True,102,4.196302521676631,0.03991041140212026,16
4.410626210671414,True,103,4.236212933078751,0.174413277592663,16
4.468923709385365,True,104,4.410626210671414,0.058297498713950624,16
4.507729654140614,True,105,4.468923709385365,0.03880594475524912,16
4.540071821544651,True,106,4.507729654140614,0.03234216740403717,16
4.667597295724076,True,107,4.540071821544651,0.12752547417942495,16
4.8763504398785456,True,108,4.667597295724076,0.20875314415446944,16
4.831492800456366,True,109,4.8763504398785456,-0.044857639422179574,16
5.041684358566624,True,110,4.831492800456366,0.21019155811025758,16
5.041714903177035,True,111,5.041684358566624,3.054461041163137e-05,16
5.1825784016335525,True,112,5.041714903177035,0.14086349845651736,16
5.240015122201916,True,113,5.1825784016335525,0.05743672056836324,16
5.264789432682339,True,114,5.240015122201916,0.024774310480423445,16
5.393420331579887,True,115,5.264789432682339,0.12863089889754775,16
5.394474058247445,True,116,5.393420331579887,0.001053726667557875,16
5.567708610182028,True,117,5.394474058247445,0.17323455193458326,16
5.58769701199404,True,118,5.567708610182028,0.01998840181201178,16
5.6190868040405855,True,119,5.58769701199404,0.03138979204654557,16
5.759823757111489,True,120,5.6190868040405855,0.1407369530709035,16
5.833914170653411,True,121,5.759823757111489,0.07409041354192158,16
6.005514113696206,True,122,5.833914170653411,0.17159994304279547,16
6.032643061687129,True,123,6.005514113696206,0.027128947990923358,16
6.228444309503431,True,124,6.032643061687129,0.19580124781630204,16
6.30331338878488,True,125,6.228444309503431,0.07486907928144859,16
6.271345163465807,True,126,6.30331338878488,-0.03196822531907273,16
6.387326391597752,True,127,6.271345163465807,0.115981228131945,16
6.4301688074815315,True,128,6.387326391597752,0.04284241588377924,16
6.691244807007853,True,129,6.4301688074815315,0.2610759995263212,16
6.65601776746683,True,130,6.691244807007853,-0.0352270395410228,16
6.760358143775734,True,131,6.65601776746683,0.10434037630890369,16
6.844535722847961,True,132,6.760358143775734,0.084177579072227,16
6.998993158221569,True,133,6.844535722847961,0.15445743537360812,16
7.104028304389888,True,134,6.998993158221569,0.10503514616831922,16
7.1085013115370295,True,135,7.104028304389888,0.0044730071471414945,16
7.18687411752253,True,136,7.1085013115370295,0.07837280598550045,16
7.3674188166214085,True,137,7.18687411752253,0.1805446990988786,16
7.322884950710105,True,138,7.3674188166214085,-0.04453386591130393,16
7.487022118944859,True,139,7.322884950710105,0.16413716823475433,16
7.495239197786435,True,140,7.487022118944859,0.008217078841576075,16
7.570922959293783,True,141,7.495239197786435,0.07568376150734757,16
7.782270026518208,True,142,7.570922959293783,0.2113470672244251,16
7.812638722672597,True,143,7.782270026518208,0.03036869615438942,16
7.899825577508596,True,144,7.812638722672597,0.0871868548359993,16
8.047543312281585,True,145,7.899825577508596,0.14771773477298833,16
8.018049827151225,True,146,8.047543312281585,-0.02949348513035943,16
8.26281564949026,True,147,8.018049827151225,0.2447658223390352,16
8.255763431362228,True,148,8.26281564949026,-0.007052218128032806,16
8.39340512327734,True,149,8.255763431362228,0.13764169191511222,16
8.459823786879108,True,150,8.39340512327734,0.06641866360176785,16
8.513313343840338,True,151,8.459823786879108,0.05348955696122992,16
8.538203581174319,True,152,8.513313343840338,0.02489023733398099,16
8.641466043430245,True,153,8.538203581174319,0.10326246225592683,16
8.706049786621355,True,154,8.641466043430245,0.06458374319110938,16
8.875041597640454,True,155,8.706049786621355,0.1689918110190991,16
8.975518567422332,True,156,8.875041597640454,0.10047696978187837,16
9.027736021167241,True,157,8.975518567422332,0.05221745374490894,16
9.268675874453026,True,158,9.027736021167241,0.24093985328578427,16
9.342935228589273,True,159,9.268675874453026,0.07425935413624707,16
9.43514574695215,True,160,9.342935228589273,0.09221051836287764,16
9.456316918299475,True,161,9.43514574695215,0.021171171347324602,16
9.546789380617076,True,162,9.456316918299475,0.0904724623176012,16
9.642145669117125,True,163,9.546789380617076,0.0953562885000494,16
9.680001111974548,True,164,9.642145669117125,0.03785544285742226,16
9.827322562603275,True,165,9.680001111974548,0.14732145062872704,16
9.78318795475198,True,166,9.827322562603275,-0.044134607851294305,16
10.029406878544009,True,167,9.78318795475198,0.24621892379202848,16
10.102357409272589,True,168,10.029406878544009,0.07295053072857982,16
10.030229809401641,True,169,10.102357409272589,-0.07212759987094763,16
10.198797448417427,True,170,10.030229809401641,0.16856763901578553,16
10.23887620764696,True,171,10.198797448417427,0.040078759229533745,16
10.263445873076979,True,172,10.23887620764696,0.02456966543001826,16
10.388332364881323,True,173,10.263445873076979,0.12488649180434486,16
10.466991620251449,True,174,10.388332364881323,0.07865925537012508,16
10.487483827074065,True,175,10.466991620251449,0.020492206822616765,16
10.73043288840826,True,176,10.487483827074065,0.24294906133419403,16
10.635226077104356,True,177,10.73043288840826,-0.0952068113039033,16
10.840217362216078,True,178,10.635226077104356,0.20499128511172238,16
10.840747231347441,True,179,10.840217362216078,0.0005298691313626591,16
10.957915396525017,True,180,10.840747231347441,0.117168165177576,16
11.0527668075618,True,181,10.957915396525017,0.09485141103678352,16
11.240422719134509,True,182,11.0527668075618,0.18765591157270833,16
11.322704039891656,True,183,11.240422719134509,0.08228132075714711,16
11.28203441840079,True,184,11.322704039891656,-0.04066962149086528,16
11.444925754862638,True,185,11.28203441840079,0.16289133646184695,16
11.536235663422552,True,186,11.444925754862638,0.09130990855991428,16
11.610534078332975,True,187,11.536235663422552,0.0742984149104231,16
11.67043232659506,True,188,11.610534078332975,0.05989824826208512,16
11.740164141926423,True,189,11.67043232659506,0.06973181533136241,16
11.88702003939238,True,190,11.740164141926423,0.14685589746595795,16
11.975443824347398,True,191,11.88702003939238,0.08842378495501713,16
12.019276964657553,True,192,11.975443824347398,0.04383314031015573,16
12.08700713888105,True,193,12.019276964657553,0.06773017422349703,16
12.080748607818512,True,194,12.08700713888105,-0.006258531062538708,16
12.319210440506662,True,195,12.080748607818512,0.23846183268815047,16
12.216205724981606,True,196,12.319210440506662,-0.10300471552505641,16
12.44320544284435,True,197,12.216205724981606,0.22699971786274453,16
12.5270351182822,True,198,12.44320544284435,0.08382967543784936,16
12.508755620740864,True,199,12.5270351182822,-0.018279497541335843,16
12.649730134053117,False,200,12.508755620740864,0.14097451331225308,16
12.628989926401337,False,201,12.649730134053117,-0.020740207651780196,16
12.607639763235461,False,202,12.628989926401337,-0.021350163165875458,16
12.482216902950153,False,203,12.607639763235461,-0.12542286028530825,16
12.570437287315727,False,204,12.482216902950153,0.08822038436557378,16
12.473509669124878,False,205,12.570437287315727,-0.09692761819084872,16
12.624719769221807,False,206,12.473509669124878,0.1512101000969288,16
12.490046926953287,False,207,12.624719769221807,-0.13467284226851994,16
12.464644044375472,False,208,12.490046926953287,-0.025402882577814978,16
12.591230216540163,False,209,12.464644044375472,0.12658617216469104,16
12.538738312273,False,210,12.591230216540163,-0.052491904267162326,16
12.661691005695971,False,211,12.538738312273,0.12295269342297033,16
12.511478173982129,False,212,12.661691005695971,-0.15021283171384248,16
12.556290922421839,False,213,12.511478173982129,0.044812748439710504,16
12.532911254097439,False,214,12.556290922421839,-0.023379668324400527,16
12.593143778092957,False,215,12.532911254097439,0.06023252399551815,16
12.652891129661134,False,216,12.593143778092957,0.05974735156817701,16
12.518980441333504,False,217,12.652891129661134,-0.13391068832762976,16
12.515992084838642,False,218,12.518980441333504,-0.0029883564948622876,16
12.522847040650786,False,219,12.515992084838642,0.006854955812144681,16
12.63074626272622,False,220,12.522847040650786,0.10789922207543334,16
12.637351929845876,False,221,12.63074626272622,0.0066056671196559336,16
12.60917496028105,False,222,12.637351929845876,-0.028176969564825072,16
12.472192630002967,False,223,12.60917496028105,-0.1369823302780837,16
12.548591341345034,False,224,12.472192630002967,0.07639871134206722,16
12.503426928539104,False,225,12.548591341345034,-0.04516441280592964,16
12.514258423642081,False,226,12.503426928539104,0.010831495102976874,16
12.616311200691351,False,227,12.514258423642081,0.10205277704926985,16
12.66234183574407,False,228,12.616311200691351,0.04603063505271798,16
12.634858463886193,False,229,12.66234183574407,-0.027483371857876193,16
12.566135832799054,False,230,12.634858463886193,-0.06872263108713916,16
12.590256000700505,False,231,12.566135832799054,0.024120167901450884,16
12.476305667730596,False,232,12.590256000700505,-0.11395033296990853,16
12.559878066492228,False,233,12.476305667730596,0.08357239876163192,16
12.48978012935382,False,234,12.559878066492228,-0.07009793713840828,16
12.614644323405908,False,235,12.48978012935382,0.1248641940520887,16
12.552689771118962,False,236,12.614644323405908,-0.06195455228694691,16
12.579363756616093,False,237,12.552689771118962,0.026673985497131625,16
12.613878399434292,False,238,12.579363756616093,0.03451464281819838,16
12.554974729067418,False,239,12.613878399434292,-0.05890367036687394,16
12.50522574443186,False,240,12.554974729067418,-0.0497489846355581,16
12.595218479974326,False,241,12.50522574443186,0.08999273554246656,16
12.5253243223786,False,242,12.595218479974326,-0.06989415759572637,16
12.487657988827554,False,243,12.5253243223786,-0.037666333551046094,16
12.56555228950197,False,244,12.487657988827554,0.07789430067441572,16
12.633333299903356,False,245,12.56555228950197,0.06778101040138651,16
12.536235355633812,False,246,12.633333299903356,-0.0970979442695441,16
12.476408994167702,False,247,12.536235355633812,-0.059826361466109645,16
12.620257651895141,False,248,12.476408994167702,0.14384865772743893,16
12.63730103692873,False,249,12.620257651895141,0.017043385033588265,16
12.465139499813416,False,250,12.63730103692873,-0.17216153711531312,16
12.626972172496865,False,251,12.465139499813416,0.16183267268344892,16
12.64844934221359,False,252,12.626972172496865,0.021477169716725086,16
12.512335764321223,False,253,12.64844934221359,-0.13611357789236678,16
12.564964840299258,False,254,12.512335764321223,0.05262907597803412,16
12.535221219504155,False,255,12.564964840299258,-0.029743620795102288,16
12.598477496421294,False,256,12.535221219504155,0.06325627691713898,16
12.478394377164397,False,257,12.598477496421294,-0.12008311925689696,16
12.617474688384991,False,258,12.478394377164397,0.13908031122059406,16
12.5237854038959,False,259,12.617474688384991,-0.0936892844890913,16
12.628173646529401,False,260,12.5237854038959,0.104388242633501,16
12.510249081777157,False,261,12.628173646529401,-0.11792456475224355,16
12.518165284001963,False,262,12.510249081777157,0.007916202224805602,16
12.521465527712785,False,263,12.518165284001963,0.0033002437108216043,16
12.615989979165823,False,264,12.521465527712785,0.09452445145303834,16
12.530687012158522,False,265,12.615989979165823,-0.08530296700730133,16
12.6064331867714,False,266,12.530687012158522,0.07574617461287758,16
12.541070179759979,False,267,12.6064331867714,-0.0653630070114204,16
12.49638502300708,False,268,12.541070179759979,-0.04468515675289808,16
12.521893685335439,False,269,12.49638502300708,0.0255086623283578,16
12.54374058108773,False,270,12.521893685335439,0.021846895752291928,16
12.620499093270091,False,271,12.54374058108773,0.0767585121823604,16
12.494760095172666,False,272,12.620499093270091,-0.12573899809742528,16
12.501771241561393,False,273,12.494760095172666,0.007011146388727241,16
12.652966181181693,False,274,12.501771241561393,0.15119493962030006,16
12.607387374749607,False,275,12.652966181181693,-0.04557880643208634,16
12.572728811681232,False,276,12.607387374749607,-0.03465856306837445,16
12.524444481887608,False,277,12.572728811681232,-0.04828432979362418,16
12.56454456479618,False,278,12.524444481887608,0.040100082908571366,16
12.523144029291684,False,279,12.56454456479618,-0.041400535504495295,16
12.568265722451486,False,280,12.523144029291684,0.045121693159801524,16
12.646650025533688,False,281,12.568265722451486,0.07838430308220268,16
12.482466960642473,False,282,12.646650025533688,-0.16418306489121548,16
12.658599940703525,False,283,12.482466960642473,0.17613298006105182,16
12.561207722313583,False,284,12.658599940703525,-0.09739221838994183,16
12.486499181658319,False,285,12.561207722313583,-0.07470854065526389,16
12.570768395402714,False,286,12.486499181658319,0.08426921374439544,16
12.54009591024353,False,287,12.570768395402714,-0.03067248515918486,16
12.555157282032361,False,288,12.54009591024353,0.015061371788831934,16
12.477966435304541,False,289,12.555157282032361,-0.07719084672782017,16
12.656346373155092,False,290,12.477966435304541,0.17837993785055062,16
12.5360719210513,False,291,12.656346373155092,-0.12027445210379106,16
12.553273826797659,False,292,12.5360719210513,0.017201905746357937,16
12.57623230091051,False,293,12.553273826797659,0.022958474112851235,16
12.612858265988965,False,294,12.57623230091051,0.03662596507845528,16
12.499982666590125,False,295,12.612858265988965,-0.11287559939884062,16
12.50046575515349,False,296,12.499982666590125,0.0004830885633655413,16
12.57474525817981,False,297,12.50046575515349,0.07427950302631992,16
12.614425176581088,False,298,12.57474525817981,0.03967991840127816,16
12.586168606566705,False,299,12.614425176581088,-0.028256570014383087,16
3.9399314452958802,False,0,0.0,0.0,17
3.98124702793484,False,1,3.9399314452958802,0.041315582638959736,17
4.053391357564023,False,2,3.98124702793484,0.07214432962918327,17
3.945387685883081,False,3,4.053391357564023,-0.10800367168094205,17
3.9123151001690877,False,4,3.945387685883081,-0.03307258571399352,17
3.9802145831153095,False,5,3.9123151001690877,0.06789948294622183,17
4.0795025282575095,False,6,3.9802145831153095,0.09928794514219996,17
3.920008274664201,False,7,4.0795025282575095,-0.1594942535933086,17
3.9688177450258033,False,8,3.920008274664201,0.048809470361602436,17
3.968837098583641,False,9,3.9688177450258033,1.935355783766468e-05,17
4.072801603573883,False,10,3.968837098583641,0.10396450499024246,17
4.039657607845695,False,11,4.072801603573883,-0.03314399572818871,17
4.006544580521751,False,12,4.039657607845695,-0.03311302732394328,17
4.028884780373422,False,13,4.006544580521751,0.02234019985167013,17
4.065612543182741,False,14,4.028884780373422,0.036727762809319664,17
3.9477819800628167,False,15,4.065612543182741,-0.11783056311992457,17
4.015107325709595,False,16,3.9477819800628167,0.06732534564677817,17
4.03540147458028,False,17,4.015107325709595,0.02029414887068537,17
3.939340912603615,False,18,4.03540147458028,-0.09606056197666524,17
3.931706204058829,False,19,3.939340912603615,-0.007634708544785873,17
4.044513855493704,False,20,3.931706204058829,0.11280765143487459,17
4.01969123469258,False,21,4.044513855493704,-0.02482262080112374,17
4.010605030792043,False,22,4.01969123469258,-0.00908620390053727,17
4.008376683927074,False,23,4.010605030792043,-0.0022283468649684224,17
4.057534597417845,False,24,4.008376683927074,0.049157913490771143,17
4.096538971985465,False,25,4.057534597417845,0.03900437456761985,17
3.9444696307842384,False,26,4.096538971985465,-0.15206934120122684,17
4.004804794631636,False,27,3.9444696307842384,0.06033516384739768,17
3.991370675924569,False,28,4.004804794631636,-0.013434118707067011,17
4.037576765089491,False,29,3.991370675924569,0.04620608916492186,17
4.062323222043052,False,30,4.037576765089491,0.024746456953560703,17
4.049032920105459,False,31,4.062323222043052,-0.01329030193759273,17
3.9197568075445703,False,32,4.049032920105459,-0.12927611256088856,17
3.933090481897266,False,33,3.9197568075445703,0.013333674352695724,17
4.096532720583612,False,34,3.933090481897266,0.1634422386863461,17
4.08261685021375,False,35,4.096532720583612,-0.013915870369862304,17
3.908793109087284,False,36,4.08261685021375,-0.17382374112646604,17
4.0503818733804,False,37,3.908793109087284,0.14158876429311595,17
4.085801546194932,False,38,4.0503818733804,0.03541967281453218,17
4.097697860561715,False,39,4.085801546194932,0.0118963143667834,17
3.9701930603607942,False,40,4.097697860561715,-0.12750480020092114,17
4.0780848945689705,False,41,3.9701930603607942,0.10789183420817627,17
4.05994190145687,False,42,4.0780848945689705,-0.018142993112100214,17
4.046540551340818,False,43,4.05994190145687,-0.01340135011605259,17
4.056514998578774,False,44,4.046540551340818,0.009974447237956596,17
4.013019242338149,False,45,4.056514998578774,-0.04349575624062485,17
4.011221140074582,False,46,4.013019242338149,-0.0017981022635673582,17
4.082834584013444,False,47,4.011221140074582,0.07161344393886182,17
4.012926111244288,False,48,4.082834584013444,-0.06990847276915613,17
4.09484583735979,False,49,4.012926111244288,0.08191972611550202,17
3.9535527633741854,False,50,4.09484583735979,-0.14129307398560442,17
3.9626419707396154,False,51,3.9535527633741854,0.009089207365430063,17
3.9957298602028364,False,52,3.9626419707396154,0.03308788946322094,17
3.9735952467606417,False,53,3.9957298602028364,-0.022134613442194695,17
4.017022131154028,False,54,3.9735952467606417,0.04342688439338627,17
3.901001104037676,False,55,4.017022131154028,-0.11602102711635176,17
3.9895905622286545,False,56,3.901001104037676,0.0885894581909783,17
3.9853625157627235,False,57,3.9895905622286545,-0.004228046465931001,17
3.9623934544067865,False,58,3.9853625157627235,-0.022969061355937015,17
3.9405685782110966,False,59,3.9623934544067865,-0.021824876195689846,17
3.9795033269277544,False,60,3.9405685782110966,0.03893474871665781,17
4.053933342251886,False,61,3.9795033269277544,0.07443001532413174,17
4.088025125170923,False,62,4.053933342251886,0.03409178291903725,17
3.9905915325035672,False,63,4.088025125170923,-0.09743359266735618,17
3.9312872172525077,False,64,3.9905915325035672,-0.0593043152510595,17
3.945310163140113,False,65,3.9312872172525077,0.014022945887605331,17
4.001391257229203,False,66,3.945310163140113,0.05608109408909012,17
3.917542732176603,False,67,4.001391257229203,-0.08384852505260021,17
3.9541886427555535,False,68,3.917542732176603,0.0366459105789505,17
3.9551740152988013,False,69,3.9541886427555535,0.00098537254324782,17
3.958675867301545,False,70,3.9551740152988013,0.003501852002743888,17
3.953809372511067,False,71,3.958675867301545,-0.004866494790478182,17
3.9190353266699773,False,72,3.953809372511067,-0.034774045841089674,17
4.0485392435235825,False,73,3.9190353266699773,0.12950391685360518,17
4.062821273804261,False,74,4.0485392435235825,0.014282030280678093,17
3.98935079809452,False,75,4.062821273804261,-0.07347047570974041,17
3.915152577494709,False,76,3.98935079809452,-0.0741982205998113,17
4.067891397341777,False,77,3.915152577494709,0.15273881984706783,17
3.9747889860196572,False,78,4.067891397341777,-0.0931024113221195,17
4.030558732865359,False,79,3.9747889860196572,0.05576974684570146,17
4.090163890883366,False,80,4.030558732865359,0.05960515801800703,17
4.067907022091454,False,81,4.090163890883366,-0.0222568687919118,17
4.029689537530567,False,82,4.067907022091454,-0.038217484560886916,17
4.005471122400317,False,83,4.029689537530567,-0.024218415130249582,17
4.050194146253612,False,84,4.005471122400317,0.04472302385329474,17
3.916981888477121,False,85,4.050194146253612,-0.13321225777649115,17
3.9955042713294424,False,86,3.916981888477121,0.07852238285232138,17
3.9913988491036676,False,87,3.9955042713294424,-0.004105422225774813,17
4.056312019203234,False,88,3.9913988491036676,0.06491317009956621,17
4.0959502735441164,False,89,4.056312019203234,0.03963825434088264,17
4.017207206430263,False,90,4.0959502735441164,-0.07874306711385337,17
4.0494558280314354,False,91,4.017207206430263,0.03224862160117237,17
3.9752824150047577,False,92,4.0494558280314354,-0.07417341302667779,17
4.067352748354869,False,93,3.9752824150047577,0.09207033335011161,17
4.026306563230908,False,94,4.067352748354869,-0.04104618512396119,17
3.9950145312556864,False,95,4.026306563230908,-0.03129203197522168,17
4.004302933654621,False,96,3.9950145312556864,0.009288402398934803,17
4.002345497589921,False,97,4.004302933654621,-0.001957436064699891,17
3.932347605032511,False,98,4.002345497589921,-0.06999789255741051,17
4.009962749534076,False,99,3.932347605032511,0.07761514450156559,17
4.056594169608117,True,100,4.009962749534076,0.046631420074040975,17
4.276585580451393,True,101,4.056594169608117,0.21999141084327523,17
4.472690452201901,True,102,4.276585580451393,0.19610487175050828,17
4.517269658021634,True,103,4.472690452201901,0.0445792058197334,17
4.803997588248203,True,104,4.517269658021634,0.2867279302265686,17
4.909893128702533,True,105,4.803997588248203,0.10589554045433047,17
5.152788877272146,True,106,4.909893128702533,0.24289574856961238,17
5.178132908170494,True,107,5.152788877272146,0.025344030898348358,17
5.479999818757785,True,108,5.178132908170494,0.3018669105872913,17
5.559746456848997,True,109,5.479999818757785,0.07974663809121196,17
5.689248968903519,True,110,5.559746456848997,0.1295025120545219,17
5.869733719784701,True,111,5.689248968903519,0.180484750881182,17
6.090406419055352,True,112,5.869733719784701,0.2206726992706507,17
6.323714884945637,True,113,6.090406419055352,0.23330846589028464,17
6.41640703831393,True,114,6.323714884945637,0.09269215336829362,17
6.566094295365011,True,115,6.41640703831393,0.149687257051081,17
6.788071373254617,True,116,6.566094295365011,0.22197707788960575,17
6.973298680526108,True,117,6.788071373254617,0.18522730727149117,17
7.024279182621883,True,118,6.973298680526108,0.05098050209577476,17
7.343574525304056,True,119,7.024279182621883,0.31929534268217274,17
7.475810477550204,True,120,7.343574525304056,0.13223595224614826,17
7.6215936044159145,True,121,7.475810477550204,0.1457831268657106,17
7.6798114083738644,True,122,7.6215936044159145,0.058217803957949954,17
7.968414181356929,True,123,7.6798114083738644,0.28860277298306425,17
8.116865915521172,True,124,7.968414181356929,0.14845173416424373,17
8.176893453221332,True,125,8.116865915521172,0.06002753770015978,17
8.359540669271226,True,126,8.176893453221332,0.18264721604989376,17
8.538034494354568,True,127,8.359540669271226,0.17849382508334166,17
8.655941301212104,True,128,8.538034494354568,0.11790680685753685,17
8.804372868297996,True,129,8.655941301212104,0.14843156708589156,17
9.026932531591312,True,130,8.804372868297996,0.22255966329331578,17
9.233013710563489,True,131,9.026932531591312,0.20608117897217682,17
9.416632449451445,True,132,9.233013710563489,0.1836187388879562,17
9.504958514349466,True,133,9.416632449451445,0.08832606489802153,17
9.738551397858096,True,134,9.504958514349466,0.2335928835086296,17
9.905731784897299,True,135,9.738551397858096,0.16718038703920257,17
10.060683969632832,True,136,9.905731784897299,0.1549521847355333,17
10.144391104348506,True,137,10.060683969632832,0.0837071347156737,17
10.271379867530284,True,138,10.144391104348506,0.1269887631817781,17
10.438666381619283,True,139,10.271379867530284,0.16728651408899964,17
10.699202531728659,True,140,10.438666381619283,0.2605361501093757,17
10.774210400319694,True,141,10.699202531728659,0.07500786859103492,17
10.91681988907124,True,142,10.774210400319694,0.1426094887515461,17
11.077223934163747,True,143,10.91681988907124,0.16040404509250727,17
11.301417048718646,True,144,11.077223934163747,0.22419311455489854,17
11.5170131700698,True,145,11.301417048718646,0.21559612135115458,17
11.69728299909639,True,146,11.5170131700698,0.18026982902658872,17
11.818631154166543,True,147,11.69728299909639,0.1213481550701534,17
11.94206483359879,True,148,11.818631154166543,0.1234336794322477,17
12.136056117621374,True,149,11.94206483359879,0.1939912840225837,17
12.353315664751616,True,150,12.136056117621374,0.21725954713024187,17
12.480482948518222,True,151,12.353315664751616,0.1271672837666067,17
12.553610229670042,True,152,12.480482948518222,0.07312728115181955,17
12.842520902616195,True,153,12.553610229670042,0.28891067294615347,17
12.994049528141732,True,154,12.842520902616195,0.15152862552553614,17
13.161160617992962,True,155,12.994049528141732,0.1671110898512307,17
13.299327140172885,True,156,13.161160617992962,0.13816652217992242,17
13.403341813918649,True,157,13.299327140172885,0.10401467374576434,17
13.614684231566665,True,158,13.403341813918649,0.21134241764801587,17
13.768131727177396,True,159,13.614684231566665,0.153447495610731,17
13.923768867277118,True,160,13.768131727177396,0.15563714009972252,17
14.169726316188704,True,161,13.923768867277118,0.24595744891158589,17
14.348339325640271,True,162,14.169726316188704,0.178613009451567,17
14.358762141904592,True,163,14.348339325640271,0.01042281626432029,17
14.521003461254153,True,164,14.358762141904592,0.16224131934956176,17
14.74803540038314,True,165,14.521003461254153,0.22703193912898634,17
14.793608609309661,True,166,14.74803540038314,0.0455732089265215,17
15.100582529517489,True,167,14.793608609309661,0.30697392020782743,17
15.258221412002998,True,168,15.100582529517489,0.15763888248550906,17
15.371392213625048,True,169,15.258221412002998,0.11317080162205073,17
15.651825616634529,True,170,15.371392213625048,0.2804334030094804,17
15.755043705358323,True,171,15.651825616634529,0.10321808872379457,17
15.979227309695279,True,172,15.755043705358323,0.2241836043369556,17
16.019257916982244,True,173,15.979227309695279,0.04003060728696539,17
16.13553400514795,True,174,16.019257916982244,0.116276088165705,17
16.3414268395689,True,175,16.13553400514795,0.20589283442095052,17
16.55765858443242,True,176,16.3414268395689,0.2162317448635207,17
16.802598459123796,True,177,16.55765858443242,0.2449398746913758,17
16.817375161439628,True,178,16.802598459123796,0.014776702315831614,17
17.132953261449366,True,179,16.817375161439628,0.31557810000973774,17
17.20228343680211,True,180,17.132953261449366,0.06933017535274288,17
17.44034892443974,True,181,17.20228343680211,0.23806548763763047,17
17.578976790421283,True,182,17.44034892443974,0.13862786598154386,17
17.80730903736447,True,183,17.578976790421283,0.22833224694318588,17
17.86679078620745,True,184,17.80730903736447,0.05948174884298041,17
18.12541804403868,True,185,17.86679078620745,0.258627257831229,17
18.287883636346994,True,186,18.12541804403868,0.16246559230831537,17
18.43143638907903,True,187,18.287883636346994,0.1435527527320346,17
18.58319770151614,True,188,18.43143638907903,0.1517613124371131,17
18.797545824333277,True,189,18.58319770151614,0.21434812281713533,17
18.946743613798642,True,190,18.797545824333277,0.1491977894653651,17
19.022148861502437,True,191,18.946743613798642,0.0754052477037952,17
19.151668827119828,True,192,19.022148861502437,0.12951996561739065,17
19.361371479988282,True,193,19.151668827119828,0.20970265286845446,17
19.619078634303072,True,194,19.361371479988282,0.2577071543147902,17
19.74199803920344,True,195,19.619078634303072,0.12291940490036879,17
19.864396923600275,True,196,19.74199803920344,0.12239888439683355,17
20.0,False,197,19.864396923600275,0.13560307639972535,17
20.0,False,198,20.0,0.0,17
20.0,False,199,20.0,0.0,17
20.0,False,200,20.0,0.0,17
19.916480806878116,False,201,20.0,-0.08351919312188372,17
19.933883695097887,False,202,19.916480806878116,0.01740288821977032,17
20.0,False,203,19.933883695097887,0.0661163049021134,17
19.93671717726603,False,204,20.0,-0.06328282273397079,17
20.0,False,205,19.93671717726603,0.06328282273397079,17
19.979483807449547,False,206,20.0,-0.020516192550452672,17
20.0,False,207,19.979483807449547,0.020516192550452672,17
20.0,False,208,20.0,0.0,17
20.0,False,209,20.0,0.0,17
19.954135304179886,False,210,20.0,-0.04586469582011432,17
20.0,False,211,19.954135304179886,0.04586469582011432,17
19.957176623575457,False,212,20.0,-0.04282337642454337,17
20.0,False,213,19.957176623575457,0.04282337642454337,17
19.97772348763961,False,214,20.0,-0.022276512360388523,17
20.0,False,215,19.97772348763961,0.022276512360388523,17
19.9172394517468,False,216,20.0,-0.08276054825320145,17
20.0,False,217,19.9172394517468,0.08276054825320145,17
20.0,False,218,20.0,0.0,17
20.0,False,219,20.0,0.0,17
19.93343833313327,False,220,20.0,-0.06656166686672904,17
19.921730828279546,False,221,19.93343833313327,-0.011707504853724515,17
19.91860208517371,False,222,19.921730828279546,-0.003128743105836662,17
19.99953207186367,False,223,19.91860208517371,0.08092998668995932,17
20.0,False,224,19.99953207186367,0.00046792813633089736,17
19.966577789295915,False,225,20.0,-0.03342221070408513,17
20.0,False,226,19.966577789295915,0.03342221070408513,17
20.0,False,227,20.0,0.0,17
19.919168582878665,False,228,20.0,-0.08083141712133468,17
20.0,False,229,19.919168582878665,0.08083141712133468,17
19.93408737163808,False,230,20.0,-0.06591262836192158,17
19.962174723843397,False,231,19.93408737163808,0.02808735220531844,17
19.909951853812004,False,232,19.962174723843397,-0.05222287003139314,17
19.9089764507487,False,233,19.909951853812004,-0.0009754030633040145,17
20.0,False,234,19.9089764507487,0.0910235492513003,17
20.0,False,235,20.0,0.0,17
19.94433620491267,False,236,20.0,-0.055663795087330215,17
19.90299528794776,False,237,19.94433620491267,-0.04134091696490927,17
20.0,False,238,19.90299528794776,0.09700471205223948,17
19.987839957714968,False,239,20.0,-0.012160042285032091,17
20.0,False,240,19.987839957714968,0.012160042285032091,17
19.92314295703241,False,241,20.0,-0.076857042967589,17
19.995981792476158,False,242,19.92314295703241,0.07283883544374703,17
19.947683595814315,False,243,19.995981792476158,-0.04829819666184321,17
20.0,False,244,19.947683595814315,0.05231640418568517,17
20.0,False,245,20.0,0.0,17
19.947072047221084,False,246,20.0,-0.05292795277891571,17
19.94680144550242,False,247,19.947072047221084,-0.00027060171866466476,17
20.0,False,248,19.94680144550242,0.053198554497580375,17
19.91905534785801,False,249,20.0,-0.08094465214199076,17
20.0,False,250,19.91905534785801,0.08094465214199076,17
20.0,False,251,20.0,0.0,17
19.9307183029712,False,252,20.0,-0.06928169702879927,17
20.0,False,253,19.9307183029712,0.06928169702879927,17
20.0,False,254,20.0,0.0,17
20.0,False,255,20.0,0.0,17
19.940908852981266,False,256,20.0,-0.059091147018733636,17
19.967589837608408,False,257,19.940908852981266,0.026680984627141413,17
19.988169212868094,False,258,19.967589837608408,0.020579375259686117,17
19.916297145999206,False,259,19.988169212868094,-0.07187206686888814,17
20.0,False,260,19.916297145999206,0.08370285400079425,17
20.0,False,261,20.0,0.0,17
20.0,False,262,20.0,0.0,17
19.941708591665137,False,263,20.0,-0.05829140833486335,17
20.0,False,264,19.941708591665137,0.05829140833486335,17
20.0,False,265,20.0,0.0,17
20.0,False,266,20.0,0.0,17
20.0,False,267,20.0,0.0,17
19.94906068008343,False,268,20.0,-0.0509393199165693,17
20.0,False,269,19.94906068008343,0.0509393199165693,17
19.970429802223517,False,270,20.0,-0.029570197776482843,17
19.991265451667722,False,271,19.970429802223517,0.020835649444205018,17
20.0,False,272,19.991265451667722,0.008734548332277825,17
20.0,False,273,20.0,0.0,17
19.924793611943247,False,274,20.0,-0.07520638805675262,17
19.958496111746612,False,275,19.924793611943247,0.033702499803364816,17
20.0,False,276,19.958496111746612,0.0415038882533878,17
20.0,False,277,20.0,0.0,17
19.909071515908007,False,278,20.0,-0.09092848409199306,17
19.959700862470584,False,279,19.909071515908007,0.05062934656257667,17
20.0,False,280,19.959700862470584,0.040299137529416384,17
20.0,False,281,20.0,0.0,17
20.0,False,282,20.0,0.0,17
20.0,False,283,20.0,0.0,17
20.0,False,284,20.0,0.0,17
20.0,False,285,20.0,0.0,17
20.0,False,286,20.0,0.0,17
20.0,False,287,20.0,0.0,17
20.0,False,288,20.0,0.0,17
20.0,False,289,20.0,0.0,17
20.0,False,290,20.0,0.0,17
19.915309619683715,False,291,20.0,-0.08469038031628529,17
20.0,False,292,19.915309619683715,0.08469038031628529,17
19.996082342010602,False,293,20.0,-0.003917657989397583,17
20.0,False,294,19.996082342010602,0.003917657989397583,17
19.94203848619149,False,295,20.0,-0.057961513808511,17
20.0,False,296,19.94203848619149,0.057961513808511,17
20.0,False,297,20.0,0.0,17
19.946830206605004,False,298,20.0,-0.05316979339499639,17
20.0,False,299,19.946830206605004,0.05316979339499639,17
4.001149135143473,False,0,0.0,0.0,18
3.993595221403737,False,1,4.001149135143473,-0.007553913739736018,18
4.058814666261349,False,2,3.993595221403737,0.065219444857612,18
4.027682412123506,False,3,4.058814666261349,-0.031132254137842708,18
4.0807744701891915,False,4,4.027682412123506,0.053092058065685066,18
3.9855662587379044,False,5,4.0807744701891915,-0.0952082114512871,18
4.0088469863387814,False,6,3.9855662587379044,0.02328072760087707,18
4.027103858800528,False,7,4.0088469863387814,0.018256872461746454,18
3.9142363466160357,False,8,4.027103858800528,-0.1128675121844922,18
4.06719813090491,False,9,3.9142363466160357,0.15296178428887464,18
4.031354810541572,False,10,4.06719813090491,-0.03584332036333837,18
4.04157728419953,False,11,4.031354810541572,0.01022247365795792,18
4.064458001323987,False,12,4.04157728419953,0.022880717124457384,18
4.067840894557337,False,13,4.064458001323987,0.0033828932333497264,18
4.003286546652832,False,14,4.067840894557337,-0.06455434790450543,18
3.9189839295334457,False,15,4.003286546652832,-0.08430261711938591,18
3.945699261138741,False,16,3.9189839295334457,0.02671533160529549,18
3.9515130849848985,False,17,3.945699261138741,0.005813823846157362,18
3.9550484906068926,False,18,3.9515130849848985,0.003535405621994059,18
3.9874588267260442,False,19,3.9550484906068926,0.03241033611915167,18
4.049349101220894,False,20,3.9874588267260442,0.06189027449484996,18
4.021369656322235,False,21,4.049349101220894,-0.027979444898659445,18
3.9525321144712304,False,22,4.021369656322235,-0.06883754185100432,18
4.064896641255796,False,23,3.9525321144712304,0.11236452678456565,18
4.070608171906562,False,24,4.064896641255796,0.005711530650765795,18
3.9758604658892387,False,25,4.070608171906562,-0.09474770601732319,18
3.966340310182737,False,26,3.9758604658892387,-0.009520155706501665,18
3.9711748769539206,False,27,3.966340310182737,0.004834566771183546,18
4.041042640752383,False,28,3.9711748769539206,0.06986776379846216,18
4.068544932657722,False,29,4.041042640752383,0.02750229190533915,18
4.087720906619506,False,30,4.068544932657722,0.019175973961783832,18
3.949079682547107,False,31,4.087720906619506,-0.13864122407239865,18
4.031303200372155,False,32,3.949079682547107,0.08222351782504767,18
3.969541405813536,False,33,4.031303200372155,-0.06176179455861863,18
3.977965533675461,False,34,3.969541405813536,0.008424127861924813,18
4.077479985427084,False,35,3.977965533675461,0.09951445175162332,18
4.035588436926963,False,36,4.077479985427084,-0.041891548500121445,18
3.9579999987312107,False,37,4.035588436926963,-0.07758843819575212,18
4.006614642818172,False,38,3.9579999987312107,0.048614644086961256,18
3.9915538991983093,False,39,4.006614642818172,-0.015060743619862649,18
4.086344777147996,False,40,3.9915538991983093,0.09479087794968688,18
4.073290471018558,False,41,4.086344777147996,-0.013054306129438586,18
4.0995361926761795,False,42,4.073290471018558,0.026245721657621957,18
3.901657312324712,False,43,4.0995361926761795,-0.1978788803514675,18
3.9410791990277647,False,44,3.901657312324712,0.03942188670305269,18
3.927086930500511,False,45,3.9410791990277647,-0.01399226852725377,18
3.9258677159123603,False,46,3.927086930500511,-0.0012192145881506633,18
4.026655574322547,False,47,3.9258677159123603,0.10078785841018645,18
4.074228173005561,False,48,4.026655574322547,0.047572598683014,18
3.947939850630183,False,49,4.074228173005561,-0.12628832237537768,18
3.99571179348045,False,50,3.947939850630183,0.04777194285026676,18
3.9751472292233974,False,51,3.99571179348045,-0.020564564257052442,18
3.95991412522206,False,52,3.9751472292233974,-0.01523310400133715,18
3.9578148398915363,False,53,3.95991412522206,-0.002099285330523948,18
4.016505176864843,False,54,3.9578148398915363,0.058690336973306945,18
3.9790091173860116,False,55,4.016505176864843,-0.03749605947883161,18
4.041326631253364,False,56,3.9790091173860116,0.0623175138673524,18
4.013107601543942,False,57,4.041326631253364,-0.028219029709421584,18
3.9519693719868307,False,58,4.013107601543942,-0.06113822955711168,18
4.044793318177305,False,59,3.9519693719868307,0.09282394619047452,18
4.063402600803055,False,60,4.044793318177305,0.018609282625750012,18
3.960433079385278,False,61,4.063402600803055,-0.10296952141777727,18
4.017932443858903,False,62,3.960433079385278,0.05749936447362458,18
3.9172706914242585,False,63,4.017932443858903,-0.10066175243464404,18
4.061169567365066,False,64,3.9172706914242585,0.14389887594080708,18
3.9404114928703162,False,65,4.061169567365066,-0.1207580744947494,18
3.9030593226579398,False,66,3.9404114928703162,-0.03735217021237647,18
3.901336819494631,False,67,3.9030593226579398,-0.0017225031633087973,18
4.067350678766775,False,68,3.901336819494631,0.16601385927214363,18
4.061413652593258,False,69,4.067350678766775,-0.0059370261735169905,18
4.04681260950492,False,70,4.061413652593258,-0.014601043088337207,18
3.950764245782399,False,71,4.04681260950492,-0.09604836372252157,18
3.9973281335168953,False,72,3.950764245782399,0.04656388773449649,18
3.939114968557204,False,73,3.9973281335168953,-0.05821316495969109,18
3.92015316803874,False,74,3.939114968557204,-0.01896180051846441,18
4.003539172251478,False,75,3.92015316803874,0.08338600421273812,18
3.946156493203818,False,76,4.003539172251478,-0.057382679047659924,18
4.052160622211538,False,77,3.946156493203818,0.10600412900772005,18
4.046053843422452,False,78,4.052160622211538,-0.006106778789086498,18
3.9679973176277024,False,79,4.046053843422452,-0.0780565257947492,18
4.018101201696697,False,80,3.9679973176277024,0.05010388406899491,18
4.089798011947248,False,81,4.018101201696697,0.07169681025055041,18
4.032034335025398,False,82,4.089798011947248,-0.057763676921849694,18
3.9672027108268333,False,83,4.032034335025398,-0.0648316241985647,18
4.052637818258786,False,84,3.9672027108268333,0.0854351074319526,18
4.076735830664296,False,85,4.052637818258786,0.024098012405509905,18
4.047482480925524,False,86,4.076735830664296,-0.029253349738771917,18
4.044122751236017,False,87,4.047482480925524,-0.0033597296895067075,18
3.974246278545549,False,88,4.044122751236017,-0.06987647269046837,18
3.9056584557240583,False,89,3.974246278545549,-0.06858782282149045,18
3.9275009371227454,False,90,3.9056584557240583,0.021842481398687053,18
3.9972608237099023,False,91,3.9275009371227454,0.06975988658715693,18
4.083703391037198,False,92,3.9972608237099023,0.08644256732729572,18
4.032831847223028,False,93,4.083703391037198,-0.05087154381417047,18
3.987898057937181,False,94,4.032831847223028,-0.04493378928584635,18
4.022610012628475,False,95,3.987898057937181,0.03471195469129418,18
4.048852487674428,False,96,4.022610012628475,0.026242475045952673,18
3.94240449148518,False,97,4.048852487674428,-0.10644799618924816,18
3.922266405009536,False,98,3.94240449148518,-0.020138086475643746,18
4.045837225364598,False,99,3.922266405009536,0.12357082035506162,18
4.269393125743396,True,100,4.045837225364598,0.22355590037879836,18
4.552574857015733,True,101,4.269393125743396,0.2831817312723368,18
4.9512068741386015,True,102,4.552574857015733,0.39863201712286855,18
5.241864348228682,True,103,4.9512068741386015,0.29065747409008047,18
5.534535801894048,True,104,5.241864348228682,0.29267145366536607,18
5.955362952848973,True,105,5.534535801894048,0.42082715095492507,18
6.300721882964423,True,106,5.955362952848973,0.3453589301154496,18
6.671763105674381,True,107,6.300721882964423,0.371041222709958,18
6.899494209591341,True,108,6.671763105674381,0.22773110391696072,18
7.169037613559718,True,109,6.899494209591341,0.2695434039683766,18
7.63098064016528,True,110,7.169037613559718,0.46194302660556197,18
7.873683103466785,True,111,7.63098064016528,0.24270246330150513,18
8.150033310426231,True,112,7.873683103466785,0.2763502069594459,18
8.581862386830407,True,113,8.150033310426231,0.4318290764041759,18
8.951834061256548,True,114,8.581862386830407,0.3699716744261412,18
9.234431165024626,True,115,8.951834061256548,0.2825971037680777,18
9.535250111097243,True,116,9.234431165024626,0.30081894607261717,18
9.986436028218579,True,117,9.535250111097243,0.45118591712133593,18
10.204582171517568,True,118,9.986436028218579,0.21814614329898951,18
10.459908764244192,True,119,10.204582171517568,0.2553265927266235,18
10.846254613339761,True,120,10.459908764244192,0.38634584909556935,18
11.179490563537302,True,121,10.846254613339761,0.3332359501975404,18
11.514862719532397,True,122,11.179490563537302,0.3353721559950955,18
11.910024762510071,True,123,11.514862719532397,0.3951620429776739,18
12.255302296449102,True,124,11.910024762510071,0.34527753393903104,18
12.424956314495722,True,125,12.255302296449102,0.16965401804661973,18
12.82695698255867,True,126,12.424956314495722,0.4020006680629482,18
13.193888891254813,True,127,12.82695698255867,0.36693190869614334,18
13.465316849739844,True,128,13.193888891254813,0.271427958485031,18
13.861701754232529,True,129,13.465316849739844,0.3963849044926846,18
14.222078226006047,True,130,13.861701754232529,0.3603764717735185,18
14.539360601168074,True,131,14.222078226006047,0.3172823751620264,18
14.771059224338414,True,132,14.539360601168074,0.23169862317033996,18
15.181613052514749,True,133,14.771059224338414,0.4105538281763348,18
15.565441104348933,True,134,15.181613052514749,0.38382805183418434,18
15.809299323584264,True,135,15.565441104348933,0.24385821923533157,18
16.169370298202484,True,136,15.809299323584264,0.36007097461821935,18
16.524834295984576,True,137,16.169370298202484,0.3554639977820919,18
16.75499277162643,True,138,16.524834295984576,0.2301584756418542,18
17.033868761497036,True,139,16.75499277162643,0.27887598987060613,18
17.38751598303685,True,140,17.033868761497036,0.35364722153981276,18
17.652860917818508,True,141,17.38751598303685,0.265344934781659,18
17.91775570411264,True,142,17.652860917818508,0.264894786294132,18
18.35265806614706,True,143,17.91775570411264,0.43490236203442123,18
18.601182986701538,True,144,18.35265806614706,0.24852492055447684,18
19.03038664712368,True,145,18.601182986701538,0.429203660422143,18
19.396769863478283,True,146,19.03038664712368,0.3663832163546026,18
19.52718014499624,True,147,19.396769863478283,0.13041028151795686,18
19.90844510323772,True,148,19.52718014499624,0.38126495824148066,18
20.0,False,149,19.90844510323772,0.09155489676227901,18
20.0,False,150,20.0,0.0,18
20.0,False,151,20.0,0.0,18
20.0,False,152,20.0,0.0,18
20.0,False,153,20.0,0.0,18
20.0,False,154,20.0,0.0,18
20.0,False,155,20.0,0.0,18
20.0,False,156,20.0,0.0,18
20.0,False,157,20.0,0.0,18
20.0,False,158,20.0,0.0,18
20.0,False,159,20.0,0.0,18
20.0,False,160,20.0,0.0,18
20.0,False,161,20.0,0.0,18
20.0,False,162,20.0,0.0,18
20.0,False,163,20.0,0.0,18
20.0,False,164,20.0,0.0,18
20.0,False,165,20.0,0.0,18
20.0,False,166,20.0,0.0,18
20.0,False,167,20.0,0.0,18
20.0,False,168,20.0,0.0,18
20.0,False,169,20.0,0.0,18
20.0,False,170,20.0,0.0,18
20.0,False,171,20.0,0.0,18
20.0,False,172,20.0,0.0,18
20.0,False,173,20.0,0.0,18
20.0,False,174,20.0,0.0,18
20.0,False,175,20.0,0.0,18
20.0,False,176,20.0,0.0,18
20.0,False,177,20.0,0.0,18
20.0,False,178,20.0,0.0,18
20.0,False,179,20.0,0.0,18
20.0,False,180,20.0,0.0,18
20.0,False,181,20.0,0.0,18
20.0,False,182,20.0,0.0,18
20.0,False,183,20.0,0.0,18
20.0,False,184,20.0,0.0,18
20.0,False,185,20.0,0.0,18
20.0,False,186,20.0,0.0,18
20.0,False,187,20.0,0.0,18
20.0,False,188,20.0,0.0,18
20.0,False,189,20.0,0.0,18
20.0,False,190,20.0,0.0,18
20.0,False,191,20.0,0.0,18
20.0,False,192,20.0,0.0,18
20.0,False,193,20.0,0.0,18
20.0,False,194,20.0,0.0,18
20.0,False,195,20.0,0.0,18
20.0,False,196,20.0,0.0,18
20.0,False,197,20.0,0.0,18
20.0,False,198,20.0,0.0,18
20.0,False,199,20.0,0.0,18
20.0,False,200,20.0,0.0,18
19.930255082689747,False,201,20.0,-0.06974491731025267,18
20.0,False,202,19.930255082689747,0.06974491731025267,18
19.916260217367203,False,203,20.0,-0.08373978263279724,18
20.0,False,204,19.916260217367203,0.08373978263279724,18
20.0,False,205,20.0,0.0,18
20.0,False,206,20.0,0.0,18
19.95090727425037,False,207,20.0,-0.04909272574963097,18
20.0,False,208,19.95090727425037,0.04909272574963097,18
19.938906638171343,False,209,20.0,-0.06109336182865732,18
19.946808760987622,False,210,19.938906638171343,0.007902122816279444,18
19.963280140007047,False,211,19.946808760987622,0.01647137901942486,18
20.0,False,212,19.963280140007047,0.03671985999295302,18
19.910583924438935,False,213,20.0,-0.0894160755610649,18
19.910954586673885,False,214,19.910583924438935,0.0003706622349497479,18
20.0,False,215,19.910954586673885,0.08904541332611515,18
19.902781206005574,False,216,20.0,-0.09721879399442557,18
19.91817346514603,False,217,19.902781206005574,0.015392259140455167,18
19.926536263680827,False,218,19.91817346514603,0.008362798534797378,18
20.0,False,219,19.926536263680827,0.07346373631917302,18
20.0,False,220,20.0,0.0,18
20.0,False,221,20.0,0.0,18
19.969664942457033,False,222,20.0,-0.030335057542966837,18
20.0,False,223,19.969664942457033,0.030335057542966837,18
19.984216112863983,False,224,20.0,-0.015783887136016972,18
20.0,False,225,19.984216112863983,0.015783887136016972,18
19.990073285670974,False,226,20.0,-0.009926714329026254,18
20.0,False,227,19.990073285670974,0.009926714329026254,18
20.0,False,228,20.0,0.0,18
19.95543019920977,False,229,20.0,-0.04456980079023154,18
19.99910522937032,False,230,19.95543019920977,0.043675030160549966,18
20.0,False,231,19.99910522937032,0.0008947706296815738,18
19.94465736948513,False,232,20.0,-0.05534263051486832,18
19.983590510590624,False,233,19.94465736948513,0.03893314110549184,18
19.980493161623436,False,234,19.983590510590624,-0.0030973489671879406,18
19.94437320992045,False,235,19.980493161623436,-0.036119951702985986,18
20.0,False,236,19.94437320992045,0.0556267900795504,18
19.968692708184477,False,237,20.0,-0.03130729181552283,18
20.0,False,238,19.968692708184477,0.03130729181552283,18
20.0,False,239,20.0,0.0,18
19.97955491625089,False,240,20.0,-0.02044508374910947,18
20.0,False,241,19.97955491625089,0.02044508374910947,18
20.0,False,242,20.0,0.0,18
19.93650664095852,False,243,20.0,-0.06349335904148035,18
20.0,False,244,19.93650664095852,0.06349335904148035,18
20.0,False,245,20.0,0.0,18
19.93945611742862,False,246,20.0,-0.060543882571380436,18
19.929845856991463,False,247,19.93945611742862,-0.009610260437156626,18
20.0,False,248,19.929845856991463,0.07015414300853706,18
20.0,False,249,20.0,0.0,18
19.909521831421415,False,250,20.0,-0.09047816857858493,18
20.0,False,251,19.909521831421415,0.09047816857858493,18
19.95655327017542,False,252,20.0,-0.04344672982458064,18
19.904172988107714,False,253,19.95655327017542,-0.05238028206770551,18
20.0,False,254,19.904172988107714,0.09582701189228615,18
20.0,False,255,20.0,0.0,18
20.0,False,256,20.0,0.0,18
20.0,False,257,20.0,0.0,18
20.0,False,258,20.0,0.0,18
19.99306413725802,False,259,20.0,-0.006935862741979548,18
19.916151586295264,False,260,19.99306413725802,-0.0769125509627564,18
19.954877548089033,False,261,19.916151586295264,0.038725961793769414,18
19.96877050423302,False,262,19.954877548089033,0.013892956143987334,18
20.0,False,263,19.96877050423302,0.0312294957669792,18
19.942220314029893,False,264,20.0,-0.05777968597010741,18
20.0,False,265,19.942220314029893,0.05777968597010741,18
20.0,False,266,20.0,0.0,18
20.0,False,267,20.0,0.0,18
20.0,False,268,20.0,0.0,18
20.0,False,269,20.0,0.0,18
20.0,False,270,20.0,0.0,18
19.905159081347033,False,271,20.0,-0.09484091865296662,18
19.92450565554479,False,272,19.905159081347033,0.019346574197758315,18
19.98391384898878,False,273,19.92450565554479,0.05940819344398918,18
19.91219778392502,False,274,19.98391384898878,-0.07171606506376094,18
20.0,False,275,19.91219778392502,0.08780221607498007,18
20.0,False,276,20.0,0.0,18
20.0,False,277,20.0,0.0,18
20.0,False,278,20.0,0.0,18
20.0,False,279,20.0,0.0,18
20.0,False,280,20.0,0.0,18
20.0,False,281,20.0,0.0,18
20.0,False,282,20.0,0.0,18
19.919871982123485,False,283,20.0,-0.08012801787651469,18
19.974924187412828,False,284,19.919871982123485,0.05505220528934274,18
19.943099995530417,False,285,19.974924187412828,-0.0318241918824107,18
19.98549831931588,False,286,19.943099995530417,0.04239832378546282,18
20.0,False,287,19.98549831931588,0.014501680684119833,18
20.0,False,288,20.0,0.0,18
20.0,False,289,20.0,0.0,18
19.905252946847117,False,290,20.0,-0.0947470531528829,18
20.0,False,291,19.905252946847117,0.0947470531528829,18
19.991381126915922,False,292,20.0,-0.00861887308407816,18
19.943695721334986,False,293,19.991381126915922,-0.04768540558093548,18
20.0,False,294,19.943695721334986,0.05630427866501364,18
20.0,False,295,20.0,0.0,18
19.9272221603528,False,296,20.0,-0.0727778396471983,18
19.977388183984228,False,297,19.9272221603528,0.050166023631426526,18
20.0,False,298,19.977388183984228,0.02261181601577178,18
20.0,False,299,20.0,0.0,18
3.942755504107217,False,0,0.0,0.0,19
4.039507700734893,False,1,3.942755504107217,0.09675219662767587,19
3.974148703242139,False,2,4.039507700734893,-0.06535899749275353,19
4.036404557449561,False,3,3.974148703242139,0.06225585420742208,19
4.057389454232256,False,4,4.036404557449561,0.020984896782694662,19
4.015325410104015,False,5,4.057389454232256,-0.042064044128241385,19
3.9729180929599663,False,6,4.015325410104015,-0.04240731714404822,19
3.922600284787171,False,7,3.9729180929599663,-0.05031780817279552,19
4.064994897356864,False,8,3.922600284787171,0.1423946125696931,19
4.043431093950575,False,9,4.064994897356864,-0.021563803406288606,19
3.9138227158853343,False,10,4.043431093950575,-0.12960837806524106,19
4.090843598790498,False,11,3.9138227158853343,0.17702088290516338,19
3.9858299597031572,False,12,4.090843598790498,-0.1050136390873404,19
4.061690717780157,False,13,3.9858299597031572,0.07586075807699943,19
4.055797467924832,False,14,4.061690717780157,-0.005893249855324356,19
4.027343997372921,False,15,4.055797467924832,-0.028453470551911053,19
3.955201010570452,False,16,4.027343997372921,-0.07214298680246944,19
3.9953373547673916,False,17,3.955201010570452,0.04013634419693979,19
4.070853616124577,False,18,3.9953373547673916,0.07551626135718514,19
3.913087177338517,False,19,4.070853616124577,-0.15776643878605956,19
4.000316649619399,False,20,3.913087177338517,0.08722947228088174,19
4.0632770877056945,False,21,4.000316649619399,0.06296043808629559,19
3.9683189259480094,False,22,4.0632770877056945,-0.09495816175768512,19
4.051036367016097,False,23,3.9683189259480094,0.08271744106808798,19
4.053881789407535,False,24,4.051036367016097,0.002845422391438035,19
4.0486121776253965,False,25,4.053881789407535,-0.005269611782138917,19
3.961633889655929,False,26,4.0486121776253965,-0.0869782879694676,19
4.0358069447390115,False,27,3.961633889655929,0.07417305508308258,19
3.9277767606323013,False,28,4.0358069447390115,-0.10803018410671017,19
3.956238398644393,False,29,3.9277767606323013,0.028461638012091672,19
3.9731850648517923,False,30,3.956238398644393,0.016946666207399375,19
3.9845755602240924,False,31,3.9731850648517923,0.01139049537230008,19
4.000140707810587,False,32,3.9845755602240924,0.015565147586494632,19
4.076786234306022,False,33,4.000140707810587,0.07664552649543488,19
4.061475189962913,False,34,4.076786234306022,-0.015311044343109259,19
4.080012329155119,False,35,4.061475189962913,0.018537139192206453,19
4.077601764130059,False,36,4.080012329155119,-0.0024105650250598742,19
3.980502725674764,False,37,4.077601764130059,-0.09709903845529544,19
4.043159007792272,False,38,3.980502725674764,0.06265628211750807,19
4.094397502949006,False,39,4.043159007792272,0.051238495156733954,19
3.9759685801383426,False,40,4.094397502949006,-0.1184289228106632,19
4.082642243249426,False,41,3.9759685801383426,0.10667366311108317,19
3.95199586105766,False,42,4.082642243249426,-0.13064638219176583,19
3.9407300253254625,False,43,3.95199586105766,-0.011265835732197527,19
3.938300727663421,False,44,3.9407300253254625,-0.002429297662041474,19
4.057058054115668,False,45,3.938300727663421,0.11875732645224701,19
3.949554842032292,False,46,4.057058054115668,-0.1075032120833761,19
3.986199084275025,False,47,3.949554842032292,0.03664424224273288,19
3.910616264247633,False,48,3.986199084275025,-0.07558282002739158,19
4.051071076601326,False,49,3.910616264247633,0.1404548123536924,19
3.9343997864164644,False,50,4.051071076601326,-0.11667129018486122,19
4.0367453372804984,False,51,3.9343997864164644,0.10234555086403407,19
3.9067068068558397,False,52,4.0367453372804984,-0.13003853042465874,19
4.032842012938325,False,53,3.9067068068558397,0.12613520608248496,19
3.994234069444012,False,54,4.032842012938325,-0.038607943494312735,19
3.9591025157027815,False,55,3.994234069444012,-0.03513155374123045,19
4.033921920564177,False,56,3.9591025157027815,0.07481940486139571,19
4.09914746605498,False,57,4.033921920564177,0.06522554549080262,19
4.032382554718252,False,58,4.09914746605498,-0.0667649113367279,19
3.974837334804498,False,59,4.032382554718252,-0.05754521991375405,19
3.9084591540580007,False,60,3.974837334804498,-0.06637818074649715,19
4.001293212762972,False,61,3.9084591540580007,0.09283405870497141,19
4.085376812875019,False,62,4.001293212762972,0.08408360011204685,19
3.932820223778831,False,63,4.085376812875019,-0.15255658909618797,19
3.993535106976379,False,64,3.932820223778831,0.06071488319754792,19
4.025982426993716,False,65,3.993535106976379,0.03244732001733697,19
3.9510122659539215,False,66,4.025982426993716,-0.07497016103979437,19
4.03545698396589,False,67,3.9510122659539215,0.08444471801196851,19
4.050775742058344,False,68,4.03545698396589,0.01531875809245431,19
4.085136949414988,False,69,4.050775742058344,0.0343612073566435,19
3.9018567708172864,False,70,4.085136949414988,-0.1832801785977014,19
4.043737037463382,False,71,3.9018567708172864,0.14188026664609543,19
3.9555297199310693,False,72,4.043737037463382,-0.08820731753231259,19
4.0799775502655535,False,73,3.9555297199310693,0.12444783033448426,19
3.913107019818062,False,74,4.0799775502655535,-0.16687053044749156,19
3.9433849449262395,False,75,3.913107019818062,0.030277925108177506,19
3.928171971930911,False,76,3.9433849449262395,-0.015212972995328311,19
3.9625470351281087,False,77,3.928171971930911,0.03437506319719752,19
4.066150874212157,False,78,3.9625470351281087,0.10360383908404858,19
3.90784164302037,False,79,4.066150874212157,-0.15830923119178708,19
4.018093119965698,False,80,3.90784164302037,0.110251476945328,19
3.9622343959918664,False,81,4.018093119965698,-0.055858723973831736,19
3.9230565596617124,False,82,3.9622343959918664,-0.03917783633015404,19
3.968535948201314,False,83,3.9230565596617124,0.04547938853960165,19
4.030424123058761,False,84,3.968535948201314,0.06188817485744735,19
3.9422808000367855,False,85,4.030424123058761,-0.08814332302197592,19
3.901288162321534,False,86,3.9422808000367855,-0.04099263771525141,19
4.068155420665523,False,87,3.901288162321534,0.16686725834398874,19
4.022965206677905,False,88,4.068155420665523,-0.04519021398761769,19
4.099208375575037,False,89,4.022965206677905,0.07624316889713167,19
3.921820508885701,False,90,4.099208375575037,-0.17738786668933582,19
4.062481794220397,False,91,3.921820508885701,0.14066128533469602,19
3.954988374398722,False,92,4.062481794220397,-0.10749341982167504,19
3.9634239045447233,False,93,3.954988374398722,0.008435530146001291,19
4.082948398067064,False,94,3.9634239045447233,0.11952449352234051,19
3.9911559102158463,False,95,4.082948398067064,-0.09179248785121752,19
3.9219878373314416,False,96,3.9911559102158463,-0.06916807288440463,19
4.040404143744265,False,97,3.9219878373314416,0.11841630641282341,19
4.007377572608231,False,98,4.040404143744265,-0.03302657113603402,19
3.911860622859701,False,99,4.007377572608231,-0.09551694974852998,19
4.2342254121372225,True,100,3.911860622859701,0.32236478927752144,19
4.692960454888572,True,101,4.2342254121372225,0.4587350427513499,19
4.814561829709123,True,102,4.692960454888572,0.12160137482055067,19
5.189308956465161,True,103,4.814561829709123,0.37474712675603783,19
5.482317898552645,True,104,5.189308956465161,0.29300894208748396,19
5.765293356724419,True,105,5.482317898552645,0.28297545817177383,19
6.2346308967558235,True,106,5.765293356724419,0.4693375400314048,19
6.429169559403498,True,107,6.2346308967558235,0.19453866264767417,19
6.683449517602285,True,108,6.429169559403498,0.25427995819878735,19
7.1204809263465485,True,109,6.683449517602285,0.4370314087442635,19
7.321341864987089,True,110,7.1204809263465485,0.2008609386405409,19
7.69055870198193,True,111,7.321341864987089,0.3692168369948403,19
7.879025123213134,True,112,7.69055870198193,0.1884664212312046,19
8.185278657663378,True,113,7.879025123213134,0.30625353445024395,19
8.658201333449444,True,114,8.185278657663378,0.47292267578606584,19
8.917116749279003,True,115,8.658201333449444,0.25891541582955924,19
9.210053217926225,True,116,8.917116749279003,0.29293646864722156,19
9.5229379151587,True,117,9.210053217926225,0.3128846972324748,19
9.825225606158073,True,118,9.5229379151587,0.302287690999373,19
10.066707702805802,True,119,9.825225606158073,0.24148209664772935,19
10.326572761791356,True,120,10.066707702805802,0.2598650589855538,19
10.572842389805603,True,121,10.326572761791356,0.24626962801424668,19
10.894370931576358,True,122,10.572842389805603,0.3215285417707552,19
11.278082620320323,True,123,10.894370931576358,0.3837116887439649,19
11.442551090117727,True,124,11.278082620320323,0.16446846979740393,19
11.799223865636492,True,125,11.442551090117727,0.3566727755187653,19
12.043471782938312,True,126,11.799223865636492,0.24424791730181994,19
12.480084224361173,True,127,12.043471782938312,0.43661244142286115,19
12.642468195044934,True,128,12.480084224361173,0.1623839706837611,19
12.904336092878863,True,129,12.642468195044934,0.2618678978339286,19
13.365557359976034,True,130,12.904336092878863,0.46122126709717115,19
13.472149659422278,True,131,13.365557359976034,0.10659229944624471,19
13.853403499122543,True,132,13.472149659422278,0.38125383970026405,19
14.147556567010138,True,133,13.853403499122543,0.29415306788759565,19
14.514336324264837,True,134,14.147556567010138,0.36677975725469913,19
14.776886452973873,True,135,14.514336324264837,0.2625501287090355,19
15.105746956077503,True,136,14.776886452973873,0.32886050310363046,19
15.401815465032586,True,137,15.105746956077503,0.2960685089550825,19
15.61195654501366,True,138,15.401815465032586,0.21014107998107434,19
15.975797447333385,True,139,15.61195654501366,0.36384090231972444,19
16.22879301737837,True,140,15.975797447333385,0.25299557004498396,19
16.455203218954367,True,141,16.22879301737837,0.22641020157599812,19
16.78788866341386,True,142,16.455203218954367,0.3326854444594929,19
17.220065090874012,True,143,16.78788866341386,0.4321764274601527,19
17.329365935970475,True,144,17.220065090874012,0.1093008450964632,19
17.69205048987866,True,145,17.329365935970475,0.3626845539081849,19
17.98915902583395,True,146,17.69205048987866,0.29710853595528874,19
18.216306306230212,True,147,17.98915902583395,0.22714728039626308,19
18.52253814252001,True,148,18.216306306230212,0.3062318362897969,19
18.91599227770404,True,149,18.52253814252001,0.3934541351840295,19
19.121527507611315,True,150,18.91599227770404,0.20553522990727657,19
19.547027811276365,True,151,19.121527507611315,0.42550030366505,19
19.91630492349661,True,152,19.547027811276365,0.36927711222024584,19
20.0,False,153,19.91630492349661,0.08369507650338903,19
20.0,False,154,20.0,0.0,19
20.0,False,155,20.0,0.0,19
20.0,False,156,20.0,0.0,19
20.0,False,157,20.0,0.0,19
20.0,False,158,20.0,0.0,19
20.0,False,159,20.0,0.0,19
20.0,False,160,20.0,0.0,19
20.0,False,161,20.0,0.0,19
20.0,False,162,20.0,0.0,19
20.0,False,163,20.0,0.0,19
20.0,False,164,20.0,0.0,19
20.0,False,165,20.0,0.0,19
20.0,False,166,20.0,0.0,19
20.0,False,167,20.0,0.0,19
20.0,False,168,20.0,0.0,19
20.0,False,169,20.0,0.0,19
20.0,False,170,20.0,0.0,19
20.0,False,171,20.0,0.0,19
20.0,False,172,20.0,0.0,19
20.0,False,173,20.0,0.0,19
20.0,False,174,20.0,0.0,19
20.0,False,175,20.0,0.0,19
20.0,False,176,20.0,0.0,19
20.0,False,177,20.0,0.0,19
20.0,False,178,20.0,0.0,19
20.0,False,179,20.0,0.0,19
20.0,False,180,20.0,0.0,19
20.0,False,181,20.0,0.0,19
20.0,False,182,20.0,0.0,19
20.0,False,183,20.0,0.0,19
20.0,False,184,20.0,0.0,19
20.0,False,185,20.0,0.0,19
20.0,False,186,20.0,0.0,19
20.0,False,187,20.0,0.0,19
20.0,False,188,20.0,0.0,19
20.0,False,189,20.0,0.0,19
20.0,False,190,20.0,0.0,19
20.0,False,191,20.0,0.0,19
20.0,False,192,20.0,0.0,19
20.0,False,193,20.0,0.0,19
20.0,False,194,20.0,0.0,19
20.0,False,195,20.0,0.0,19
20.0,False,196,20.0,0.0,19
20.0,False,197,20.0,0.0,19
20.0,False,198,20.0,0.0,19
20.0,False,199,20.0,0.0,19
20.0,False,200,20.0,0.0,19
19.94703520886179,False,201,20.0,-0.05296479113820851,19
20.0,False,202,19.94703520886179,0.05296479113820851,19
20.0,False,203,20.0,0.0,19
20.0,False,204,20.0,0.0,19
19.92919706310236,False,205,20.0,-0.07080293689763906,19
20.0,False,206,19.92919706310236,0.07080293689763906,19
19.99527340170057,False,207,20.0,-0.004726598299431117,19
20.0,False,208,19.99527340170057,0.004726598299431117,19
19.91873862825614,False,209,20.0,-0.08126137174386017,19
19.9013428039846,False,210,19.91873862825614,-0.01739582427153863,19
20.0,False,211,19.9013428039846,0.0986571960153988,19
20.0,False,212,20.0,0.0,19
19.95051795467341,False,213,20.0,-0.04948204532659162,19
20.0,False,214,19.95051795467341,0.04948204532659162,19
20.0,False,215,20.0,0.0,19
20.0,False,216,20.0,0.0,19
19.951156954996268,False,217,20.0,-0.048843045003732044,19
20.0,False,218,19.951156954996268,0.048843045003732044,19
20.0,False,219,20.0,0.0,19
20.0,False,220,20.0,0.0,19
20.0,False,221,20.0,0.0,19
20.0,False,222,20.0,0.0,19
20.0,False,223,20.0,0.0,19
20.0,False,224,20.0,0.0,19
19.920639817062796,False,225,20.0,-0.07936018293720437,19
20.0,False,226,19.920639817062796,0.07936018293720437,19
19.936569204520183,False,227,20.0,-0.06343079547981745,19
19.90624948057946,False,228,19.936569204520183,-0.030319723940721133,19
20.0,False,229,19.90624948057946,0.09375051942053858,19
19.965452503747695,False,230,20.0,-0.03454749625230491,19
20.0,False,231,19.965452503747695,0.03454749625230491,19
20.0,False,232,20.0,0.0,19
19.976218530844612,False,233,20.0,-0.023781469155387924,19
19.96173195884975,False,234,19.976218530844612,-0.014486571994861919,19
19.942392239774414,False,235,19.96173195884975,-0.019339719075336603,19
20.0,False,236,19.942392239774414,0.057607760225586446,19
20.0,False,237,20.0,0.0,19
19.933460246145376,False,238,20.0,-0.06653975385462374,19
20.0,False,239,19.933460246145376,0.06653975385462374,19
20.0,False,240,20.0,0.0,19
20.0,False,241,20.0,0.0,19
19.953832756952803,False,242,20.0,-0.046167243047197104,19
19.92604588821738,False,243,19.953832756952803,-0.027786868735422132,19
19.989450885557545,False,244,19.92604588821738,0.06340499734016447,19
20.0,False,245,19.989450885557545,0.010549114442454766,19
19.917748087474575,False,246,20.0,-0.0822519125254253,19
19.960869135795747,False,247,19.917748087474575,0.04312104832117214,19
20.0,False,248,19.960869135795747,0.03913086420425316,19
20.0,False,249,20.0,0.0,19
19.99415789024907,False,250,20.0,-0.0058421097509295805,19
20.0,False,251,19.99415789024907,0.0058421097509295805,19
19.919959871697564,False,252,20.0,-0.08004012830243568,19
19.9255797405852,False,253,19.919959871697564,0.005619868887634993,19
20.0,False,254,19.9255797405852,0.07442025941480068,19
20.0,False,255,20.0,0.0,19
20.0,False,256,20.0,0.0,19
19.90949358586558,False,257,20.0,-0.09050641413442051,19
19.93216148201196,False,258,19.90949358586558,0.02266789614638043,19
20.0,False,259,19.93216148201196,0.06783851798804008,19
19.984719061966473,False,260,20.0,-0.015280938033527036,19
19.9753771477503,False,261,19.984719061966473,-0.009341914216172142,19
20.0,False,262,19.9753771477503,0.02462285224969918,19
20.0,False,263,20.0,0.0,19
20.0,False,264,20.0,0.0,19
19.927642332790136,False,265,20.0,-0.07235766720986447,19
19.959052015250162,False,266,19.927642332790136,0.03140968246002629,19
19.999933928269307,False,267,19.959052015250162,0.040881913019145344,19
19.92124877270825,False,268,19.999933928269307,-0.07868515556105748,19
19.978374940712285,False,269,19.92124877270825,0.057126168004035804,19
19.972252840899944,False,270,19.978374940712285,-0.00612209981234102,19
19.947650723664786,False,271,19.972252840899944,-0.02460211723515826,19
19.950185526917284,False,272,19.947650723664786,0.002534803252498108,19
20.0,False,273,19.950185526917284,0.04981447308271569,19
19.957071793713297,False,274,20.0,-0.04292820628670313,19
20.0,False,275,19.957071793713297,0.04292820628670313,19
20.0,False,276,20.0,0.0,19
19.946364231738077,False,277,20.0,-0.05363576826192329,19
19.998767461466127,False,278,19.946364231738077,0.052403229728049894,19
20.0,False,279,19.998767461466127,0.0012325385338733952,19
20.0,False,280,20.0,0.0,19
19.934407251528736,False,281,20.0,-0.06559274847126417,19
19.915422339784552,False,282,19.934407251528736,-0.01898491174418382,19
19.92093035997477,False,283,19.915422339784552,0.005508020190216456,19
19.964865639811503,False,284,19.92093035997477,0.04393527983673451,19
20.0,False,285,19.964865639811503,0.03513436018849703,19
19.986364298086485,False,286,20.0,-0.013635701913514708,19
19.99617010651722,False,287,19.986364298086485,0.009805808430733975,19
19.98541321843898,False,288,19.99617010651722,-0.010756888078240934,19
19.942440025916795,False,289,19.98541321843898,-0.04297319252218301,19
20.0,False,290,19.942440025916795,0.05755997408320468,19
20.0,False,291,20.0,0.0,19
19.9366014308344,False,292,20.0,-0.06339856916559938,19
20.0,False,293,19.9366014308344,0.06339856916559938,19
19.906498804296106,False,294,20.0,-0.09350119570389381,19
20.0,False,295,19.906498804296106,0.09350119570389381,19
19.950421616564487,False,296,20.0,-0.04957838343551302,19
19.97679565666203,False,297,19.950421616564487,0.026374040097543627,19
19.984094735598458,False,298,19.97679565666203,0.007299078936426895,19
19.91086030176259,False,299,19.984094735598458,-0.07323443383586792,19
3.978793535092186,False,0,0.0,0.0,20
4.007124328738663,False,1,3.978793535092186,0.02833079364647695,20
4.044534122427757,False,2,4.007124328738663,0.03740979368909425,20
4.010316596744134,False,3,4.044534122427757,-0.034217525683623684,20
3.915063162860425,False,4,4.010316596744134,-0.09525343388370855,20
3.9853804041755008,False,5,3.915063162860425,0.07031724131507566,20
4.018473636985646,False,6,3.9853804041755008,0.03309323281014498,20
4.02733633380754,False,7,4.018473636985646,0.008862696821894112,20
4.013233455091074,False,8,4.02733633380754,-0.014102878716466094,20
4.0702266303664185,False,9,4.013233455091074,0.056993175275344754,20
4.073880126801159,False,10,4.0702266303664185,0.003653496434740333,20
3.9943700624220875,False,11,4.073880126801159,-0.07951006437907138,20
4.060120093692405,False,12,3.9943700624220875,0.06575003127031787,20
3.990132238916626,False,13,4.060120093692405,-0.06998785477577929,20
4.0610358532905355,False,14,3.990132238916626,0.07090361437390946,20
4.099629822685451,False,15,4.0610358532905355,0.038593969394915106,20
3.9113188029473487,False,16,4.099629822685451,-0.18831101973810194,20
3.9270728194235227,False,17,3.9113188029473487,0.015754016476174026,20
4.083349576442395,False,18,3.9270728194235227,0.15627675701887256,20
3.925611724221801,False,19,4.083349576442395,-0.1577378522205941,20
3.901433779827936,False,20,3.925611724221801,-0.024177944393865225,20
3.997937823438647,False,21,3.901433779827936,0.09650404361071097,20
3.944032575573088,False,22,3.997937823438647,-0.05390524786555906,20
3.9106720427275765,False,23,3.944032575573088,-0.033360532845511326,20
4.056249425184789,False,24,3.9106720427275765,0.1455773824572124,20
4.0370792756236185,False,25,4.056249425184789,-0.01917014956117047,20
3.996440659892082,False,26,4.0370792756236185,-0.040638615731536376,20
3.9319631357379885,False,27,3.996440659892082,-0.06447752415409358,20
3.9377244176470585,False,28,3.9319631357379885,0.005761281909069993,20
4.072024980353828,False,29,3.9377244176470585,0.1343005627067697,20
4.080141360447238,False,30,4.072024980353828,0.008116380093409425,20
4.047244969750735,False,31,4.080141360447238,-0.03289639069650274,20
4.079367637752875,False,32,4.047244969750735,0.03212266800214003,20
3.9341036677595067,False,33,4.079367637752875,-0.1452639699933682,20
3.993065206161972,False,34,3.9341036677595067,0.05896153840246532,20
3.935569907083004,False,35,3.993065206161972,-0.05749529907896811,20
4.0788510443405555,False,36,3.935569907083004,0.14328113725755154,20
3.9928004149223466,False,37,4.0788510443405555,-0.08605062941820885,20
4.003877132685568,False,38,3.9928004149223466,0.011076717763221833,20
3.913154046037459,False,39,4.003877132685568,-0.09072308664810924,20
4.047954675934541,False,40,3.913154046037459,0.13480062989708186,20
4.021036928145545,False,41,4.047954675934541,-0.026917747788996138,20
3.9506634969835215,False,42,4.021036928145545,-0.07037343116202344,20
3.9745197599564066,False,43,3.9506634969835215,0.023856262972885123,20
3.954468100236827,False,44,3.9745197599564066,-0.02005165971957945,20
4.052712610493223,False,45,3.954468100236827,0.09824451025639558,20
4.055083454271498,False,46,4.052712610493223,0.0023708437782756775,20
3.9304816575806796,False,47,4.055083454271498,-0.12460179669081883,20
4.095844444801547,False,48,3.9304816575806796,0.1653627872208676,20
4.057630202745278,False,49,4.095844444801547,-0.03821424205626922,20
4.090322011664697,False,50,4.057630202745278,0.03269180891941925,20
3.9444520478202443,False,51,4.090322011664697,-0.14586996384445294,20
3.901536759497532,False,52,3.9444520478202443,-0.042915288322712186,20
4.050359070766937,False,53,3.901536759497532,0.14882231126940448,20
4.067237512739173,False,54,4.050359070766937,0.016878441972236757,20
4.049299712998625,False,55,4.067237512739173,-0.01793779974054832,20
4.060595202798761,False,56,4.049299712998625,0.01129548980013606,20
4.094903647506816,False,57,4.060595202798761,0.03430844470805461,20
4.063752287346278,False,58,4.094903647506816,-0.031151360160537322,20
4.079091184194549,False,59,4.063752287346278,0.015338896848271055,20
3.979550417003002,False,60,4.079091184194549,-0.09954076719154736,20
3.9991893521228175,False,61,3.979550417003002,0.019638935119815404,20
4.014193481308599,False,62,3.9991893521228175,0.015004129185781423,20
4.004791780764451,False,63,4.014193481308599,-0.009401700544147573,20
4.017064077313469,False,64,4.004791780764451,0.012272296549017625,20
3.98831729570068,False,65,4.017064077313469,-0.028746781612789096,20
4.022587633872048,False,66,3.98831729570068,0.03427033817136804,20
3.934824408900513,False,67,4.022587633872048,-0.08776322497153499,20
4.026957640345664,False,68,3.934824408900513,0.09213323144515106,20
4.052749908646745,False,69,4.026957640345664,0.025792268301080945,20
4.063033683384573,False,70,4.052749908646745,0.010283774737827933,20
4.096052012083045,False,71,4.063033683384573,0.03301832869847221,20
4.017777681067256,False,72,4.096052012083045,-0.0782743310157894,20
3.9465183082712816,False,73,4.017777681067256,-0.07125937279597405,20
3.9614012834972296,False,74,3.9465183082712816,0.014882975225948059,20
3.9487335118580935,False,75,3.9614012834972296,-0.012667771639136127,20
4.031261621258696,False,76,3.9487335118580935,0.08252810940060229,20
4.020137330077652,False,77,4.031261621258696,-0.01112429118104341,20
3.96232063650987,False,78,4.020137330077652,-0.057816693567782185,20
3.997516140074008,False,79,3.96232063650987,0.03519550356413781,20
4.064604390963885,False,80,3.997516140074008,0.06708825088987735,20
4.021926994208657,False,81,4.064604390963885,-0.04267739675522808,20
4.047313092743439,False,82,4.021926994208657,0.025386098534781354,20
4.038385217518509,False,83,4.047313092743439,-0.008927875224929771,20
3.9140220886669854,False,84,4.038385217518509,-0.12436312885152345,20
3.9533622929793384,False,85,3.9140220886669854,0.03934020431235297,20
4.005705099287117,False,86,3.9533622929793384,0.052342806307778655,20
4.003895718592267,False,87,4.005705099287117,-0.001809380694850482,20
3.9010729663616335,False,88,4.003895718592267,-0.10282275223063309,20
4.037765339111786,False,89,3.9010729663616335,0.13669237275015256,20
4.086421532818008,False,90,4.037765339111786,0.048656193706221984,20
3.974794225020529,False,91,4.086421532818008,-0.11162730779747898,20
4.094513074623719,False,92,3.974794225020529,0.11971884960318979,20
4.021439790930299,False,93,4.094513074623719,-0.07307328369341981,20
3.909014838628024,False,94,4.021439790930299,-0.11242495230227512,20
3.9301015981383345,False,95,3.909014838628024,0.021086759510310582,20
3.9626649597951316,False,96,3.9301015981383345,0.032563361656797074,20
3.9218335583623616,False,97,3.9626649597951316,-0.040831401432769976,20
3.950768388354491,False,98,3.9218335583623616,0.028934829992129263,20
4.080254915384806,False,99,3.950768388354491,0.12948652703031538,20
4.295007492764867,True,100,4.080254915384806,0.21475257738006093,20
4.574480013131221,True,101,4.295007492764867,0.2794725203663537,20
4.732417642424573,True,102,4.574480013131221,0.1579376292933521,20
5.13478943863816,True,103,4.732417642424573,0.4023717962135871,20
5.2400652991724925,True,104,5.13478943863816,0.10527586053433247,20
5.536269090436304,True,105,5.2400652991724925,0.29620379126381113,20
5.836428695525065,True,106,5.536269090436304,0.30015960508876116,20
6.118832236015822,True,107,5.836428695525065,0.28240354049075744,20
6.370831561754555,True,108,6.118832236015822,0.2519993257387325,20
6.620044767484191,True,109,6.370831561754555,0.24921320572963612,20
6.886984663259663,True,110,6.620044767484191,0.2669398957754723,20
7.042764393706902,True,111,6.886984663259663,0.15577973044723858,20
7.403613081311823,True,112,7.042764393706902,0.3608486876049213,20
7.674457829969597,True,113,7.403613081311823,0.2708447486577743,20
7.770425282984503,True,114,7.674457829969597,0.0959674530149055,20
8.160083242209872,True,115,7.770425282984503,0.38965795922536905,20
8.362326173135987,True,116,8.160083242209872,0.2022429309261149,20
8.559881579387792,True,117,8.362326173135987,0.197555406251805,20
8.823497961805256,True,118,8.559881579387792,0.26361638241746377,20
9.202006454156162,True,119,8.823497961805256,0.3785084923509068,20
9.428063166094631,True,120,9.202006454156162,0.22605671193846888,20
9.65145588645302,True,121,9.428063166094631,0.22339272035838853,20
9.861174134653567,True,122,9.65145588645302,0.20971824820054685,20
10.190361290461622,True,123,9.861174134653567,0.32918715580805546,20
10.473783373810598,True,124,10.190361290461622,0.28342208334897556,20
10.631544880983125,True,125,10.473783373810598,0.1577615071725269,20
10.878075979404006,True,126,10.631544880983125,0.24653109842088128,20
11.274942446987186,True,127,10.878075979404006,0.39686646758318034,20
11.418247753065897,True,128,11.274942446987186,0.14330530607871061,20
11.792879020894542,True,129,11.418247753065897,0.3746312678286454,20
11.914116197792746,True,130,11.792879020894542,0.12123717689820346,20
12.180334942956192,True,131,11.914116197792746,0.2662187451634459,20
12.484414526528727,True,132,12.180334942956192,0.30407958357253584,20
12.724274599831016,True,133,12.484414526528727,0.23986007330228887,20
13.100096505408203,True,134,12.724274599831016,0.37582190557718675,20
13.388483106297276,True,135,13.100096505408203,0.28838660088907275,20
13.598826702741876,True,136,13.388483106297276,0.21034359644460032,20
13.742921455782202,True,137,13.598826702741876,0.14409475304032604,20
14.012858240329958,True,138,13.742921455782202,0.26993678454775605,20
14.36737648668096,True,139,14.012858240329958,0.3545182463510024,20
14.628301888203106,True,140,14.36737648668096,0.2609254015221456,20
14.799064955170218,True,141,14.628301888203106,0.17076306696711185,20
15.12408938388291,True,142,14.799064955170218,0.3250244287126911,20
15.313725005782588,True,143,15.12408938388291,0.1896356218996793,20
15.524723546154124,True,144,15.313725005782588,0.21099854037153598,20
15.756377012095903,True,145,15.524723546154124,0.23165346594177905,20
16.029688569736443,True,146,15.756377012095903,0.2733115576405396,20
16.204260577148766,True,147,16.029688569736443,0.1745720074123227,20
16.564371285519492,True,148,16.204260577148766,0.36011070837072623,20
16.799396578717456,True,149,16.564371285519492,0.23502529319796395,20
16.994165879410325,True,150,16.799396578717456,0.1947693006928688,20
17.295579292426908,True,151,16.994165879410325,0.30141341301658287,20
17.498167124695275,True,152,17.295579292426908,0.2025878322683674,20
17.78738103725956,True,153,17.498167124695275,0.28921391256428564,20
18.072527705096288,True,154,17.78738103725956,0.2851466678367274,20
18.40336694464501,True,155,18.072527705096288,0.3308392395487232,20
18.606589364461463,True,156,18.40336694464501,0.20322241981645206,20
18.885039643404316,True,157,18.606589364461463,0.27845027894285224,20
19.050470807087404,True,158,18.885039643404316,0.1654311636830883,20
19.375567592120674,True,159,19.050470807087404,0.32509678503327066,20
19.655032200849384,True,160,19.375567592120674,0.27946460872870915,20
19.894277633412152,True,161,19.655032200849384,0.2392454325627682,20
20.0,False,162,19.894277633412152,0.10572236658784817,20
20.0,False,163,20.0,0.0,20
20.0,False,164,20.0,0.0,20
20.0,False,165,20.0,0.0,20
20.0,False,166,20.0,0.0,20
20.0,False,167,20.0,0.0,20
20.0,False,168,20.0,0.0,20
20.0,False,169,20.0,0.0,20
20.0,False,170,20.0,0.0,20
20.0,False,171,20.0,0.0,20
20.0,False,172,20.0,0.0,20
20.0,False,173,20.0,0.0,20
20.0,False,174,20.0,0.0,20
20.0,False,175,20.0,0.0,20
20.0,False,176,20.0,0.0,20
20.0,False,177,20.0,0.0,20
20.0,False,178,20.0,0.0,20
20.0,False,179,20.0,0.0,20
20.0,False,180,20.0,0.0,20
20.0,False,181,20.0,0.0,20
20.0,False,182,20.0,0.0,20
20.0,False,183,20.0,0.0,20
20.0,False,184,20.0,0.0,20
20.0,False,185,20.0,0.0,20
20.0,False,186,20.0,0.0,20
20.0,False,187,20.0,0.0,20
20.0,False,188,20.0,0.0,20
20.0,False,189,20.0,0.0,20
20.0,False,190,20.0,0.0,20
20.0,False,191,20.0,0.0,20
20.0,False,192,20.0,0.0,20
20.0,False,193,20.0,0.0,20
20.0,False,194,20.0,0.0,20
20.0,False,195,20.0,0.0,20
20.0,False,196,20.0,0.0,20
20.0,False,197,20.0,0.0,20
20.0,False,198,20.0,0.0,20
20.0,False,199,20.0,0.0,20
19.994037808812635,False,200,20.0,-0.005962191187364851,20
20.0,False,201,19.994037808812635,0.005962191187364851,20
19.94581624762104,False,202,20.0,-0.054183752378961,20
19.928777141095846,False,203,19.94581624762104,-0.017039106525192693,20
19.999167854634457,False,204,19.928777141095846,0.07039071353861104,20
19.918550481173376,False,205,19.999167854634457,-0.08061737346108089,20
19.952150031267035,False,206,19.918550481173376,0.03359955009365834,20
20.0,False,207,19.952150031267035,0.04784996873296521,20
19.919379208501336,False,208,20.0,-0.08062079149866364,20
19.94577622492206,False,209,19.919379208501336,0.026397016420723673,20
19.928614023044577,False,210,19.94577622492206,-0.01716220187748263,20
20.0,False,211,19.928614023044577,0.07138597695542259,20
20.0,False,212,20.0,0.0,20
19.975761689858267,False,213,20.0,-0.024238310141733166,20
19.910786419454197,False,214,19.975761689858267,-0.06497527040406936,20
20.0,False,215,19.910786419454197,0.08921358054580253,20
20.0,False,216,20.0,0.0,20
20.0,False,217,20.0,0.0,20
19.98862998317137,False,218,20.0,-0.011370016828628593,20
19.937907674025613,False,219,19.98862998317137,-0.05072230914575826,20
19.99886756906809,False,220,19.937907674025613,0.06095989504247612,20
19.98163770127464,False,221,19.99886756906809,-0.017229867793449927,20
20.0,False,222,19.98163770127464,0.01836229872536066,20
20.0,False,223,20.0,0.0,20
20.0,False,224,20.0,0.0,20
20.0,False,225,20.0,0.0,20
20.0,False,226,20.0,0.0,20
20.0,False,227,20.0,0.0,20
20.0,False,228,20.0,0.0,20
20.0,False,229,20.0,0.0,20
20.0,False,230,20.0,0.0,20
19.901403614925677,False,231,20.0,-0.09859638507432322,20
19.951655203814862,False,232,19.901403614925677,0.05025158888918568,20
19.923416790645703,False,233,19.951655203814862,-0.028238413169159315,20
19.926247562474902,False,234,19.923416790645703,0.002830771829199108,20
20.0,False,235,19.926247562474902,0.07375243752509775,20
20.0,False,236,20.0,0.0,20
19.906175188544264,False,237,20.0,-0.09382481145573607,20
20.0,False,238,19.906175188544264,0.09382481145573607,20
20.0,False,239,20.0,0.0,20
19.92498232512088,False,240,20.0,-0.07501767487912048,20
19.91152240682669,False,241,19.92498232512088,-0.013459918294188356,20
20.0,False,242,19.91152240682669,0.08847759317330883,20
19.96341204858972,False,243,20.0,-0.036587951410279373,20
20.0,False,244,19.96341204858972,0.036587951410279373,20
20.0,False,245,20.0,0.0,20
20.0,False,246,20.0,0.0,20
20.0,False,247,20.0,0.0,20
20.0,False,248,20.0,0.0,20
19.93876615978674,False,249,20.0,-0.06123384021325862,20
19.93439215273582,False,250,19.93876615978674,-0.00437400705092017,20
20.0,False,251,19.93439215273582,0.06560784726417879,20
19.95444341065225,False,252,20.0,-0.04555658934775053,20
20.0,False,253,19.95444341065225,0.04555658934775053,20
19.90777523371135,False,254,20.0,-0.0922247662886484,20
19.90696058445053,False,255,19.90777523371135,-0.0008146492608211986,20
20.0,False,256,19.90696058445053,0.0930394155494696,20
20.0,False,257,20.0,0.0,20
20.0,False,258,20.0,0.0,20
19.912728377602413,False,259,20.0,-0.08727162239758712,20
20.0,False,260,19.912728377602413,0.08727162239758712,20
20.0,False,261,20.0,0.0,20
20.0,False,262,20.0,0.0,20
20.0,False,263,20.0,0.0,20
20.0,False,264,20.0,0.0,20
20.0,False,265,20.0,0.0,20
20.0,False,266,20.0,0.0,20
19.961879478950706,False,267,20.0,-0.03812052104929364,20
19.938901009062256,False,268,19.961879478950706,-0.022978469888450093,20
20.0,False,269,19.938901009062256,0.061098990937743736,20
20.0,False,270,20.0,0.0,20
19.97583102574724,False,271,20.0,-0.024168974252759767,20
19.984599781434934,False,272,19.97583102574724,0.008768755687693641,20
19.933800048891747,False,273,19.984599781434934,-0.05079973254318659,20
19.911210531740178,False,274,19.933800048891747,-0.022589517151569538,20
20.0,False,275,19.911210531740178,0.08878946825982226,20
20.0,False,276,20.0,0.0,20
20.0,False,277,20.0,0.0,20
20.0,False,278,20.0,0.0,20
20.0,False,279,20.0,0.0,20
20.0,False,280,20.0,0.0,20
20.0,False,281,20.0,0.0,20
20.0,False,282,20.0,0.0,20
19.99004530296315,False,283,20.0,-0.009954697036850035,20
20.0,False,284,19.99004530296315,0.009954697036850035,20
20.0,False,285,20.0,0.0,20
19.988099648869767,False,286,20.0,-0.011900351130233133,20
20.0,False,287,19.988099648869767,0.011900351130233133,20
20.0,False,288,20.0,0.0,20
20.0,False,289,20.0,0.0,20
20.0,False,290,20.0,0.0,20
20.0,False,291,20.0,0.0,20
19.919408872435227,False,292,20.0,-0.08059112756477305,20
20.0,False,293,19.919408872435227,0.08059112756477305,20
19.97419221806286,False,294,20.0,-0.025807781937139396,20
20.0,False,295,19.97419221806286,0.025807781937139396,20
20.0,False,296,20.0,0.0,20
19.99121637653999,False,297,20.0,-0.008783623460008272,20
20.0,False,298,19.99121637653999,0.008783623460008272,20
19.947634360390275,False,299,20.0,-0.05236563960972518,20
4.012763062130949,False,0,0.0,0.0,21
3.9444405978595847,False,1,4.012763062130949,-0.06832246427136424,21
4.001201153710612,False,2,3.9444405978595847,0.05676055585102757,21
3.98026735833565,False,3,4.001201153710612,-0.020933795374962205,21
3.9886105065629676,False,4,3.98026735833565,0.00834314822731752,21
4.029103127638289,False,5,3.9886105065629676,0.04049262107532181,21
4.0587895791289315,False,6,4.029103127638289,0.029686451490642085,21
3.9549648079338735,False,7,4.0587895791289315,-0.10382477119505795,21
3.958722205120626,False,8,3.9549648079338735,0.003757397186752609,21
4.086712175019828,False,9,3.958722205120626,0.1279899698992022,21
3.9170235435360747,False,10,4.086712175019828,-0.16968863148375357,21
4.085433887519768,False,11,3.9170235435360747,0.16841034398369326,21
3.995016384308472,False,12,4.085433887519768,-0.09041750321129616,21
3.9190597436653025,False,13,3.995016384308472,-0.07595664064316932,21
3.94041839954182,False,14,3.9190597436653025,0.021358655876517307,21
3.9046559406029613,False,15,3.94041839954182,-0.03576245893885854,21
3.939512579097286,False,16,3.9046559406029613,0.03485663849432452,21
3.9043608538695267,False,17,3.939512579097286,-0.03515172522775911,21
3.9099177860125143,False,18,3.9043608538695267,0.005556932142987581,21
3.954561606290443,False,19,3.9099177860125143,0.0446438202779289,21
3.981613060888312,False,20,3.954561606290443,0.02705145459786884,21
4.032344097066305,False,21,3.981613060888312,0.05073103617799335,21
3.9298728075742506,False,22,4.032344097066305,-0.10247128949205475,21
4.099929837684049,False,23,3.9298728075742506,0.1700570301097981,21
4.039327286979665,False,24,4.099929837684049,-0.060602550704383695,21
4.087081656809764,False,25,4.039327286979665,0.047754369830099286,21
3.9755073185453047,False,26,4.087081656809764,-0.11157433826445962,21
4.093942871174675,False,27,3.9755073185453047,0.11843555262937011,21
4.084511903490296,False,28,4.093942871174675,-0.0094309676843789,21
4.092239016507477,False,29,4.084511903490296,0.007727113017181431,21
4.058487338865521,False,30,4.092239016507477,-0.03375167764195641,21
4.087728924065636,False,31,4.058487338865521,0.029241585200114883,21
3.9431803781854766,False,32,4.087728924065636,-0.1445485458801592,21
3.982474435224565,False,33,3.9431803781854766,0.039294057039088504,21
3.9004875685728884,False,34,3.982474435224565,-0.08198686665167676,21
4.039312947769385,False,35,3.9004875685728884,0.13882537919649707,21
4.019686526969312,False,36,4.039312947769385,-0.019626420800073596,21
3.9404715651477815,False,37,4.019686526969312,-0.07921496182153032,21
3.9271644329423134,False,38,3.9404715651477815,-0.013307132205468086,21
3.98803084605074,False,39,3.9271644329423134,0.06086641310842644,21
3.9153927196662015,False,40,3.98803084605074,-0.07263812638453837,21
4.025488494834796,False,41,3.9153927196662015,0.11009577516859492,21
4.098852240693653,False,42,4.025488494834796,0.07336374585885697,21
4.0734492681867875,False,43,4.098852240693653,-0.02540297250686585,21
3.9692013868516662,False,44,4.0734492681867875,-0.1042478813351213,21
4.0438484599996,False,45,3.9692013868516662,0.07464707314793362,21
3.935718539574984,False,46,4.0438484599996,-0.108129920424616,21
3.944506152570018,False,47,3.935718539574984,0.008787612995034166,21
4.021918379670018,False,48,3.944506152570018,0.0774122271000004,21
3.9397874583251347,False,49,4.021918379670018,-0.08213092134488376,21
3.9931793535985736,False,50,3.9397874583251347,0.053391895273438905,21
4.080505843011725,False,51,3.9931793535985736,0.08732648941315135,21
4.037983866280019,False,52,4.080505843011725,-0.04252197673170599,21
4.041213405488549,False,53,4.037983866280019,0.0032295392085304186,21
4.038855345191264,False,54,4.041213405488549,-0.002358060297285469,21
3.95214646041112,False,55,4.038855345191264,-0.08670888478014405,21
4.016601443400194,False,56,3.95214646041112,0.0644549829890746,21
3.9800975905529525,False,57,4.016601443400194,-0.03650385284724189,21
4.0406802528667765,False,58,3.9800975905529525,0.06058266231382392,21
3.907585352128633,False,59,4.0406802528667765,-0.13309490073814345,21
4.018004665062799,False,60,3.907585352128633,0.11041931293416596,21
3.9946206500660857,False,61,4.018004665062799,-0.023384014996713276,21
4.011334636718454,False,62,3.9946206500660857,0.016713986652368007,21
3.931883782270963,False,63,4.011334636718454,-0.07945085444749056,21
4.088332550348572,False,64,3.931883782270963,0.1564487680776092,21
3.968102982306507,False,65,4.088332550348572,-0.12022956804206553,21
3.930609795247776,False,66,3.968102982306507,-0.037493187058730726,21
3.937546337653612,False,67,3.930609795247776,0.006936542405835855,21
4.007520060944942,False,68,3.937546337653612,0.06997372329133,21
3.9521381979908514,False,69,4.007520060944942,-0.05538186295409053,21
4.063537027785843,False,70,3.9521381979908514,0.11139882979499172,21
3.9189468414163167,False,71,4.063537027785843,-0.14459018636952647,21
3.99768173357649,False,72,3.9189468414163167,0.07873489216017315,21
4.084071592545822,False,73,3.99768173357649,0.08638985896933216,21
4.0983534491551685,False,74,4.084071592545822,0.014281856609346555,21
3.989843587486388,False,75,4.0983534491551685,-0.10850986166878052,21
4.013086739669806,False,76,3.989843587486388,0.02324315218341777,21
3.9064742089841973,False,77,4.013086739669806,-0.1066125306856085,21
3.970652494945433,False,78,3.9064742089841973,0.06417828596123565,21
3.97413165143597,False,79,3.970652494945433,0.003479156490536983,21
3.956418212832754,False,80,3.97413165143597,-0.01771343860321606,21
4.093025513808261,False,81,3.956418212832754,0.13660730097550688,21
4.059703027796448,False,82,4.093025513808261,-0.03332248601181309,21
3.94894118252139,False,83,4.059703027796448,-0.11076184527505761,21
3.965037752416034,False,84,3.94894118252139,0.01609656989464403,21
3.9410481223731493,False,85,3.965037752416034,-0.02398963004288479,21
4.000923112556118,False,86,3.9410481223731493,0.05987499018296916,21
4.0569020414257775,False,87,4.000923112556118,0.05597892886965905,21
3.974716699849057,False,88,4.0569020414257775,-0.08218534157672064,21
4.051939428274305,False,89,3.974716699849057,0.07722272842524802,21
3.9435410606714085,False,90,4.051939428274305,-0.10839836760289634,21
3.952950963920621,False,91,3.9435410606714085,0.009409903249212537,21
3.91626444842675,False,92,3.952950963920621,-0.03668651549387114,21
3.962131091016209,False,93,3.91626444842675,0.04586664258945916,21
3.9922460355008598,False,94,3.962131091016209,0.030114944484650685,21
3.9052298101581524,False,95,3.9922460355008598,-0.08701622534270737,21
4.026124593154125,False,96,3.9052298101581524,0.12089478299597278,21
4.031328704431556,False,97,4.026124593154125,0.005204111277430812,21
3.9348745157238874,False,98,4.031328704431556,-0.09645418870766864,21
3.939722729722824,False,99,3.9348745157238874,0.004848213998936757,21
4.230538879431022,True,100,3.939722729722824,0.29081614970819825,21
4.679378477361339,True,101,4.230538879431022,0.44883959793031636,21
4.799779125209912,True,102,4.679378477361339,0.12040064784857307,21
5.144046659790065,True,103,4.799779125209912,0.3442675345801529,21
5.400912822445553,True,104,5.144046659790065,0.2568661626554887,21
5.698277153575963,True,105,5.400912822445553,0.2973643311304093,21
6.067595465366973,True,106,5.698277153575963,0.3693183117910106,21
6.2957813908113955,True,107,6.067595465366973,0.2281859254444223,21
6.537671837907581,True,108,6.2957813908113955,0.24189044709618557,21
6.84373764682694,True,109,6.537671837907581,0.3060658089193593,21
7.253158253486515,True,110,6.84373764682694,0.4094206066595749,21
7.543466059715067,True,111,7.253158253486515,0.2903078062285518,21
7.652125989996743,True,112,7.543466059715067,0.10865993028167598,21
8.067192343064184,True,113,7.652125989996743,0.41506635306744055,21
8.36034448392972,True,114,8.067192343064184,0.2931521408655371,21
8.685649807217528,True,115,8.36034448392972,0.32530532328780737,21
8.90549624172893,True,116,8.685649807217528,0.2198464345114015,21
9.20813397305504,True,117,8.90549624172893,0.3026377313261097,21
9.56300578917715,True,118,9.20813397305504,0.3548718161221114,21
9.782255543964846,True,119,9.56300578917715,0.21924975478769504,21
9.949394057963461,True,120,9.782255543964846,0.16713851399861568,21
10.31053541501982,True,121,9.949394057963461,0.36114135705635775,21
10.700817688013318,True,122,10.31053541501982,0.39028227299349894,21
10.86596346191154,True,123,10.700817688013318,0.16514577389822271,21
11.269613680788138,True,124,10.86596346191154,0.4036502188765976,21
11.467931191726755,True,125,11.269613680788138,0.19831751093861705,21
11.774955769160387,True,126,11.467931191726755,0.30702457743363176,21
12.005227475165075,True,127,11.774955769160387,0.23027170600468772,21
12.361963411716285,True,128,12.005227475165075,0.3567359365512104,21
12.633799492022382,True,129,12.361963411716285,0.2718360803060964,21
12.935573572336983,True,130,12.633799492022382,0.3017740803146012,21
13.10177295580113,True,131,12.935573572336983,0.16619938346414642,21
13.538869267801118,True,132,13.10177295580113,0.4370963119999889,21
13.807392854264288,True,133,13.538869267801118,0.26852358646316965,21
13.96889359791997,True,134,13.807392854264288,0.161500743655683,21
14.232883044216024,True,135,13.96889359791997,0.26398944629605303,21
14.563103968560803,True,136,14.232883044216024,0.3302209243447791,21
14.803297561071034,True,137,14.563103968560803,0.24019359251023076,21
15.116912105851279,True,138,14.803297561071034,0.3136145447802452,21
15.375441158184982,True,139,15.116912105851279,0.25852905233370294,21
15.653583186860029,True,140,15.375441158184982,0.2781420286750471,21
16.031028328529167,True,141,15.653583186860029,0.37744514166913845,21
16.235510070584372,True,142,16.031028328529167,0.2044817420552043,21
16.633123113068095,True,143,16.235510070584372,0.397613042483723,21
16.906060950273755,True,144,16.633123113068095,0.2729378372056601,21
17.1404516857232,True,145,16.906060950273755,0.23439073544944478,21
17.522387484219724,True,146,17.1404516857232,0.38193579849652437,21
17.777944101689908,True,147,17.522387484219724,0.25555661747018377,21
17.95673007100589,True,148,17.777944101689908,0.17878596931598167,21
18.346262257789537,True,149,17.95673007100589,0.3895321867836472,21
18.655675887109833,True,150,18.346262257789537,0.3094136293202965,21
18.829422462741938,True,151,18.655675887109833,0.17374657563210505,21
19.093968696102827,True,152,18.829422462741938,0.264546233360889,21
19.463907047072215,True,153,19.093968696102827,0.3699383509693881,21
19.796420483805537,True,154,19.463907047072215,0.332513436733322,21
20.0,False,155,19.796420483805537,0.20357951619446268,21
20.0,False,156,20.0,0.0,21
20.0,False,157,20.0,0.0,21
20.0,False,158,20.0,0.0,21
20.0,False,159,20.0,0.0,21
20.0,False,160,20.0,0.0,21
20.0,False,161,20.0,0.0,21
20.0,False,162,20.0,0.0,21
20.0,False,163,20.0,0.0,21
20.0,False,164,20.0,0.0,21
20.0,False,165,20.0,0.0,21
20.0,False,166,20.0,0.0,21
20.0,False,167,20.0,0.0,21
20.0,False,168,20.0,0.0,21
20.0,False,169,20.0,0.0,21
20.0,False,170,20.0,0.0,21
20.0,False,171,20.0,0.0,21
20.0,False,172,20.0,0.0,21
20.0,False,173,20.0,0.0,21
20.0,False,174,20.0,0.0,21
20.0,False,175,20.0,0.0,21
20.0,False,176,20.0,0.0,21
20.0,False,177,20.0,0.0,21
20.0,False,178,20.0,0.0,21
20.0,False,179,20.0,0.0,21
20.0,False,180,20.0,0.0,21
20.0,False,181,20.0,0.0,21
20.0,False,182,20.0,0.0,21
20.0,False,183,20.0,0.0,21
20.0,False,184,20.0,0.0,21
20.0,False,185,20.0,0.0,21
20.0,False,186,20.0,0.0,21
20.0,False,187,20.0,0.0,21
20.0,False,188,20.0,0.0,21
20.0,False,189,20.0,0.0,21
20.0,False,190,20.0,0.0,21
20.0,False,191,20.0,0.0,21
20.0,False,192,20.0,0.0,21
20.0,False,193,20.0,0.0,21
20.0,False,194,20.0,0.0,21
20.0,False,195,20.0,0.0,21
20.0,False,196,20.0,0.0,21
20.0,False,197,20.0,0.0,21
20.0,False,198,20.0,0.0,21
20.0,False,199,20.0,0.0,21
19.901281095041423,False,200,20.0,-0.09871890495857727,21
20.0,False,201,19.901281095041423,0.09871890495857727,21
19.980279480217778,False,202,20.0,-0.019720519782222112,21
19.941147818912565,False,203,19.980279480217778,-0.03913166130521262,21
20.0,False,204,19.941147818912565,0.05885218108743473,21
19.962036311615094,False,205,20.0,-0.037963688384905936,21
20.0,False,206,19.962036311615094,0.037963688384905936,21
19.91944345516012,False,207,20.0,-0.08055654483987951,21
20.0,False,208,19.91944345516012,0.08055654483987951,21
19.965585262640364,False,209,20.0,-0.034414737359636405,21
19.920389464533322,False,210,19.965585262640364,-0.04519579810704144,21
19.917565357084296,False,211,19.920389464533322,-0.0028241074490260587,21
19.984541788989738,False,212,19.917565357084296,0.06697643190544156,21
20.0,False,213,19.984541788989738,0.015458211010262346,21
19.900169036665762,False,214,20.0,-0.09983096333423802,21
19.927536912295345,False,215,19.900169036665762,0.027367875629582983,21
20.0,False,216,19.927536912295345,0.07246308770465504,21
19.964589461085623,False,217,20.0,-0.03541053891437684,21
20.0,False,218,19.964589461085623,0.03541053891437684,21
20.0,False,219,20.0,0.0,21
19.95847581821693,False,220,20.0,-0.04152418178307116,21
20.0,False,221,19.95847581821693,0.04152418178307116,21
20.0,False,222,20.0,0.0,21
20.0,False,223,20.0,0.0,21
20.0,False,224,20.0,0.0,21
20.0,False,225,20.0,0.0,21
20.0,False,226,20.0,0.0,21
20.0,False,227,20.0,0.0,21
20.0,False,228,20.0,0.0,21
20.0,False,229,20.0,0.0,21
20.0,False,230,20.0,0.0,21
20.0,False,231,20.0,0.0,21
20.0,False,232,20.0,0.0,21
20.0,False,233,20.0,0.0,21
20.0,False,234,20.0,0.0,21
20.0,False,235,20.0,0.0,21
19.963597368298398,False,236,20.0,-0.03640263170160196,21
19.91503616061198,False,237,19.963597368298398,-0.048561207686418584,21
19.9190604171377,False,238,19.91503616061198,0.004024256525720915,21
19.98035544392857,False,239,19.9190604171377,0.0612950267908694,21
19.902482689261166,False,240,19.98035544392857,-0.0778727546674034,21
19.977208063366653,False,241,19.902482689261166,0.07472537410548696,21
20.0,False,242,19.977208063366653,0.022791936633346666,21
19.91209433165968,False,243,20.0,-0.08790566834031921,21
20.0,False,244,19.91209433165968,0.08790566834031921,21
19.95539573754951,False,245,20.0,-0.044604262450491206,21
20.0,False,246,19.95539573754951,0.044604262450491206,21
19.999498822020705,False,247,20.0,-0.0005011779792951643,21
20.0,False,248,19.999498822020705,0.0005011779792951643,21
20.0,False,249,20.0,0.0,21
19.96704536301378,False,250,20.0,-0.03295463698621859,21
19.920372037367546,False,251,19.96704536301378,-0.0466733256462355,21
19.917687880237178,False,252,19.920372037367546,-0.002684157130367737,21
20.0,False,253,19.917687880237178,0.08231211976282182,21
19.919153356885356,False,254,20.0,-0.08084664311464351,21
19.94718361830702,False,255,19.919153356885356,0.028030261421662317,21
20.0,False,256,19.94718361830702,0.052816381692981196,21
20.0,False,257,20.0,0.0,21
20.0,False,258,20.0,0.0,21
20.0,False,259,20.0,0.0,21
20.0,False,260,20.0,0.0,21
20.0,False,261,20.0,0.0,21
19.922674185710942,False,262,20.0,-0.0773258142890576,21
19.965689230991185,False,263,19.922674185710942,0.04301504528024225,21
20.0,False,264,19.965689230991185,0.034310769008815356,21
20.0,False,265,20.0,0.0,21
20.0,False,266,20.0,0.0,21
20.0,False,267,20.0,0.0,21
19.92939219787641,False,268,20.0,-0.07060780212358964,21
20.0,False,269,19.92939219787641,0.07060780212358964,21
20.0,False,270,20.0,0.0,21
19.963877246503507,False,271,20.0,-0.03612275349649252,21
19.928942769610355,False,272,19.963877246503507,-0.03493447689315232,21
19.93311752259976,False,273,19.928942769610355,0.004174752989403174,21
20.0,False,274,19.93311752259976,0.06688247740024167,21
19.98370609071255,False,275,20.0,-0.01629390928745167,21
19.904952420987705,False,276,19.98370609071255,-0.07875366972484343,21
19.977599562603267,False,277,19.904952420987705,0.07264714161556185,21
19.915799057224888,False,278,19.977599562603267,-0.061800505378379,21
20.0,False,279,19.915799057224888,0.08420094277511225,21
19.9260085000236,False,280,20.0,-0.07399149997640109,21
20.0,False,281,19.9260085000236,0.07399149997640109,21
20.0,False,282,20.0,0.0,21
20.0,False,283,20.0,0.0,21
19.9791625372978,False,284,20.0,-0.020837462702200327,21
19.951381252283742,False,285,19.9791625372978,-0.027781285014057744,21
20.0,False,286,19.951381252283742,0.04861874771625807,21
20.0,False,287,20.0,0.0,21
19.958235701778364,False,288,20.0,-0.04176429822163641,21
20.0,False,289,19.958235701778364,0.04176429822163641,21
19.924709799585685,False,290,20.0,-0.07529020041431522,21
20.0,False,291,19.924709799585685,0.07529020041431522,21
19.908045984618905,False,292,20.0,-0.09195401538109493,21
20.0,False,293,19.908045984618905,0.09195401538109493,21
19.971040956213216,False,294,20.0,-0.028959043786784378,21
20.0,False,295,19.971040956213216,0.028959043786784378,21
19.927051161362574,False,296,20.0,-0.0729488386374264,21
20.0,False,297,19.927051161362574,0.0729488386374264,21
20.0,False,298,20.0,0.0,21
20.0,False,299,20.0,0.0,21
3.957005453513124,False,0,0.0,0.0,22
4.094533917457331,False,1,3.957005453513124,0.1375284639442067,22
3.943919064527308,False,2,4.094533917457331,-0.15061485293002264,22
4.067422658396029,False,3,3.943919064527308,0.12350359386872078,22
3.9535299626738847,False,4,4.067422658396029,-0.11389269572214422,22
3.9186776532840493,False,5,3.9535299626738847,-0.03485230938983541,22
3.92728509421384,False,6,3.9186776532840493,0.008607440929790933,22
3.93692182511428,False,7,3.92728509421384,0.009636730900439705,22
4.01113334174719,False,8,3.93692182511428,0.07421151663290981,22
4.096850652277225,False,9,4.01113334174719,0.08571731053003528,22
3.935290063999479,False,10,4.096850652277225,-0.16156058827774622,22
4.087889427481663,False,11,3.935290063999479,0.15259936348218428,22
3.914036036917305,False,12,4.087889427481663,-0.173853390564358,22
4.0324998562592755,False,13,3.914036036917305,0.11846381934197048,22
4.079844782295179,False,14,4.0324998562592755,0.04734492603590379,22
3.940261040195826,False,15,4.079844782295179,-0.13958374209935354,22
3.983607903145799,False,16,3.940261040195826,0.043346862949973364,22
4.021225656068454,False,17,3.983607903145799,0.0376177529226549,22
3.9643388367389734,False,18,4.021225656068454,-0.0568868193294807,22
4.015459435637276,False,19,3.9643388367389734,0.051120598898303005,22
4.089606207949957,False,20,4.015459435637276,0.0741467723126803,22
4.075021993425176,False,21,4.089606207949957,-0.014584214524780315,22
4.023611159121192,False,22,4.075021993425176,-0.05141083430398474,22
4.087635374726439,False,23,4.023611159121192,0.06402421560524729,22
4.093617548249657,False,24,4.087635374726439,0.005982173523218393,22
3.976186576233248,False,25,4.093617548249657,-0.11743097201640929,22
4.095793129713037,False,26,3.976186576233248,0.11960655347978921,22
4.005171286131376,False,27,4.095793129713037,-0.09062184358166103,22
3.9224059533615017,False,28,4.005171286131376,-0.08276533276987452,22
3.9405513739297255,False,29,3.9224059533615017,0.01814542056822388,22
4.00649985302535,False,30,3.9405513739297255,0.06594847909562418,22
4.049943742735942,False,31,4.00649985302535,0.04344388971059221,22
3.914790892548483,False,32,4.049943742735942,-0.13515285018745882,22
3.931793379670819,False,33,3.914790892548483,0.017002487122335985,22
3.932678683617648,False,34,3.931793379670819,0.0008853039468288415,22
3.9012695580300587,False,35,3.932678683617648,-0.03140912558758924,22
3.9993316357758175,False,36,3.9012695580300587,0.09806207774575881,22
3.9753501706695835,False,37,3.9993316357758175,-0.023981465106234,22
4.074226343731601,False,38,3.9753501706695835,0.09887617306201735,22
3.9783673715706134,False,39,4.074226343731601,-0.09585897216098749,22
4.0432442207156365,False,40,3.9783673715706134,0.06487684914502312,22
4.01037263515634,False,41,4.0432442207156365,-0.03287158555929626,22
3.9335571224707966,False,42,4.01037263515634,-0.07681551268554365,22
3.9524521226457128,False,43,3.9335571224707966,0.018895000174916188,22
4.023013864375456,False,44,3.9524521226457128,0.0705617417297435,22
3.988433340093747,False,45,4.023013864375456,-0.03458052428170921,22
4.03636114670683,False,46,3.988433340093747,0.047927806613083046,22
4.048210049960068,False,47,4.03636114670683,0.011848903253238063,22
4.077732886509235,False,48,4.048210049960068,0.029522836549166875,22
3.9759473841095656,False,49,4.077732886509235,-0.10178550239966944,22
3.932121945439445,False,50,3.9759473841095656,-0.043825438670120676,22
4.005365224191594,False,51,3.932121945439445,0.07324327875214864,22
4.025163882734893,False,52,4.005365224191594,0.019798658543299652,22
3.987620941609033,False,53,4.025163882734893,-0.037542941125860096,22
4.028785962260813,False,54,3.987620941609033,0.04116502065178018,22
4.068988955964171,False,55,4.028785962260813,0.04020299370335767,22
3.932901447739634,False,56,4.068988955964171,-0.13608750822453697,22
3.972153869594829,False,57,3.932901447739634,0.03925242185519506,22
4.093235853970779,False,58,3.972153869594829,0.1210819843759503,22
3.9381563871967145,False,59,4.093235853970779,-0.15507946677406492,22
4.095451269234482,False,60,3.9381563871967145,0.15729488203776798,22
3.956780932644249,False,61,4.095451269234482,-0.1386703365902333,22
4.0011893189648875,False,62,3.956780932644249,0.04440838632063837,22
4.002173772238422,False,63,4.0011893189648875,0.000984453273534136,22
4.042771563652259,False,64,4.002173772238422,0.04059779141383757,22
3.938238919794859,False,65,4.042771563652259,-0.10453264385740013,22
4.004364636915291,False,66,3.938238919794859,0.06612571712043191,22
3.9631897572465253,False,67,4.004364636915291,-0.04117487966876565,22
4.097333647078412,False,68,3.9631897572465253,0.13414388983188674,22
3.938187746441858,False,69,4.097333647078412,-0.15914590063655387,22
4.047401270284364,False,70,3.938187746441858,0.10921352384250538,22
3.9554173691019288,False,71,4.047401270284364,-0.09198390118243482,22
3.9396379313877374,False,72,3.9554173691019288,-0.015779437714191324,22
4.093925194671698,False,73,3.9396379313877374,0.15428726328396047,22
4.016361048609415,False,74,4.093925194671698,-0.0775641460622829,22
4.033611316655962,False,75,4.016361048609415,0.01725026804654739,22
3.9725949196832504,False,76,4.033611316655962,-0.061016396972711995,22
4.023477700150852,False,77,3.9725949196832504,0.05088278046760131,22
4.0509343966696045,False,78,4.023477700150852,0.02745669651875282,22
3.942937598311589,False,79,4.0509343966696045,-0.10799679835801568,22
4.0162429581542,False,80,3.942937598311589,0.07330535984261077,22
4.00020246778823,False,81,4.0162429581542,-0.01604049036596944,22
3.922680617671911,False,82,4.00020246778823,-0.07752185011631907,22
4.062245670285511,False,83,3.922680617671911,0.1395650526136003,22
4.057042209658115,False,84,4.062245670285511,-0.005203460627396517,22
4.005829450822335,False,85,4.057042209658115,-0.05121275883577958,22
3.9816964761928038,False,86,4.005829450822335,-0.024132974629531567,22
4.035482882733549,False,87,3.9816964761928038,0.053786406540745624,22
4.038954523936974,False,88,4.035482882733549,0.0034716412034248023,22
4.074592224001238,False,89,4.038954523936974,0.03563770006426381,22
4.0272473505493105,False,90,4.074592224001238,-0.047344873451927505,22
3.9381720128149076,False,91,4.0272473505493105,-0.0890753377344029,22
3.999372215915606,False,92,3.9381720128149076,0.0612002031006984,22
4.060512278910203,False,93,3.999372215915606,0.06114006299459662,22
3.97045558519314,False,94,4.060512278910203,-0.0900566937170626,22
4.08994261549102,False,95,3.97045558519314,0.11948703029787966,22
3.998260760868262,False,96,4.08994261549102,-0.0916818546227578,22
3.9280410038117535,False,97,3.998260760868262,-0.0702197570565084,22
4.072477473815106,False,98,3.9280410038117535,0.1444364700033529,22
3.9555608689678947,False,99,4.072477473815106,-0.11691660484721167,22
4.489209010949765,True,100,3.9555608689678947,0.5336481419818706,22
4.880534634963792,True,101,4.489209010949765,0.3913256240140264,22
5.295926812000687,True,102,4.880534634963792,0.4153921770368951,22
5.6692163952130015,True,103,5.295926812000687,0.37328958321231465,22
5.9655259367771105,True,104,5.6692163952130015,0.29630954156410905,22
6.509736574199835,True,105,5.9655259367771105,0.5442106374227249,22
6.955951561504522,True,106,6.509736574199835,0.44621498730468634,22
7.44276739325126,True,107,6.955951561504522,0.48681583174673815,22
7.669425951991974,True,108,7.44276739325126,0.22665855874071372,22
8.12301356451988,True,109,7.669425951991974,0.45358761252790636,22
8.66618789102348,True,110,8.12301356451988,0.5431743265035998,22
8.90975775315109,True,111,8.66618789102348,0.243569862127611,22
9.438069475492858,True,112,8.90975775315109,0.5283117223417673,22
9.90346394462764,True,113,9.438069475492858,0.46539446913478244,22
10.24823449413692,True,114,9.90346394462764,0.34477054950927943,22
10.631186301823933,True,115,10.24823449413692,0.38295180768701265,22
11.016691906116968,True,116,10.631186301823933,0.3855056042930354,22
11.588002231867138,True,117,11.016691906116968,0.5713103257501704,22
11.992289523953385,True,118,11.588002231867138,0.4042872920862468,22
12.363754923905981,True,119,11.992289523953385,0.3714653999525961,22
12.818863743765274,True,120,12.363754923905981,0.4551088198592925,22
13.24159187859964,True,121,12.818863743765274,0.422728134834367,22
13.74865989356327,True,122,13.24159187859964,0.5070680149636289,22
14.131572952595162,True,123,13.74865989356327,0.38291305903189254,22
14.471145935621111,True,124,14.131572952595162,0.33957298302594907,22
14.970811935715055,True,125,14.471145935621111,0.4996660000939439,22
15.369229339794051,True,126,14.970811935715055,0.3984174040789963,22
15.87329887623822,True,127,15.369229339794051,0.5040695364441685,22
16.210369208698356,True,128,15.87329887623822,0.3370703324601365,22
16.57192806699222,True,129,16.210369208698356,0.3615588582938649,22
16.986308209901676,True,130,16.57192806699222,0.41438014290945446,22
17.453775983934438,True,131,16.986308209901676,0.4674677740327624,22
17.986344014550557,True,132,17.453775983934438,0.5325680306161189,22
18.232414802746014,True,133,17.986344014550557,0.2460707881954569,22
18.736725443110668,True,134,18.232414802746014,0.504310640364654,22
19.067490193479937,True,135,18.736725443110668,0.3307647503692692,22
19.65849530422935,True,136,19.067490193479937,0.5910051107494141,22
20.0,True,137,19.65849530422935,0.3415046957706487,22
20.0,False,138,20.0,0.0,22
20.0,False,139,20.0,0.0,22
20.0,False,140,20.0,0.0,22
20.0,False,141,20.0,0.0,22
20.0,False,142,20.0,0.0,22
20.0,False,143,20.0,0.0,22
20.0,False,144,20.0,0.0,22
20.0,False,145,20.0,0.0,22
20.0,False,146,20.0,0.0,22
20.0,False,147,20.0,0.0,22
20.0,False,148,20.0,0.0,22
20.0,False,149,20.0,0.0,22
20.0,False,150,20.0,0.0,22
20.0,False,151,20.0,0.0,22
20.0,False,152,20.0,0.0,22
20.0,False,153,20.0,0.0,22
20.0,False,154,20.0,0.0,22
20.0,False,155,20.0,0.0,22
20.0,False,156,20.0,0.0,22
20.0,False,157,20.0,0.0,22
20.0,False,158,20.0,0.0,22
20.0,False,159,20.0,0.0,22
20.0,False,160,20.0,0.0,22
20.0,False,161,20.0,0.0,22
20.0,False,162,20.0,0.0,22
20.0,False,163,20.0,0.0,22
20.0,False,164,20.0,0.0,22
20.0,False,165,20.0,0.0,22
20.0,False,166,20.0,0.0,22
20.0,False,167,20.0,0.0,22
20.0,False,168,20.0,0.0,22
20.0,False,169,20.0,0.0,22
20.0,False,170,20.0,0.0,22
20.0,False,171,20.0,0.0,22
20.0,False,172,20.0,0.0,22
20.0,False,173,20.0,0.0,22
20.0,False,174,20.0,0.0,22
20.0,False,175,20.0,0.0,22
20.0,False,176,20.0,0.0,22
20.0,False,177,20.0,0.0,22
20.0,False,178,20.0,0.0,22
20.0,False,179,20.0,0.0,22
20.0,False,180,20.0,0.0,22
20.0,False,181,20.0,0.0,22
20.0,False,182,20.0,0.0,22
20.0,False,183,20.0,0.0,22
20.0,False,184,20.0,0.0,22
20.0,False,185,20.0,0.0,22
20.0,False,186,20.0,0.0,22
20.0,False,187,20.0,0.0,22
20.0,False,188,20.0,0.0,22
20.0,False,189,20.0,0.0,22
20.0,False,190,20.0,0.0,22
20.0,False,191,20.0,0.0,22
20.0,False,192,20.0,0.0,22
20.0,False,193,20.0,0.0,22
20.0,False,194,20.0,0.0,22
20.0,False,195,20.0,0.0,22
20.0,False,196,20.0,0.0,22
20.0,False,197,20.0,0.0,22
20.0,False,198,20.0,0.0,22
20.0,False,199,20.0,0.0,22
19.92042094673609,False,200,20.0,-0.07957905326390957,22
20.0,False,201,19.92042094673609,0.07957905326390957,22
19.981536252286762,False,202,20.0,-0.018463747713237666,22
20.0,False,203,19.981536252286762,0.018463747713237666,22
20.0,False,204,20.0,0.0,22
20.0,False,205,20.0,0.0,22
19.914646088218195,False,206,20.0,-0.08535391178180518,22
19.970569393400247,False,207,19.914646088218195,0.05592330518205202,22
19.91579545161262,False,208,19.970569393400247,-0.05477394178762651,22
20.0,False,209,19.91579545161262,0.08420454838737967,22
19.998573454475515,False,210,20.0,-0.0014265455244846237,22
20.0,False,211,19.998573454475515,0.0014265455244846237,22
19.991608948130963,False,212,20.0,-0.008391051869036659,22
19.99583065039011,False,213,19.991608948130963,0.004221702259147975,22
19.943625633429487,False,214,19.99583065039011,-0.05220501696062385,22
20.0,False,215,19.943625633429487,0.056374366570512535,22
19.997066216059736,False,216,20.0,-0.002933783940264334,22
19.92428073867421,False,217,19.997066216059736,-0.07278547738552632,22
19.947755964339667,False,218,19.92428073867421,0.023475225665457344,22
20.0,False,219,19.947755964339667,0.05224403566033331,22
20.0,False,220,20.0,0.0,22
19.92244323166896,False,221,20.0,-0.0775567683310392,22
19.95803598312084,False,222,19.92244323166896,0.03559275145187968,22
20.0,False,223,19.95803598312084,0.041964016879159516,22
19.957046784165062,False,224,20.0,-0.04295321583493816,22
19.971048332436993,False,225,19.957046784165062,0.014001548271931341,22
19.96312754815177,False,226,19.971048332436993,-0.007920784285222027,22
20.0,False,227,19.96312754815177,0.03687245184822885,22
19.956999521517915,False,228,20.0,-0.043000478482085214,22
20.0,False,229,19.956999521517915,0.043000478482085214,22
19.934122826204014,False,230,20.0,-0.06587717379598601,22
19.96237316611384,False,231,19.934122826204014,0.028250339909824618,22
20.0,False,232,19.96237316611384,0.03762683388616139,22
19.949437954205262,False,233,20.0,-0.050562045794738,22
19.97511474595613,False,234,19.949437954205262,0.025676791750868233,22
19.954241422546144,False,235,19.97511474595613,-0.02087332340998671,22
20.0,False,236,19.954241422546144,0.045758577453856475,22
20.0,False,237,20.0,0.0,22
19.96857297971774,False,238,20.0,-0.03142702028225841,22
20.0,False,239,19.96857297971774,0.03142702028225841,22
20.0,False,240,20.0,0.0,22
19.996738694177743,False,241,20.0,-0.0032613058222565883,22
20.0,False,242,19.996738694177743,0.0032613058222565883,22
19.997394543741127,False,243,20.0,-0.0026054562588733177,22
19.980132762287486,False,244,19.997394543741127,-0.01726178145364088,22
19.985832837234778,False,245,19.980132762287486,0.0057000749472919665,22
19.993578010777536,False,246,19.985832837234778,0.007745173542758721,22
19.942697097790848,False,247,19.993578010777536,-0.05088091298668829,22
19.945437487208448,False,248,19.942697097790848,0.002740389417599687,22
20.0,False,249,19.945437487208448,0.05456251279155211,22
19.938381921513255,False,250,20.0,-0.061618078486745276,22
20.0,False,251,19.938381921513255,0.061618078486745276,22
20.0,False,252,20.0,0.0,22
20.0,False,253,20.0,0.0,22
20.0,False,254,20.0,0.0,22
20.0,False,255,20.0,0.0,22
19.982872742161636,False,256,20.0,-0.01712725783836433,22
19.966242363181898,False,257,19.982872742161636,-0.016630378979737515,22
20.0,False,258,19.966242363181898,0.033757636818101844,22
19.902510651842857,False,259,20.0,-0.0974893481571435,22
20.0,False,260,19.902510651842857,0.0974893481571435,22
19.95967686673111,False,261,20.0,-0.040323133268888256,22
20.0,False,262,19.95967686673111,0.040323133268888256,22
20.0,False,263,20.0,0.0,22
20.0,False,264,20.0,0.0,22
20.0,False,265,20.0,0.0,22
19.984079052929985,False,266,20.0,-0.01592094707001479,22
20.0,False,267,19.984079052929985,0.01592094707001479,22
20.0,False,268,20.0,0.0,22
20.0,False,269,20.0,0.0,22
20.0,False,270,20.0,0.0,22
20.0,False,271,20.0,0.0,22
19.958119924787464,False,272,20.0,-0.04188007521253567,22
20.0,False,273,19.958119924787464,0.04188007521253567,22
20.0,False,274,20.0,0.0,22
20.0,False,275,20.0,0.0,22
20.0,False,276,20.0,0.0,22
20.0,False,277,20.0,0.0,22
19.992061935147255,False,278,20.0,-0.00793806485274473,22
20.0,False,279,19.992061935147255,0.00793806485274473,22
19.981638794701198,False,280,20.0,-0.018361205298802474,22
19.919213263929343,False,281,19.981638794701198,-0.0624255307718542,22
20.0,False,282,19.919213263929343,0.08078673607065667,22
19.952755181370307,False,283,20.0,-0.047244818629692986,22
19.920685857786584,False,284,19.952755181370307,-0.032069323583723275,22
20.0,False,285,19.920685857786584,0.07931414221341626,22
19.967863871063674,False,286,20.0,-0.032136128936326,22
20.0,False,287,19.967863871063674,0.032136128936326,22
19.941168244947885,False,288,20.0,-0.05883175505211469,22
20.0,False,289,19.941168244947885,0.05883175505211469,22
19.90591527830557,False,290,20.0,-0.09408472169442916,22
19.953021508135652,False,291,19.90591527830557,0.0471062298300815,22
19.91625600324656,False,292,19.953021508135652,-0.03676550488909314,22
19.926056929517014,False,293,19.91625600324656,0.009800926270454369,22
20.0,False,294,19.926056929517014,0.07394307048298643,22
19.94705284549504,False,295,20.0,-0.05294715450495957,22
19.93819434853716,False,296,19.94705284549504,-0.008858496957881101,22
19.933698107399636,False,297,19.93819434853716,-0.004496241137523782,22
20.0,False,298,19.933698107399636,0.06630189260036445,22
20.0,False,299,20.0,0.0,22
3.994715006522763,False,0,0.0,0.0,23
4.0605458264653365,False,1,3.994715006522763,0.06583081994257345,23
4.048043511303763,False,2,4.0605458264653365,-0.01250231516157374,23
3.977513711856024,False,3,4.048043511303763,-0.07052979944773874,23
4.059483843441846,False,4,3.977513711856024,0.08197013158582234,23
3.970891026033452,False,5,4.059483843441846,-0.08859281740839453,23
3.9876729562639106,False,6,3.970891026033452,0.01678193023045882,23
3.903097800988898,False,7,3.9876729562639106,-0.08457515527501247,23
4.067334090166399,False,8,3.903097800988898,0.16423628917750044,23
4.0514016680472595,False,9,4.067334090166399,-0.015932422119139034,23
3.915205726012581,False,10,4.0514016680472595,-0.13619594203467855,23
3.9971128831226257,False,11,3.915205726012581,0.0819071571100447,23
3.993316570161738,False,12,3.9971128831226257,-0.003796312960887782,23
3.986136812352426,False,13,3.993316570161738,-0.007179757809312015,23
4.02702509202953,False,14,3.986136812352426,0.040888279677103956,23
3.9962241241435628,False,15,4.02702509202953,-0.03080096788596709,23
3.9030968417919527,False,16,3.9962241241435628,-0.09312728235161005,23
4.001153180737659,False,17,3.9030968417919527,0.09805633894570631,23
3.982887543124277,False,18,4.001153180737659,-0.01826563761338207,23
3.9087528603699813,False,19,3.982887543124277,-0.07413468275429569,23
4.045992100472458,False,20,3.9087528603699813,0.13723924010247668,23
3.9277667876098428,False,21,4.045992100472458,-0.11822531286261517,23
3.94182029938035,False,22,3.9277667876098428,0.014053511770507399,23
3.9476317307890425,False,23,3.94182029938035,0.005811431408692336,23
4.0873513722492,False,24,3.9476317307890425,0.1397196414601578,23
4.017151475440028,False,25,4.0873513722492,-0.07019989680917238,23
4.095438640909526,False,26,4.017151475440028,0.0782871654694981,23
3.982549181801254,False,27,4.095438640909526,-0.11288945910827186,23
3.93634069710398,False,28,3.982549181801254,-0.046208484697274343,23
3.9154944833050824,False,29,3.93634069710398,-0.020846213798897395,23
4.092529341926234,False,30,3.9154944833050824,0.17703485862115143,23
3.9488148497072544,False,31,4.092529341926234,-0.14371449221897947,23
3.977659624104813,False,32,3.9488148497072544,0.028844774397558837,23
4.017334585626412,False,33,3.977659624104813,0.039674961521598995,23
4.092720728755629,False,34,4.017334585626412,0.07538614312921688,23
3.920623666034907,False,35,4.092720728755629,-0.1720970627207219,23
3.994790010831522,False,36,3.920623666034907,0.07416634479661477,23
4.025493436197599,False,37,3.994790010831522,0.030703425366076953,23
3.9313397558960563,False,38,4.025493436197599,-0.09415368030154259,23
4.042847784331775,False,39,3.9313397558960563,0.11150802843571839,23
4.020450992189922,False,40,4.042847784331775,-0.022396792141853084,23
4.089669236796402,False,41,4.020450992189922,0.06921824460648018,23
3.920389230395031,False,42,4.089669236796402,-0.16928000640137064,23
4.0814790282516995,False,43,3.920389230395031,0.16108979785666833,23
3.9767587356526524,False,44,4.0814790282516995,-0.10472029259904714,23
4.098914982350392,False,45,3.9767587356526524,0.1221562466977395,23
4.002360192520137,False,46,4.098914982350392,-0.09655478983025478,23
3.9943114007658784,False,47,4.002360192520137,-0.008048791754258655,23
4.070442729347938,False,48,3.9943114007658784,0.07613132858205995,23
4.018733990936812,False,49,4.070442729347938,-0.051708738411126554,23
4.027442353191132,False,50,4.018733990936812,0.008708362254320257,23
4.086764831037408,False,51,4.027442353191132,0.0593224778462762,23
4.08487891154326,False,52,4.086764831037408,-0.0018859194941480695,23
3.921777043883734,False,53,4.08487891154326,-0.16310186765952617,23
4.021259183824183,False,54,3.921777043883734,0.09948213994044908,23
4.054071911062526,False,55,4.021259183824183,0.032812727238343165,23
3.944038357625642,False,56,4.054071911062526,-0.11003355343688437,23
4.034842622936533,False,57,3.944038357625642,0.09080426531089092,23
3.9131800104457692,False,58,4.034842622936533,-0.1216626124907636,23
4.031080808534026,False,59,3.9131800104457692,0.11790079808825649,23
3.9799225299441567,False,60,4.031080808534026,-0.05115827858986899,23
3.9279214943750342,False,61,3.9799225299441567,-0.0520010355691225,23
4.094468148096665,False,62,3.9279214943750342,0.16654665372163047,23
3.9701472480853375,False,63,4.094468148096665,-0.12432090001132723,23
4.087127174834618,False,64,3.9701472480853375,0.11697992674928015,23
4.075440252161763,False,65,4.087127174834618,-0.01168692267285465,23
3.9637057151732638,False,66,4.075440252161763,-0.11173453698849922,23
4.063774295777511,False,67,3.9637057151732638,0.10006858060424761,23
4.020416472216559,False,68,4.063774295777511,-0.04335782356095219,23
4.0571790207686975,False,69,4.020416472216559,0.03676254855213834,23
4.038128084724141,False,70,4.0571790207686975,-0.019050936044556543,23
3.976979227987122,False,71,4.038128084724141,-0.061148856737018864,23
3.928694875020379,False,72,3.976979227987122,-0.04828435296674316,23
4.064173102003032,False,73,3.928694875020379,0.1354782269826531,23
3.974009760727868,False,74,4.064173102003032,-0.09016334127516412,23
4.042880552244538,False,75,3.974009760727868,0.06887079151667042,23
3.980150688379298,False,76,4.042880552244538,-0.06272986386524027,23
3.95235273170032,False,77,3.980150688379298,-0.027797956678977886,23
3.997132639710663,False,78,3.95235273170032,0.044779908010342595,23
3.940243594373009,False,79,3.997132639710663,-0.0568890453376536,23
4.024727010842652,False,80,3.940243594373009,0.08448341646964241,23
3.9254111471091253,False,81,4.024727010842652,-0.0993158637335263,23
4.018905839320454,False,82,3.9254111471091253,0.09349469221132889,23
3.9106694915388664,False,83,4.018905839320454,-0.10823634778158775,23
3.9842725223694093,False,84,3.9106694915388664,0.07360303083054287,23
4.038093626910961,False,85,3.9842725223694093,0.05382110454155198,23
4.003200267634087,False,86,4.038093626910961,-0.034893359276874314,23
4.0570617532933255,False,87,4.003200267634087,0.05386148565923854,23
4.0047281322250665,False,88,4.0570617532933255,-0.052333621068259006,23
3.9276767150610032,False,89,4.0047281322250665,-0.07705141716406327,23
3.944898274779721,False,90,3.9276767150610032,0.01722155971871775,23
4.053732535896724,False,91,3.944898274779721,0.10883426111700345,23
3.918637928642598,False,92,4.053732535896724,-0.1350946072541266,23
4.062117525519291,False,93,3.918637928642598,0.1434795968766931,23
3.996974577521122,False,94,4.062117525519291,-0.06514294799816911,23
4.008973465652028,False,95,3.996974577521122,0.011998888130906327,23
4.020854368174373,False,96,4.008973465652028,0.011880902522344527,23
3.9438016024568787,False,97,4.020854368174373,-0.07705276571749398,23
3.959372779102826,False,98,3.9438016024568787,0.015571176645947205,23
4.0225679190669155,False,99,3.959372779102826,0.06319513996408954,23
4.244553312366948,True,100,4.0225679190669155,0.22198539330003264,23
4.355143030801988,True,101,4.244553312366948,0.11058971843503951,23
4.471431483720764,True,102,4.355143030801988,0.11628845291877621,23
4.688999733014991,True,103,4.471431483720764,0.21756824929422702,23
4.710738814768399,True,104,4.688999733014991,0.021739081753407774,23
4.988929227679684,True,105,4.710738814768399,0.2781904129112851,23
5.1610468221700305,True,106,4.988929227679684,0.1721175944903468,23
5.220871503561613,True,107,5.1610468221700305,0.059824681391582146,23
5.291536724289105,True,108,5.220871503561613,0.07066522072749226,23
5.464966354495066,True,109,5.291536724289105,0.1734296302059608,23
5.595637306580901,True,110,5.464966354495066,0.13067095208583535,23
5.774286566099753,True,111,5.595637306580901,0.1786492595188518,23
5.987194287694718,True,112,5.774286566099753,0.21290772159496552,23
6.187225562842623,True,113,5.987194287694718,0.20003127514790453,23
6.277958673905728,True,114,6.187225562842623,0.09073311106310467,23
6.424111526749405,True,115,6.277958673905728,0.1461528528436773,23
6.700154619133829,True,116,6.424111526749405,0.27604309238442415,23
6.776276204232607,True,117,6.700154619133829,0.07612158509877798,23
6.899402318462619,True,118,6.776276204232607,0.12312611423001218,23
7.192427104734706,True,119,6.899402318462619,0.2930247862720865,23
7.239459546153086,True,120,7.192427104734706,0.0470324414183807,23
7.486819297292321,True,121,7.239459546153086,0.2473597511392347,23
7.640950603443701,True,122,7.486819297292321,0.15413130615138027,23
7.74090923752014,True,123,7.640950603443701,0.09995863407643846,23
7.8559160243792086,True,124,7.74090923752014,0.11500678685906873,23
8.044116771514684,True,125,7.8559160243792086,0.1882007471354754,23
8.318239838040626,True,126,8.044116771514684,0.27412306652594154,23
8.335721774805359,True,127,8.318239838040626,0.01748193676473342,23
8.504786200852136,True,128,8.335721774805359,0.16906442604677707,23
8.802721733536458,True,129,8.504786200852136,0.29793553268432227,23
8.916084167842369,True,130,8.802721733536458,0.11336243430591075,23
9.092818260305995,True,131,8.916084167842369,0.1767340924636258,23
9.294698966087125,True,132,9.092818260305995,0.2018807057811305,23
9.396817870900241,True,133,9.294698966087125,0.10211890481311592,23
9.510575334061775,True,134,9.396817870900241,0.11375746316153368,23
9.749751087515435,True,135,9.510575334061775,0.23917575345365982,23
9.937708046927348,True,136,9.749751087515435,0.18795695941191326,23
9.936280983197488,True,137,9.937708046927348,-0.001427063729860123,23
10.183699608058172,True,138,9.936280983197488,0.24741862486068378,23
10.337815806455076,True,139,10.183699608058172,0.15411619839690438,23
10.431600720374446,True,140,10.337815806455076,0.09378491391936983,23
10.567629968326713,True,141,10.431600720374446,0.13602924795226734,23
10.713154683505001,True,142,10.567629968326713,0.14552471517828813,23
10.919215695621466,True,143,10.713154683505001,0.20606101211646433,23
11.059768344569488,True,144,10.919215695621466,0.140552648948022,23
11.249392729268399,True,145,11.059768344569488,0.18962438469891119,23
11.419703999797848,True,146,11.249392729268399,0.1703112705294494,23
11.648694679130463,True,147,11.419703999797848,0.22899067933261463,23
11.663124556846743,True,148,11.648694679130463,0.014429877716279904,23
11.898710498049306,True,149,11.663124556846743,0.23558594120256338,23
12.100572802606981,True,150,11.898710498049306,0.2018623045576753,23
12.153893630732675,True,151,12.100572802606981,0.05332082812569361,23
12.312340743420837,True,152,12.153893630732675,0.1584471126881617,23
12.449159125063918,True,153,12.312340743420837,0.13681838164308147,23
12.684125291621257,True,154,12.449159125063918,0.2349661665573386,23
12.804737404472652,True,155,12.684125291621257,0.12061211285139528,23
12.904948591177938,True,156,12.804737404472652,0.10021118670528573,23
12.982918954030698,True,157,12.904948591177938,0.07797036285275993,23
13.159950607155618,True,158,12.982918954030698,0.17703165312492075,23
13.481147999872995,True,159,13.159950607155618,0.3211973927173766,23
13.487185729353898,True,160,13.481147999872995,0.006037729480903309,23
13.629879738762584,True,161,13.487185729353898,0.14269400940868593,23
13.865777002193207,True,162,13.629879738762584,0.23589726343062267,23
13.93815062920809,True,163,13.865777002193207,0.07237362701488337,23
14.16975863555636,True,164,13.93815062920809,0.23160800634826906,23
14.275046411531761,True,165,14.16975863555636,0.10528777597540184,23
14.59404313166804,True,166,14.275046411531761,0.318996720136278,23
14.62532111912314,True,167,14.59404313166804,0.03127798745510013,23
14.733259754817366,True,168,14.62532111912314,0.1079386356942269,23
14.936195624690814,True,169,14.733259754817366,0.20293586987344803,23
15.125890528980289,True,170,14.936195624690814,0.18969490428947466,23
15.331379167353361,True,171,15.125890528980289,0.20548863837307252,23
15.456479047910259,True,172,15.331379167353361,0.12509988055689725,23
15.56394809763488,True,173,15.456479047910259,0.1074690497246209,23
15.775601325493165,True,174,15.56394809763488,0.21165322785828522,23
15.992835025190086,True,175,15.775601325493165,0.21723369969692108,23
16.0766927238186,True,176,15.992835025190086,0.08385769862851333,23
16.222347432974356,True,177,16.0766927238186,0.14565470915575673,23
16.408684583386787,True,178,16.222347432974356,0.18633715041243093,23
16.612085701005693,True,179,16.408684583386787,0.2034011176189061,23
16.60881776668995,True,180,16.612085701005693,-0.0032679343157440144,23
16.75087791520294,True,181,16.60881776668995,0.14206014851298931,23
17.070510177152524,True,182,16.75087791520294,0.31963226194958594,23
17.12402249705336,True,183,17.070510177152524,0.05351231990083605,23
17.227354688632406,True,184,17.12402249705336,0.10333219157904594,23
17.450779578507714,True,185,17.227354688632406,0.2234248898753073,23
17.487521227678975,True,186,17.450779578507714,0.03674164917126177,23
17.69889008483663,True,187,17.487521227678975,0.2113688571576553,23
17.901468201476657,True,188,17.69889008483663,0.20257811664002645,23
18.04130691495459,True,189,17.901468201476657,0.13983871347793198,23
18.084446753979496,True,190,18.04130691495459,0.04313983902490648,23
18.377859780255413,True,191,18.084446753979496,0.2934130262759176,23
18.498859489711165,True,192,18.377859780255413,0.12099970945575222,23
18.589670793210576,True,193,18.498859489711165,0.09081130349941091,23
18.809563264823375,True,194,18.589670793210576,0.21989247161279835,23
18.945634118520683,True,195,18.809563264823375,0.13607085369730854,23
19.09449317968437,True,196,18.945634118520683,0.1488590611636873,23
19.13835910843846,True,197,19.09449317968437,0.04386592875409079,23
19.393791956202456,True,198,19.13835910843846,0.2554328477639949,23
19.594845091606235,True,199,19.393791956202456,0.20105313540377878,23
19.54365398441582,False,200,19.594845091606235,-0.05119110719041586,23
19.57506867566599,False,201,19.54365398441582,0.031414691250169824,23
19.418257189725406,False,202,19.57506867566599,-0.15681148594058314,23
19.532754147431348,False,203,19.418257189725406,0.11449695770594204,23
19.581459524319136,False,204,19.532754147431348,0.04870537688778853,23
19.58253312829621,False,205,19.581459524319136,0.001073603977072679,23
19.516626598830563,False,206,19.58253312829621,-0.06590652946564646,23
19.552691677990044,False,207,19.516626598830563,0.03606507915948143,23
19.544700564185298,False,208,19.552691677990044,-0.007991113804745709,23
19.516852984079303,False,209,19.544700564185298,-0.02784758010599475,23
19.578674247940395,False,210,19.516852984079303,0.061821263861091325,23
19.482115654607508,False,211,19.578674247940395,-0.09655859333288674,23
19.480612889245926,False,212,19.482115654607508,-0.0015027653615824477,23
19.4386514415097,False,213,19.480612889245926,-0.04196144773622734,23
19.481205054137668,False,214,19.4386514415097,0.04255361262796953,23
19.525282970110304,False,215,19.481205054137668,0.044077915972636106,23
19.457201225031483,False,216,19.525282970110304,-0.06808174507882114,23
19.414079753089766,False,217,19.457201225031483,-0.043121471941717004,23
19.547228547083844,False,218,19.414079753089766,0.13314879399407786,23
19.528641791483274,False,219,19.547228547083844,-0.01858675560056966,23
19.49917426180413,False,220,19.528641791483274,-0.029467529679145343,23
19.53614150902318,False,221,19.49917426180413,0.03696724721905298,23
19.48845969432514,False,222,19.53614150902318,-0.047681814698041336,23
19.46429766710629,False,223,19.48845969432514,-0.024162027218849857,23
19.414543768133893,False,224,19.46429766710629,-0.04975389897239779,23
19.565532241111477,False,225,19.414543768133893,0.1509884729775841,23
19.561693442497667,False,226,19.565532241111477,-0.0038387986138097574,23
19.448706472521554,False,227,19.561693442497667,-0.11298696997611302,23
19.430947029135574,False,228,19.448706472521554,-0.017759443385980234,23
19.435955089993442,False,229,19.430947029135574,0.005008060857868202,23
19.489499447081705,False,230,19.435955089993442,0.05354435708826344,23
19.51658854936481,False,231,19.489499447081705,0.027089102283103017,23
19.494345049326387,False,232,19.51658854936481,-0.022243500038420905,23
19.473607916419788,False,233,19.494345049326387,-0.020737132906599953,23
19.427398340809628,False,234,19.473607916419788,-0.0462095756101597,23
19.405359800700836,False,235,19.427398340809628,-0.022038540108791693,23
19.43030047774989,False,236,19.405359800700836,0.02494067704905234,23
19.41915017324487,False,237,19.43030047774989,-0.011150304505019193,23
19.5340181414694,False,238,19.41915017324487,0.11486796822453016,23
19.592631405753842,False,239,19.5340181414694,0.05861326428444258,23
19.589819727397042,False,240,19.592631405753842,-0.0028116783567995185,23
19.469954374082874,False,241,19.589819727397042,-0.11986535331416803,23
19.563824814756206,False,242,19.469954374082874,0.0938704406733315,23
19.434711394927,False,243,19.563824814756206,-0.12911341982920632,23
19.478702641103283,False,244,19.434711394927,0.04399124617628303,23
19.426729913154592,False,245,19.478702641103283,-0.05197272794869079,23
19.546010146921013,False,246,19.426729913154592,0.11928023376642116,23
19.433109812499378,False,247,19.546010146921013,-0.11290033442163505,23
19.490355692930713,False,248,19.433109812499378,0.05724588043133494,23
19.425047466662253,False,249,19.490355692930713,-0.06530822626845989,23
19.470543468647367,False,250,19.425047466662253,0.045496001985114276,23
19.52378891010993,False,251,19.470543468647367,0.05324544146256116,23
19.413984375280336,False,252,19.52378891010993,-0.10980453482959263,23
19.417327780564538,False,253,19.413984375280336,0.0033434052842018502,23
19.474967892021457,False,254,19.417327780564538,0.057640111456919385,23
19.52519614053266,False,255,19.474967892021457,0.05022824851120333,23
19.50737453971216,False,256,19.52519614053266,-0.01782160082050055,23
19.41695350974631,False,257,19.50737453971216,-0.09042102996584944,23
19.53372993846325,False,258,19.41695350974631,0.11677642871693905,23
19.44106009004178,False,259,19.53372993846325,-0.09266984842146897,23
19.462447092550903,False,260,19.44106009004178,0.02138700250912251,23
19.470149753740813,False,261,19.462447092550903,0.007702661189910032,23
19.517316076327603,False,262,19.470149753740813,0.04716632258678999,23
19.453791778348563,False,263,19.517316076327603,-0.0635242979790398,23
19.406052134601325,False,264,19.453791778348563,-0.0477396437472386,23
19.423627349493866,False,265,19.406052134601325,0.01757521489254188,23
19.423188781784173,False,266,19.423627349493866,-0.00043856770969341596,23
19.599999760297653,False,267,19.423188781784173,0.1768109785134797,23
19.540366266569034,False,268,19.599999760297653,-0.0596334937286187,23
19.54462474411627,False,269,19.540366266569034,0.0042584775472356284,23
19.55899959047739,False,270,19.54462474411627,0.01437484636112174,23
19.53929069143776,False,271,19.55899959047739,-0.01970889903963169,23
19.49785266117158,False,272,19.53929069143776,-0.041438030266178316,23
19.44338054865169,False,273,19.49785266117158,-0.05447211251989259,23
19.586706566936527,False,274,19.44338054865169,0.1433260182848386,23
19.5692435294465,False,275,19.586706566936527,-0.0174630374900282,23
19.595381264114003,False,276,19.5692435294465,0.02613773466750402,23
19.547409794947253,False,277,19.595381264114003,-0.047971469166750325,23
19.444414070737505,False,278,19.547409794947253,-0.10299572420974812,23
19.43364714118108,False,279,19.444414070737505,-0.010766929556424998,23
19.58452777713007,False,280,19.43364714118108,0.15088063594899026,23
19.534727169266716,False,281,19.58452777713007,-0.04980060786335372,23
19.438226505182417,False,282,19.534727169266716,-0.09650066408429936,23
19.548758873922697,False,283,19.438226505182417,0.11053236874028016,23
19.437622589201855,False,284,19.548758873922697,-0.11113628472084258,23
19.580565639990557,False,285,19.437622589201855,0.14294305078870195,23
19.430137593869095,False,286,19.580565639990557,-0.150428046121462,23
19.540991445354738,False,287,19.430137593869095,0.11085385148564342,23
19.49702094500974,False,288,19.540991445354738,-0.043970500344997276,23
19.55322402570136,False,289,19.49702094500974,0.0562030806916205,23
19.519083463955997,False,290,19.55322402570136,-0.03414056174536384,23
19.54661180063202,False,291,19.519083463955997,0.027528336676024168,23
19.467746147845503,False,292,19.54661180063202,-0.07886565278651858,23
19.529963104517975,False,293,19.467746147845503,0.06221695667247218,23
19.491629646822645,False,294,19.529963104517975,-0.03833345769533025,23
19.549512457446127,False,295,19.491629646822645,0.05788281062348233,23
19.438460223935174,False,296,19.549512457446127,-0.11105223351095361,23
19.556855510083594,False,297,19.438460223935174,0.1183952861484201,23
19.53803833212691,False,298,19.556855510083594,-0.01881717795668436,23
19.49471022467679,False,299,19.53803833212691,-0.043328107450118836,23
4.094516173921636,False,0,0.0,0.0,24
4.004971458990299,False,1,4.094516173921636,-0.08954471493133642,24
3.9372188594740334,False,2,4.004971458990299,-0.067752599516266,24
4.08606816442623,False,3,3.9372188594740334,0.14884930495219661,24
3.925165714449114,False,4,4.08606816442623,-0.1609024499771161,24
3.926543114374303,False,5,3.925165714449114,0.0013773999251891489,24
4.093383595821438,False,6,3.926543114374303,0.1668404814471347,24
3.9435268648938013,False,7,4.093383595821438,-0.1498567309276364,24
4.070431376361252,False,8,3.9435268648938013,0.1269045114674503,24
3.997080361323748,False,9,4.070431376361252,-0.07335101503750341,24
4.099888173651266,False,10,3.997080361323748,0.10280781232751757,24
3.906711488047127,False,11,4.099888173651266,-0.1931766856041386,24
3.9041366319458723,False,12,3.906711488047127,-0.002574856101254852,24
3.9173454253066646,False,13,3.9041366319458723,0.013208793360792281,24
4.024030955987492,False,14,3.9173454253066646,0.10668553068082698,24
4.027451462001975,False,15,4.024030955987492,0.00342050601448296,24
4.016048889000685,False,16,4.027451462001975,-0.01140257300128944,24
3.917322254399747,False,17,4.016048889000685,-0.09872663460093811,24
3.960851028197481,False,18,3.917322254399747,0.04352877379773412,24
4.053243852723462,False,19,3.960851028197481,0.09239282452598063,24
3.9354653919261513,False,20,4.053243852723462,-0.11777846079731047,24
3.973756191466726,False,21,3.9354653919261513,0.03829079954057457,24
3.9597716350482206,False,22,3.973756191466726,-0.013984556418505267,24
3.94314728017048,False,23,3.9597716350482206,-0.01662435487774072,24
3.9580092779267506,False,24,3.94314728017048,0.014861997756270728,24
4.065666983376939,False,25,3.9580092779267506,0.1076577054501886,24
3.9519222751894514,False,26,4.065666983376939,-0.11374470818748783,24
3.9558174354869355,False,27,3.9519222751894514,0.003895160297484157,24
3.9151756567171367,False,28,3.9558174354869355,-0.0406417787697988,24
3.985756063133441,False,29,3.9151756567171367,0.07058040641630425,24
3.9893057398423606,False,30,3.985756063133441,0.0035496767089195913,24
3.9454150824957126,False,31,3.9893057398423606,-0.04389065734664799,24
3.95114044597603,False,32,3.9454150824957126,0.00572536348031738,24
3.9952551702486323,False,33,3.95114044597603,0.044114724272602324,24
3.995861684292097,False,34,3.9952551702486323,0.0006065140434645677,24
4.038777860548936,False,35,3.995861684292097,0.042916176256838856,24
4.032138406412346,False,36,4.038777860548936,-0.0066394541365895066,24
3.978703726394773,False,37,4.032138406412346,-0.05343468001757312,24
4.063488579324149,False,38,3.978703726394773,0.08478485292937599,24
3.9703119517514405,False,39,4.063488579324149,-0.09317662757270861,24
3.9226526588720776,False,40,3.9703119517514405,-0.04765929287936288,24
4.086326136788168,False,41,3.9226526588720776,0.16367347791609044,24
3.9334612143552525,False,42,4.086326136788168,-0.1528649224329155,24
4.016147085594914,False,43,3.9334612143552525,0.08268587123966187,24
3.9814787109998235,False,44,4.016147085594914,-0.03466837459509087,24
4.0247328995072165,False,45,3.9814787109998235,0.04325418850739293,24
3.968153126475057,False,46,4.0247328995072165,-0.05657977303215933,24
3.945729648930068,False,47,3.968153126475057,-0.02242347754498919,24
4.0567552924030075,False,48,3.945729648930068,0.11102564347293953,24
3.9912705935000967,False,49,4.0567552924030075,-0.06548469890291075,24
4.071621520998804,False,50,3.9912705935000967,0.08035092749870687,24
4.061124374763152,False,51,4.071621520998804,-0.01049714623565201,24
3.903473723849933,False,52,4.061124374763152,-0.15765065091321873,24
3.9871449840112514,False,53,3.903473723849933,0.08367126016131854,24
4.08332513472394,False,54,3.9871449840112514,0.09618015071268848,24
3.91495930161753,False,55,4.08332513472394,-0.16836583310640973,24
4.075933745111302,False,56,3.91495930161753,0.16097444349377144,24
3.955028074458161,False,57,4.075933745111302,-0.12090567065314062,24
4.081187105899009,False,58,3.955028074458161,0.1261590314408476,24
4.058634602192973,False,59,4.081187105899009,-0.022552503706035232,24
3.9650220049027425,False,60,4.058634602192973,-0.09361259729023086,24
4.031377100496659,False,61,3.9650220049027425,0.0663550955939165,24
4.072305520911476,False,62,4.031377100496659,0.04092842041481681,24
3.9357735140025762,False,63,4.072305520911476,-0.13653200690889955,24
4.083239275418035,False,64,3.9357735140025762,0.14746576141545864,24
3.9539336629327893,False,65,4.083239275418035,-0.12930561248524564,24
4.000122129342,False,66,3.9539336629327893,0.04618846640921115,24
4.0619993310547535,False,67,4.000122129342,0.06187720171275313,24
3.951714707558704,False,68,4.0619993310547535,-0.1102846234960495,24
3.987089298180484,False,69,3.951714707558704,0.035374590621779944,24
4.029884314427544,False,70,3.987089298180484,0.042795016247059614,24
3.950875253080412,False,71,4.029884314427544,-0.07900906134713148,24
3.984178732912957,False,72,3.950875253080412,0.03330347983254489,24
4.045562613380825,False,73,3.984178732912957,0.06138388046786769,24
3.9904957643299754,False,74,4.045562613380825,-0.05506684905084924,24
4.028391877309454,False,75,3.9904957643299754,0.03789611297947815,24
3.9072785005947632,False,76,4.028391877309454,-0.12111337671469036,24
3.9948481843809716,False,77,3.9072785005947632,0.08756968378620833,24
4.004436903095538,False,78,3.9948481843809716,0.009588718714566458,24
4.078816593494499,False,79,4.004436903095538,0.07437969039896064,24
4.031533563985132,False,80,4.078816593494499,-0.04728302950936669,24
3.999571320641713,False,81,4.031533563985132,-0.031962243343418795,24
4.041212315707879,False,82,3.999571320641713,0.04164099506616603,24
4.095707492215819,False,83,4.041212315707879,0.05449517650794,24
3.9730136140775456,False,84,4.095707492215819,-0.1226938781382736,24
3.9439090768425724,False,85,3.9730136140775456,-0.029104537234973193,24
3.910138685514323,False,86,3.9439090768425724,-0.03377039132824944,24
4.0665565670044606,False,87,3.910138685514323,0.15641788149013758,24
3.919761151410861,False,88,4.0665565670044606,-0.14679541559359954,24
3.9187289053565446,False,89,3.919761151410861,-0.0010322460543163992,24
3.9327875311983047,False,90,3.9187289053565446,0.014058625841760097,24
3.9542240644680167,False,91,3.9327875311983047,0.021436533269711955,24
3.9393642493387184,False,92,3.9542240644680167,-0.014859815129298237,24
3.9715327278800947,False,93,3.9393642493387184,0.03216847854137628,24
3.952820071446535,False,94,3.9715327278800947,-0.018712656433559793,24
3.9180430445051355,False,95,3.952820071446535,-0.03477702694139939,24
3.9442735534562385,False,96,3.9180430445051355,0.026230508951103015,24
4.03367882039179,False,97,3.9442735534562385,0.08940526693555162,24
4.083011501613813,False,98,4.03367882039179,0.0493326812220225,24
4.0301088786311325,False,99,4.083011501613813,-0.052902622982680114,24
4.055890387962179,True,100,4.0301088786311325,0.02578150933104606,24
4.294413001776051,True,101,4.055890387962179,0.2385226138138723,24
4.386931623507745,True,102,4.294413001776051,0.09251862173169378,24
4.4836751515393,True,103,4.386931623507745,0.09674352803155539,24
4.5868620219059215,True,104,4.4836751515393,0.10318687036662144,24
4.743761280205564,True,105,4.5868620219059215,0.15689925829964224,24
4.696061900890808,True,106,4.743761280205564,-0.04769937931475532,24
4.804980647286959,True,107,4.696061900890808,0.10891874639615029,24
4.970915592645,True,108,4.804980647286959,0.16593494535804165,24
4.983909920405614,True,109,4.970915592645,0.012994327760613267,24
5.21212002808895,True,110,4.983909920405614,0.22821010768333672,24
5.283974585058254,True,111,5.21212002808895,0.07185455696930365,24
5.234272896656024,True,112,5.283974585058254,-0.049701688402230104,24
5.351120205005426,True,113,5.234272896656024,0.11684730834940193,24
5.408511141813984,True,114,5.351120205005426,0.05739093680855856,24
5.632867026660299,True,115,5.408511141813984,0.22435588484631452,24
5.757451479586685,True,116,5.632867026660299,0.12458445292638576,24
5.825755282710399,True,117,5.757451479586685,0.06830380312371442,24
5.893681357152188,True,118,5.825755282710399,0.06792607444178866,24
5.955654876564795,True,119,5.893681357152188,0.0619735194126072,24
6.066702401233561,True,120,5.955654876564795,0.11104752466876633,24
6.217129731338071,True,121,6.066702401233561,0.1504273301045096,24
6.232586670460655,True,122,6.217129731338071,0.015456939122584501,24
6.447370112026959,True,123,6.232586670460655,0.21478344156630325,24
6.394225474762269,True,124,6.447370112026959,-0.05314463726468954,24
6.445680442460753,True,125,6.394225474762269,0.05145496769848368,24
6.590326441267124,True,126,6.445680442460753,0.14464599880637152,24
6.623141500935519,True,127,6.590326441267124,0.03281505966839493,24
6.746706013826932,True,128,6.623141500935519,0.1235645128914129,24
6.948179813241572,True,129,6.746706013826932,0.20147379941464028,24
7.075380957711846,True,130,6.948179813241572,0.12720114447027342,24
7.144259536792271,True,131,7.075380957711846,0.06887857908042516,24
7.165620947691123,True,132,7.144259536792271,0.021361410898851574,24
7.363433221702905,True,133,7.165620947691123,0.19781227401178203,24
7.425090505321138,True,134,7.363433221702905,0.061657283618233194,24
7.4232088470377855,True,135,7.425090505321138,-0.0018816582833522943,24
7.705197465228363,True,136,7.4232088470377855,0.2819886181905771,24
7.776360937462799,True,137,7.705197465228363,0.07116347223443675,24
7.766382792996826,True,138,7.776360937462799,-0.00997814446597367,24
7.97455410436225,True,139,7.766382792996826,0.20817131136542422,24
7.9831034380434875,True,140,7.97455410436225,0.00854933368123767,24
8.128260575414911,True,141,7.9831034380434875,0.14515713737142377,24
8.19986725798602,True,142,8.128260575414911,0.07160668257110814,24
8.197052276330858,True,143,8.19986725798602,-0.002814981655161475,24
8.36263104602221,True,144,8.197052276330858,0.16557876969135243,24
8.456509342520436,True,145,8.36263104602221,0.09387829649822521,24
8.625182278831753,True,146,8.456509342520436,0.1686729363113173,24
8.772420470828383,True,147,8.625182278831753,0.1472381919966299,24
8.796203396101548,True,148,8.772420470828383,0.02378292527316539,24
8.972992408284961,True,149,8.796203396101548,0.1767890121834128,24
8.972615307295337,True,150,8.972992408284961,-0.00037710098962406846,24
9.115230183904487,True,151,8.972615307295337,0.14261487660914973,24
9.178073967436875,True,152,9.115230183904487,0.06284378353238829,24
9.370931846566979,True,153,9.178073967436875,0.19285787913010388,24
9.399458842477722,True,154,9.370931846566979,0.02852699591074348,24
9.515032021754736,True,155,9.399458842477722,0.11557317927701405,24
9.600004060275836,True,156,9.515032021754736,0.08497203852109969,24
9.727585159593177,True,157,9.600004060275836,0.12758109931734118,24
9.764047279957483,True,158,9.727585159593177,0.036462120364305406,24
9.88358983546136,True,159,9.764047279957483,0.11954255550387671,24
9.87403879339472,True,160,9.88358983546136,-0.009551042066640036,24
10.096444125220545,True,161,9.87403879339472,0.22240533182582567,24
10.037373730579228,True,162,10.096444125220545,-0.05907039464131714,24
10.20428725818924,True,163,10.037373730579228,0.16691352761001177,24
10.388297396826959,True,164,10.20428725818924,0.18401013863771887,24
10.451184866127347,True,165,10.388297396826959,0.06288746930038869,24
10.385801985898981,True,166,10.451184866127347,-0.06538288022836625,24
10.540920187581005,True,167,10.385801985898981,0.15511820168202384,24
10.657149969172083,True,168,10.540920187581005,0.11622978159107866,24
10.813902461005966,True,169,10.657149969172083,0.15675249183388296,24
10.866498725330107,True,170,10.813902461005966,0.05259626432414066,24
11.056298841841427,True,171,10.866498725330107,0.18980011651131967,24
11.128698359051265,True,172,11.056298841841427,0.0723995172098384,24
11.173788828213109,True,173,11.128698359051265,0.04509046916184367,24
11.236158157981315,True,174,11.173788828213109,0.06236932976820597,24
11.310353112779914,True,175,11.236158157981315,0.07419495479859961,24
11.534728543656321,True,176,11.310353112779914,0.22437543087640677,24
11.513873492286653,True,177,11.534728543656321,-0.020855051369668587,24
11.611703123955833,True,178,11.513873492286653,0.09782963166918002,24
11.693052139601512,True,179,11.611703123955833,0.08134901564567976,24
11.770653941876198,True,180,11.693052139601512,0.07760180227468538,24
11.934024176519591,True,181,11.770653941876198,0.16337023464339318,24
12.086023822427519,True,182,11.934024176519591,0.15199964590792803,24
12.233379867240842,True,183,12.086023822427519,0.1473560448133231,24
12.20379002011166,True,184,12.233379867240842,-0.029589847129182445,24
12.344079688158034,True,185,12.20379002011166,0.14028966804637477,24
12.510836565932221,True,186,12.344079688158034,0.16675687777418702,24
12.682068181387816,True,187,12.510836565932221,0.17123161545559462,24
12.702571577101189,True,188,12.682068181387816,0.020503395713372896,24
12.840590513720928,True,189,12.702571577101189,0.13801893661973885,24
12.833079645863295,True,190,12.840590513720928,-0.007510867857632775,24
13.075202102288776,True,191,12.833079645863295,0.2421224564254807,24
13.0982782693114,True,192,13.075202102288776,0.023076167022624716,24
13.080598632444984,True,193,13.0982782693114,-0.017679636866416715,24
13.353393132240885,True,194,13.080598632444984,0.27279449979590176,24
13.336044180674747,True,195,13.353393132240885,-0.017348951566138027,24
13.498867481719486,True,196,13.336044180674747,0.16282330104473886,24
13.543240918755389,True,197,13.498867481719486,0.044373437035902796,24
13.624506390921514,True,198,13.543240918755389,0.08126547216612501,24
13.753146573048747,True,199,13.624506390921514,0.12864018212723316,24
13.723838503949981,False,200,13.753146573048747,-0.029308069098766154,24
13.806730751733957,False,201,13.723838503949981,0.08289224778397575,24
13.904205475783984,False,202,13.806730751733957,0.0974747240500271,24
13.869622790062234,False,203,13.904205475783984,-0.03458268572174994,24
13.710846027215817,False,204,13.869622790062234,-0.15877676284641673,24
13.844996813126231,False,205,13.710846027215817,0.13415078591041407,24
13.786421669018303,False,206,13.844996813126231,-0.05857514410792852,24
13.781886234897168,False,207,13.786421669018303,-0.00453543412113433,24
13.75330545693655,False,208,13.781886234897168,-0.02858077796061842,24
13.851486000300778,False,209,13.75330545693655,0.09818054336422755,24
13.860548336758272,False,210,13.851486000300778,0.00906233645749488,24
13.833985933701657,False,211,13.860548336758272,-0.026562403056615835,24
13.824842426903633,False,212,13.833985933701657,-0.009143506798023893,24
13.880700891007693,False,213,13.824842426903633,0.0558584641040607,24
13.817697427489973,False,214,13.880700891007693,-0.06300346351772035,24
13.75437138272284,False,215,13.817697427489973,-0.06332604476713222,24
13.730960121618443,False,216,13.75437138272284,-0.02341126110439795,24
13.709401847069454,False,217,13.730960121618443,-0.02155827454898862,24
13.804706632109728,False,218,13.709401847069454,0.09530478504027329,24
13.726400974370852,False,219,13.804706632109728,-0.07830565773887521,24
13.742024601126005,False,220,13.726400974370852,0.015623626755152387,24
13.855754006821808,False,221,13.742024601126005,0.11372940569580337,24
13.895355155902521,False,222,13.855754006821808,0.03960114908071333,24
13.866454141132364,False,223,13.895355155902521,-0.02890101477015783,24
13.719468366437688,False,224,13.866454141132364,-0.14698577469467544,24
13.789148693719076,False,225,13.719468366437688,0.06968032728138773,24
13.893872998162546,False,226,13.789148693719076,0.10472430444347047,24
13.74179283258231,False,227,13.893872998162546,-0.15208016558023552,24
13.898273780089212,False,228,13.74179283258231,0.15648094750690156,24
13.89978093513353,False,229,13.898273780089212,0.0015071550443170878,24
13.838631605019794,False,230,13.89978093513353,-0.0611493301137358,24
13.829093434143923,False,231,13.838631605019794,-0.009538170875870833,24
13.87945689801959,False,232,13.829093434143923,0.05036346387566759,24
13.893873763574591,False,233,13.87945689801959,0.014416865555000768,24
13.73593618189473,False,234,13.893873763574591,-0.15793758167986205,24
13.709430439584473,False,235,13.73593618189473,-0.026505742310256153,24
13.8717601396318,False,236,13.709430439584473,0.1623297000473265,24
13.854480409467794,False,237,13.8717601396318,-0.01727973016400597,24
13.790341301893928,False,238,13.854480409467794,-0.06413910757386532,24
13.841031171724088,False,239,13.790341301893928,0.050689869830160106,24
13.761159058115638,False,240,13.841031171724088,-0.07987211360845059,24
13.862394868923746,False,241,13.761159058115638,0.10123581080810773,24
13.86017817643922,False,242,13.862394868923746,-0.0022166924845254954,24
13.873197720595872,False,243,13.86017817643922,0.013019544156652074,24
13.708808264614913,False,244,13.873197720595872,-0.16438945598095955,24
13.89585774866625,False,245,13.708808264614913,0.1870494840513377,24
13.793416583830004,False,246,13.89585774866625,-0.10244116483624666,24
13.731417744033202,False,247,13.793416583830004,-0.061998839796801875,24
13.768583703732293,False,248,13.731417744033202,0.037165959699091644,24
13.773322333197116,False,249,13.768583703732293,0.004738629464823063,24
13.818297742903942,False,250,13.773322333197116,0.044975409706825786,24
13.792080822334414,False,251,13.818297742903942,-0.026216920569527957,24
13.748827626304971,False,252,13.792080822334414,-0.04325319602944333,24
13.722212166451001,False,253,13.748827626304971,-0.026615459853969625,24
13.841965656443032,False,254,13.722212166451001,0.11975348999203028,24
13.791074802402724,False,255,13.841965656443032,-0.05089085404030769,24
13.809461902284854,False,256,13.791074802402724,0.01838709988212983,24
13.72924271365805,False,257,13.809461902284854,-0.08021918862680444,24
13.712984306674006,False,258,13.72924271365805,-0.01625840698404346,24
13.809913544407982,False,259,13.712984306674006,0.09692923773397588,24
13.806740344835287,False,260,13.809913544407982,-0.003173199572694685,24
13.760606614783525,False,261,13.806740344835287,-0.046133730051762356,24
13.790920989812795,False,262,13.760606614783525,0.03031437502927048,24
13.829109862375967,False,263,13.790920989812795,0.03818887256317183,24
13.7364921072148,False,264,13.829109862375967,-0.09261775516116622,24
13.748419853656868,False,265,13.7364921072148,0.011927746442067289,24
13.892497039935112,False,266,13.748419853656868,0.14407718627824373,24
13.77355781894242,False,267,13.892497039935112,-0.11893922099269183,24
13.88620245762536,False,268,13.77355781894242,0.11264463868294072,24
13.854698310558963,False,269,13.88620245762536,-0.03150414706639815,24
13.893943977333803,False,270,13.854698310558963,0.03924566677484087,24
13.752876767409012,False,271,13.893943977333803,-0.14106720992479183,24
13.857431393996823,False,272,13.752876767409012,0.10455462658781123,24
13.841777758719315,False,273,13.857431393996823,-0.015653635277507405,24
13.781442066957784,False,274,13.841777758719315,-0.06033569176153186,24
13.809270774763341,False,275,13.781442066957784,0.027828707805557684,24
13.766265614101028,False,276,13.809270774763341,-0.04300516066231275,24
13.865545513531105,False,277,13.766265614101028,0.09927989943007631,24
13.721002582906285,False,278,13.865545513531105,-0.14454293062481938,24
13.815940732645782,False,279,13.721002582906285,0.09493814973949632,24
13.795955528775822,False,280,13.815940732645782,-0.019985203869959278,24
13.876470981961182,False,281,13.795955528775822,0.08051545318535958,24
13.825322291999727,False,282,13.876470981961182,-0.05114868996145461,24
13.72343128480053,False,283,13.825322291999727,-0.10189100719919786,24
13.770014741444234,False,284,13.72343128480053,0.046583456643704224,24
13.762893250671866,False,285,13.770014741444234,-0.007121490772368233,24
13.746395222409129,False,286,13.762893250671866,-0.016498028262736497,24
13.78813451866285,False,287,13.746395222409129,0.04173929625372175,24
13.8480432453614,False,288,13.78813451866285,0.05990872669854852,24
13.894056712137646,False,289,13.8480432453614,0.0460134667762464,24
13.779676808940195,False,290,13.894056712137646,-0.11437990319745062,24
13.859385962587204,False,291,13.779676808940195,0.07970915364700915,24
13.80129414933708,False,292,13.859385962587204,-0.05809181325012425,24
13.855479123987394,False,293,13.80129414933708,0.05418497465031358,24
13.782051583353741,False,294,13.855479123987394,-0.0734275406336522,24
13.75335115702344,False,295,13.782051583353741,-0.028700426330301454,24
13.763421070810285,False,296,13.75335115702344,0.010069913786844964,24
13.900547308433442,False,297,13.763421070810285,0.137126237623157,24
13.837471119631783,False,298,13.900547308433442,-0.06307618880165933,24
13.839996673798737,False,299,13.837471119631783,0.0025255541669544357,24
3.9514008829954492,False,0,0.0,0.0,25
4.005634932605131,False,1,3.9514008829954492,0.05423404960968137,25
4.045948510699114,False,2,4.005634932605131,0.040313578093983615,25
4.010746051754883,False,3,4.045948510699114,-0.03520245894423102,25
4.085921108292029,False,4,4.010746051754883,0.0751750565371454,25
4.032799028458969,False,5,4.085921108292029,-0.05312207983305939,25
3.9456799322625034,False,6,4.032799028458969,-0.08711909619646585,25
4.046639721852349,False,7,3.9456799322625034,0.10095978958984597,25
3.996087179062045,False,8,4.046639721852349,-0.05055254279030441,25
4.058124242850791,False,9,3.996087179062045,0.062037063788746405,25
4.056685058833177,False,10,4.058124242850791,-0.0014391840176140036,25
3.9657323977066024,False,11,4.056685058833177,-0.09095266112657496,25
3.948634915243527,False,12,3.9657323977066024,-0.01709748246307541,25
4.029558111243702,False,13,3.948634915243527,0.08092319600017506,25
4.03504357570025,False,14,4.029558111243702,0.005485464456548073,25
3.9988751565999543,False,15,4.03504357570025,-0.03616841910029578,25
4.05672917652577,False,16,3.9988751565999543,0.057854019925815514,25
4.099014614806992,False,17,4.05672917652577,0.042285438281222554,25
3.9493660544952847,False,18,4.099014614806992,-0.1496485603117077,25
4.04979419479678,False,19,3.9493660544952847,0.10042814030149527,25
4.092799311858489,False,20,4.04979419479678,0.04300511706170873,25
3.9895783971826715,False,21,4.092799311858489,-0.10322091467581718,25
4.032303796545158,False,22,3.9895783971826715,0.042725399362486094,25
4.0081997780214795,False,23,4.032303796545158,-0.02410401852367805,25
3.9371587805647006,False,24,4.0081997780214795,-0.07104099745677894,25
4.050753025224704,False,25,3.9371587805647006,0.11359424466000378,25
4.0775526845164105,False,26,4.050753025224704,0.026799659291706135,25
3.957267332685617,False,27,4.0775526845164105,-0.12028535183079336,25
3.9213337099069436,False,28,3.957267332685617,-0.03593362277867351,25
4.026139457205173,False,29,3.9213337099069436,0.10480574729822933,25
4.01643596650181,False,30,4.026139457205173,-0.009703490703363293,25
4.037826544464084,False,31,4.01643596650181,0.021390577962274726,25
3.9048116924310334,False,32,4.037826544464084,-0.13301485203305097,25
3.991355032187763,False,33,3.9048116924310334,0.08654333975672968,25
3.977988119136014,False,34,3.991355032187763,-0.013366913051749307,25
4.082087560870659,False,35,3.977988119136014,0.10409944173464503,25
4.035235886028169,False,36,4.082087560870659,-0.04685167484248964,25
4.0449527599463755,False,37,4.035235886028169,0.009716873918206304,25
4.029617402292927,False,38,4.0449527599463755,-0.015335357653448511,25
4.081815279212216,False,39,4.029617402292927,0.05219787691928879,25
3.915395103445968,False,40,4.081815279212216,-0.1664201757662478,25
4.0308631227052985,False,41,3.915395103445968,0.11546801925933048,25
4.084980508426407,False,42,4.0308631227052985,0.054117385721108135,25
3.9653441312772872,False,43,4.084980508426407,-0.11963637714911934,25
4.0763899580524825,False,44,3.9653441312772872,0.11104582677519526,25
3.941031558144904,False,45,4.0763899580524825,-0.1353583999075787,25
3.9758178824461106,False,46,3.941031558144904,0.03478632430120676,25
3.9013768477912096,False,47,3.9758178824461106,-0.07444103465490093,25
4.059299472073496,False,48,3.9013768477912096,0.15792262428228643,25
4.041831445632703,False,49,4.059299472073496,-0.017468026440792706,25
4.0998635449193275,False,50,4.041831445632703,0.05803209928662412,25
3.952970007905489,False,51,4.0998635449193275,-0.14689353701383867,25
4.046213132879493,False,52,3.952970007905489,0.09324312497400422,25
3.9955754699708335,False,53,4.046213132879493,-0.050637662908659564,25
4.061855574795277,False,54,3.9955754699708335,0.06628010482444324,25
3.948703371195238,False,55,4.061855574795277,-0.11315220360003853,25
4.089453738533812,False,56,3.948703371195238,0.1407503673385735,25
4.070124067441481,False,57,4.089453738533812,-0.01932967109233097,25
3.935413422518991,False,58,4.070124067441481,-0.13471064492248974,25
3.9850816576782737,False,59,3.935413422518991,0.04966823515928276,25
4.084285718591867,False,60,3.9850816576782737,0.09920406091359357,25
3.955898840791897,False,61,4.084285718591867,-0.12838687779997038,25
3.9299649959133673,False,62,3.955898840791897,-0.025933844878529566,25
3.9728593062837896,False,63,3.9299649959133673,0.04289431037042224,25
4.060037345049324,False,64,3.9728593062837896,0.0871780387655341,25
3.989850323778206,False,65,4.060037345049324,-0.07018702127111753,25
3.95918233012012,False,66,3.989850323778206,-0.030667993658086257,25
3.992059241354184,False,67,3.95918233012012,0.03287691123406411,25
4.044317172410958,False,68,3.992059241354184,0.0522579310567739,25
3.905723890109684,False,69,4.044317172410958,-0.1385932823012741,25
4.069517504446281,False,70,3.905723890109684,0.16379361433659678,25
4.0771932953587,False,71,4.069517504446281,0.007675790912418989,25
3.9977899744264365,False,72,4.0771932953587,-0.0794033209322631,25
3.9058659464217875,False,73,3.9977899744264365,-0.09192402800464894,25
4.078862584356055,False,74,3.9058659464217875,0.17299663793426756,25
3.9281234815439268,False,75,4.078862584356055,-0.15073910281212832,25
4.047976305159341,False,76,3.9281234815439268,0.11985282361541394,25
3.922284530899198,False,77,4.047976305159341,-0.12569177426014289,25
3.9201463531674166,False,78,3.922284530899198,-0.0021381777317812656,25
3.991354026910678,False,79,3.9201463531674166,0.07120767374326142,25
4.0631525688736145,False,80,3.991354026910678,0.07179854196293656,25
3.936539456890231,False,81,4.0631525688736145,-0.12661311198338332,25
3.985035535008184,False,82,3.936539456890231,0.048496078117952646,25
4.095197600344171,False,83,3.985035535008184,0.11016206533598671,25
3.9307064949716266,False,84,4.095197600344171,-0.16449110537254397,25
3.9345729675638315,False,85,3.9307064949716266,0.0038664725922048504,25
3.952539433921092,False,86,3.9345729675638315,0.017966466357260735,25
3.909134628967665,False,87,3.952539433921092,-0.043404804953427245,25
4.080298243029257,False,88,3.909134628967665,0.1711636140615922,25
4.075724671387685,False,89,4.080298243029257,-0.004573571641572016,25
4.053049474998234,False,90,4.075724671387685,-0.022675196389450925,25
4.039307411731534,False,91,4.053049474998234,-0.013742063266700022,25
3.90119115369969,False,92,4.039307411731534,-0.13811625803184402,25
4.011608425503629,False,93,3.90119115369969,0.11041727180393845,25
3.998611530287193,False,94,4.011608425503629,-0.012996895216435433,25
3.9386616537778583,False,95,3.998611530287193,-0.05994987650933492,25
3.9339903484628853,False,96,3.9386616537778583,-0.004671305314972951,25
4.0776965791862665,False,97,3.9339903484628853,0.14370623072338118,25
4.00635040397456,False,98,4.0776965791862665,-0.07134617521170661,25
3.9622790170548576,False,99,4.00635040397456,-0.04407138691970225,25
4.439465179446441,True,100,3.9622790170548576,0.4771861623915834,25
4.641184302447283,True,101,4.439465179446441,0.20171912300084216,25
5.009292407074596,True,102,4.641184302447283,0.36810810462731247,25
5.433539195297959,True,103,5.009292407074596,0.42424678822336315,25
5.8136165228520404,True,104,5.433539195297959,0.38007732755408163,25
6.010178792200804,True,105,5.8136165228520404,0.19656226934876386,25
6.321774447417275,True,106,6.010178792200804,0.3115956552164709,25
6.816254742969896,True,107,6.321774447417275,0.49448029555262085,25
7.177072159037435,True,108,6.816254742969896,0.3608174160675386,25
7.443883655193233,True,109,7.177072159037435,0.2668114961557979,25
7.866557318323474,True,110,7.443883655193233,0.422673663130241,25
8.09205808340596,True,111,7.866557318323474,0.22550076508248562,25
8.524838396168747,True,112,8.09205808340596,0.4327803127627874,25
8.842407995908804,True,113,8.524838396168747,0.3175695997400574,25
9.170223290538287,True,114,8.842407995908804,0.3278152946294828,25
9.459811834892744,True,115,9.170223290538287,0.2895885443544568,25
9.917137622618478,True,116,9.459811834892744,0.4573257877257344,25
10.143495687960915,True,117,9.917137622618478,0.22635806534243663,25
10.60240543230679,True,118,10.143495687960915,0.45890974434587584,25
10.829397079374813,True,119,10.60240543230679,0.22699164706802222,25
11.227514414930521,True,120,10.829397079374813,0.3981173355557086,25
11.601203668954163,True,121,11.227514414930521,0.37368925402364184,25
11.92962015839933,True,122,11.601203668954163,0.32841648944516777,25
12.290030126910734,True,123,11.92962015839933,0.3604099685114033,25
12.55161500400376,True,124,12.290030126910734,0.2615848770930267,25
12.905644786386125,True,125,12.55161500400376,0.35402978238236393,25
13.257201825203303,True,126,12.905644786386125,0.3515570388171785,25
13.555222131842589,True,127,13.257201825203303,0.2980203066392857,25
13.876698238531736,True,128,13.555222131842589,0.32147610668914695,25
14.373752388815284,True,129,13.876698238531736,0.4970541502835477,25
14.652198867513892,True,130,14.373752388815284,0.2784464786986085,25
14.960012384849875,True,131,14.652198867513892,0.3078135173359833,25
15.429382772085807,True,132,14.960012384849875,0.46937038723593183,25
15.68875402363232,True,133,15.429382772085807,0.2593712515465132,25
16.034787089716026,True,134,15.68875402363232,0.3460330660837059,25
16.492772654634567,True,135,16.034787089716026,0.45798556491854114,25
16.740161303579313,True,136,16.492772654634567,0.24738864894474588,25
17.154979309688613,True,137,16.740161303579313,0.4148180061093001,25
17.493024340282282,True,138,17.154979309688613,0.3380450305936691,25
17.849699718297103,True,139,17.493024340282282,0.3566753780148204,25
18.099201060980203,True,140,17.849699718297103,0.2495013426831001,25
18.393005641701848,True,141,18.099201060980203,0.2938045807216447,25
18.808678996374127,True,142,18.393005641701848,0.41567335467227906,25
19.24679824047696,True,143,18.808678996374127,0.43811924410283254,25
19.506458678189865,True,144,19.24679824047696,0.25966043771290614,25
19.896622101051403,True,145,19.506458678189865,0.39016342286153716,25
20.0,False,146,19.896622101051403,0.10337789894859739,25
20.0,False,147,20.0,0.0,25
20.0,False,148,20.0,0.0,25
20.0,False,149,20.0,0.0,25
20.0,False,150,20.0,0.0,25
20.0,False,151,20.0,0.0,25
20.0,False,152,20.0,0.0,25
20.0,False,153,20.0,0.0,25
20.0,False,154,20.0,0.0,25
20.0,False,155,20.0,0.0,25
20.0,False,156,20.0,0.0,25
20.0,False,157,20.0,0.0,25
20.0,False,158,20.0,0.0,25
20.0,False,159,20.0,0.0,25
20.0,False,160,20.0,0.0,25
20.0,False,161,20.0,0.0,25
20.0,False,162,20.0,0.0,25
20.0,False,163,20.0,0.0,25
20.0,False,164,20.0,0.0,25
20.0,False,165,20.0,0.0,25
20.0,False,166,20.0,0.0,25
20.0,False,167,20.0,0.0,25
20.0,False,168,20.0,0.0,25
20.0,False,169,20.0,0.0,25
20.0,False,170,20.0,0.0,25
20.0,False,171,20.0,0.0,25
20.0,False,172,20.0,0.0,25
20.0,False,173,20.0,0.0,25
20.0,False,174,20.0,0.0,25
20.0,False,175,20.0,0.0,25
20.0,False,176,20.0,0.0,25
20.0,False,177,20.0,0.0,25
20.0,False,178,20.0,0.0,25
20.0,False,179,20.0,0.0,25
20.0,False,180,20.0,0.0,25
20.0,False,181,20.0,0.0,25
20.0,False,182,20.0,0.0,25
20.0,False,183,20.0,0.0,25
20.0,False,184,20.0,0.0,25
20.0,False,185,20.0,0.0,25
20.0,False,186,20.0,0.0,25
20.0,False,187,20.0,0.0,25
20.0,False,188,20.0,0.0,25
20.0,False,189,20.0,0.0,25
20.0,False,190,20.0,0.0,25
20.0,False,191,20.0,0.0,25
20.0,False,192,20.0,0.0,25
20.0,False,193,20.0,0.0,25
20.0,False,194,20.0,0.0,25
20.0,False,195,20.0,0.0,25
20.0,False,196,20.0,0.0,25
20.0,False,197,20.0,0.0,25
20.0,False,198,20.0,0.0,25
20.0,False,199,20.0,0.0,25
20.0,False,200,20.0,0.0,25
19.945185496237567,False,201,20.0,-0.05481450376243302,25
19.922248728700122,False,202,19.945185496237567,-0.02293676753744478,25
20.0,False,203,19.922248728700122,0.0777512712998778,25
20.0,False,204,20.0,0.0,25
20.0,False,205,20.0,0.0,25
20.0,False,206,20.0,0.0,25
20.0,False,207,20.0,0.0,25
19.965572778946676,False,208,20.0,-0.034427221053324075,25
20.0,False,209,19.965572778946676,0.034427221053324075,25
19.975996122216845,False,210,20.0,-0.024003877783155048,25
20.0,False,211,19.975996122216845,0.024003877783155048,25
19.990626741041883,False,212,20.0,-0.009373258958117248,25
20.0,False,213,19.990626741041883,0.009373258958117248,25
20.0,False,214,20.0,0.0,25
20.0,False,215,20.0,0.0,25
19.930792633351796,False,216,20.0,-0.06920736664820382,25
19.963198862102484,False,217,19.930792633351796,0.03240622875068766,25
20.0,False,218,19.963198862102484,0.036801137897516156,25
19.92840862529894,False,219,20.0,-0.07159137470106103,25
20.0,False,220,19.92840862529894,0.07159137470106103,25
19.9038724481092,False,221,20.0,-0.09612755189079891,25
20.0,False,222,19.9038724481092,0.09612755189079891,25
20.0,False,223,20.0,0.0,25
20.0,False,224,20.0,0.0,25
20.0,False,225,20.0,0.0,25
20.0,False,226,20.0,0.0,25
19.93243179770868,False,227,20.0,-0.06756820229131932,25
19.93453025226433,False,228,19.93243179770868,0.0020984545556501644,25
20.0,False,229,19.93453025226433,0.06546974773566916,25
20.0,False,230,20.0,0.0,25
19.98991593746275,False,231,20.0,-0.010084062537249139,25
20.0,False,232,19.98991593746275,0.010084062537249139,25
19.94660629351303,False,233,20.0,-0.053393706486968284,25
20.0,False,234,19.94660629351303,0.053393706486968284,25
19.982413248173632,False,235,20.0,-0.01758675182636793,25
19.900893962303513,False,236,19.982413248173632,-0.08151928587011881,25
20.0,False,237,19.900893962303513,0.09910603769648674,25
19.924800742721015,False,238,20.0,-0.07519925727898524,25
20.0,False,239,19.924800742721015,0.07519925727898524,25
20.0,False,240,20.0,0.0,25
19.92092079039368,False,241,20.0,-0.07907920960631998,25
19.98976433088283,False,242,19.92092079039368,0.06884354048915142,25
20.0,False,243,19.98976433088283,0.010235669117168555,25
19.972120787552083,False,244,20.0,-0.027879212447917467,25
19.946964071239407,False,245,19.972120787552083,-0.025156716312675798,25
19.962718048295486,False,246,19.946964071239407,0.01575397705607884,25
20.0,False,247,19.962718048295486,0.03728195170451443,25
20.0,False,248,20.0,0.0,25
20.0,False,249,20.0,0.0,25
20.0,False,250,20.0,0.0,25
19.981289512708454,False,251,20.0,-0.01871048729154623,25
19.97825518075585,False,252,19.981289512708454,-0.0030343319526053847,25
19.955897063890532,False,253,19.97825518075585,-0.02235811686531619,25
20.0,False,254,19.955897063890532,0.044102936109467805,25
20.0,False,255,20.0,0.0,25
19.94512395185854,False,256,20.0,-0.054876048141458966,25
20.0,False,257,19.94512395185854,0.054876048141458966,25
20.0,False,258,20.0,0.0,25
20.0,False,259,20.0,0.0,25
20.0,False,260,20.0,0.0,25
20.0,False,261,20.0,0.0,25
19.993579344234618,False,262,20.0,-0.006420655765381866,25
20.0,False,263,19.993579344234618,0.006420655765381866,25
19.99665102735169,False,264,20.0,-0.0033489726483111326,25
19.989569620415885,False,265,19.99665102735169,-0.007081406935803614,25
20.0,False,266,19.989569620415885,0.010430379584114746,25
20.0,False,267,20.0,0.0,25
20.0,False,268,20.0,0.0,25
19.964287274125137,False,269,20.0,-0.03571272587486263,25
19.92472369708596,False,270,19.964287274125137,-0.039563577039178455,25
20.0,False,271,19.92472369708596,0.07527630291404108,25
19.925722254543484,False,272,20.0,-0.07427774545651644,25
19.96176461130283,False,273,19.925722254543484,0.03604235675934575,25
19.910174291832995,False,274,19.96176461130283,-0.05159031946983461,25
20.0,False,275,19.910174291832995,0.0898257081670053,25
19.97254513873951,False,276,20.0,-0.027454861260491015,25
19.911947887568097,False,277,19.97254513873951,-0.060597251171412125,25
20.0,False,278,19.911947887568097,0.08805211243190314,25
20.0,False,279,20.0,0.0,25
20.0,False,280,20.0,0.0,25
20.0,False,281,20.0,0.0,25
20.0,False,282,20.0,0.0,25
20.0,False,283,20.0,0.0,25
20.0,False,284,20.0,0.0,25
20.0,False,285,20.0,0.0,25
20.0,False,286,20.0,0.0,25
20.0,False,287,20.0,0.0,25
20.0,False,288,20.0,0.0,25
19.913505525655133,False,289,20.0,-0.08649447434486746,25
20.0,False,290,19.913505525655133,0.08649447434486746,25
19.90306883002975,False,291,20.0,-0.09693116997025086,25
19.907264864754485,False,292,19.90306883002975,0.004196034724735398,25
19.955562425902755,False,293,19.907264864754485,0.04829756114827077,25
19.966263850806527,False,294,19.955562425902755,0.010701424903771795,25
20.0,False,295,19.966263850806527,0.0337361491934729,25
19.91361798189547,False,296,20.0,-0.08638201810452983,25
19.985566556488866,False,297,19.91361798189547,0.07194857459339588,25
19.95026163201251,False,298,19.985566556488866,-0.0353049244763568,25
20.0,False,299,19.95026163201251,0.04973836798749076,25
4.012698005063339,False,0,0.0,0.0,26
4.0850476785652035,False,1,4.012698005063339,0.07234967350186405,26
3.960127551429292,False,2,4.0850476785652035,-0.1249201271359115,26
4.0747019722337265,False,3,3.960127551429292,0.11457442080443458,26
4.060615302755062,False,4,4.0747019722337265,-0.014086669478664327,26
3.9947114760997633,False,5,4.060615302755062,-0.06590382665529892,26
4.075504054607153,False,6,3.9947114760997633,0.08079257850738975,26
4.017025793852577,False,7,4.075504054607153,-0.05847826075457618,26
4.03883723403136,False,8,4.017025793852577,0.02181144017878278,26
3.9373286542048898,False,9,4.03883723403136,-0.10150857982646988,26
4.080904307380782,False,10,3.9373286542048898,0.14357565317589183,26
3.9577313291428626,False,11,4.080904307380782,-0.12317297823791895,26
3.9296350810953595,False,12,3.9577313291428626,-0.028096248047503103,26
3.939854992995583,False,13,3.9296350810953595,0.010219911900223533,26
3.9777962706520853,False,14,3.939854992995583,0.03794127765650224,26
3.9010629366483363,False,15,3.9777962706520853,-0.07673333400374904,26
4.068639491505622,False,16,3.9010629366483363,0.16757655485728584,26
4.0310820263093845,False,17,4.068639491505622,-0.037557465196237594,26
4.0265938381338415,False,18,4.0310820263093845,-0.004488188175542973,26
3.9026125207356,False,19,4.0265938381338415,-0.12398131739824159,26
4.080407486268459,False,20,3.9026125207356,0.17779496553285945,26
4.037818525098042,False,21,4.080407486268459,-0.04258896117041733,26
3.9461242402311294,False,22,4.037818525098042,-0.09169428486691267,26
3.930790910742474,False,23,3.9461242402311294,-0.015333329488655512,26
4.077330740366844,False,24,3.930790910742474,0.1465398296243703,26
4.044286783936813,False,25,4.077330740366844,-0.03304395643003133,26
3.9278157820903865,False,26,4.044286783936813,-0.11647100184642634,26
3.939218854780179,False,27,3.9278157820903865,0.01140307268979246,26
3.9910913257325014,False,28,3.939218854780179,0.05187247095232239,26
4.0429379169637665,False,29,3.9910913257325014,0.051846591231265116,26
4.032292051929847,False,30,4.0429379169637665,-0.0106458650339194,26
4.0244532269898645,False,31,4.032292051929847,-0.007838824939982558,26
4.063624476298636,False,32,4.0244532269898645,0.03917124930877147,26
4.044775263047599,False,33,4.063624476298636,-0.018849213251036723,26
3.9748543067963205,False,34,4.044775263047599,-0.06992095625127881,26
3.969552077703608,False,35,3.9748543067963205,-0.005302229092712274,26
3.915025321219554,False,36,3.969552077703608,-0.05452675648405414,26
3.9522315287282406,False,37,3.915025321219554,0.03720620750868653,26
4.036811286814547,False,38,3.9522315287282406,0.0845797580863068,26
4.028907845382546,False,39,4.036811286814547,-0.007903441432000946,26
3.9521490686598364,False,40,4.028907845382546,-0.07675877672271003,26
3.9055308416549086,False,41,3.9521490686598364,-0.04661822700492779,26
3.978077345803442,False,42,3.9055308416549086,0.07254650414853359,26
4.072790257764653,False,43,3.978077345803442,0.09471291196121046,26
3.928455023426007,False,44,4.072790257764653,-0.1443352343386457,26
4.051966795030657,False,45,3.928455023426007,0.12351177160464966,26
3.975137946035371,False,46,4.051966795030657,-0.07682884899528553,26
3.9678934295208332,False,47,3.975137946035371,-0.007244516514537835,26
4.029705256097524,False,48,3.9678934295208332,0.06181182657669115,26
3.900587750640372,False,49,4.029705256097524,-0.1291175054571525,26
3.970023092634721,False,50,3.900587750640372,0.0694353419943492,26
4.053089270696721,False,51,3.970023092634721,0.0830661780619999,26
4.053152514036848,False,52,4.053089270696721,6.324334012663968e-05,26
3.9845986092602916,False,53,4.053152514036848,-0.06855390477655599,26
4.0802636843527695,False,54,3.9845986092602916,0.0956650750924779,26
3.913168365063534,False,55,4.0802636843527695,-0.1670953192892357,26
4.010142787154691,False,56,3.913168365063534,0.09697442209115703,26
3.9073818777402924,False,57,4.010142787154691,-0.10276090941439842,26
4.08001075253133,False,58,3.9073818777402924,0.17262887479103783,26
3.928683712924634,False,59,4.08001075253133,-0.15132703960669636,26
3.9989437258056775,False,60,3.928683712924634,0.07026001288104355,26
4.021190035942614,False,61,3.9989437258056775,0.022246310136936565,26
3.9373433880225095,False,62,4.021190035942614,-0.08384664792010454,26
4.073448565469572,False,63,3.9373433880225095,0.13610517744706208,26
3.9356171575647347,False,64,4.073448565469572,-0.13783140790483683,26
4.088600528754492,False,65,3.9356171575647347,0.15298337118975747,26
3.955826613987336,False,66,4.088600528754492,-0.13277391476715605,26
4.093345154623973,False,67,3.955826613987336,0.13751854063663727,26
3.9439222040637207,False,68,4.093345154623973,-0.14942295056025268,26
4.032713730423848,False,69,3.9439222040637207,0.0887915263601271,26
3.916152669930249,False,70,4.032713730423848,-0.11656106049359893,26
3.9648022694434957,False,71,3.916152669930249,0.048649599513246766,26
3.9062033660226363,False,72,3.9648022694434957,-0.05859890342085938,26
4.0730169765628395,False,73,3.9062033660226363,0.16681361054020316,26
4.061477660672047,False,74,4.0730169765628395,-0.0115393158907926,26
3.9575665435750573,False,75,4.061477660672047,-0.10391111709698952,26
4.07021103604691,False,76,3.9575665435750573,0.1126444924718526,26
4.093584699382617,False,77,4.07021103604691,0.023373663335706674,26
4.072119152973039,False,78,4.093584699382617,-0.021465546409577207,26
4.059195706194716,False,79,4.072119152973039,-0.012923446778323466,26
3.907334481203317,False,80,4.059195706194716,-0.1518612249913991,26
4.099141047682893,False,81,3.907334481203317,0.19180656647957584,26
4.058709786593875,False,82,4.099141047682893,-0.040431261089017845,26
4.025092286519245,False,83,4.058709786593875,-0.03361750007463016,26
4.091399068814426,False,84,4.025092286519245,0.0663067822951815,26
3.9730930510134708,False,85,4.091399068814426,-0.1183060178009554,26
4.088779147250245,False,86,3.9730930510134708,0.11568609623677384,26
3.930986491226898,False,87,4.088779147250245,-0.15779265602334647,26
3.999079364956195,False,88,3.930986491226898,0.06809287372929695,26
4.074004813813814,False,89,3.999079364956195,0.07492544885761898,26
4.095956095653074,False,90,4.074004813813814,0.021951281839259984,26
4.081776978513866,False,91,4.095956095653074,-0.014179117139208053,26
3.9032351188197056,False,92,4.081776978513866,-0.17854185969416037,26
3.9315371162641877,False,93,3.9032351188197056,0.02830199744448203,26
4.014287555103587,False,94,3.9315371162641877,0.08275043883939892,26
4.075260057449283,False,95,4.014287555103587,0.06097250234569618,26
4.019473946948063,False,96,4.075260057449283,-0.055786110501220065,26
3.954030859388855,False,97,4.019473946948063,-0.06544308755920758,26
3.967743052931146,False,98,3.954030859388855,0.013712193542291029,26
3.961101591691885,False,99,3.967743052931146,-0.006641461239261126,26
4.275734619207916,True,100,3.961101591691885,0.31463302751603095,26
4.364368451010817,True,101,4.275734619207916,0.08863383180290096,26
4.5650369674134055,True,102,4.364368451010817,0.20066851640258854,26
4.9638773210880895,True,103,4.5650369674134055,0.39884035367468407,26
5.071085959352037,True,104,4.9638773210880895,0.10720863826394744,26
5.282747666340614,True,105,5.071085959352037,0.21166170698857734,26
5.4468038823588865,True,106,5.282747666340614,0.16405621601827214,26
5.636998046718287,True,107,5.4468038823588865,0.19019416435940073,26
5.767069182878407,True,108,5.636998046718287,0.13007113616011967,26
6.039962660221364,True,109,5.767069182878407,0.272893477342957,26
6.247153565225596,True,110,6.039962660221364,0.2071909050042322,26
6.463598221421908,True,111,6.247153565225596,0.2164446561963116,26
6.6210035363719175,True,112,6.463598221421908,0.15740531495000987,26
6.774398967461038,True,113,6.6210035363719175,0.15339543108912057,26
7.132430819070637,True,114,6.774398967461038,0.35803185160959927,26
7.194415648444656,True,115,7.132430819070637,0.06198482937401906,26
7.507415672504907,True,116,7.194415648444656,0.3130000240602504,26
7.585440308823206,True,117,7.507415672504907,0.07802463631829948,26
7.806610421820143,True,118,7.585440308823206,0.221170112996937,26
8.149497858076085,True,119,7.806610421820143,0.34288743625594176,26
8.260106474854217,True,120,8.149497858076085,0.11060861677813172,26
8.46966364790585,True,121,8.260106474854217,0.20955717305163368,26
8.697197678401684,True,122,8.46966364790585,0.22753403049583376,26
8.97803374636567,True,123,8.697197678401684,0.2808360679639854,26
9.15821390368154,True,124,8.97803374636567,0.18018015731587056,26
9.316056882727194,True,125,9.15821390368154,0.15784297904565392,26
9.539935873225673,True,126,9.316056882727194,0.2238789904984788,26
9.7553601532972,True,127,9.539935873225673,0.21542428007152736,26
10.02153480597845,True,128,9.7553601532972,0.26617465268124896,26
10.080435872951176,True,129,10.02153480597845,0.05890106697272657,26
10.369802934238988,True,130,10.080435872951176,0.28936706128781253,26
10.626110203182375,True,131,10.369802934238988,0.2563072689433863,26
10.716189517178101,True,132,10.626110203182375,0.09007931399572655,26
10.983142521146403,True,133,10.716189517178101,0.2669530039683021,26
11.205743015810254,True,134,10.983142521146403,0.22260049466385112,26
11.359469285598722,True,135,11.205743015810254,0.15372626978846782,26
11.635174379576572,True,136,11.359469285598722,0.2757050939778498,26
11.881431682764852,True,137,11.635174379576572,0.24625730318827976,26
12.017564278316616,True,138,11.881431682764852,0.13613259555176427,26
12.295509073286013,True,139,12.017564278316616,0.2779447949693967,26
12.427198751904843,True,140,12.295509073286013,0.13168967861883019,26
12.58943893209837,True,141,12.427198751904843,0.16224018019352648,26
12.867099837157834,True,142,12.58943893209837,0.2776609050594647,26
13.137489546431024,True,143,12.867099837157834,0.2703897092731893,26
13.338897436574479,True,144,13.137489546431024,0.2014078901434555,26
13.504738359768167,True,145,13.338897436574479,0.16584092319368793,26
13.701703214275739,True,146,13.504738359768167,0.19696485450757173,26
13.934426865930401,True,147,13.701703214275739,0.2327236516546627,26
14.208326050820709,True,148,13.934426865930401,0.2738991848903076,26
14.276133918037132,True,149,14.208326050820709,0.06780786721642329,26
14.513583454854647,True,150,14.276133918037132,0.23744953681751468,26
14.662262602698783,True,151,14.513583454854647,0.1486791478441365,26
15.019802493105335,True,152,14.662262602698783,0.3575398904065512,26
15.061332020264398,True,153,15.019802493105335,0.04152952715906366,26
15.313550618031393,True,154,15.061332020264398,0.2522185977669942,26
15.551013191886751,True,155,15.313550618031393,0.23746257385535863,26
15.726704693777974,True,156,15.551013191886751,0.1756915018912224,26
15.933562314943135,True,157,15.726704693777974,0.20685762116516138,26
16.22023102969945,True,158,15.933562314943135,0.2866687147563134,26
16.443014511058262,True,159,16.22023102969945,0.22278348135881387,26
16.617412983967125,True,160,16.443014511058262,0.17439847290886235,26
16.841750755670464,True,161,16.617412983967125,0.22433777170333968,26
16.98190782215409,True,162,16.841750755670464,0.14015706648362425,26
17.13971006978654,True,163,16.98190782215409,0.15780224763244988,26
17.498764991791088,True,164,17.13971006978654,0.3590549220045496,26
17.725605049549,True,165,17.498764991791088,0.2268400577579115,26
17.732741866288936,True,166,17.725605049549,0.007136816739937046,26
18.090260188877913,True,167,17.732741866288936,0.35751832258897664,26
18.309902167249422,True,168,18.090260188877913,0.21964197837150934,26
18.46645444793218,True,169,18.309902167249422,0.15655228068275662,26
18.603346901162055,True,170,18.46645444793218,0.1368924532298763,26
18.927169036990055,True,171,18.603346901162055,0.32382213582799935,26
19.039902285828926,True,172,18.927169036990055,0.1127332488388717,26
19.30890525495723,True,173,19.039902285828926,0.2690029691283051,26
19.625657810149345,True,174,19.30890525495723,0.31675255519211376,26
19.754423324888908,True,175,19.625657810149345,0.12876551473956255,26
20.0,True,176,19.754423324888908,0.24557667511109216,26
20.0,False,177,20.0,0.0,26
20.0,False,178,20.0,0.0,26
20.0,False,179,20.0,0.0,26
20.0,False,180,20.0,0.0,26
20.0,False,181,20.0,0.0,26
20.0,False,182,20.0,0.0,26
20.0,False,183,20.0,0.0,26
20.0,False,184,20.0,0.0,26
20.0,False,185,20.0,0.0,26
20.0,False,186,20.0,0.0,26
20.0,False,187,20.0,0.0,26
20.0,False,188,20.0,0.0,26
20.0,False,189,20.0,0.0,26
20.0,False,190,20.0,0.0,26
20.0,False,191,20.0,0.0,26
20.0,False,192,20.0,0.0,26
20.0,False,193,20.0,0.0,26
20.0,False,194,20.0,0.0,26
20.0,False,195,20.0,0.0,26
20.0,False,196,20.0,0.0,26
20.0,False,197,20.0,0.0,26
20.0,False,198,20.0,0.0,26
20.0,False,199,20.0,0.0,26
20.0,False,200,20.0,0.0,26
19.997990017102577,False,201,20.0,-0.002009982897423157,26
20.0,False,202,19.997990017102577,0.002009982897423157,26
19.925151630780906,False,203,20.0,-0.07484836921909377,26
20.0,False,204,19.925151630780906,0.07484836921909377,26
19.918562817365608,False,205,20.0,-0.08143718263439226,26
19.930885710074406,False,206,19.918562817365608,0.012322892708798605,26
19.975268482100297,False,207,19.930885710074406,0.044382772025890915,26
19.91055744019837,False,208,19.975268482100297,-0.06471104190192634,26
20.0,False,209,19.91055744019837,0.08944255980162907,26
19.982516712259365,False,210,20.0,-0.017483287740635234,26
19.988150666802092,False,211,19.982516712259365,0.005633954542727082,26
20.0,False,212,19.988150666802092,0.011849333197908152,26
19.973208544877707,False,213,20.0,-0.026791455122292973,26
20.0,False,214,19.973208544877707,0.026791455122292973,26
20.0,False,215,20.0,0.0,26
19.90115711772138,False,216,20.0,-0.09884288227862115,26
19.971649644436635,False,217,19.90115711772138,0.07049252671525608,26
20.0,False,218,19.971649644436635,0.02835035556336507,26
20.0,False,219,20.0,0.0,26
19.935902835262485,False,220,20.0,-0.06409716473751459,26
20.0,False,221,19.935902835262485,0.06409716473751459,26
19.983704311978475,False,222,20.0,-0.01629568802152548,26
20.0,False,223,19.983704311978475,0.01629568802152548,26
20.0,False,224,20.0,0.0,26
20.0,False,225,20.0,0.0,26
20.0,False,226,20.0,0.0,26
19.911734018147172,False,227,20.0,-0.08826598185282819,26
19.9712319751817,False,228,19.911734018147172,0.05949795703452665,26
20.0,False,229,19.9712319751817,0.02876802481830154,26
20.0,False,230,20.0,0.0,26
20.0,False,231,20.0,0.0,26
20.0,False,232,20.0,0.0,26
20.0,False,233,20.0,0.0,26
20.0,False,234,20.0,0.0,26
20.0,False,235,20.0,0.0,26
20.0,False,236,20.0,0.0,26
20.0,False,237,20.0,0.0,26
20.0,False,238,20.0,0.0,26
20.0,False,239,20.0,0.0,26
19.900915651690934,False,240,20.0,-0.09908434830906643,26
19.991437798488093,False,241,19.900915651690934,0.09052214679715931,26
20.0,False,242,19.991437798488093,0.00856220151190712,26
19.990848369637536,False,243,20.0,-0.009151630362463692,26
19.906491278281386,False,244,19.990848369637536,-0.08435709135615,26
19.98988392186286,False,245,19.906491278281386,0.08339264358147247,26
19.9842542389381,False,246,19.98988392186286,-0.005629682924759294,26
20.0,False,247,19.9842542389381,0.01574576106190051,26
19.91272495140575,False,248,20.0,-0.08727504859425039,26
20.0,False,249,19.91272495140575,0.08727504859425039,26
19.972138858616763,False,250,20.0,-0.027861141383237253,26
20.0,False,251,19.972138858616763,0.027861141383237253,26
20.0,False,252,20.0,0.0,26
20.0,False,253,20.0,0.0,26
19.98959930927769,False,254,20.0,-0.010400690722310202,26
19.93108651885131,False,255,19.98959930927769,-0.05851279042638069,26
20.0,False,256,19.93108651885131,0.06891348114869089,26
19.908416500969075,False,257,20.0,-0.091583499030925,26
19.958926445876724,False,258,19.908416500969075,0.05050994490764893,26
19.936480029178213,False,259,19.958926445876724,-0.022446416698510774,26
20.0,False,260,19.936480029178213,0.06351997082178684,26
20.0,False,261,20.0,0.0,26
20.0,False,262,20.0,0.0,26
20.0,False,263,20.0,0.0,26
19.943306570185598,False,264,20.0,-0.05669342981440195,26
19.99933725406115,False,265,19.943306570185598,0.056030683875551546,26
19.954914963177146,False,266,19.99933725406115,-0.04442229088400396,26
20.0,False,267,19.954914963177146,0.04508503682285436,26
19.962027729049062,False,268,20.0,-0.037972270950938025,26
20.0,False,269,19.962027729049062,0.037972270950938025,26
19.976681481322114,False,270,20.0,-0.023318518677886146,26
19.912431974551787,False,271,19.976681481322114,-0.06424950677032726,26
20.0,False,272,19.912431974551787,0.0875680254482134,26
19.962294702029187,False,273,20.0,-0.037705297970813234,26
19.96581971861512,False,274,19.962294702029187,0.0035250165859324056,26
20.0,False,275,19.96581971861512,0.03418028138488083,26
20.0,False,276,20.0,0.0,26
20.0,False,277,20.0,0.0,26
19.90675323408012,False,278,20.0,-0.09324676591987924,26
20.0,False,279,19.90675323408012,0.09324676591987924,26
20.0,False,280,20.0,0.0,26
19.933051824341494,False,281,20.0,-0.06694817565850641,26
20.0,False,282,19.933051824341494,0.06694817565850641,26
20.0,False,283,20.0,0.0,26
19.91814588538531,False,284,20.0,-0.08185411461468917,26
19.974219975989215,False,285,19.91814588538531,0.05607409060390367,26
20.0,False,286,19.974219975989215,0.025780024010785496,26
20.0,False,287,20.0,0.0,26
19.933720706657688,False,288,20.0,-0.06627929334231197,26
20.0,False,289,19.933720706657688,0.06627929334231197,26
19.913728588998794,False,290,20.0,-0.08627141100120639,26
19.995826713677527,False,291,19.913728588998794,0.08209812467873334,26
20.0,False,292,19.995826713677527,0.0041732863224730465,26
20.0,False,293,20.0,0.0,26
20.0,False,294,20.0,0.0,26
19.953169462945297,False,295,20.0,-0.04683053705470286,26
19.949640629587286,False,296,19.953169462945297,-0.0035288333580112408,26
19.946290273541504,False,297,19.949640629587286,-0.0033503560457823767,26
19.938088267897754,False,298,19.946290273541504,-0.008202005643749288,26
19.93562865445668,False,299,19.938088267897754,-0.002459613441075703,26
3.924624238589447,False,0,0.0,0.0,27
4.077641681487704,False,1,3.924624238589447,0.15301744289825736,27
4.081532236780678,False,2,4.077641681487704,0.003890555292973552,27
3.919433703413311,False,3,4.081532236780678,-0.16209853336736701,27
3.9610517341980294,False,4,3.919433703413311,0.041618030784718485,27
4.023777096588827,False,5,3.9610517341980294,0.06272536239079729,27
3.9730609003949313,False,6,4.023777096588827,-0.050716196193895335,27
3.9209487128903557,False,7,3.9730609003949313,-0.05211218750457558,27
4.0883877713576355,False,8,3.9209487128903557,0.1674390584672798,27
4.002467115316536,False,9,4.0883877713576355,-0.08592065604109944,27
4.007799497032321,False,10,4.002467115316536,0.005332381715785317,27
3.9787481166461878,False,11,4.007799497032321,-0.02905138038613364,27
4.076216791684032,False,12,3.9787481166461878,0.09746867503784395,27
3.967357100946659,False,13,4.076216791684032,-0.1088596907373729,27
4.014542162231599,False,14,3.967357100946659,0.04718506128494049,27
4.0947283619527175,False,15,4.014542162231599,0.08018619972111818,27
4.02271180010069,False,16,4.0947283619527175,-0.07201656185202765,27
4.090015320036993,False,17,4.02271180010069,0.06730351993630279,27
4.031046851206995,False,18,4.090015320036993,-0.058968468829998066,27
4.080612222868019,False,19,4.031046851206995,0.04956537166102404,27
4.022456811152952,False,20,4.080612222868019,-0.05815541171506666,27
4.030183912710889,False,21,4.022456811152952,0.00772710155793721,27
4.069063245497164,False,22,4.030183912710889,0.038879332786274645,27
3.9010459160482345,False,23,4.069063245497164,-0.16801732944892933,27
3.924567489516524,False,24,3.9010459160482345,0.023521573468289425,27
3.964673866092058,False,25,3.924567489516524,0.040106376575534064,27
3.9003347728330677,False,26,3.964673866092058,-0.06433909325899023,27
4.065368130258488,False,27,3.9003347728330677,0.16503335742542014,27
4.000903049010319,False,28,4.065368130258488,-0.0644650812481693,27
3.956908861183595,False,29,4.000903049010319,-0.043994187826723596,27
4.098246086319055,False,30,3.956908861183595,0.14133722513545965,27
3.9517685190661704,False,31,4.098246086319055,-0.1464775672528842,27
4.016549373031878,False,32,3.9517685190661704,0.06478085396570732,27
3.948126586470269,False,33,4.016549373031878,-0.06842278656160872,27
3.9501988471923175,False,34,3.948126586470269,0.002072260722048469,27
4.080543592433848,False,35,3.9501988471923175,0.13034474524153072,27
3.991265861045031,False,36,4.080543592433848,-0.08927773138881712,27
4.003806722715203,False,37,3.991265861045031,0.012540861670172099,27
4.01342785826014,False,38,4.003806722715203,0.009621135544937154,27
4.084482691554902,False,39,4.01342785826014,0.07105483329476137,27
4.016347158664704,False,40,4.084482691554902,-0.06813553289019758,27
4.089047115333631,False,41,4.016347158664704,0.07269995666892726,27
3.9820682302642587,False,42,4.089047115333631,-0.1069788850693727,27
3.9737966923576313,False,43,3.9820682302642587,-0.00827153790662738,27
4.027651736461131,False,44,3.9737966923576313,0.053855044103499505,27
3.9320607958566347,False,45,4.027651736461131,-0.09559094060449613,27
3.999679593171466,False,46,3.9320607958566347,0.06761879731483145,27
3.917387317609417,False,47,3.999679593171466,-0.08229227556204899,27
3.9948191773939077,False,48,3.917387317609417,0.07743185978449052,27
4.034098095628982,False,49,3.9948191773939077,0.03927891823507457,27
4.093920471743979,False,50,4.034098095628982,0.05982237611499652,27
4.096085004560003,False,51,4.093920471743979,0.002164532816023801,27
3.9612151028512126,False,52,4.096085004560003,-0.13486990170878999,27
3.9411264675387048,False,53,3.9612151028512126,-0.02008863531250782,27
3.975954894973291,False,54,3.9411264675387048,0.03482842743458603,27
4.050947625353014,False,55,3.975954894973291,0.07499273037972287,27
4.086423013542542,False,56,4.050947625353014,0.035475388189528445,27
4.017735058149199,False,57,4.086423013542542,-0.06868795539334283,27
3.9453223539234217,False,58,4.017735058149199,-0.07241270422577761,27
4.067028338935956,False,59,3.9453223539234217,0.1217059850125346,27
3.993377001191908,False,60,4.067028338935956,-0.0736513377440482,27
4.046653262161524,False,61,3.993377001191908,0.053276260969615574,27
4.09868887418062,False,62,4.046653262161524,0.0520356120190959,27
3.943367787779375,False,63,4.09868887418062,-0.15532108640124465,27
4.090086828522259,False,64,3.943367787779375,0.14671904074288422,27
4.0238074505840915,False,65,4.090086828522259,-0.06627937793816763,27
4.0178750154863625,False,66,4.0238074505840915,-0.005932435097729005,27
3.9006936167789874,False,67,4.0178750154863625,-0.1171813987073751,27
3.922888962748582,False,68,3.9006936167789874,0.022195345969594715,27
4.077075563777233,False,69,3.922888962748582,0.15418660102865056,27
4.09079589706219,False,70,4.077075563777233,0.013720333284957142,27
3.9593985870329136,False,71,4.09079589706219,-0.13139731002927624,27
4.036908769338553,False,72,3.9593985870329136,0.07751018230563966,27
4.095747627006278,False,73,4.036908769338553,0.05883885766772501,27
3.904807814943513,False,74,4.095747627006278,-0.19093981206276522,27
3.9727599831669775,False,75,3.904807814943513,0.0679521682234645,27
4.082394228402953,False,76,3.9727599831669775,0.10963424523597576,27
4.060421771539825,False,77,4.082394228402953,-0.021972456863128542,27
3.9566490013235684,False,78,4.060421771539825,-0.1037727702162563,27
3.9016949119859254,False,79,3.9566490013235684,-0.05495408933764301,27
3.9870597831080916,False,80,3.9016949119859254,0.08536487112216617,27
3.9168873832089117,False,81,3.9870597831080916,-0.0701723998991799,27
4.010692064115706,False,82,3.9168873832089117,0.0938046809067945,27
3.9432460487023646,False,83,4.010692064115706,-0.06744601541334161,27
4.007616061347063,False,84,3.9432460487023646,0.06437001264469844,27
3.9531467125394912,False,85,4.007616061347063,-0.054469348807571816,27
4.081328823369917,False,86,3.9531467125394912,0.12818211083042597,27
3.9032224885568922,False,87,4.081328823369917,-0.17810633481302496,27
4.052019616033702,False,88,3.9032224885568922,0.14879712747680962,27
4.0298671403032955,False,89,4.052019616033702,-0.02215247573040635,27
3.910580805343438,False,90,4.0298671403032955,-0.11928633495985741,27
4.024925264536201,False,91,3.910580805343438,0.11434445919276248,27
3.9662811388519117,False,92,4.024925264536201,-0.058644125684288895,27
3.97994255138606,False,93,3.9662811388519117,0.013661412534148099,27
4.09313220406283,False,94,3.97994255138606,0.11318965267677061,27
3.9198038986631007,False,95,4.09313220406283,-0.17332830539972965,27
3.9826846735781136,False,96,3.9198038986631007,0.06288077491501287,27
3.9648222371926067,False,97,3.9826846735781136,-0.017862436385506886,27
3.921109056875398,False,98,3.9648222371926067,-0.04371318031720861,27
3.9152804727665,False,99,3.921109056875398,-0.005828584108898305,27
4.494244300803821,True,100,3.9152804727665,0.5789638280373213,27
4.976314554161426,True,101,4.494244300803821,0.48207025335760534,27
5.516435813057662,True,102,4.976314554161426,0.5401212588962352,27
5.982425548886183,True,103,5.516435813057662,0.4659897358285212,27
6.308938272477496,True,104,5.982425548886183,0.3265127235913132,27
6.876879275054229,True,105,6.308938272477496,0.5679410025767329,27
7.307704361851567,True,106,6.876879275054229,0.4308250867973378,27
7.885675295355672,True,107,7.307704361851567,0.5779709335041057,27
8.326546924459203,True,108,7.885675295355672,0.4408716291035306,27
8.859233072555874,True,109,8.326546924459203,0.5326861480966709,27
9.309567506323193,True,110,8.859233072555874,0.45033443376731874,27
9.62285455420186,True,111,9.309567506323193,0.3132870478786671,27
10.131567796663605,True,112,9.62285455420186,0.5087132424617451,27
10.732478541551005,True,113,10.131567796663605,0.6009107448874005,27
11.081039374682826,True,114,10.732478541551005,0.3485608331318204,27
11.692415852427967,True,115,11.081039374682826,0.6113764777451411,27
12.063904050500648,True,116,11.692415852427967,0.3714881980726812,27
12.449216145338074,True,117,12.063904050500648,0.3853120948374258,27
13.065112694137722,True,118,12.449216145338074,0.6158965487996486,27
13.424612365434175,True,119,13.065112694137722,0.35949967129645266,27
14.015796179324374,True,120,13.424612365434175,0.5911838138901988,27
14.442276782886724,True,121,14.015796179324374,0.42648060356235007,27
14.878838335912418,True,122,14.442276782886724,0.4365615530256939,27
15.308106131980544,True,123,14.878838335912418,0.4292677960681264,27
15.92862736353614,True,124,15.308106131980544,0.6205212315555961,27
16.31154814538468,True,125,15.92862736353614,0.38292078184854006,27
16.819849444511256,True,126,16.31154814538468,0.5083012991265754,27
17.24594618541109,True,127,16.819849444511256,0.4260967408998333,27
17.878169626435,True,128,17.24594618541109,0.6322234410239105,27
18.32688427413016,True,129,17.878169626435,0.4487146476951587,27
18.664331075525368,True,130,18.32688427413016,0.33744680139520966,27
19.27944708593924,True,131,18.664331075525368,0.6151160104138711,27
19.785441575454342,True,132,19.27944708593924,0.5059944895151034,27
20.0,False,133,19.785441575454342,0.21455842454565754,27
20.0,False,134,20.0,0.0,27
20.0,False,135,20.0,0.0,27
20.0,False,136,20.0,0.0,27
20.0,False,137,20.0,0.0,27
20.0,False,138,20.0,0.0,27
20.0,False,139,20.0,0.0,27
20.0,False,140,20.0,0.0,27
20.0,False,141,20.0,0.0,27
20.0,False,142,20.0,0.0,27
20.0,False,143,20.0,0.0,27
20.0,False,144,20.0,0.0,27
20.0,False,145,20.0,0.0,27
20.0,False,146,20.0,0.0,27
20.0,False,147,20.0,0.0,27
20.0,False,148,20.0,0.0,27
20.0,False,149,20.0,0.0,27
20.0,False,150,20.0,0.0,27
20.0,False,151,20.0,0.0,27
20.0,False,152,20.0,0.0,27
20.0,False,153,20.0,0.0,27
20.0,False,154,20.0,0.0,27
20.0,False,155,20.0,0.0,27
20.0,False,156,20.0,0.0,27
20.0,False,157,20.0,0.0,27
20.0,False,158,20.0,0.0,27
20.0,False,159,20.0,0.0,27
20.0,False,160,20.0,0.0,27
20.0,False,161,20.0,0.0,27
20.0,False,162,20.0,0.0,27
20.0,False,163,20.0,0.0,27
20.0,False,164,20.0,0.0,27
20.0,False,165,20.0,0.0,27
20.0,False,166,20.0,0.0,27
20.0,False,167,20.0,0.0,27
20.0,False,168,20.0,0.0,27
20.0,False,169,20.0,0.0,27
20.0,False,170,20.0,0.0,27
20.0,False,171,20.0,0.0,27
20.0,False,172,20.0,0.0,27
20.0,False,173,20.0,0.0,27
20.0,False,174,20.0,0.0,27
20.0,False,175,20.0,0.0,27
20.0,False,176,20.0,0.0,27
20.0,False,177,20.0,0.0,27
20.0,False,178,20.0,0.0,27
20.0,False,179,20.0,0.0,27
20.0,False,180,20.0,0.0,27
20.0,False,181,20.0,0.0,27
20.0,False,182,20.0,0.0,27
20.0,False,183,20.0,0.0,27
20.0,False,184,20.0,0.0,27
20.0,False,185,20.0,0.0,27
20.0,False,186,20.0,0.0,27
20.0,False,187,20.0,0.0,27
20.0,False,188,20.0,0.0,27
20.0,False,189,20.0,0.0,27
20.0,False,190,20.0,0.0,27
20.0,False,191,20.0,0.0,27
20.0,False,192,20.0,0.0,27
20.0,False,193,20.0,0.0,27
20.0,False,194,20.0,0.0,27
20.0,False,195,20.0,0.0,27
20.0,False,196,20.0,0.0,27
20.0,False,197,20.0,0.0,27
20.0,False,198,20.0,0.0,27
20.0,False,199,20.0,0.0,27
19.95482315420446,False,200,20.0,-0.04517684579554171,27
19.954266760947835,False,201,19.95482315420446,-0.0005563932566232666,27
20.0,False,202,19.954266760947835,0.045733239052164976,27
19.990946069911097,False,203,20.0,-0.009053930088903428,27
20.0,False,204,19.990946069911097,0.009053930088903428,27
19.93094025217957,False,205,20.0,-0.0690597478204289,27
19.97471057295302,False,206,19.93094025217957,0.043770320773447224,27
20.0,False,207,19.97471057295302,0.025289427046981672,27
20.0,False,208,20.0,0.0,27
20.0,False,209,20.0,0.0,27
19.9549252914803,False,210,20.0,-0.045074708519699414,27
19.98702762606276,False,211,19.9549252914803,0.032102334582457814,27
19.93516940971734,False,212,19.98702762606276,-0.051858216345419095,27
20.0,False,213,19.93516940971734,0.0648305902826607,27
20.0,False,214,20.0,0.0,27
20.0,False,215,20.0,0.0,27
20.0,False,216,20.0,0.0,27
20.0,False,217,20.0,0.0,27
19.985187996162388,False,218,20.0,-0.014812003837612053,27
20.0,False,219,19.985187996162388,0.014812003837612053,27
20.0,False,220,20.0,0.0,27
20.0,False,221,20.0,0.0,27
20.0,False,222,20.0,0.0,27
19.939141405751,False,223,20.0,-0.06085859424900164,27
20.0,False,224,19.939141405751,0.06085859424900164,27
20.0,False,225,20.0,0.0,27
20.0,False,226,20.0,0.0,27
19.978123907948728,False,227,20.0,-0.021876092051272167,27
20.0,False,228,19.978123907948728,0.021876092051272167,27
19.965378424198278,False,229,20.0,-0.034621575801722315,27
20.0,False,230,19.965378424198278,0.034621575801722315,27
19.962518786002995,False,231,20.0,-0.03748121399700466,27
20.0,False,232,19.962518786002995,0.03748121399700466,27
20.0,False,233,20.0,0.0,27
20.0,False,234,20.0,0.0,27
19.90670516985583,False,235,20.0,-0.0932948301441705,27
19.93016257755569,False,236,19.90670516985583,0.023457407699861932,27
19.996157642287038,False,237,19.93016257755569,0.06599506473134653,27
20.0,False,238,19.996157642287038,0.003842357712962041,27
19.95974469703517,False,239,20.0,-0.040255302964830264,27
19.998778544410968,False,240,19.95974469703517,0.03903384737579785,27
19.913939996752994,False,241,19.998778544410968,-0.0848385476579736,27
20.0,False,242,19.913939996752994,0.08606000324700602,27
19.93073618012048,False,243,20.0,-0.06926381987952013,27
19.92468243779793,False,244,19.93073618012048,-0.006053742322549738,27
19.953797418968062,False,245,19.92468243779793,0.02911498117013167,27
19.990576663598222,False,246,19.953797418968062,0.03677924463016069,27
20.0,False,247,19.990576663598222,0.009423336401777505,27
20.0,False,248,20.0,0.0,27
20.0,False,249,20.0,0.0,27
19.919954865277074,False,250,20.0,-0.08004513472292629,27
19.902963341113487,False,251,19.919954865277074,-0.01699152416358629,27
20.0,False,252,19.902963341113487,0.09703665888651258,27
20.0,False,253,20.0,0.0,27
20.0,False,254,20.0,0.0,27
20.0,False,255,20.0,0.0,27
20.0,False,256,20.0,0.0,27
20.0,False,257,20.0,0.0,27
20.0,False,258,20.0,0.0,27
20.0,False,259,20.0,0.0,27
19.985815154656635,False,260,20.0,-0.014184845343365282,27
19.95164879142997,False,261,19.985815154656635,-0.034166363226663776,27
19.972888293178727,False,262,19.95164879142997,0.021239501748755885,27
19.908508546919897,False,263,19.972888293178727,-0.06437974625882958,27
20.0,False,264,19.908508546919897,0.09149145308010276,27
19.988436142772173,False,265,20.0,-0.011563857227827157,27
19.976404938653967,False,266,19.988436142772173,-0.012031204118205352,27
20.0,False,267,19.976404938653967,0.02359506134603251,27
19.93594304690032,False,268,20.0,-0.06405695309967996,27
19.946453392641583,False,269,19.93594304690032,0.010510345741263194,27
20.0,False,270,19.946453392641583,0.053546607358416765,27
19.982350235213026,False,271,20.0,-0.017649764786973776,27
20.0,False,272,19.982350235213026,0.017649764786973776,27
19.90832382428463,False,273,20.0,-0.09167617571537079,27
19.917513825600512,False,274,19.90832382428463,0.009190001315882768,27
20.0,False,275,19.917513825600512,0.08248617439948802,27
20.0,False,276,20.0,0.0,27
20.0,False,277,20.0,0.0,27
19.92521012938742,False,278,20.0,-0.07478987061258024,27
19.99451416002099,False,279,19.92521012938742,0.06930403063357105,27
20.0,False,280,19.99451416002099,0.005485839979009199,27
20.0,False,281,20.0,0.0,27
19.981346094424254,False,282,20.0,-0.01865390557574642,27
20.0,False,283,19.981346094424254,0.01865390557574642,27
19.92769352926884,False,284,20.0,-0.07230647073116003,27
19.961076595908054,False,285,19.92769352926884,0.033383066639213865,27
19.977551348592172,False,286,19.961076595908054,0.016474752684118243,27
20.0,False,287,19.977551348592172,0.022448651407827924,27
20.0,False,288,20.0,0.0,27
20.0,False,289,20.0,0.0,27
19.96771904007778,False,290,20.0,-0.032280959922218244,27
20.0,False,291,19.96771904007778,0.032280959922218244,27
19.93787132386353,False,292,20.0,-0.06212867613647077,27
19.988263662858216,False,293,19.93787132386353,0.05039233899468698,27
20.0,False,294,19.988263662858216,0.011736337141783793,27
20.0,False,295,20.0,0.0,27
19.9819603500877,False,296,20.0,-0.018039649912299893,27
20.0,False,297,19.9819603500877,0.018039649912299893,27
20.0,False,298,20.0,0.0,27
20.0,False,299,20.0,0.0,27
3.9204311225587647,False,0,0.0,0.0,28
3.9880283154439984,False,1,3.9204311225587647,0.06759719288523369,28
4.016451795918068,False,2,3.9880283154439984,0.02842348047406995,28
3.918168426268554,False,3,4.016451795918068,-0.09828336964951445,28
3.9850467149996907,False,4,3.918168426268554,0.06687828873113677,28
3.9133931955735846,False,5,3.9850467149996907,-0.0716535194261061,28
3.9997971113627924,False,6,3.9133931955735846,0.08640391578920781,28
3.989216682044554,False,7,3.9997971113627924,-0.010580429318238327,28
4.087321270096183,False,8,3.989216682044554,0.09810458805162892,28
4.084024823790368,False,9,4.087321270096183,-0.0032964463058151594,28
3.933451329076769,False,10,4.084024823790368,-0.1505734947135986,28
4.090598267702422,False,11,3.933451329076769,0.15714693862565277,28
4.084031323594788,False,12,4.090598267702422,-0.006566944107634143,28
4.043508070530774,False,13,4.084031323594788,-0.04052325306401361,28
3.914796322680802,False,14,4.043508070530774,-0.1287117478499722,28
4.0706791461851575,False,15,3.914796322680802,0.15588282350435545,28
4.083733268011267,False,16,4.0706791461851575,0.013054121826109544,28
4.019615632751635,False,17,4.083733268011267,-0.06411763525963199,28
4.033682195395491,False,18,4.019615632751635,0.01406656264385564,28
3.913016600537674,False,19,4.033682195395491,-0.12066559485781658,28
3.96775234742064,False,20,3.913016600537674,0.05473574688296612,28
3.903867168221738,False,21,3.96775234742064,-0.06388517919890235,28
3.9884117900320564,False,22,3.903867168221738,0.08454462181031852,28
3.9480622464222797,False,23,3.9884117900320564,-0.04034954360977672,28
4.026653328044535,False,24,3.9480622464222797,0.07859108162225548,28
3.9840112899262476,False,25,4.026653328044535,-0.042642038118287484,28
3.9786583963358866,False,26,3.9840112899262476,-0.005352893590361063,28
4.071550265447879,False,27,3.9786583963358866,0.09289186911199243,28
4.04790753955022,False,28,4.071550265447879,-0.023642725897659034,28
3.9329577028239004,False,29,4.04790753955022,-0.11494983672631953,28
3.9183753408980557,False,30,3.9329577028239004,-0.014582361925844722,28
4.083067546761314,False,31,3.9183753408980557,0.1646922058632585,28
3.9236857350684997,False,32,4.083067546761314,-0.1593818116928145,28
3.9089727634901434,False,33,3.9236857350684997,-0.014712971578356271,28
3.968374018283669,False,34,3.9089727634901434,0.05940125479352565,28
4.0225102858380515,False,35,3.968374018283669,0.05413626755438239,28
4.013856943856076,False,36,4.0225102858380515,-0.00865334198197587,28
3.9550547890247585,False,37,4.013856943856076,-0.05880215483131712,28
4.094689354025096,False,38,3.9550547890247585,0.13963456500033766,28
3.9282920148068756,False,39,4.094689354025096,-0.16639733921822053,28
3.955444733206752,False,40,3.9282920148068756,0.02715271839987654,28
4.0116119344249555,False,41,3.955444733206752,0.05616720121820329,28
4.084788855107865,False,42,4.0116119344249555,0.0731769206829096,28
4.031743666930111,False,43,4.084788855107865,-0.05304518817775428,28
3.9927380679568865,False,44,4.031743666930111,-0.03900559897322431,28
3.912172192582675,False,45,3.9927380679568865,-0.08056587537421134,28
3.9215413123530762,False,46,3.912172192582675,0.009369119770401113,28
3.910147910916897,False,47,3.9215413123530762,-0.011393401436179396,28
3.9131093056238377,False,48,3.910147910916897,0.002961394706940901,28
4.075867771637898,False,49,3.9131093056238377,0.1627584660140604,28
3.9665861239346447,False,50,4.075867771637898,-0.10928164770325344,28
4.068120805753461,False,51,3.9665861239346447,0.10153468181881609,28
3.9191538786705924,False,52,4.068120805753461,-0.1489669270828684,28
4.017920419698613,False,53,3.9191538786705924,0.09876654102802052,28
3.9585463661731417,False,54,4.017920419698613,-0.059374053525471204,28
4.0635182170446456,False,55,3.9585463661731417,0.10497185087150385,28
4.0652223074626495,False,56,4.0635182170446456,0.0017040904180039007,28
4.035634987742563,False,57,4.0652223074626495,-0.029587319720086214,28
3.910916128208141,False,58,4.035634987742563,-0.12471885953442241,28
4.077831042231374,False,59,3.910916128208141,0.16691491402323289,28
4.016314275705578,False,60,4.077831042231374,-0.06151676652579585,28
3.9461100078045126,False,61,4.016314275705578,-0.07020426790106526,28
3.9313145062755614,False,62,3.9461100078045126,-0.01479550152895115,28
3.9107649481922713,False,63,3.9313145062755614,-0.020549558083290176,28
4.08654081891675,False,64,3.9107649481922713,0.17577587072447853,28
3.935100283331553,False,65,4.08654081891675,-0.15144053558519666,28
4.02683460576087,False,66,3.935100283331553,0.09173432242931678,28
3.958933955996365,False,67,4.02683460576087,-0.06790064976450472,28
3.92385357062346,False,68,3.958933955996365,-0.035080385372905365,28
4.069622068119138,False,69,3.92385357062346,0.14576849749567788,28
4.040110780492566,False,70,4.069622068119138,-0.029511287626571736,28
3.9532046257770967,False,71,4.040110780492566,-0.08690615471546925,28
3.993988161401723,False,72,3.9532046257770967,0.04078353562462622,28
3.9213291046745717,False,73,3.993988161401723,-0.07265905672715123,28
4.0152250392324405,False,74,3.9213291046745717,0.09389593455786871,28
3.949489974185044,False,75,4.0152250392324405,-0.06573506504739646,28
3.9272238282671497,False,76,3.949489974185044,-0.02226614591789433,28
4.000848067094331,False,77,3.9272238282671497,0.07362423882718172,28
3.991724127367341,False,78,4.000848067094331,-0.009123939726990216,28
4.088690669809499,False,79,3.991724127367341,0.09696654244215797,28
3.943224288720476,False,80,4.088690669809499,-0.14546638108902332,28
4.075953908713267,False,81,3.943224288720476,0.13272961999279076,28
3.958424882725541,False,82,4.075953908713267,-0.11752902598772552,28
4.092999655508851,False,83,3.958424882725541,0.13457477278330954,28
4.085365016245296,False,84,4.092999655508851,-0.007634639263554455,28
4.001142325601072,False,85,4.085365016245296,-0.08422269064422405,28
3.928495857543552,False,86,4.001142325601072,-0.07264646805752006,28
4.028593138876614,False,87,3.928495857543552,0.10009728133306206,28
3.9544196189222056,False,88,4.028593138876614,-0.07417351995440846,28
3.9117076041801444,False,89,3.9544196189222056,-0.04271201474206121,28
3.9859267039497275,False,90,3.9117076041801444,0.07421909976958307,28
4.036905033212105,False,91,3.9859267039497275,0.05097832926237755,28
4.010121386927123,False,92,4.036905033212105,-0.026783646284981977,28
4.070010984155743,False,93,4.010121386927123,0.05988959722861953,28
3.956544074356774,False,94,4.070010984155743,-0.11346690979896845,28
3.9473149206379183,False,95,3.956544074356774,-0.009229153718855798,28
4.077186902925615,False,96,3.9473149206379183,0.12987198228769703,28
4.074909060591781,False,97,4.077186902925615,-0.0022778423338341014,28
4.025722327455331,False,98,4.074909060591781,-0.049186733136449945,28
4.029358486878493,False,99,4.025722327455331,0.0036361594231619776,28
4.3711310048218195,True,100,4.029358486878493,0.3417725179433262,28
4.712958054938847,True,101,4.3711310048218195,0.3418270501170273,28
5.0908813355356575,True,102,4.712958054938847,0.3779232805968107,28
5.66346177785043,True,103,5.0908813355356575,0.5725804423147727,28
5.91883469294673,True,104,5.66346177785043,0.25537291509629956,28
6.293448742352107,True,105,5.91883469294673,0.3746140494053769,28
6.690913848953156,True,106,6.293448742352107,0.3974651066010493,28
7.101892094382987,True,107,6.690913848953156,0.4109782454298312,28
7.468640935464671,True,108,7.101892094382987,0.3667488410816837,28
7.856001265202476,True,109,7.468640935464671,0.3873603297378052,28
8.287130564702302,True,110,7.856001265202476,0.43112929949982615,28
8.648227720226139,True,111,8.287130564702302,0.3610971555238365,28
9.17454423018561,True,112,8.648227720226139,0.5263165099594715,28
9.535491860020672,True,113,9.17454423018561,0.3609476298350618,28
9.955117019331347,True,114,9.535491860020672,0.4196251593106748,28
10.290108559688916,True,115,9.955117019331347,0.33499154035756895,28
10.712839305488545,True,116,10.290108559688916,0.42273074579962966,28
11.184428670050083,True,117,10.712839305488545,0.4715893645615381,28
11.433852868413124,True,118,11.184428670050083,0.24942419836304097,28
11.868188283451097,True,119,11.433852868413124,0.4343354150379728,28
12.30754482080084,True,120,11.868188283451097,0.43935653734974345,28
12.739406338463102,True,121,12.30754482080084,0.4318615176622611,28
12.975995455074539,True,122,12.739406338463102,0.23658911661143733,28
13.505637357704304,True,123,12.975995455074539,0.5296419026297645,28
13.760462158784016,True,124,13.505637357704304,0.25482480107971206,28
14.243001470147707,True,125,13.760462158784016,0.4825393113636913,28
14.52891163403913,True,126,14.243001470147707,0.28591016389142254,28
14.924277296256859,True,127,14.52891163403913,0.3953656622177295,28
15.377981367508816,True,128,14.924277296256859,0.45370407125195733,28
15.86281652876548,True,129,15.377981367508816,0.4848351612566635,28
16.070641069879954,True,130,15.86281652876548,0.20782454111447457,28
16.597836275096835,True,131,16.070641069879954,0.5271952052168807,28
16.991832595580075,True,132,16.597836275096835,0.3939963204832395,28
17.387177932063935,True,133,16.991832595580075,0.39534533648386017,28
17.665305149307905,True,134,17.387177932063935,0.27812721724396994,28
18.088987525023445,True,135,17.665305149307905,0.4236823757155399,28
18.491536147665773,True,136,18.088987525023445,0.40254862264232827,28
19.01703945441458,True,137,18.491536147665773,0.5255033067488064,28
19.393184042409302,True,138,19.01703945441458,0.37614458799472317,28
19.781990945800207,True,139,19.393184042409302,0.38880690339090407,28
20.0,False,140,19.781990945800207,0.21800905419979344,28
20.0,False,141,20.0,0.0,28
20.0,False,142,20.0,0.0,28
20.0,False,143,20.0,0.0,28
20.0,False,144,20.0,0.0,28
20.0,False,145,20.0,0.0,28
20.0,False,146,20.0,0.0,28
20.0,False,147,20.0,0.0,28
20.0,False,148,20.0,0.0,28
20.0,False,149,20.0,0.0,28
20.0,False,150,20.0,0.0,28
20.0,False,151,20.0,0.0,28
20.0,False,152,20.0,0.0,28
20.0,False,153,20.0,0.0,28
20.0,False,154,20.0,0.0,28
20.0,False,155,20.0,0.0,28
20.0,False,156,20.0,0.0,28
20.0,False,157,20.0,0.0,28
20.0,False,158,20.0,0.0,28
20.0,False,159,20.0,0.0,28
20.0,False,160,20.0,0.0,28
20.0,False,161,20.0,0.0,28
20.0,False,162,20.0,0.0,28
20.0,False,163,20.0,0.0,28
20.0,False,164,20.0,0.0,28
20.0,False,165,20.0,0.0,28
20.0,False,166,20.0,0.0,28
20.0,False,167,20.0,0.0,28
20.0,False,168,20.0,0.0,28
20.0,False,169,20.0,0.0,28
20.0,False,170,20.0,0.0,28
20.0,False,171,20.0,0.0,28
20.0,False,172,20.0,0.0,28
20.0,False,173,20.0,0.0,28
20.0,False,174,20.0,0.0,28
20.0,False,175,20.0,0.0,28
20.0,False,176,20.0,0.0,28
20.0,False,177,20.0,0.0,28
20.0,False,178,20.0,0.0,28
20.0,False,179,20.0,0.0,28
20.0,False,180,20.0,0.0,28
20.0,False,181,20.0,0.0,28
20.0,False,182,20.0,0.0,28
20.0,False,183,20.0,0.0,28
20.0,False,184,20.0,0.0,28
20.0,False,185,20.0,0.0,28
20.0,False,186,20.0,0.0,28
20.0,False,187,20.0,0.0,28
20.0,False,188,20.0,0.0,28
20.0,False,189,20.0,0.0,28
20.0,False,190,20.0,0.0,28
20.0,False,191,20.0,0.0,28
20.0,False,192,20.0,0.0,28
20.0,False,193,20.0,0.0,28
20.0,False,194,20.0,0.0,28
20.0,False,195,20.0,0.0,28
20.0,False,196,20.0,0.0,28
20.0,False,197,20.0,0.0,28
20.0,False,198,20.0,0.0,28
20.0,False,199,20.0,0.0,28
20.0,False,200,20.0,0.0,28
19.994340501811934,False,201,20.0,-0.005659498188066436,28
20.0,False,202,19.994340501811934,0.005659498188066436,28
19.993982352116962,False,203,20.0,-0.006017647883037824,28
20.0,False,204,19.993982352116962,0.006017647883037824,28
20.0,False,205,20.0,0.0,28
20.0,False,206,20.0,0.0,28
19.9395754153279,False,207,20.0,-0.06042458467209855,28
19.99179258974012,False,208,19.9395754153279,0.05221717441221685,28
20.0,False,209,19.99179258974012,0.008207410259881698,28
19.926184665671478,False,210,20.0,-0.07381533432852194,28
19.945059095624714,False,211,19.926184665671478,0.01887442995323596,28
19.953897036489337,False,212,19.945059095624714,0.008837940864623306,28
20.0,False,213,19.953897036489337,0.046102963510662676,28
20.0,False,214,20.0,0.0,28
20.0,False,215,20.0,0.0,28
20.0,False,216,20.0,0.0,28
20.0,False,217,20.0,0.0,28
20.0,False,218,20.0,0.0,28
20.0,False,219,20.0,0.0,28
19.93007533311152,False,220,20.0,-0.06992466688847898,28
19.95561900242686,False,221,19.93007533311152,0.025543669315339912,28
20.0,False,222,19.95561900242686,0.04438099757313907,28
20.0,False,223,20.0,0.0,28
20.0,False,224,20.0,0.0,28
19.97626224447713,False,225,20.0,-0.02373775552286972,28
19.91512815542171,False,226,19.97626224447713,-0.061134089055421725,28
20.0,False,227,19.91512815542171,0.08487184457829144,28
20.0,False,228,20.0,0.0,28
19.906487399394297,False,229,20.0,-0.09351260060570254,28
20.0,False,230,19.906487399394297,0.09351260060570254,28
19.978187584238906,False,231,20.0,-0.021812415761093717,28
19.930406396152087,False,232,19.978187584238906,-0.047781188086819526,28
19.930415593962785,False,233,19.930406396152087,9.197810697969544e-06,28
20.0,False,234,19.930415593962785,0.06958440603721527,28
20.0,False,235,20.0,0.0,28
20.0,False,236,20.0,0.0,28
19.92363437728157,False,237,20.0,-0.07636562271843061,28
20.0,False,238,19.92363437728157,0.07636562271843061,28
20.0,False,239,20.0,0.0,28
20.0,False,240,20.0,0.0,28
19.93959453973729,False,241,20.0,-0.060405460262710875,28
20.0,False,242,19.93959453973729,0.060405460262710875,28
19.902553098024878,False,243,20.0,-0.09744690197512185,28
19.951402127397376,False,244,19.902553098024878,0.04884902937249791,28
19.955991806891596,False,245,19.951402127397376,0.004589679494220178,28
20.0,False,246,19.955991806891596,0.04400819310840376,28
19.99775294011954,False,247,20.0,-0.002247059880460256,28
20.0,False,248,19.99775294011954,0.002247059880460256,28
20.0,False,249,20.0,0.0,28
19.98588092979759,False,250,20.0,-0.014119070202408324,28
19.958603306122757,False,251,19.98588092979759,-0.027277623674834217,28
20.0,False,252,19.958603306122757,0.04139669387724254,28
20.0,False,253,20.0,0.0,28
19.953834232521,False,254,20.0,-0.0461657674789997,28
19.994050790310975,False,255,19.953834232521,0.04021655778997513,28
19.944797274189504,False,256,19.994050790310975,-0.04925351612147111,28
19.945882717482352,False,257,19.944797274189504,0.0010854432928475433,28
19.949238428468174,False,258,19.945882717482352,0.0033557109858222134,28
19.924377928310243,False,259,19.949238428468174,-0.024860500157931398,28
20.0,False,260,19.924377928310243,0.07562207168975732,28
20.0,False,261,20.0,0.0,28
19.93510959740561,False,262,20.0,-0.06489040259438994,28
20.0,False,263,19.93510959740561,0.06489040259438994,28
19.939507786068987,False,264,20.0,-0.06049221393101334,28
20.0,False,265,19.939507786068987,0.06049221393101334,28
20.0,False,266,20.0,0.0,28
19.940008240426025,False,267,20.0,-0.0599917595739754,28
19.985777895355678,False,268,19.940008240426025,0.04576965492965357,28
19.963174264067217,False,269,19.985777895355678,-0.022603631288461656,28
19.91376597235829,False,270,19.963174264067217,-0.049408291708925134,28
20.0,False,271,19.91376597235829,0.08623402764170862,28
20.0,False,272,20.0,0.0,28
20.0,False,273,20.0,0.0,28
20.0,False,274,20.0,0.0,28
19.99763343709698,False,275,20.0,-0.002366562903020508,28
19.989238867957805,False,276,19.99763343709698,-0.008394569139174024,28
19.9052568562358,False,277,19.989238867957805,-0.08398201172200714,28
19.935185427762736,False,278,19.9052568562358,0.02992857152693773,28
19.990870743374945,False,279,19.935185427762736,0.0556853156122088,28
19.959263744235024,False,280,19.990870743374945,-0.031606999139921044,28
20.0,False,281,19.959263744235024,0.04073625576497619,28
19.921652073356626,False,282,20.0,-0.07834792664337442,28
20.0,False,283,19.921652073356626,0.07834792664337442,28
19.999511592197535,False,284,20.0,-0.0004884078024645078,28
19.92040860547706,False,285,19.999511592197535,-0.07910298672047489,28
20.0,False,286,19.92040860547706,0.0795913945229394,28
19.9804183108463,False,287,20.0,-0.019581689153699955,28
20.0,False,288,19.9804183108463,0.019581689153699955,28
20.0,False,289,20.0,0.0,28
20.0,False,290,20.0,0.0,28
20.0,False,291,20.0,0.0,28
19.9551245204801,False,292,20.0,-0.044875479519898676,28
20.0,False,293,19.9551245204801,0.044875479519898676,28
19.93548380965111,False,294,20.0,-0.06451619034888978,28
19.933368349398894,False,295,19.93548380965111,-0.00211546025221665,28
19.915958895039957,False,296,19.933368349398894,-0.017409454358936927,28
20.0,False,297,19.915958895039957,0.08404110496004336,28
20.0,False,298,20.0,0.0,28
20.0,False,299,20.0,0.0,28
4.045153784259295,False,0,0.0,0.0,29
3.9927587182517206,False,1,4.045153784259295,-0.052395066007574265,29
4.091294244800252,False,2,3.9927587182517206,0.09853552654853104,29
3.990538351020124,False,3,4.091294244800252,-0.10075589378012761,29
3.982664549686212,False,4,3.990538351020124,-0.007873801333912134,29
3.9380107114795,False,5,3.982664549686212,-0.04465383820671187,29
3.948755895634847,False,6,3.9380107114795,0.010745184155346976,29
3.933168979409078,False,7,3.948755895634847,-0.01558691622576891,29
4.09457856557867,False,8,3.933168979409078,0.16140958616959233,29
4.082081779176434,False,9,4.09457856557867,-0.012496786402236282,29
3.911498098114198,False,10,4.082081779176434,-0.1705836810622361,29
3.9461470824636184,False,11,3.911498098114198,0.03464898434942043,29
4.096491800917582,False,12,3.9461470824636184,0.1503447184539639,29
4.083354809860843,False,13,4.096491800917582,-0.013136991056739156,29
3.9994150952503857,False,14,4.083354809860843,-0.08393971461045746,29
3.958620017189028,False,15,3.9994150952503857,-0.04079507806135796,29
4.048154419747178,False,16,3.958620017189028,0.08953440255814993,29
4.0141823543822674,False,17,4.048154419747178,-0.033972065364910264,29
4.026256652465516,False,18,4.0141823543822674,0.012074298083248891,29
4.050309317872212,False,19,4.026256652465516,0.02405266540669526,29
4.012784184496834,False,20,4.050309317872212,-0.037525133375377884,29
4.000953131063604,False,21,4.012784184496834,-0.011831053433229322,29
3.9125797761081813,False,22,4.000953131063604,-0.08837335495542309,29
4.023239718353784,False,23,3.9125797761081813,0.1106599422456025,29
4.012525644822746,False,24,4.023239718353784,-0.010714073531037371,29
4.011280271239287,False,25,4.012525644822746,-0.0012453735834592194,29
3.9445625090021545,False,26,4.011280271239287,-0.06671776223713266,29
4.043632525244813,False,27,3.9445625090021545,0.0990700162426581,29
4.001298314714216,False,28,4.043632525244813,-0.04233421053059683,29
3.9281974752359856,False,29,4.001298314714216,-0.0731008394782302,29
4.035055216982561,False,30,3.9281974752359856,0.10685774174657503,29
3.9142959728719884,False,31,4.035055216982561,-0.12075924411057226,29
4.016704425823836,False,32,3.9142959728719884,0.1024084529518472,29
3.9106077070240097,False,33,4.016704425823836,-0.10609671879982585,29
3.9569978756872053,False,34,3.9106077070240097,0.04639016866319556,29
3.953397575920307,False,35,3.9569978756872053,-0.0036002997668984627,29
3.9613787617841205,False,36,3.953397575920307,0.007981185863813689,29
4.07329990552549,False,37,3.9613787617841205,0.11192114374136919,29
3.9975728180298122,False,38,4.07329990552549,-0.07572708749567747,29
4.071848571568548,False,39,3.9975728180298122,0.07427575353873594,29
3.968006730521439,False,40,4.071848571568548,-0.10384184104710936,29
3.9051630750879114,False,41,3.968006730521439,-0.06284365543352743,29
3.9626323332354993,False,42,3.9051630750879114,0.057469258147587965,29
3.9149875298329992,False,43,3.9626323332354993,-0.0476448034025001,29
3.9849795888370902,False,44,3.9149875298329992,0.069992059004091,29
4.091203956880396,False,45,3.9849795888370902,0.10622436804330615,29
3.985151177722863,False,46,4.091203956880396,-0.1060527791575332,29
3.9977266080771003,False,47,3.985151177722863,0.012575430354237138,29
4.07832798950677,False,48,3.9977266080771003,0.08060138142966933,29
4.06991644111735,False,49,4.07832798950677,-0.00841154838941982,29
4.086267739088742,False,50,4.06991644111735,0.016351297971391787,29
3.9619482012023037,False,51,4.086267739088742,-0.1243195378864379,29
3.9688194709113733,False,52,3.9619482012023037,0.006871269709069594,29
3.9967980548313395,False,53,3.9688194709113733,0.027978583919966216,29
3.933514533219538,False,54,3.9967980548313395,-0.06328352161180151,29
3.9506768248627178,False,55,3.933514533219538,0.017162291643179728,29
3.96229966821046,False,56,3.9506768248627178,0.011622843347742329,29
4.028616321780975,False,57,3.96229966821046,0.06631665357051464,29
4.052276845420238,False,58,4.028616321780975,0.023660523639263076,29
4.027479866254376,False,59,4.052276845420238,-0.024796979165861543,29
3.909873016652398,False,60,4.027479866254376,-0.11760684960197842,29
3.990761417853289,False,61,3.909873016652398,0.08088840120089102,29
4.077668196629226,False,62,3.990761417853289,0.086906778775937,29
3.987244324280886,False,63,4.077668196629226,-0.0904238723483397,29
3.9116117053547965,False,64,3.987244324280886,-0.07563261892608963,29
4.08196823682586,False,65,3.9116117053547965,0.17035653147106355,29
3.9557926124770204,False,66,4.08196823682586,-0.12617562434883967,29
4.08428233621335,False,67,3.9557926124770204,0.12848972373632916,29
3.9891041479838787,False,68,4.08428233621335,-0.09517818822947088,29
3.9476516505447683,False,69,3.9891041479838787,-0.04145249743911039,29
3.972186786071624,False,70,3.9476516505447683,0.02453513552685571,29
4.061346654063081,False,71,3.972186786071624,0.08915986799145736,29
4.0676070347167,False,72,4.061346654063081,0.006260380653619002,29
4.083310612115664,False,73,4.0676070347167,0.015703577398963553,29
3.9284136169554285,False,74,4.083310612115664,-0.15489699516023547,29
4.090763694747977,False,75,3.9284136169554285,0.16235007779254884,29
4.066101257368971,False,76,4.090763694747977,-0.024662437379006086,29
3.96286326369211,False,77,4.066101257368971,-0.10323799367686126,29
3.9540117325500255,False,78,3.96286326369211,-0.008851531142084479,29
3.9625806908860715,False,79,3.9540117325500255,0.008568958336045984,29
3.9374834361770223,False,80,3.9625806908860715,-0.02509725470904911,29
3.9442859674370143,False,81,3.9374834361770223,0.006802531259991973,29
3.987347732282225,False,82,3.9442859674370143,0.043061764845210515,29
3.9695332991290604,False,83,3.987347732282225,-0.017814433153164444,29
3.9088836054748333,False,84,3.9695332991290604,-0.06064969365422712,29
3.919969453598488,False,85,3.9088836054748333,0.011085848123654873,29
3.905096489467755,False,86,3.919969453598488,-0.014872964130733024,29
4.059798797708132,False,87,3.905096489467755,0.15470230824037712,29
4.010792315383844,False,88,4.059798797708132,-0.04900648232428839,29
3.993193458813047,False,89,4.010792315383844,-0.01759885657079696,29
4.04618310235456,False,90,3.993193458813047,0.0529896435415127,29
3.979517852620412,False,91,4.04618310235456,-0.06666524973414756,29
4.039407950999656,False,92,3.979517852620412,0.05989009837924364,29
3.9481379304396396,False,93,4.039407950999656,-0.0912700205600161,29
4.067065647978211,False,94,3.9481379304396396,0.11892771753857145,29
3.9508206961107604,False,95,4.067065647978211,-0.11624495186745065,29
3.9864860774512856,False,96,3.9508206961107604,0.035665381340525215,29
4.01448746072994,False,97,3.9864860774512856,0.028001383278654757,29
3.9057685193533755,False,98,4.01448746072994,-0.10871894137656479,29
4.051450706940032,False,99,3.9057685193533755,0.1456821875866563,29
4.0728517058501845,True,100,4.051450706940032,0.02140099891015268,29
4.428114439032139,True,101,4.0728517058501845,0.3552627331819549,29
4.410588799462149,True,102,4.428114439032139,-0.01752563956999076,29
4.733396446976315,True,103,4.410588799462149,0.3228076475141659,29
4.857954178971909,True,104,4.733396446976315,0.12455773199559417,29
5.067010073471192,True,105,4.857954178971909,0.20905589449928286,29
5.059218452188101,True,106,5.067010073471192,-0.007791621283090855,29
5.355140365484376,True,107,5.059218452188101,0.29592191329627493,29
5.473475410745015,True,108,5.355140365484376,0.11833504526063976,29
5.679593901493111,True,109,5.473475410745015,0.20611849074809552,29
5.873578344769568,True,110,5.679593901493111,0.1939844432764568,29
5.985465011093927,True,111,5.873578344769568,0.1118866663243594,29
6.027107573692721,True,112,5.985465011093927,0.04164256259879373,29
6.303568807575156,True,113,6.027107573692721,0.2764612338824355,29
6.3968697707791184,True,114,6.303568807575156,0.09330096320396208,29
6.567041327351192,True,115,6.3968697707791184,0.1701715565720736,29
6.696429832047188,True,116,6.567041327351192,0.12938850469599572,29
6.900142522247978,True,117,6.696429832047188,0.2037126902007902,29
7.002071932097435,True,118,6.900142522247978,0.10192940984945675,29
7.076704785971004,True,119,7.002071932097435,0.07463285387356944,29
7.3524855724886535,True,120,7.076704785971004,0.27578078651764937,29
7.425354942346098,True,121,7.3524855724886535,0.07286936985744408,29
7.609154566125719,True,122,7.425354942346098,0.18379962377962134,29
7.85816165108964,True,123,7.609154566125719,0.249007084963921,29
7.918346119981345,True,124,7.85816165108964,0.06018446889170548,29
8.185508184619021,True,125,7.918346119981345,0.26716206463767556,29
8.346534138666343,True,126,8.185508184619021,0.16102595404732156,29
8.476006493049022,True,127,8.346534138666343,0.12947235438267946,29
8.489405715927303,True,128,8.476006493049022,0.013399222878280881,29
8.682838271769757,True,129,8.489405715927303,0.19343255584245433,29
8.96244049222035,True,130,8.682838271769757,0.27960222045059346,29
9.045423050878274,True,131,8.96244049222035,0.08298255865792292,29
9.176378879522964,True,132,9.045423050878274,0.1309558286446908,29
9.47368185839929,True,133,9.176378879522964,0.29730297887632595,29
9.607163645810568,True,134,9.47368185839929,0.13348178741127725,29
9.661227348048522,True,135,9.607163645810568,0.0540637022379542,29
9.941426487391574,True,136,9.661227348048522,0.2801991393430523,29
9.985828377423354,True,137,9.941426487391574,0.04440189003178041,29
10.110382721114394,True,138,9.985828377423354,0.1245543436910399,29
10.273051436727592,True,139,10.110382721114394,0.16266871561319718,29
10.574735070200502,True,140,10.273051436727592,0.3016836334729103,29
10.654629786403545,True,141,10.574735070200502,0.079894716203043,29
10.734533010140115,True,142,10.654629786403545,0.07990322373657044,29
11.018772700364739,True,143,10.734533010140115,0.2842396902246236,29
11.2005133806785,True,144,11.018772700364739,0.18174068031376045,29
11.25445380968749,True,145,11.2005133806785,0.053940429008990876,29
11.470287574973955,True,146,11.25445380968749,0.21583376528646525,29
11.65327396092639,True,147,11.470287574973955,0.1829863859524341,29
11.737335256539666,True,148,11.65327396092639,0.08406129561327624,29
11.949702846314844,True,149,11.737335256539666,0.21236758977517844,29
12.05319440182189,True,150,11.949702846314844,0.10349155550704658,29
12.214637117539885,True,151,12.05319440182189,0.1614427157179943,29
12.40156488867914,True,152,12.214637117539885,0.18692777113925452,29
12.553350586533172,True,153,12.40156488867914,0.15178569785403262,29
12.853202485165147,True,154,12.553350586533172,0.2998518986319745,29
12.993001298662087,True,155,12.853202485165147,0.1397988134969399,29
13.16680603981884,True,156,12.993001298662087,0.17380474115675248,29
13.29361193117572,True,157,13.16680603981884,0.1268058913568808,29
13.5102630930406,True,158,13.29361193117572,0.21665116186487943,29
13.628341270801489,True,159,13.5102630930406,0.11807817776088925,29
13.701260884917113,True,160,13.628341270801489,0.07291961411562475,29
13.955297365777273,True,161,13.701260884917113,0.25403648086015984,29
14.046909413392639,True,162,13.955297365777273,0.09161204761536546,29
14.15277006389743,True,163,14.046909413392639,0.10586065050479121,29
14.445305381486945,True,164,14.15277006389743,0.2925353175895147,29
14.610970247868744,True,165,14.445305381486945,0.16566486638179967,29
14.623254831974183,True,166,14.610970247868744,0.012284584105438867,29
14.980382589283996,True,167,14.623254831974183,0.3571277573098133,29
15.103981169152158,True,168,14.980382589283996,0.1235985798681618,29
15.122312578541479,True,169,15.103981169152158,0.01833140938932054,29
15.436380315037779,True,170,15.122312578541479,0.31406773649630004,29
15.542010051150879,True,171,15.436380315037779,0.10562973611309978,29
15.706696672963663,True,172,15.542010051150879,0.16468662181278404,29
15.98455030097042,True,173,15.706696672963663,0.27785362800675806,29
16.090544300617104,True,174,15.98455030097042,0.10599399964668343,29
16.164373982498855,True,175,16.090544300617104,0.07382968188175099,29
16.42157201794288,True,176,16.164373982498855,0.25719803544402353,29
16.48792863792845,True,177,16.42157201794288,0.06635661998557296,29
16.638043706122236,True,178,16.48792863792845,0.1501150681937844,29
16.761807242116586,True,179,16.638043706122236,0.12376353599434964,29
17.01690086785117,True,180,16.761807242116586,0.2550936257345846,29
17.07647001870295,True,181,17.01690086785117,0.05956915085177883,29
17.390118182806695,True,182,17.07647001870295,0.3136481641037463,29
17.37647609648085,True,183,17.390118182806695,-0.01364208632584507,29
17.62876282894544,True,184,17.37647609648085,0.2522867324645901,29
17.83132299825962,True,185,17.62876282894544,0.20256016931417875,29
17.957572369948682,True,186,17.83132299825962,0.12624937168906314,29
18.11599640877017,True,187,17.957572369948682,0.1584240388214866,29
18.23148942334686,True,188,18.11599640877017,0.11549301457669259,29
18.506022582294438,True,189,18.23148942334686,0.2745331589475768,29
18.560170551045204,True,190,18.506022582294438,0.05414796875076533,29
18.662838084297576,True,191,18.560170551045204,0.10266753325237232,29
18.93549459656347,True,192,18.662838084297576,0.27265651226589327,29
19.11548106404168,True,193,18.93549459656347,0.17998646747821212,29
19.244854844124372,True,194,19.11548106404168,0.12937378008269107,29
19.260420217415746,True,195,19.244854844124372,0.015565373291373419,29
19.58561334292479,True,196,19.260420217415746,0.32519312550904544,29
19.704782938098344,True,197,19.58561334292479,0.11916959517355252,29
19.765796534003876,True,198,19.704782938098344,0.061013595905532014,29
19.92744775211077,True,199,19.765796534003876,0.16165121810689342,29
20.0,False,200,19.92744775211077,0.07255224788923087,29
19.997767810204188,False,201,20.0,-0.0022321897958121895,29
19.97615953458293,False,202,19.997767810204188,-0.02160827562125789,29
19.967664844888073,False,203,19.97615953458293,-0.008494689694856561,29
20.0,False,204,19.967664844888073,0.03233515511192664,29
19.94901332504257,False,205,20.0,-0.05098667495742859,29
19.8867150486975,False,206,19.94901332504257,-0.06229827634507146,29
19.992350563705806,False,207,19.8867150486975,0.1056355150083057,29
19.87668108901618,False,208,19.992350563705806,-0.11566947468962496,29
20.0,False,209,19.87668108901618,0.12331891098381931,29
20.0,False,210,20.0,0.0,29
20.0,False,211,20.0,0.0,29
19.973315661282378,False,212,20.0,-0.026684338717622325,29
19.919439345683266,False,213,19.973315661282378,-0.05387631559911199,29
19.92859442253771,False,214,19.919439345683266,0.009155076854444388,29
19.94894245206447,False,215,19.92859442253771,0.020348029526758182,29
20.0,False,216,19.94894245206447,0.051057547935531744,29
19.88939561100741,False,217,20.0,-0.1106043889925914,29
19.912346226019157,False,218,19.88939561100741,0.022950615011748,29
19.954793654374168,False,219,19.912346226019157,0.04244742835501114,29
19.9768473383113,False,220,19.954793654374168,0.022053683937130586,29
19.978030877359163,False,221,19.9768473383113,0.0011835390478651675,29
20.0,False,222,19.978030877359163,0.021969122640836503,29
19.910412410810817,False,223,20.0,-0.08958758918918264,29
19.89206821990976,False,224,19.910412410810817,-0.018344190901057544,29
19.896393235582465,False,225,19.89206821990976,0.00432501567270549,29
19.96226995130672,False,226,19.896393235582465,0.06587671572425435,29
19.907457346501293,False,227,19.96226995130672,-0.054812604805427156,29
20.0,False,228,19.907457346501293,0.0925426534987075,29
20.0,False,229,20.0,0.0,29
20.0,False,230,20.0,0.0,29
19.908656956326453,False,231,20.0,-0.09134304367354673,29
19.975774928735998,False,232,19.908656956326453,0.06711797240954454,29
19.87601941910282,False,233,19.975774928735998,-0.09975550963317659,29
19.942237051730523,False,234,19.87601941910282,0.0662176326277013,29
19.93527726721456,False,235,19.942237051730523,-0.006959784515963463,29
20.0,False,236,19.93527726721456,0.06472273278544094,29
20.0,False,237,20.0,0.0,29
19.876101274435104,False,238,20.0,-0.12389872556489578,29
19.973317502696986,False,239,19.876101274435104,0.09721622826188181,29
19.921401037266698,False,240,19.973317502696986,-0.05191646543028838,29
19.988377166273978,False,241,19.921401037266698,0.0669761290072799,29
19.88739792388453,False,242,19.988377166273978,-0.100979242389446,29
19.8762475325456,False,243,19.88739792388453,-0.011150391338929921,29
19.93767572341432,False,244,19.8762475325456,0.061428190868717536,29
19.933710537229587,False,245,19.93767572341432,-0.0039651861847325165,29
19.87454293117726,False,246,19.933710537229587,-0.05916760605232696,29
20.0,False,247,19.87454293117726,0.12545706882274033,29
19.892274066029753,False,248,20.0,-0.10772593397024721,29
19.982967600847036,False,249,19.892274066029753,0.0906935348172837,29
20.0,False,250,19.982967600847036,0.017032399152963507,29
19.951664287762448,False,251,20.0,-0.048335712237552286,29
20.0,False,252,19.951664287762448,0.048335712237552286,29
19.9342148675685,False,253,20.0,-0.06578513243150041,29
20.0,False,254,19.9342148675685,0.06578513243150041,29
19.922868869197906,False,255,20.0,-0.0771311308020941,29
19.975095497559725,False,256,19.922868869197906,0.05222662836181868,29
19.899378383022523,False,257,19.975095497559725,-0.07571711453720198,29
20.0,False,258,19.899378383022523,0.1006216169774774,29
19.951767882200496,False,259,20.0,-0.04823211779950398,29
20.0,False,260,19.951767882200496,0.04823211779950398,29
19.978106351874168,False,261,20.0,-0.0218936481258325,29
20.0,False,262,19.978106351874168,0.0218936481258325,29
19.90231748711092,False,263,20.0,-0.09768251288907948,29
19.932443362950032,False,264,19.90231748711092,0.030125875839111416,29
19.9375666550785,False,265,19.932443362950032,0.005123292128466517,29
19.983578947856895,False,266,19.9375666550785,0.04601229277839636,29
19.915429011520775,False,267,19.983578947856895,-0.06814993633611977,29
20.0,False,268,19.915429011520775,0.08457098847922495,29
20.0,False,269,20.0,0.0,29
19.900954154242253,False,270,20.0,-0.09904584575774678,29
19.98963803094406,False,271,19.900954154242253,0.08868387670180766,29
19.994207550868634,False,272,19.98963803094406,0.0045695199245727736,29
19.878942310844806,False,273,19.994207550868634,-0.11526524002382743,29
19.964061105328238,False,274,19.878942310844806,0.08511879448343151,29
19.882606743221967,False,275,19.964061105328238,-0.0814543621062711,29
19.91613317427296,False,276,19.882606743221967,0.033526431050994177,29
20.0,False,277,19.91613317427296,0.08386682572703918,29
20.0,False,278,20.0,0.0,29
19.886707876363612,False,279,20.0,-0.11329212363638774,29
20.0,False,280,19.886707876363612,0.11329212363638774,29
20.0,False,281,20.0,0.0,29
20.0,False,282,20.0,0.0,29
19.939526357634676,False,283,20.0,-0.0604736423653236,29
19.927355078050265,False,284,19.939526357634676,-0.01217127958441111,29
20.0,False,285,19.927355078050265,0.07264492194973471,29
19.890415068501962,False,286,20.0,-0.10958493149803772,29
19.921141963008345,False,287,19.890415068501962,0.030726894506383218,29
20.0,False,288,19.921141963008345,0.0788580369916545,29
19.90987255413682,False,289,20.0,-0.09012744586317822,29
19.945816174326605,False,290,19.90987255413682,0.03594362018978359,29
20.0,False,291,19.945816174326605,0.05418382567339464,29
19.943470504191463,False,292,20.0,-0.05652949580853672,29
20.0,False,293,19.943470504191463,0.05652949580853672,29
19.926852425909217,False,294,20.0,-0.07314757409078254,29
19.96494981466861,False,295,19.926852425909217,0.03809738875939317,29
19.932721864383215,False,296,19.96494981466861,-0.032227950285395934,29
20.0,False,297,19.932721864383215,0.0672781356167853,29
19.909136449880815,False,298,20.0,-0.09086355011918457,29
20.0,False,299,19.909136449880815,0.09086355011918457,29
3.9178420079255485,False,0,0.0,0.0,30
3.935408192973433,False,1,3.9178420079255485,0.01756618504788454,30
3.9011374883084122,False,2,3.935408192973433,-0.0342707046650208,30
4.013092034126957,False,3,3.9011374883084122,0.11195454581854447,30
4.0842591255662315,False,4,4.013092034126957,0.0711670914392748,30
4.057624478096096,False,5,4.0842591255662315,-0.026634647470135775,30
3.9488690377157756,False,6,4.057624478096096,-0.10875544038032015,30
3.993763452629281,False,7,3.9488690377157756,0.04489441491350554,30
3.9798042467790578,False,8,3.993763452629281,-0.013959205850223366,30
3.9907380175777836,False,9,3.9798042467790578,0.010933770798725817,30
3.930622907755643,False,10,3.9907380175777836,-0.06011510982214041,30
4.066004741867038,False,11,3.930622907755643,0.13538183411139526,30
3.9000568810290277,False,12,4.066004741867038,-0.16594786083801072,30
4.064141756263148,False,13,3.9000568810290277,0.16408487523412063,30
3.964372972132639,False,14,4.064141756263148,-0.09976878413050949,30
4.039240367828456,False,15,3.964372972132639,0.07486739569581724,30
4.049851958500264,False,16,4.039240367828456,0.01061159067180828,30
3.991141478790249,False,17,4.049851958500264,-0.058710479710015306,30
4.061591273891291,False,18,3.991141478790249,0.07044979510104188,30
4.02555970006792,False,19,4.061591273891291,-0.03603157382337052,30
4.017950419863498,False,20,4.02555970006792,-0.0076092802044227525,30
3.9214038855671665,False,21,4.017950419863498,-0.0965465342963312,30
4.068365931743181,False,22,3.9214038855671665,0.14696204617601483,30
4.002765123279179,False,23,4.068365931743181,-0.06560080846400229,30
3.9458558299512254,False,24,4.002765123279179,-0.05690929332795358,30
3.998426939378807,False,25,3.9458558299512254,0.052571109427581586,30
4.026117457730292,False,26,3.998426939378807,0.02769051835148506,30
3.929512131141065,False,27,4.026117457730292,-0.09660532658922705,30
4.050241642677584,False,28,3.929512131141065,0.12072951153651879,30
4.022389732574204,False,29,4.050241642677584,-0.027851910103379396,30
3.9293069058220595,False,30,4.022389732574204,-0.09308282675214485,30
3.9432270500642446,False,31,3.9293069058220595,0.013920144242185017,30
3.910083062922842,False,32,3.9432270500642446,-0.033143987141402764,30
3.9777728505526317,False,33,3.910083062922842,0.06768978762978994,30
4.085583350264897,False,34,3.9777728505526317,0.10781049971226508,30
3.9019139040675603,False,35,4.085583350264897,-0.1836694461973365,30
3.9826161130374667,False,36,3.9019139040675603,0.08070220896990632,30
4.088602593904847,False,37,3.9826161130374667,0.10598648086738027,30
3.963370043547644,False,38,4.088602593904847,-0.12523255035720293,30
3.960405058771682,False,39,3.963370043547644,-0.002964984775962076,30
4.010274919677799,False,40,3.960405058771682,0.04986986090611678,30
3.917470267301584,False,41,4.010274919677799,-0.09280465237621449,30
4.026208978164365,False,42,3.917470267301584,0.10873871086278086,30
3.984275345754703,False,43,4.026208978164365,-0.04193363240966219,30
3.9890962827065577,False,44,3.984275345754703,0.004820936951854815,30
3.9278075543079605,False,45,3.9890962827065577,-0.061288728398597225,30
3.9958995054333744,False,46,3.9278075543079605,0.06809195112541389,30
4.0930409474850515,False,47,3.9958995054333744,0.09714144205167718,30
4.097245448625324,False,48,4.0930409474850515,0.004204501140272043,30
4.089618288336093,False,49,4.097245448625324,-0.0076271602892301615,30
3.9084661980144784,False,50,4.089618288336093,-0.18115209032161506,30
4.029774422066941,False,51,3.9084661980144784,0.12130822405246278,30
3.929073410607501,False,52,4.029774422066941,-0.10070101145943999,30
3.91053376039727,False,53,3.929073410607501,-0.018539650210231073,30
3.978427041656094,False,54,3.91053376039727,0.06789328125882399,30
4.04585003494518,False,55,3.978427041656094,0.06742299328908574,30
4.081628647808298,False,56,4.04585003494518,0.03577861286311812,30
3.9425940506636263,False,57,4.081628647808298,-0.1390345971446716,30
4.027975707767512,False,58,3.9425940506636263,0.08538165710388546,30
4.078737753178942,False,59,4.027975707767512,0.050762045411429924,30
3.9599426314101387,False,60,4.078737753178942,-0.11879512176880302,30
3.908999359876321,False,61,3.9599426314101387,-0.050943271533817835,30
4.064814768350769,False,62,3.908999359876321,0.15581540847444808,30
4.057354774117556,False,63,4.064814768350769,-0.007459994233212974,30
4.060403462342327,False,64,4.057354774117556,0.0030486882247711122,30
3.933234797088115,False,65,4.060403462342327,-0.1271686652542119,30
3.990820970640131,False,66,3.933234797088115,0.05758617355201601,30
4.083032133898771,False,67,3.990820970640131,0.0922111632586402,30
3.9784838071405866,False,68,4.083032133898771,-0.10454832675818482,30
3.9484133288810446,False,69,3.9784838071405866,-0.03007047825954201,30
4.057772223296424,False,70,3.9484133288810446,0.10935889441537938,30
4.005603314295802,False,71,4.057772223296424,-0.05216890900062232,30
4.089782218987145,False,72,4.005603314295802,0.0841789046913437,30
3.9444399686068126,False,73,4.089782218987145,-0.14534225038033277,30
4.023259345503372,False,74,3.9444399686068126,0.07881937689655949,30
4.039790770469593,False,75,4.023259345503372,0.016531424966220953,30
4.036501468423328,False,76,4.039790770469593,-0.003289302046264986,30
4.060493539107463,False,77,4.036501468423328,0.02399207068413478,30
3.9630014921752155,False,78,4.060493539107463,-0.09749204693224733,30
4.0396670971947195,False,79,3.9630014921752155,0.07666560501950404,30
3.9512113588014417,False,80,4.0396670971947195,-0.0884557383932778,30
4.074702898650456,False,81,3.9512113588014417,0.12349153984901395,30
4.098554478284164,False,82,4.074702898650456,0.023851579633708653,30
4.043789818898855,False,83,4.098554478284164,-0.0547646593853095,30
3.933975656206386,False,84,4.043789818898855,-0.10981416269246891,30
3.9538404529528033,False,85,3.933975656206386,0.01986479674641739,30
3.9393582240056055,False,86,3.9538404529528033,-0.01448222894719775,30
4.095598179419647,False,87,3.9393582240056055,0.15623995541404145,30
3.96100438685313,False,88,4.095598179419647,-0.13459379256651705,30
4.014921134159871,False,89,3.96100438685313,0.05391674730674101,30
3.9914217424063816,False,90,4.014921134159871,-0.023499391753489363,30
3.9884456570703115,False,91,3.9914217424063816,-0.002976085336070078,30
4.072381800670313,False,92,3.9884456570703115,0.08393614360000168,30
3.946252146834727,False,93,4.072381800670313,-0.12612965383558628,30
4.002883119095165,False,94,3.946252146834727,0.05663097226043767,30
4.098347567623757,False,95,4.002883119095165,0.0954644485285927,30
4.090504857368953,False,96,4.098347567623757,-0.00784271025480443,30
3.975420358678594,False,97,4.090504857368953,-0.11508449869035875,30
3.937705901657807,False,98,3.975420358678594,-0.03771445702078724,30
3.9410136299390963,False,99,3.937705901657807,0.003307728281289446,30
4.452130943559881,True,100,3.9410136299390963,0.5111173136207849,30
5.026313714072612,True,101,4.452130943559881,0.5741827705127305,30
5.486145626090591,True,102,5.026313714072612,0.4598319120179797,30
5.858247845424858,True,103,5.486145626090591,0.37210221933426624,30
6.348490584976453,True,104,5.858247845424858,0.49024273955159536,30
6.862652179721987,True,105,6.348490584976453,0.5141615947455342,30
7.384030569726685,True,106,6.862652179721987,0.5213783900046973,30
7.69319823922926,True,107,7.384030569726685,0.30916766950257557,30
8.163346833186619,True,108,7.69319823922926,0.47014859395735886,30
8.733588804705983,True,109,8.163346833186619,0.5702419715193638,30
9.20552025444993,True,110,8.733588804705983,0.47193144974394663,30
9.57551900340679,True,111,9.20552025444993,0.3699987489568599,30
10.137601328087143,True,112,9.57551900340679,0.5620823246803539,30
10.602985858197547,True,113,10.137601328087143,0.4653845301104038,30
10.98425627690533,True,114,10.602985858197547,0.381270418707782,30
11.556821379567666,True,115,10.98425627690533,0.5725651026623364,30
12.037359441264437,True,116,11.556821379567666,0.4805380616967714,30
12.453830903167566,True,117,12.037359441264437,0.41647146190312867,30
12.916510039796012,True,118,12.453830903167566,0.46267913662844684,30
13.335865267757548,True,119,12.916510039796012,0.41935522796153535,30
13.81986337626785,True,120,13.335865267757548,0.48399810851030267,30
14.281152591355118,True,121,13.81986337626785,0.46128921508726783,30
14.744403916163524,True,122,14.281152591355118,0.4632513248084056,30
15.330936224052909,True,123,14.744403916163524,0.5865323078893852,30
15.710844509406636,True,124,15.330936224052909,0.3799082853537268,30
16.238241942713653,True,125,15.710844509406636,0.5273974333070175,30
16.742529803238465,True,126,16.238241942713653,0.504287860524812,30
17.09687042580955,True,127,16.742529803238465,0.35434062257108323,30
17.657814385480545,True,128,17.09687042580955,0.5609439596709969,30
18.10379192325376,True,129,17.657814385480545,0.4459775377732136,30
18.5372844178652,True,130,18.10379192325376,0.4334924946114427,30
18.983531945878237,True,131,18.5372844178652,0.4462475280130356,30
19.48736354297462,True,132,18.983531945878237,0.5038315970963829,30
19.913160926904848,True,133,19.48736354297462,0.42579738393022737,30
20.0,False,134,19.913160926904848,0.08683907309515249,30
20.0,False,135,20.0,0.0,30
20.0,False,136,20.0,0.0,30
20.0,False,137,20.0,0.0,30
20.0,False,138,20.0,0.0,30
20.0,False,139,20.0,0.0,30
20.0,False,140,20.0,0.0,30
20.0,False,141,20.0,0.0,30
20.0,False,142,20.0,0.0,30
20.0,False,143,20.0,0.0,30
20.0,False,144,20.0,0.0,30
20.0,False,145,20.0,0.0,30
20.0,False,146,20.0,0.0,30
20.0,False,147,20.0,0.0,30
20.0,False,148,20.0,0.0,30
20.0,False,149,20.0,0.0,30
20.0,False,150,20.0,0.0,30
20.0,False,151,20.0,0.0,30
20.0,False,152,20.0,0.0,30
20.0,False,153,20.0,0.0,30
20.0,False,154,20.0,0.0,30
20.0,False,155,20.0,0.0,30
20.0,False,156,20.0,0.0,30
20.0,False,157,20.0,0.0,30
20.0,False,158,20.0,0.0,30
20.0,False,159,20.0,0.0,30
20.0,False,160,20.0,0.0,30
20.0,False,161,20.0,0.0,30
20.0,False,162,20.0,0.0,30
20.0,False,163,20.0,0.0,30
20.0,False,164,20.0,0.0,30
20.0,False,165,20.0,0.0,30
20.0,False,166,20.0,0.0,30
20.0,False,167,20.0,0.0,30
20.0,False,168,20.0,0.0,30
20.0,False,169,20.0,0.0,30
20.0,False,170,20.0,0.0,30
20.0,False,171,20.0,0.0,30
20.0,False,172,20.0,0.0,30
20.0,False,173,20.0,0.0,30
20.0,False,174,20.0,0.0,30
20.0,False,175,20.0,0.0,30
20.0,False,176,20.0,0.0,30
20.0,False,177,20.0,0.0,30
20.0,False,178,20.0,0.0,30
20.0,False,179,20.0,0.0,30
20.0,False,180,20.0,0.0,30
20.0,False,181,20.0,0.0,30
20.0,False,182,20.0,0.0,30
20.0,False,183,20.0,0.0,30
20.0,False,184,20.0,0.0,30
20.0,False,185,20.0,0.0,30
20.0,False,186,20.0,0.0,30
20.0,False,187,20.0,0.0,30
20.0,False,188,20.0,0.0,30
20.0,False,189,20.0,0.0,30
20.0,False,190,20.0,0.0,30
20.0,False,191,20.0,0.0,30
20.0,False,192,20.0,0.0,30
20.0,False,193,20.0,0.0,30
20.0,False,194,20.0,0.0,30
20.0,False,195,20.0,0.0,30
20.0,False,196,20.0,0.0,30
20.0,False,197,20.0,0.0,30
20.0,False,198,20.0,0.0,30
20.0,False,199,20.0,0.0,30
20.0,False,200,20.0,0.0,30
19.944178503774168,False,201,20.0,-0.05582149622583188,30
20.0,False,202,19.944178503774168,0.05582149622583188,30
19.925922130699433,False,203,20.0,-0.07407786930056659,30
20.0,False,204,19.925922130699433,0.07407786930056659,30
19.983680237944153,False,205,20.0,-0.016319762055847065,30
20.0,False,206,19.983680237944153,0.016319762055847065,30
20.0,False,207,20.0,0.0,30
19.91144033378636,False,208,20.0,-0.08855966621364075,30
19.901450078618105,False,209,19.91144033378636,-0.009990255168254691,30
19.938039408904974,False,210,19.901450078618105,0.03658933028686917,30
19.988146200482756,False,211,19.938039408904974,0.05010679157778242,30
19.98401400980889,False,212,19.988146200482756,-0.0041321906738645,30
20.0,False,213,19.98401400980889,0.015985990191108357,30
20.0,False,214,20.0,0.0,30
19.9933399687472,False,215,20.0,-0.00666003125279957,30
19.95470950769584,False,216,19.9933399687472,-0.03863046105136192,30
19.957883293675636,False,217,19.95470950769584,0.003173785979797117,30
19.976543865501412,False,218,19.957883293675636,0.01866057182577663,30
20.0,False,219,19.976543865501412,0.023456134498587744,30
20.0,False,220,20.0,0.0,30
20.0,False,221,20.0,0.0,30
20.0,False,222,20.0,0.0,30
20.0,False,223,20.0,0.0,30
19.92515652600811,False,224,20.0,-0.07484347399189062,30
19.935622568509906,False,225,19.92515652600811,0.010466042501796835,30
19.929867479885942,False,226,19.935622568509906,-0.0057550886239639,30
20.0,False,227,19.929867479885942,0.07013252011405768,30
19.965887465623037,False,228,20.0,-0.0341125343769626,30
20.0,False,229,19.965887465623037,0.0341125343769626,30
19.980979705617823,False,230,20.0,-0.019020294382176672,30
20.0,False,231,19.980979705617823,0.019020294382176672,30
20.0,False,232,20.0,0.0,30
19.98718596102419,False,233,20.0,-0.01281403897581157,30
20.0,False,234,19.98718596102419,0.01281403897581157,30
19.994235291438695,False,235,20.0,-0.005764708561304843,30
19.97202900636213,False,236,19.994235291438695,-0.02220628507656386,30
20.0,False,237,19.97202900636213,0.027970993637868702,30
19.906178762867373,False,238,20.0,-0.09382123713262658,30
20.0,False,239,19.906178762867373,0.09382123713262658,30
19.91864256748749,False,240,20.0,-0.08135743251251171,30
20.0,False,241,19.91864256748749,0.08135743251251171,30
19.907648987813605,False,242,20.0,-0.09235101218639485,30
20.0,False,243,19.907648987813605,0.09235101218639485,30
19.911695212916268,False,244,20.0,-0.08830478708373235,30
19.98268999992814,False,245,19.911695212916268,0.07099478701187323,30
20.0,False,246,19.98268999992814,0.017310000071859122,30
20.0,False,247,20.0,0.0,30
19.95651108438871,False,248,20.0,-0.043488915611291645,30
20.0,False,249,19.95651108438871,0.043488915611291645,30
19.98538801851325,False,250,20.0,-0.014611981486748249,30
20.0,False,251,19.98538801851325,0.014611981486748249,30
19.933997357921623,False,252,20.0,-0.06600264207837725,30
20.0,False,253,19.933997357921623,0.06600264207837725,30
20.0,False,254,20.0,0.0,30
20.0,False,255,20.0,0.0,30
20.0,False,256,20.0,0.0,30
20.0,False,257,20.0,0.0,30
19.9263562183704,False,258,20.0,-0.07364378162959895,30
20.0,False,259,19.9263562183704,0.07364378162959895,30
20.0,False,260,20.0,0.0,30
19.929437472201993,False,261,20.0,-0.07056252779800687,30
20.0,False,262,19.929437472201993,0.07056252779800687,30
20.0,False,263,20.0,0.0,30
19.902292024527572,False,264,20.0,-0.09770797547242793,30
20.0,False,265,19.902292024527572,0.09770797547242793,30
20.0,False,266,20.0,0.0,30
19.900505908590823,False,267,20.0,-0.09949409140917709,30
20.0,False,268,19.900505908590823,0.09949409140917709,30
19.949361871463665,False,269,20.0,-0.05063812853633465,30
20.0,False,270,19.949361871463665,0.05063812853633465,30
19.95474562103428,False,271,20.0,-0.045254378965719155,30
19.924787009817987,False,272,19.95474562103428,-0.029958611216294173,30
19.94551834793432,False,273,19.924787009817987,0.02073133811633454,30
19.918528494313794,False,274,19.94551834793432,-0.026989853620527526,30
19.97576380842646,False,275,19.918528494313794,0.05723531411266691,30
20.0,False,276,19.97576380842646,0.0242361915735394,30
20.0,False,277,20.0,0.0,30
19.90287512721979,False,278,20.0,-0.09712487278020987,30
19.928945757725682,False,279,19.90287512721979,0.026070630505891756,30
19.974748811306863,False,280,19.928945757725682,0.04580305358118153,30
20.0,False,281,19.974748811306863,0.025251188693136584,30
19.979682942964814,False,282,20.0,-0.020317057035185826,30
20.0,False,283,19.979682942964814,0.020317057035185826,30
20.0,False,284,20.0,0.0,30
20.0,False,285,20.0,0.0,30
19.930377989578734,False,286,20.0,-0.06962201042126637,30
19.941085352159803,False,287,19.930377989578734,0.01070736258106919,30
19.91473260600719,False,288,19.941085352159803,-0.026352746152614515,30
19.946838413107823,False,289,19.91473260600719,0.03210580710063482,30
20.0,False,290,19.946838413107823,0.05316158689217687,30
20.0,False,291,20.0,0.0,30
20.0,False,292,20.0,0.0,30
19.91522700073106,False,293,20.0,-0.08477299926893878,30
19.937637502956854,False,294,19.91522700073106,0.022410502225792328,30
19.92807058218076,False,295,19.937637502956854,-0.00956692077609489,30
19.94414808899378,False,296,19.92807058218076,0.01607750681302278,30
20.0,False,297,19.94414808899378,0.05585191100621856,30
20.0,False,298,20.0,0.0,30
20.0,False,299,20.0,0.0,30
4.093903266137258,False,0,0.0,0.0,31
4.093300055224672,False,1,4.093903266137258,-0.0006032109125859719,31
3.9137369476586037,False,2,4.093300055224672,-0.17956310756606841,31
3.922903859659213,False,3,3.9137369476586037,0.009166912000609262,31
3.918208584013855,False,4,3.922903859659213,-0.004695275645357988,31
4.091717001602072,False,5,3.918208584013855,0.17350841758821733,31
4.028515776785737,False,6,4.091717001602072,-0.06320122481633561,31
3.9048185289629274,False,7,4.028515776785737,-0.12369724782280933,31
4.087008459360002,False,8,3.9048185289629274,0.1821899303970742,31
3.972321546124139,False,9,4.087008459360002,-0.11468691323586278,31
3.9505439062493184,False,10,3.972321546124139,-0.021777639874820398,31
3.9661291496267386,False,11,3.9505439062493184,0.015585243377420177,31
3.966299693158616,False,12,3.9661291496267386,0.00017054353187750948,31
3.9123114681326636,False,13,3.966299693158616,-0.05398822502595246,31
4.0058986872717774,False,14,3.9123114681326636,0.09358721913911383,31
3.9280712319460025,False,15,4.0058986872717774,-0.07782745532577495,31
4.007076171206347,False,16,3.9280712319460025,0.07900493926034491,31
4.037124821585279,False,17,4.007076171206347,0.030048650378931896,31
3.9009233561531405,False,18,4.037124821585279,-0.13620146543213885,31
3.9951578821394813,False,19,3.9009233561531405,0.09423452598634086,31
4.062120129336398,False,20,3.9951578821394813,0.06696224719691646,31
3.9706314553655826,False,21,4.062120129336398,-0.09148867397081517,31
3.9571849708890388,False,22,3.9706314553655826,-0.01344648447654384,31
3.918513772590737,False,23,3.9571849708890388,-0.03867119829830168,31
3.9445926940893266,False,24,3.918513772590737,0.02607892149858948,31
4.004128467897888,False,25,3.9445926940893266,0.059535773808561565,31
4.04477833397382,False,26,4.004128467897888,0.04064986607593202,31
3.929320402191806,False,27,4.04477833397382,-0.11545793178201436,31
3.96023885520044,False,28,3.929320402191806,0.030918453008634383,31
4.030541879028892,False,29,3.96023885520044,0.07030302382845166,31
3.9893177197808516,False,30,4.030541879028892,-0.04122415924804024,31
3.9820807324375336,False,31,3.9893177197808516,-0.007236987343318013,31
4.071474239861401,False,32,3.9820807324375336,0.08939350742386765,31
4.0668726954112095,False,33,4.071474239861401,-0.004601544450191675,31
3.999541041576671,False,34,4.0668726954112095,-0.06733165383453876,31
3.912139425166392,False,35,3.999541041576671,-0.08740161641027866,31
4.089438031394053,False,36,3.912139425166392,0.17729860622766092,31
3.976236180009512,False,37,4.089438031394053,-0.1132018513845412,31
3.9369379258927113,False,38,3.976236180009512,-0.039298254116800546,31
4.0198497711924945,False,39,3.9369379258927113,0.08291184529978324,31
3.932693172841054,False,40,4.0198497711924945,-0.08715659835144063,31
4.079297366525944,False,41,3.932693172841054,0.1466041936848903,31
4.084405305676146,False,42,4.079297366525944,0.005107939150201801,31
3.9626824414760193,False,43,4.084405305676146,-0.12172286420012668,31
4.058341370378755,False,44,3.9626824414760193,0.09565892890273542,31
4.005727418278549,False,45,4.058341370378755,-0.05261395210020581,31
4.028227283709017,False,46,4.005727418278549,0.022499865430468446,31
4.005036293982874,False,47,4.028227283709017,-0.023190989726143307,31
3.9676859700047546,False,48,4.005036293982874,-0.03735032397811944,31
4.091278327443526,False,49,3.9676859700047546,0.12359235743877095,31
3.9125183136430075,False,50,4.091278327443526,-0.1787600138005181,31
3.9176323631279493,False,51,3.9125183136430075,0.005114049484941763,31
4.083294968278831,False,52,3.9176323631279493,0.1656626051508816,31
3.9405876726046416,False,53,4.083294968278831,-0.14270729567418927,31
3.9297414520355547,False,54,3.9405876726046416,-0.010846220569086906,31
3.971248766261709,False,55,3.9297414520355547,0.04150731422615417,31
4.009677864867086,False,56,3.971248766261709,0.038429098605377465,31
3.9139828062520494,False,57,4.009677864867086,-0.09569505861503691,31
4.091985434760421,False,58,3.9139828062520494,0.17800262850837134,31
3.925926034827953,False,59,4.091985434760421,-0.16605939993246777,31
3.941051284841671,False,60,3.925926034827953,0.015125250013718006,31
3.941588355134853,False,61,3.941051284841671,0.0005370702931819515,31
3.9327054821315475,False,62,3.941588355134853,-0.00888287300330548,31
4.034598726767889,False,63,3.9327054821315475,0.10189324463634186,31
4.086874103749828,False,64,4.034598726767889,0.05227537698193885,31
4.069193728381999,False,65,4.086874103749828,-0.017680375367828738,31
3.9303584606794697,False,66,4.069193728381999,-0.13883526770252974,31
4.082717179991111,False,67,3.9303584606794697,0.1523587193116409,31
4.017739025659302,False,68,4.082717179991111,-0.06497815433180865,31
3.960793746676305,False,69,4.017739025659302,-0.05694527898299695,31
4.083958731620657,False,70,3.960793746676305,0.12316498494435235,31
3.919591892479267,False,71,4.083958731620657,-0.1643668391413904,31
3.9563974640854336,False,72,3.919591892479267,0.0368055716061666,31
4.018420268179581,False,73,3.9563974640854336,0.062022804094147066,31
4.0903767340283546,False,74,4.018420268179581,0.07195646584877391,31
4.056352955448627,False,75,4.0903767340283546,-0.03402377857972727,31
4.043616181042069,False,76,4.056352955448627,-0.01273677440655785,31
4.037746359332494,False,77,4.043616181042069,-0.005869821709575618,31
4.016841896835524,False,78,4.037746359332494,-0.020904462496969423,31
4.0806219536506445,False,79,4.016841896835524,0.06378005681512011,31
4.088962154872788,False,80,4.0806219536506445,0.008340201222143406,31
3.9513851138338882,False,81,4.088962154872788,-0.13757704103889967,31
3.9927812153305724,False,82,3.9513851138338882,0.04139610149668416,31
3.9510896081773663,False,83,3.9927812153305724,-0.04169160715320608,31
4.040626997737266,False,84,3.9510896081773663,0.08953738955989943,31
3.975379875137604,False,85,4.040626997737266,-0.06524712259966181,31
3.941782130923685,False,86,3.975379875137604,-0.03359774421391881,31
3.973480016439605,False,87,3.941782130923685,0.03169788551592001,31
4.025551182562793,False,88,3.973480016439605,0.052071166123188295,31
3.901591678646738,False,89,4.025551182562793,-0.12395950391605526,31
3.9405860168245725,False,90,3.901591678646738,0.038994338177834376,31
3.9978579286841187,False,91,3.9405860168245725,0.057271911859546165,31
3.9796573627554475,False,92,3.9978579286841187,-0.018200565928671253,31
4.004106638045092,False,93,3.9796573627554475,0.024449275289644135,31
3.936132439001752,False,94,4.004106638045092,-0.06797419904333957,31
4.003931541638755,False,95,3.936132439001752,0.06779910263700284,31
4.038912250334603,False,96,4.003931541638755,0.034980708695847795,31
3.986948212591668,False,97,4.038912250334603,-0.051964037742934455,31
3.9924796005299372,False,98,3.986948212591668,0.005531387938269017,31
3.9397037445958736,False,99,3.9924796005299372,-0.05277585593406364,31
4.436280746889738,True,100,3.9397037445958736,0.49657700229386403,31
4.901745702697373,True,101,4.436280746889738,0.4654649558076356,31
5.167439042388785,True,102,4.901745702697373,0.2656933396914116,31
5.761831184398441,True,103,5.167439042388785,0.5943921420096565,31
6.056566903927204,True,104,5.761831184398441,0.294735719528763,31
6.48354509110424,True,105,6.056566903927204,0.42697818717703573,31
6.915189330638274,True,106,6.48354509110424,0.43164423953403386,31
7.531861140853931,True,107,6.915189330638274,0.6166718102156574,31
7.817287066979256,True,108,7.531861140853931,0.2854259261253249,31
8.227835951964112,True,109,7.817287066979256,0.41054888498485553,31
8.711197164437982,True,110,8.227835951964112,0.48336121247387,31
9.193192667509692,True,111,8.711197164437982,0.48199550307171,31
9.658584880252644,True,112,9.193192667509692,0.4653922127429517,31
9.967384988955574,True,113,9.658584880252644,0.30880010870293084,31
10.37479776104233,True,114,9.967384988955574,0.4074127720867562,31
10.880855122734681,True,115,10.37479776104233,0.5060573616923509,31
11.204676482251855,True,116,10.880855122734681,0.32382135951717395,31
11.749681762766068,True,117,11.204676482251855,0.5450052805142125,31
12.099370615385242,True,118,11.749681762766068,0.34968885261917393,31
12.577745975843941,True,119,12.099370615385242,0.4783753604586991,31
13.028149324367732,True,120,12.577745975843941,0.4504033485237908,31
13.389416501189197,True,121,13.028149324367732,0.3612671768214657,31
13.793924902159057,True,122,13.389416501189197,0.40450840096985985,31
14.243697331744727,True,123,13.793924902159057,0.44977242958566954,31
14.702801092144552,True,124,14.243697331744727,0.4591037603998256,31
15.217761061416441,True,125,14.702801092144552,0.5149599692718887,31
15.678923909756271,True,126,15.217761061416441,0.46116284833983023,31
16.099646535037298,True,127,15.678923909756271,0.42072262528102655,31
16.408005467855812,True,128,16.099646535037298,0.3083589328185141,31
16.82025539861454,True,129,16.408005467855812,0.41224993075872973,31
17.277776613979157,True,130,16.82025539861454,0.4575212153646149,31
17.683718537186607,True,131,17.277776613979157,0.4059419232074504,31
18.089754481089535,True,132,17.683718537186607,0.4060359439029284,31
18.537204709946977,True,133,18.089754481089535,0.44745022885744135,31
18.978383545578637,True,134,18.537204709946977,0.4411788356316606,31
19.411818786209444,True,135,18.978383545578637,0.4334352406308071,31
19.803266298949577,True,136,19.411818786209444,0.39144751274013245,31
20.0,False,137,19.803266298949577,0.1967337010504231,31
20.0,False,138,20.0,0.0,31
20.0,False,139,20.0,0.0,31
20.0,False,140,20.0,0.0,31
20.0,False,141,20.0,0.0,31
20.0,False,142,20.0,0.0,31
20.0,False,143,20.0,0.0,31
20.0,False,144,20.0,0.0,31
20.0,False,145,20.0,0.0,31
20.0,False,146,20.0,0.0,31
20.0,False,147,20.0,0.0,31
20.0,False,148,20.0,0.0,31
20.0,False,149,20.0,0.0,31
20.0,False,150,20.0,0.0,31
20.0,False,151,20.0,0.0,31
20.0,False,152,20.0,0.0,31
20.0,False,153,20.0,0.0,31
20.0,False,154,20.0,0.0,31
20.0,False,155,20.0,0.0,31
20.0,False,156,20.0,0.0,31
20.0,False,157,20.0,0.0,31
20.0,False,158,20.0,0.0,31
20.0,False,159,20.0,0.0,31
20.0,False,160,20.0,0.0,31
20.0,False,161,20.0,0.0,31
20.0,False,162,20.0,0.0,31
20.0,False,163,20.0,0.0,31
20.0,False,164,20.0,0.0,31
20.0,False,165,20.0,0.0,31
20.0,False,166,20.0,0.0,31
20.0,False,167,20.0,0.0,31
20.0,False,168,20.0,0.0,31
20.0,False,169,20.0,0.0,31
20.0,False,170,20.0,0.0,31
20.0,False,171,20.0,0.0,31
20.0,False,172,20.0,0.0,31
20.0,False,173,20.0,0.0,31
20.0,False,174,20.0,0.0,31
20.0,False,175,20.0,0.0,31
20.0,False,176,20.0,0.0,31
20.0,False,177,20.0,0.0,31
20.0,False,178,20.0,0.0,31
20.0,False,179,20.0,0.0,31
20.0,False,180,20.0,0.0,31
20.0,False,181,20.0,0.0,31
20.0,False,182,20.0,0.0,31
20.0,False,183,20.0,0.0,31
20.0,False,184,20.0,0.0,31
20.0,False,185,20.0,0.0,31
20.0,False,186,20.0,0.0,31
20.0,False,187,20.0,0.0,31
20.0,False,188,20.0,0.0,31
20.0,False,189,20.0,0.0,31
20.0,False,190,20.0,0.0,31
20.0,False,191,20.0,0.0,31
20.0,False,192,20.0,0.0,31
20.0,False,193,20.0,0.0,31
20.0,False,194,20.0,0.0,31
20.0,False,195,20.0,0.0,31
20.0,False,196,20.0,0.0,31
20.0,False,197,20.0,0.0,31
20.0,False,198,20.0,0.0,31
20.0,False,199,20.0,0.0,31
19.949340376231962,False,200,20.0,-0.050659623768037676,31
19.922372930031422,False,201,19.949340376231962,-0.02696744620054048,31
20.0,False,202,19.922372930031422,0.07762706996857816,31
19.97446827791628,False,203,20.0,-0.0255317220837199,31
20.0,False,204,19.97446827791628,0.0255317220837199,31
19.979808076111095,False,205,20.0,-0.02019192388890545,31
19.92935086602111,False,206,19.979808076111095,-0.05045721008998427,31
19.935851276338614,False,207,19.92935086602111,0.00650041031750348,31
20.0,False,208,19.935851276338614,0.06414872366138624,31
20.0,False,209,20.0,0.0,31
19.942038897459483,False,210,20.0,-0.05796110254051712,31
20.0,False,211,19.942038897459483,0.05796110254051712,31
20.0,False,212,20.0,0.0,31
19.938854956094985,False,213,20.0,-0.06114504390501452,31
20.0,False,214,19.938854956094985,0.06114504390501452,31
20.0,False,215,20.0,0.0,31
19.965539555241207,False,216,20.0,-0.03446044475879262,31
19.921050112121787,False,217,19.965539555241207,-0.04448944311942071,31
19.947250784335417,False,218,19.921050112121787,0.026200672213629872,31
20.0,False,219,19.947250784335417,0.05274921566458346,31
20.0,False,220,20.0,0.0,31
19.956963023176638,False,221,20.0,-0.043036976823362494,31
20.0,False,222,19.956963023176638,0.043036976823362494,31
20.0,False,223,20.0,0.0,31
20.0,False,224,20.0,0.0,31
19.94138350358327,False,225,20.0,-0.058616496416728836,31
20.0,False,226,19.94138350358327,0.058616496416728836,31
19.963758857415485,False,227,20.0,-0.036241142584515273,31
20.0,False,228,19.963758857415485,0.036241142584515273,31
19.9313753373458,False,229,20.0,-0.06862466265420153,31
19.93908929424585,False,230,19.9313753373458,0.0077139569000515,31
20.0,False,231,19.93908929424585,0.06091070575415003,31
20.0,False,232,20.0,0.0,31
20.0,False,233,20.0,0.0,31
20.0,False,234,20.0,0.0,31
20.0,False,235,20.0,0.0,31
19.974674058253477,False,236,20.0,-0.02532594174652303,31
19.98548499627711,False,237,19.974674058253477,0.010810938023631422,31
20.0,False,238,19.98548499627711,0.014515003722891606,31
19.98623235258763,False,239,20.0,-0.013767647412368689,31
19.991017235208922,False,240,19.98623235258763,0.00478488262129062,31
19.90837779636808,False,241,19.991017235208922,-0.08263943884084313,31
20.0,False,242,19.90837779636808,0.0916222036319212,31
19.902363948557912,False,243,20.0,-0.09763605144208753,31
20.0,False,244,19.902363948557912,0.09763605144208753,31
20.0,False,245,20.0,0.0,31
19.911108185138495,False,246,20.0,-0.08889181486150477,31
20.0,False,247,19.911108185138495,0.08889181486150477,31
20.0,False,248,20.0,0.0,31
19.940344352549005,False,249,20.0,-0.059655647450995275,31
19.992626206749836,False,250,19.940344352549005,0.052281854200831646,31
19.9885532025364,False,251,19.992626206749836,-0.004073004213434928,31
20.0,False,252,19.9885532025364,0.011446797463598557,31
19.981264003711598,False,253,20.0,-0.01873599628840239,31
19.970039884406845,False,254,19.981264003711598,-0.011224119304753088,31
20.0,False,255,19.970039884406845,0.02996011559315548,31
19.932201613399858,False,256,20.0,-0.06779838660014192,31
20.0,False,257,19.932201613399858,0.06779838660014192,31
19.95159108237217,False,258,20.0,-0.04840891762783173,31
20.0,False,259,19.95159108237217,0.04840891762783173,31
20.0,False,260,20.0,0.0,31
19.99141024388243,False,261,20.0,-0.00858975611756918,31
19.927872291335998,False,262,19.99141024388243,-0.06353795254643302,31
19.920011267962167,False,263,19.927872291335998,-0.007861023373830989,31
19.91847328385738,False,264,19.920011267962167,-0.0015379841047860054,31
19.930298143108182,False,265,19.91847328385738,0.011824859250801012,31
19.9381476699643,False,266,19.930298143108182,0.007849526856119837,31
19.92641017187748,False,267,19.9381476699643,-0.011737498086819897,31
20.0,False,268,19.92641017187748,0.07358982812251824,31
20.0,False,269,20.0,0.0,31
19.942810588588003,False,270,20.0,-0.05718941141199707,31
20.0,False,271,19.942810588588003,0.05718941141199707,31
19.947328055767535,False,272,20.0,-0.052671944232464796,31
19.982082470072648,False,273,19.947328055767535,0.03475441430511239,31
20.0,False,274,19.982082470072648,0.017917529927352405,31
20.0,False,275,20.0,0.0,31
20.0,False,276,20.0,0.0,31
20.0,False,277,20.0,0.0,31
20.0,False,278,20.0,0.0,31
19.988113014405876,False,279,20.0,-0.011886985594124155,31
20.0,False,280,19.988113014405876,0.011886985594124155,31
20.0,False,281,20.0,0.0,31
19.98767626168188,False,282,20.0,-0.012323738318119837,31
19.952718567837707,False,283,19.98767626168188,-0.034957693844173576,31
19.92227079804307,False,284,19.952718567837707,-0.03044776979463748,31
19.96466386079275,False,285,19.92227079804307,0.042393062749681576,31
19.984484067453263,False,286,19.96466386079275,0.019820206660511985,31
20.0,False,287,19.984484067453263,0.015515932546737332,31
20.0,False,288,20.0,0.0,31
20.0,False,289,20.0,0.0,31
20.0,False,290,20.0,0.0,31
19.94296442438247,False,291,20.0,-0.05703557561752959,31
19.975250234289874,False,292,19.94296442438247,0.03228580990740326,31
20.0,False,293,19.975250234289874,0.024749765710126326,31
20.0,False,294,20.0,0.0,31
20.0,False,295,20.0,0.0,31
20.0,False,296,20.0,0.0,31
20.0,False,297,20.0,0.0,31
19.959097760893933,False,298,20.0,-0.040902239106067384,31
20.0,False,299,19.959097760893933,0.040902239106067384,31
4.098616959864851,False,0,0.0,0.0,32
3.98768398766178,False,1,4.098616959864851,-0.11093297220307141,32
4.0235509115961685,False,2,3.98768398766178,0.035866923934388506,32
4.012817815227156,False,3,4.0235509115961685,-0.01073309636901243,32
3.9456858219799518,False,4,4.012817815227156,-0.06713199324720431,32
4.088076499433314,False,5,3.9456858219799518,0.14239067745336254,32
3.971212261442468,False,6,4.088076499433314,-0.11686423799084622,32
3.9665834960691124,False,7,3.971212261442468,-0.004628765373355659,32
4.0393383103525835,False,8,3.9665834960691124,0.07275481428347108,32
4.001720387771707,False,9,4.0393383103525835,-0.037617922580876595,32
3.998269845613221,False,10,4.001720387771707,-0.0034505421584860585,32
4.035119426786714,False,11,3.998269845613221,0.03684958117349346,32
4.060783055743681,False,12,4.035119426786714,0.025663628956966278,32
4.089539124243569,False,13,4.060783055743681,0.028756068499887988,32
3.947384372096257,False,14,4.089539124243569,-0.14215475214731166,32
4.007916128749682,False,15,3.947384372096257,0.06053175665342492,32
3.991454125872948,False,16,4.007916128749682,-0.016462002876733717,32
4.028727867419787,False,17,3.991454125872948,0.03727374154683849,32
3.991833130152271,False,18,4.028727867419787,-0.03689473726751569,32
4.025822574508277,False,19,3.991833130152271,0.03398944435600626,32
3.9178232777364617,False,20,4.025822574508277,-0.10799929677181552,32
3.9974685245391717,False,21,3.9178232777364617,0.07964524680271001,32
3.9264152578525473,False,22,3.9974685245391717,-0.07105326668662437,32
4.005675709021374,False,23,3.9264152578525473,0.07926045116882685,32
4.0764634753468,False,24,4.005675709021374,0.0707877663254255,32
3.929333169820631,False,25,4.0764634753468,-0.14713030552616857,32
4.0001531612332,False,26,3.929333169820631,0.07081999141256912,32
3.9942115851700066,False,27,4.0001531612332,-0.0059415760631935655,32
4.097646369344041,False,28,3.9942115851700066,0.10343478417403418,32
4.043791607001223,False,29,4.097646369344041,-0.05385476234281761,32
4.064609299260386,False,30,4.043791607001223,0.020817692259162968,32
3.9589953228835815,False,31,4.064609299260386,-0.1056139763768047,32
3.9477228035659246,False,32,3.9589953228835815,-0.011272519317656826,32
4.085520890191511,False,33,3.9477228035659246,0.1377980866255868,32
4.040785613784887,False,34,4.085520890191511,-0.044735276406624,32
3.916273065346039,False,35,4.040785613784887,-0.12451254843884829,32
4.093860330210539,False,36,3.916273065346039,0.17758726486450005,32
4.038146539160346,False,37,4.093860330210539,-0.05571379105019325,32
4.098882488624533,False,38,4.038146539160346,0.06073594946418748,32
4.055359144608104,False,39,4.098882488624533,-0.0435233440164291,32
3.9588053687600313,False,40,4.055359144608104,-0.09655377584807301,32
3.9269816635340415,False,41,3.9588053687600313,-0.03182370522598976,32
3.9906307920197017,False,42,3.9269816635340415,0.06364912848566018,32
3.9589234664938635,False,43,3.9906307920197017,-0.031707325525838215,32
4.016830374051644,False,44,3.9589234664938635,0.05790690755778005,32
4.090737889986976,False,45,4.016830374051644,0.07390751593533285,32
3.9697714374790833,False,46,4.090737889986976,-0.12096645250789306,32
3.9326956252379612,False,47,3.9697714374790833,-0.03707581224112211,32
3.9559063847947016,False,48,3.9326956252379612,0.023210759556740346,32
4.020973113000004,False,49,3.9559063847947016,0.06506672820530213,32
4.073412111233925,False,50,4.020973113000004,0.05243899823392173,32
3.9248119012862777,False,51,4.073412111233925,-0.14860020994764778,32
3.903998730216324,False,52,3.9248119012862777,-0.02081317106995373,32
3.9448191146852922,False,53,3.903998730216324,0.040820384468968296,32
3.9358141531209117,False,54,3.9448191146852922,-0.009004961564380576,32
4.036243378442103,False,55,3.9358141531209117,0.10042922532119158,32
3.980913156474184,False,56,4.036243378442103,-0.05533022196791926,32
3.962415011477767,False,57,3.980913156474184,-0.018498144996416777,32
4.062184972510991,False,58,3.962415011477767,0.09976996103322389,32
3.995513762981497,False,59,4.062184972510991,-0.06667120952949412,32
4.0631246220936745,False,60,3.995513762981497,0.06761085911217757,32
3.9342766771871815,False,61,4.0631246220936745,-0.12884794490649298,32
3.932520951456552,False,62,3.9342766771871815,-0.0017557257306295426,32
4.088839268464183,False,63,3.932520951456552,0.15631831700763144,32
3.907311375714338,False,64,4.088839268464183,-0.1815278927498456,32
3.9014041726607225,False,65,3.907311375714338,-0.005907203053615362,32
4.050815468709967,False,66,3.9014041726607225,0.1494112960492444,32
4.073286474149646,False,67,4.050815468709967,0.02247100543967928,32
4.096058459618108,False,68,4.073286474149646,0.02277198546846204,32
4.089311242610719,False,69,4.096058459618108,-0.006747217007388784,32
3.906143631584905,False,70,4.089311242610719,-0.18316761102581447,32
4.094405672984578,False,71,3.906143631584905,0.1882620413996734,32
4.034462664954968,False,72,4.094405672984578,-0.05994300802961039,32
3.9028240304958803,False,73,4.034462664954968,-0.13163863445908763,32
3.999934155298234,False,74,3.9028240304958803,0.09711012480235359,32
3.9725272554186684,False,75,3.999934155298234,-0.02740689987956557,32
4.027368121943844,False,76,3.9725272554186684,0.05484086652517606,32
3.9100249559503077,False,77,4.027368121943844,-0.11734316599353667,32
3.970169853022085,False,78,3.9100249559503077,0.06014489707177706,32
3.9058200125574563,False,79,3.970169853022085,-0.06434984046462855,32
3.9381818001840285,False,80,3.9058200125574563,0.03236178762657227,32
3.9546106532056773,False,81,3.9381818001840285,0.01642885302164876,32
3.9187404074656493,False,82,3.9546106532056773,-0.03587024574002795,32
3.941740175819891,False,83,3.9187404074656493,0.022999768354241557,32
3.9961644219198638,False,84,3.941740175819891,0.05442424609997287,32
4.050738538163078,False,85,3.9961644219198638,0.054574116243213844,32
3.9021561866939343,False,86,4.050738538163078,-0.14858235146914334,32
3.9179831932323546,False,87,3.9021561866939343,0.015827006538420285,32
3.9946536249320364,False,88,3.9179831932323546,0.0766704316996818,32
4.0690171242758275,False,89,3.9946536249320364,0.07436349934379116,32
3.9888879395742958,False,90,4.0690171242758275,-0.08012918470153174,32
3.9921130352085643,False,91,3.9888879395742958,0.0032250956342685377,32
4.084742655717915,False,92,3.9921130352085643,0.09262962050935064,32
4.004946520262438,False,93,4.084742655717915,-0.07979613545547704,32
4.086207648210803,False,94,4.004946520262438,0.08126112794836526,32
3.9247988110478444,False,95,4.086207648210803,-0.16140883716295873,32
3.9346735562567985,False,96,3.9247988110478444,0.009874745208954039,32
3.9577786584317054,False,97,3.9346735562567985,0.02310510217490691,32
3.9668583034802514,False,98,3.9577786584317054,0.00907964504854597,32
3.9519950444301992,False,99,3.9668583034802514,-0.014863259050052147,32
4.241667220273057,True,100,3.9519950444301992,0.289672175842858,32
4.591396355324545,True,101,4.241667220273057,0.34972913505148817,32
5.055152412145274,True,102,4.591396355324545,0.4637560568207286,32
5.369409468812154,True,103,5.055152412145274,0.31425705666687964,32
5.773799584331947,True,104,5.369409468812154,0.4043901155197931,32
6.159548197126108,True,105,5.773799584331947,0.3857486127941616,32
6.339992896459463,True,106,6.159548197126108,0.18044469933335439,32
6.851391264231286,True,107,6.339992896459463,0.5113983677718235,32
7.164303675284371,True,108,6.851391264231286,0.31291241105308476,32
7.5519416855489485,True,109,7.164303675284371,0.38763801026457756,32
7.7554732026669315,True,110,7.5519416855489485,0.203531517117983,32
8.129302611508676,True,111,7.7554732026669315,0.3738294088417442,32
8.602036309205396,True,112,8.129302611508676,0.4727336976967198,32
8.80074113791518,True,113,8.602036309205396,0.19870482870978456,32
9.24982159244186,True,114,8.80074113791518,0.4490804545266798,32
9.534206694841613,True,115,9.24982159244186,0.284385102399753,32
9.891751567355037,True,116,9.534206694841613,0.35754487251342404,32
10.312503729696042,True,117,9.891751567355037,0.4207521623410049,32
10.512433424828583,True,118,10.312503729696042,0.19992969513254089,32
11.042500320345068,True,119,10.512433424828583,0.5300668955164856,32
11.301824807492396,True,120,11.042500320345068,0.25932448714732814,32
11.609670633309479,True,121,11.301824807492396,0.30784582581708264,32
11.944192199471077,True,122,11.609670633309479,0.3345215661615981,32
12.412973603073633,True,123,11.944192199471077,0.4687814036025557,32
12.782326957227053,True,124,12.412973603073633,0.36935335415341974,32
13.028009720535138,True,125,12.782326957227053,0.24568276330808558,32
13.420516306224195,True,126,13.028009720535138,0.3925065856890573,32
13.817980386010344,True,127,13.420516306224195,0.3974640797861486,32
14.044949011767574,True,128,13.817980386010344,0.2269686257572303,32
14.418310070005537,True,129,14.044949011767574,0.37336105823796295,32
14.784143721665716,True,130,14.418310070005537,0.36583365166017856,32
15.0699515558028,True,131,14.784143721665716,0.2858078341370849,32
15.604360571530032,True,132,15.0699515558028,0.5344090157272312,32
15.936370563002264,True,133,15.604360571530032,0.33200999147223165,32
16.139470641909625,True,134,15.936370563002264,0.2031000789073616,32
16.647215158711745,True,135,16.139470641909625,0.50774451680212,32
16.922155614811892,True,136,16.647215158711745,0.27494045610014695,32
17.172975027766718,True,137,16.922155614811892,0.2508194129548258,32
17.569878305039182,True,138,17.172975027766718,0.39690327727246455,32
17.974544272635317,True,139,17.569878305039182,0.4046659675961344,32
18.260061018820494,True,140,17.974544272635317,0.2855167461851771,32
18.583901916391067,True,141,18.260061018820494,0.3238408975705731,32
18.888947822345337,True,142,18.583901916391067,0.3050459059542696,32
19.354204323127973,True,143,18.888947822345337,0.4652565007826368,32
19.687434610800498,True,144,19.354204323127973,0.3332302876725244,32
20.0,False,145,19.687434610800498,0.31256538919950216,32
20.0,False,146,20.0,0.0,32
20.0,False,147,20.0,0.0,32
20.0,False,148,20.0,0.0,32
20.0,False,149,20.0,0.0,32
20.0,False,150,20.0,0.0,32
20.0,False,151,20.0,0.0,32
20.0,False,152,20.0,0.0,32
20.0,False,153,20.0,0.0,32
20.0,False,154,20.0,0.0,32
20.0,False,155,20.0,0.0,32
20.0,False,156,20.0,0.0,32
20.0,False,157,20.0,0.0,32
20.0,False,158,20.0,0.0,32
20.0,False,159,20.0,0.0,32
20.0,False,160,20.0,0.0,32
20.0,False,161,20.0,0.0,32
20.0,False,162,20.0,0.0,32
20.0,False,163,20.0,0.0,32
20.0,False,164,20.0,0.0,32
20.0,False,165,20.0,0.0,32
20.0,False,166,20.0,0.0,32
20.0,False,167,20.0,0.0,32
20.0,False,168,20.0,0.0,32
20.0,False,169,20.0,0.0,32
20.0,False,170,20.0,0.0,32
20.0,False,171,20.0,0.0,32
20.0,False,172,20.0,0.0,32
20.0,False,173,20.0,0.0,32
20.0,False,174,20.0,0.0,32
20.0,False,175,20.0,0.0,32
20.0,False,176,20.0,0.0,32
20.0,False,177,20.0,0.0,32
20.0,False,178,20.0,0.0,32
20.0,False,179,20.0,0.0,32
20.0,False,180,20.0,0.0,32
20.0,False,181,20.0,0.0,32
20.0,False,182,20.0,0.0,32
20.0,False,183,20.0,0.0,32
20.0,False,184,20.0,0.0,32
20.0,False,185,20.0,0.0,32
20.0,False,186,20.0,0.0,32
20.0,False,187,20.0,0.0,32
20.0,False,188,20.0,0.0,32
20.0,False,189,20.0,0.0,32
20.0,False,190,20.0,0.0,32
20.0,False,191,20.0,0.0,32
20.0,False,192,20.0,0.0,32
20.0,False,193,20.0,0.0,32
20.0,False,194,20.0,0.0,32
20.0,False,195,20.0,0.0,32
20.0,False,196,20.0,0.0,32
20.0,False,197,20.0,0.0,32
20.0,False,198,20.0,0.0,32
20.0,False,199,20.0,0.0,32
19.973522708454514,False,200,20.0,-0.02647729154548628,32
20.0,False,201,19.973522708454514,0.02647729154548628,32
20.0,False,202,20.0,0.0,32
19.99623048673371,False,203,20.0,-0.0037695132662882713,32
19.91721451288607,False,204,19.99623048673371,-0.07901597384764258,32
20.0,False,205,19.91721451288607,0.08278548711393086,32
20.0,False,206,20.0,0.0,32
19.952592022422145,False,207,20.0,-0.047407977577854865,32
20.0,False,208,19.952592022422145,0.047407977577854865,32
19.960064200440872,False,209,20.0,-0.03993579955912807,32
20.0,False,210,19.960064200440872,0.03993579955912807,32
19.981157677567037,False,211,20.0,-0.018842322432963243,32
20.0,False,212,19.981157677567037,0.018842322432963243,32
20.0,False,213,20.0,0.0,32
20.0,False,214,20.0,0.0,32
20.0,False,215,20.0,0.0,32
19.955222591356936,False,216,20.0,-0.04477740864306412,32
19.91165068415108,False,217,19.955222591356936,-0.043571907205855354,32
19.913247997322234,False,218,19.91165068415108,0.0015973131711533028,32
20.0,False,219,19.913247997322234,0.08675200267776617,32
19.94649241443382,False,220,20.0,-0.05350758556618018,32
19.93502596589,False,221,19.94649241443382,-0.011466448543821173,32
20.0,False,222,19.93502596589,0.06497403411000136,32
19.963030577306473,False,223,20.0,-0.03696942269352732,32
19.902897223551836,False,224,19.963030577306473,-0.06013335375463669,32
19.981261549864662,False,225,19.902897223551836,0.0783643263128262,32
19.907400844792225,False,226,19.981261549864662,-0.07386070507243758,32
19.925055005776407,False,227,19.907400844792225,0.01765416098418271,32
20.0,False,228,19.925055005776407,0.07494499422359269,32
20.0,False,229,20.0,0.0,32
19.945676307320138,False,230,20.0,-0.054323692679862035,32
20.0,False,231,19.945676307320138,0.054323692679862035,32
20.0,False,232,20.0,0.0,32
19.977585170536905,False,233,20.0,-0.022414829463095032,32
20.0,False,234,19.977585170536905,0.022414829463095032,32
19.97215940818943,False,235,20.0,-0.027840591810569748,32
19.965415530987165,False,236,19.97215940818943,-0.00674387720226477,32
19.91275886227365,False,237,19.965415530987165,-0.05265666871351371,32
19.918776611622143,False,238,19.91275886227365,0.006017749348490753,32
20.0,False,239,19.918776611622143,0.08122338837785748,32
20.0,False,240,20.0,0.0,32
19.94203784076658,False,241,20.0,-0.057962159233419186,32
20.0,False,242,19.94203784076658,0.057962159233419186,32
20.0,False,243,20.0,0.0,32
20.0,False,244,20.0,0.0,32
19.920598427424082,False,245,20.0,-0.07940157257591807,32
19.944778774652214,False,246,19.920598427424082,0.024180347228131893,32
20.0,False,247,19.944778774652214,0.055221225347786174,32
20.0,False,248,20.0,0.0,32
20.0,False,249,20.0,0.0,32
20.0,False,250,20.0,0.0,32
19.90380718632812,False,251,20.0,-0.09619281367188037,32
19.916783203428132,False,252,19.90380718632812,0.012976017100012172,32
20.0,False,253,19.916783203428132,0.0832167965718682,32
20.0,False,254,20.0,0.0,32
19.91587051968224,False,255,20.0,-0.08412948031775969,32
19.9326218909167,False,256,19.91587051968224,0.016751371234459356,32
20.0,False,257,19.9326218909167,0.06737810908330033,32
19.959239961363245,False,258,20.0,-0.040760038636754814,32
20.0,False,259,19.959239961363245,0.040760038636754814,32
19.926359874309615,False,260,20.0,-0.07364012569038536,32
19.909827568633585,False,261,19.926359874309615,-0.016532305676030035,32
20.0,False,262,19.909827568633585,0.0901724313664154,32
19.98514262218785,False,263,20.0,-0.014857377812148798,32
20.0,False,264,19.98514262218785,0.014857377812148798,32
19.957212091196173,False,265,20.0,-0.042787908803827435,32
19.909590914493563,False,266,19.957212091196173,-0.04762117670260935,32
20.0,False,267,19.909590914493563,0.09040908550643678,32
20.0,False,268,20.0,0.0,32
19.99794682334299,False,269,20.0,-0.00205317665701088,32
19.968042543093148,False,270,19.99794682334299,-0.029904280249841264,32
20.0,False,271,19.968042543093148,0.031957456906852144,32
19.97692500057225,False,272,20.0,-0.02307499942774882,32
19.91372428979305,False,273,19.97692500057225,-0.06320071077920275,32
19.90330166233679,False,274,19.91372428979305,-0.010422627456257771,32
20.0,False,275,19.90330166233679,0.09669833766320934,32
19.92473219758274,False,276,20.0,-0.07526780241726172,32
19.992728701276985,False,277,19.92473219758274,0.06799650369424626,32
20.0,False,278,19.992728701276985,0.007271298723015462,32
19.963836385251856,False,279,20.0,-0.03616361474814411,32
20.0,False,280,19.963836385251856,0.03616361474814411,32
19.99167098793284,False,281,20.0,-0.008329012067161301,32
20.0,False,282,19.99167098793284,0.008329012067161301,32
20.0,False,283,20.0,0.0,32
19.904308049488847,False,284,20.0,-0.09569195051115287,32
19.987817646264432,False,285,19.904308049488847,0.08350959677558478,32
19.93299181911278,False,286,19.987817646264432,-0.05482582715165307,32
19.945445122911604,False,287,19.93299181911278,0.012453303798825033,32
20.0,False,288,19.945445122911604,0.054554877088396125,32
19.959985235320374,False,289,20.0,-0.040014764679625614,32
19.915967855965086,False,290,19.959985235320374,-0.04401737935528871,32
19.929051394736334,False,291,19.915967855965086,0.013083538771248016,32
19.972191574292737,False,292,19.929051394736334,0.04314017955640281,32
19.963361264218957,False,293,19.972191574292737,-0.008830310073779657,32
19.99748757330265,False,294,19.963361264218957,0.03412630908369252,32
19.914417713450273,False,295,19.99748757330265,-0.08306985985237603,32
19.986998410500593,False,296,19.914417713450273,0.07258069705032,32
19.937539121026536,False,297,19.986998410500593,-0.049459289474057755,32
20.0,False,298,19.937539121026536,0.06246087897346442,32
19.997313864458196,False,299,20.0,-0.002686135541804191,32
3.9744055108893273,False,0,0.0,0.0,33
3.915234688987039,False,1,3.9744055108893273,-0.059170821902288395,33
3.9702858776814827,False,2,3.915234688987039,0.05505118869444381,33
4.094588899574157,False,3,3.9702858776814827,0.12430302189267461,33
3.942839104632572,False,4,4.094588899574157,-0.15174979494158514,33
3.969741631996692,False,5,3.942839104632572,0.026902527364119688,33
3.918766142733861,False,6,3.969741631996692,-0.05097548926283091,33
4.042514245725356,False,7,3.918766142733861,0.1237481029914953,33
3.9964373682781633,False,8,4.042514245725356,-0.04607687744719291,33
3.92071030899402,False,9,3.9964373682781633,-0.07572705928414347,33
3.995776323073274,False,10,3.92071030899402,0.07506601407925428,33
4.0236081668056105,False,11,3.995776323073274,0.02783184373233638,33
4.039891632906423,False,12,4.0236081668056105,0.01628346610081266,33
3.951215981164599,False,13,4.039891632906423,-0.08867565174182435,33
3.9316557865992348,False,14,3.951215981164599,-0.019560194565364064,33
3.925216826007415,False,15,3.9316557865992348,-0.006438960591819587,33
3.963039758058886,False,16,3.925216826007415,0.037822932051470914,33
3.942344330749657,False,17,3.963039758058886,-0.020695427309229242,33
3.973493697644422,False,18,3.942344330749657,0.03114936689476533,33
4.099416848297817,False,19,3.973493697644422,0.12592315065339443,33
3.9717431489351256,False,20,4.099416848297817,-0.12767369936269102,33
4.031930735860173,False,21,3.9717431489351256,0.06018758692504722,33
4.016547085821912,False,22,4.031930735860173,-0.015383650038260477,33
3.9978990598798827,False,23,4.016547085821912,-0.018648025942029633,33
3.9022374324731355,False,24,3.9978990598798827,-0.09566162740674722,33
3.93344597881575,False,25,3.9022374324731355,0.031208546342614607,33
3.97399952072474,False,26,3.93344597881575,0.04055354190898974,33
3.9322498838909627,False,27,3.97399952072474,-0.04174963683377708,33
3.9458475247635914,False,28,3.9322498838909627,0.013597640872628602,33
3.982857045639865,False,29,3.9458475247635914,0.037009520876273516,33
4.0128253560344325,False,30,3.982857045639865,0.0299683103945676,33
3.9237518255021797,False,31,4.0128253560344325,-0.08907353053225275,33
4.062657700810055,False,32,3.9237518255021797,0.13890587530787535,33
4.045523558143433,False,33,4.062657700810055,-0.017134142666622054,33
3.9961683679161077,False,34,4.045523558143433,-0.04935519022732526,33
4.073192839733021,False,35,3.9961683679161077,0.07702447181691285,33
3.972728194213264,False,36,4.073192839733021,-0.10046464551975642,33
4.017785099608388,False,37,3.972728194213264,0.04505690539512397,33
3.9478976429604806,False,38,4.017785099608388,-0.06988745664790752,33
3.97904772452905,False,39,3.9478976429604806,0.031150081568569465,33
3.9642348732774,False,40,3.97904772452905,-0.014812851251650105,33
4.02572859360366,False,41,3.9642348732774,0.06149372032626044,33
3.9111661120357915,False,42,4.02572859360366,-0.11456248156786897,33
3.977875082895034,False,43,3.9111661120357915,0.06670897085924254,33
3.9470760817259345,False,44,3.977875082895034,-0.030799001169099505,33
3.988923595477598,False,45,3.9470760817259345,0.04184751375166362,33
3.9316299918471236,False,46,3.988923595477598,-0.05729360363047453,33
4.015024153050413,False,47,3.9316299918471236,0.08339416120328913,33
3.989460472951479,False,48,4.015024153050413,-0.025563680098933617,33
4.089759432024031,False,49,3.989460472951479,0.1002989590725516,33
3.931393787466427,False,50,4.089759432024031,-0.1583656445576036,33
4.027774363929567,False,51,3.931393787466427,0.09638057646314024,33
3.9238826470768307,False,52,4.027774363929567,-0.10389171685273668,33
3.9140364467383737,False,53,3.9238826470768307,-0.009846200338456956,33
4.091219454961229,False,54,3.9140364467383737,0.1771830082228556,33
3.9370184896432026,False,55,4.091219454961229,-0.15420096531802674,33
3.952118781031354,False,56,3.9370184896432026,0.015100291388151277,33
4.096243603700444,False,57,3.952118781031354,0.14412482266908988,33
3.933663642752903,False,58,4.096243603700444,-0.16257996094754068,33
4.0470768422480985,False,59,3.933663642752903,0.11341319949519546,33
3.918087041244571,False,60,4.0470768422480985,-0.1289898010035273,33
3.989042427109144,False,61,3.918087041244571,0.07095538586457284,33
3.9053577082897184,False,62,3.989042427109144,-0.08368471881942563,33
3.9287931318233587,False,63,3.9053577082897184,0.023435423533640254,33
3.9959165938764056,False,64,3.9287931318233587,0.06712346205304698,33
4.007929335587267,False,65,3.9959165938764056,0.01201274171086153,33
3.9895185589685096,False,66,4.007929335587267,-0.018410776618757563,33
3.9948009748086704,False,67,3.9895185589685096,0.005282415840160759,33
4.012391891601267,False,68,3.9948009748086704,0.01759091679259628,33
3.9511402058941756,False,69,4.012391891601267,-0.06125168570709105,33
4.022254178982777,False,70,3.9511402058941756,0.07111397308860168,33
4.0252520100478515,False,71,4.022254178982777,0.00299783106507423,33
3.952659034580915,False,72,4.0252520100478515,-0.07259297546693633,33
3.939940034158871,False,73,3.952659034580915,-0.012719000422044324,33
4.044262767246106,False,74,3.939940034158871,0.10432273308723472,33
3.944261185134652,False,75,4.044262767246106,-0.10000158211145349,33
4.072592353168605,False,76,3.944261185134652,0.12833116803395272,33
4.003216152377792,False,77,4.072592353168605,-0.06937620079081253,33
4.061379674986087,False,78,4.003216152377792,0.058163522608294826,33
3.9111498827744544,False,79,4.061379674986087,-0.15022979221163268,33
3.902744404802498,False,80,3.9111498827744544,-0.008405477971956454,33
3.9880957937870813,False,81,3.902744404802498,0.08535138898458339,33
4.070381312478167,False,82,3.9880957937870813,0.0822855186910858,33
3.946430078327127,False,83,4.070381312478167,-0.12395123415104026,33
3.9073390552015446,False,84,3.946430078327127,-0.039091023125582325,33
3.930857449504949,False,85,3.9073390552015446,0.0235183943034043,33
3.930556450391498,False,86,3.930857449504949,-0.0003009991134508283,33
4.0690396420006465,False,87,3.930556450391498,0.13848319160914846,33
3.9603434979010603,False,88,4.0690396420006465,-0.10869614409958617,33
4.095207037446069,False,89,3.9603434979010603,0.1348635395450084,33
4.027095542757635,False,90,4.095207037446069,-0.06811149468843336,33
4.0482667022488945,False,91,4.027095542757635,0.02117115949125914,33
4.0685694056312265,False,92,4.0482667022488945,0.020302703382331977,33
3.9776257862138324,False,93,4.0685694056312265,-0.09094361941739404,33
3.9533577377331555,False,94,3.9776257862138324,-0.024268048480676985,33
3.9601082713000753,False,95,3.9533577377331555,0.006750533566919792,33
4.009056615178375,False,96,3.9601082713000753,0.04894834387829983,33
3.9525957013251682,False,97,4.009056615178375,-0.05646091385320684,33
3.97438494027968,False,98,3.9525957013251682,0.02178923895451179,33
3.970903571702011,False,99,3.97438494027968,-0.0034813685776691194,33
4.465477150117164,True,100,3.970903571702011,0.49457357841515304,33
5.028206525157557,True,101,4.465477150117164,0.5627293750403934,33
5.574783705116952,True,102,5.028206525157557,0.546577179959395,33
6.033236910259255,True,103,5.574783705116952,0.4584532051423027,33
6.543566155757713,True,104,6.033236910259255,0.5103292454984576,33
6.998737644542358,True,105,6.543566155757713,0.45517148878464564,33
7.495121457946219,True,106,6.998737644542358,0.4963838134038605,33
8.044679730163278,True,107,7.495121457946219,0.5495582722170589,33
8.581856927916611,True,108,8.044679730163278,0.5371771977533335,33
9.052181086762754,True,109,8.581856927916611,0.4703241588461431,33
9.589867781938672,True,110,9.052181086762754,0.5376866951759176,33
10.087837062658869,True,111,9.589867781938672,0.49796928072019675,33
10.452370651100036,True,112,10.087837062658869,0.36453358844116757,33
10.972576035302206,True,113,10.452370651100036,0.5202053842021694,33
11.451594752515073,True,114,10.972576035302206,0.4790187172128668,33
12.063087100443738,True,115,11.451594752515073,0.6114923479286656,33
12.4609876993588,True,116,12.063087100443738,0.39790059891506147,33
12.954197443215707,True,117,12.4609876993588,0.49320974385690697,33
13.379649583908861,True,118,12.954197443215707,0.42545214069315485,33
13.955826394942086,True,119,13.379649583908861,0.5761768110332248,33
14.420409676420077,True,120,13.955826394942086,0.46458328147799044,33
15.067655911313588,True,121,14.420409676420077,0.6472462348935117,33
15.508488027752382,True,122,15.067655911313588,0.44083211643879316,33
16.05129773983226,True,123,15.508488027752382,0.5428097120798796,33
16.481017353269227,True,124,16.05129773983226,0.42971961343696563,33
17.06920644448396,True,125,16.481017353269227,0.5881890912147334,33
17.52713972804761,True,126,17.06920644448396,0.45793328356365137,33
17.93008168639904,True,127,17.52713972804761,0.4029419583514269,33
18.55127407937097,True,128,17.93008168639904,0.6211923929719312,33
19.006406566872844,True,129,18.55127407937097,0.4551324875018743,33
19.41384270391064,True,130,19.006406566872844,0.407436137037795,33
19.897254579669948,True,131,19.41384270391064,0.4834118757593089,33
20.0,False,132,19.897254579669948,0.10274542033005218,33
20.0,False,133,20.0,0.0,33
20.0,False,134,20.0,0.0,33
20.0,False,135,20.0,0.0,33
20.0,False,136,20.0,0.0,33
20.0,False,137,20.0,0.0,33
20.0,False,138,20.0,0.0,33
20.0,False,139,20.0,0.0,33
20.0,False,140,20.0,0.0,33
20.0,False,141,20.0,0.0,33
20.0,False,142,20.0,0.0,33
20.0,False,143,20.0,0.0,33
20.0,False,144,20.0,0.0,33
20.0,False,145,20.0,0.0,33
20.0,False,146,20.0,0.0,33
20.0,False,147,20.0,0.0,33
20.0,False,148,20.0,0.0,33
20.0,False,149,20.0,0.0,33
20.0,False,150,20.0,0.0,33
20.0,False,151,20.0,0.0,33
20.0,False,152,20.0,0.0,33
20.0,False,153,20.0,0.0,33
20.0,False,154,20.0,0.0,33
20.0,False,155,20.0,0.0,33
20.0,False,156,20.0,0.0,33
20.0,False,157,20.0,0.0,33
20.0,False,158,20.0,0.0,33
20.0,False,159,20.0,0.0,33
20.0,False,160,20.0,0.0,33
20.0,False,161,20.0,0.0,33
20.0,False,162,20.0,0.0,33
20.0,False,163,20.0,0.0,33
20.0,False,164,20.0,0.0,33
20.0,False,165,20.0,0.0,33
20.0,False,166,20.0,0.0,33
20.0,False,167,20.0,0.0,33
20.0,False,168,20.0,0.0,33
20.0,False,169,20.0,0.0,33
20.0,False,170,20.0,0.0,33
20.0,False,171,20.0,0.0,33
20.0,False,172,20.0,0.0,33
20.0,False,173,20.0,0.0,33
20.0,False,174,20.0,0.0,33
20.0,False,175,20.0,0.0,33
20.0,False,176,20.0,0.0,33
20.0,False,177,20.0,0.0,33
20.0,False,178,20.0,0.0,33
20.0,False,179,20.0,0.0,33
20.0,False,180,20.0,0.0,33
20.0,False,181,20.0,0.0,33
20.0,False,182,20.0,0.0,33
20.0,False,183,20.0,0.0,33
20.0,False,184,20.0,0.0,33
20.0,False,185,20.0,0.0,33
20.0,False,186,20.0,0.0,33
20.0,False,187,20.0,0.0,33
20.0,False,188,20.0,0.0,33
20.0,False,189,20.0,0.0,33
20.0,False,190,20.0,0.0,33
20.0,False,191,20.0,0.0,33
20.0,False,192,20.0,0.0,33
20.0,False,193,20.0,0.0,33
20.0,False,194,20.0,0.0,33
20.0,False,195,20.0,0.0,33
20.0,False,196,20.0,0.0,33
20.0,False,197,20.0,0.0,33
20.0,False,198,20.0,0.0,33
20.0,False,199,20.0,0.0,33
19.963745761779524,False,200,20.0,-0.0362542382204758,33
19.989280075656435,False,201,19.963745761779524,0.02553431387691063,33
20.0,False,202,19.989280075656435,0.010719924343565168,33
19.945255503860967,False,203,20.0,-0.054744496139033316,33
20.0,False,204,19.945255503860967,0.054744496139033316,33
20.0,False,205,20.0,0.0,33
20.0,False,206,20.0,0.0,33
20.0,False,207,20.0,0.0,33
20.0,False,208,20.0,0.0,33
20.0,False,209,20.0,0.0,33
20.0,False,210,20.0,0.0,33
19.90119007486043,False,211,20.0,-0.09880992513956954,33
19.90943455033347,False,212,19.90119007486043,0.008244475473038193,33
20.0,False,213,19.90943455033347,0.09056544966653135,33
20.0,False,214,20.0,0.0,33
19.97792805135215,False,215,20.0,-0.02207194864784867,33
19.903347971327715,False,216,19.97792805135215,-0.07458008002443606,33
19.9905741683248,False,217,19.903347971327715,0.08722619699708645,33
20.0,False,218,19.9905741683248,0.009425831675198282,33
20.0,False,219,20.0,0.0,33
19.94433191619003,False,220,20.0,-0.05566808380996946,33
19.908717749861765,False,221,19.94433191619003,-0.03561416632826564,33
19.9222800853172,False,222,19.908717749861765,0.01356233545543617,33
20.0,False,223,19.9222800853172,0.07771991468279893,33
20.0,False,224,20.0,0.0,33
20.0,False,225,20.0,0.0,33
20.0,False,226,20.0,0.0,33
20.0,False,227,20.0,0.0,33
19.908603422859613,False,228,20.0,-0.09139657714038663,33
20.0,False,229,19.908603422859613,0.09139657714038663,33
19.93169027275827,False,230,20.0,-0.06830972724172923,33
19.97553905585345,False,231,19.93169027275827,0.04384878309517859,33
19.997430204891,False,232,19.97553905585345,0.021891149037550406,33
19.9159246714669,False,233,19.997430204891,-0.0815055334240995,33
20.0,False,234,19.9159246714669,0.08407532853309974,33
19.999461906356952,False,235,20.0,-0.0005380936430476879,33
19.937970291769524,False,236,19.999461906356952,-0.061491614587428245,33
20.0,False,237,19.937970291769524,0.06202970823047593,33
19.91548421867724,False,238,20.0,-0.08451578132276083,33
20.0,False,239,19.91548421867724,0.08451578132276083,33
19.99873342532769,False,240,20.0,-0.0012665746723108384,33
19.947532962628145,False,241,19.99873342532769,-0.05120046269954415,33
19.991300508096568,False,242,19.947532962628145,0.04376754546842321,33
20.0,False,243,19.991300508096568,0.008699491903431777,33
20.0,False,244,20.0,0.0,33
20.0,False,245,20.0,0.0,33
19.93215814778025,False,246,20.0,-0.06784185221975036,33
20.0,False,247,19.93215814778025,0.06784185221975036,33
20.0,False,248,20.0,0.0,33
20.0,False,249,20.0,0.0,33
19.9214811854793,False,250,20.0,-0.07851881452069875,33
19.994623557839564,False,251,19.9214811854793,0.07314237236026244,33
20.0,False,252,19.994623557839564,0.005376442160436312,33
19.916990341424082,False,253,20.0,-0.08300965857591791,33
19.93184349670039,False,254,19.916990341424082,0.014853155276309593,33
19.928349199370942,False,255,19.93184349670039,-0.003494297329449836,33
19.917611477762055,False,256,19.928349199370942,-0.010737721608887085,33
20.0,False,257,19.917611477762055,0.08238852223794524,33
19.926078934577404,False,258,20.0,-0.07392106542259569,33
19.959567565355616,False,259,19.926078934577404,0.03348863077821207,33
19.948949565149455,False,260,19.959567565355616,-0.010618000206161327,33
20.0,False,261,19.948949565149455,0.051050434850544946,33
19.941442987760205,False,262,20.0,-0.05855701223979537,33
20.0,False,263,19.941442987760205,0.05855701223979537,33
19.96825237673635,False,264,20.0,-0.03174762326365155,33
19.9022057636881,False,265,19.96825237673635,-0.06604661304824688,33
19.953624130097694,False,266,19.9022057636881,0.05141836640959241,33
20.0,False,267,19.953624130097694,0.04637586990230602,33
20.0,False,268,20.0,0.0,33
19.971196076412966,False,269,20.0,-0.02880392358703432,33
19.92596418251292,False,270,19.971196076412966,-0.045231893900044895,33
20.0,False,271,19.92596418251292,0.07403581748707921,33
19.981560274608004,False,272,20.0,-0.01843972539199612,33
19.9387479160714,False,273,19.981560274608004,-0.04281235853660448,33
19.90560729008706,False,274,19.9387479160714,-0.033140625984337646,33
20.0,False,275,19.90560729008706,0.09439270991293824,33
20.0,False,276,20.0,0.0,33
20.0,False,277,20.0,0.0,33
20.0,False,278,20.0,0.0,33
20.0,False,279,20.0,0.0,33
20.0,False,280,20.0,0.0,33
19.912483627883212,False,281,20.0,-0.08751637211678798,33
19.967140355062384,False,282,19.912483627883212,0.05465672717917158,33
19.93325649300733,False,283,19.967140355062384,-0.03388386205505256,33
19.904366362711464,False,284,19.93325649300733,-0.028890130295867067,33
20.0,False,285,19.904366362711464,0.09563363728853602,33
20.0,False,286,20.0,0.0,33
20.0,False,287,20.0,0.0,33
19.992944279510873,False,288,20.0,-0.007055720489127282,33
19.91007793344788,False,289,19.992944279510873,-0.08286634606299259,33
19.938897440543666,False,290,19.91007793344788,0.02881950709578618,33
20.0,False,291,19.938897440543666,0.061102559456333694,33
19.975831645001556,False,292,20.0,-0.024168354998444386,33
20.0,False,293,19.975831645001556,0.024168354998444386,33
20.0,False,294,20.0,0.0,33
20.0,False,295,20.0,0.0,33
20.0,False,296,20.0,0.0,33
19.990137815334105,False,297,20.0,-0.009862184665895057,33
19.98334540184071,False,298,19.990137815334105,-0.006792413493393212,33
19.90117072998229,False,299,19.98334540184071,-0.08217467185842153,33
4.0282219510565405,False,0,0.0,0.0,34
4.034351581129146,False,1,4.0282219510565405,0.006129630072605252,34
4.095793142574535,False,2,4.034351581129146,0.06144156144538915,34
3.989078835863798,False,3,4.095793142574535,-0.106714306710737,34
4.052334178869617,False,4,3.989078835863798,0.06325534300581914,34
4.096324873798413,False,5,4.052334178869617,0.04399069492879626,34
3.9512993388865576,False,6,4.096324873798413,-0.14502553491185566,34
3.935573320226919,False,7,3.9512993388865576,-0.01572601865963863,34
3.938694401063531,False,8,3.935573320226919,0.0031210808366122222,34
3.9896815447711527,False,9,3.938694401063531,0.050987143707621474,34
4.0875063540364085,False,10,3.9896815447711527,0.09782480926525583,34
3.979662724322248,False,11,4.0875063540364085,-0.10784362971416028,34
3.9002660360157604,False,12,3.979662724322248,-0.07939668830648783,34
4.041195526460851,False,13,3.9002660360157604,0.14092949044509062,34
3.9076345790124214,False,14,4.041195526460851,-0.1335609474484296,34
3.928826927443457,False,15,3.9076345790124214,0.02119234843103568,34
3.9344399028800505,False,16,3.928826927443457,0.005612975436593448,34
3.94021433900348,False,17,3.9344399028800505,0.005774436123429538,34
3.9337542484240835,False,18,3.94021433900348,-0.00646009057939656,34
3.9011055916505377,False,19,3.9337542484240835,-0.03264865677354578,34
3.958215131412579,False,20,3.9011055916505377,0.05710953976204136,34
3.931080441120501,False,21,3.958215131412579,-0.027134690292077934,34
4.0774050535617095,False,22,3.931080441120501,0.1463246124412083,34
3.917547836401321,False,23,4.0774050535617095,-0.15985721716038848,34
4.009716338612184,False,24,3.917547836401321,0.0921685022108627,34
4.079040702709182,False,25,4.009716338612184,0.06932436409699871,34
4.004063049117677,False,26,4.079040702709182,-0.07497765359150499,34
3.9433721481754644,False,27,4.004063049117677,-0.060690900942212966,34
3.9245164584638443,False,28,3.9433721481754644,-0.018855689711620105,34
3.9953564632148595,False,29,3.9245164584638443,0.07084000475101515,34
4.067781102953551,False,30,3.9953564632148595,0.07242463973869118,34
4.089030231564377,False,31,4.067781102953551,0.021249128610826062,34
4.0073013586572115,False,32,4.089030231564377,-0.08172887290716524,34
3.9042078333443544,False,33,4.0073013586572115,-0.10309352531285709,34
4.082481929607144,False,34,3.9042078333443544,0.17827409626278934,34
4.076608773990272,False,35,4.082481929607144,-0.005873155616871628,34
4.028559793868108,False,36,4.076608773990272,-0.04804898012216441,34
4.0091680104364675,False,37,4.028559793868108,-0.019391783431640164,34
3.932961430607242,False,38,4.0091680104364675,-0.07620657982922552,34
4.076038474275089,False,39,3.932961430607242,0.14307704366784701,34
3.976828846410574,False,40,4.076038474275089,-0.09920962786451515,34
4.022403069826241,False,41,3.976828846410574,0.045574223415667525,34
3.9478447034447535,False,42,4.022403069826241,-0.07455836638148794,34
4.008139047585868,False,43,3.9478447034447535,0.06029434414111412,34
3.9787867661136724,False,44,4.008139047585868,-0.029352281472195152,34
4.055725414394109,False,45,3.9787867661136724,0.07693864828043662,34
3.988635450575314,False,46,4.055725414394109,-0.06708996381879517,34
3.910633326723691,False,47,3.988635450575314,-0.07800212385162286,34
3.9555957430642534,False,48,3.910633326723691,0.04496241634056242,34
3.9252369495832173,False,49,3.9555957430642534,-0.030358793481036095,34
3.9365823003328817,False,50,3.9252369495832173,0.011345350749664362,34
3.9001124238015765,False,51,3.9365823003328817,-0.03646987653130518,34
4.008649172749743,False,52,3.9001124238015765,0.10853674894816612,34
4.015332477508375,False,53,4.008649172749743,0.006683304758632325,34
4.01004624392453,False,54,4.015332477508375,-0.005286233583844613,34
3.9386692252160675,False,55,4.01004624392453,-0.0713770187084628,34
3.973345454321305,False,56,3.9386692252160675,0.0346762291052376,34
4.025567026722293,False,57,3.973345454321305,0.052221572400988236,34
3.9724820608916556,False,58,4.025567026722293,-0.05308496583063782,34
4.030876941645361,False,59,3.9724820608916556,0.05839488075370536,34
4.0675386612331925,False,60,4.030876941645361,0.0366617195878316,34
4.028706533354398,False,61,4.0675386612331925,-0.038832127878794864,34
3.9746115939436604,False,62,4.028706533354398,-0.054094939410737286,34
4.007418309345114,False,63,3.9746115939436604,0.03280671540145397,34
4.002606603645516,False,64,4.007418309345114,-0.004811705699598434,34
4.058570157528814,False,65,4.002606603645516,0.055963553883297656,34
4.078611045449638,False,66,4.058570157528814,0.0200408879208247,34
4.070487089495351,False,67,4.078611045449638,-0.00812395595428761,34
4.061297941571114,False,68,4.070487089495351,-0.00918914792423653,34
4.063925945922532,False,69,4.061297941571114,0.0026280043514175233,34
4.0187061169559,False,70,4.063925945922532,-0.04521982896663168,34
4.097452307984915,False,71,4.0187061169559,0.07874619102901548,34
4.08830029757197,False,72,4.097452307984915,-0.009152010412945444,34
3.9963727759581484,False,73,4.08830029757197,-0.09192752161382156,34
4.022261704697526,False,74,3.9963727759581484,0.02588892873937798,34
4.0229682608676125,False,75,4.022261704697526,0.0007065561700860812,34
3.918384747728434,False,76,4.0229682608676125,-0.10458351313917857,34
4.028684073274665,False,77,3.918384747728434,0.11029932554623079,34
3.962063969998891,False,78,4.028684073274665,-0.06662010327577361,34
3.986437053736333,False,79,3.962063969998891,0.02437308373744207,34
3.9704774056733965,False,80,3.986437053736333,-0.015959648062936704,34
4.037907266959733,False,81,3.9704774056733965,0.06742986128633666,34
4.015291940222481,False,82,4.037907266959733,-0.022615326737252417,34
4.011436916185003,False,83,4.015291940222481,-0.0038550240374775058,34
4.074692891695846,False,84,4.011436916185003,0.06325597551084261,34
4.005127854039303,False,85,4.074692891695846,-0.06956503765654265,34
4.059982369628889,False,86,4.005127854039303,0.05485451558958587,34
3.9929739486722573,False,87,4.059982369628889,-0.06700842095663173,34
3.9241211688636204,False,88,3.9929739486722573,-0.06885277980863691,34
4.042104146067081,False,89,3.9241211688636204,0.11798297720346085,34
4.050181047976815,False,90,4.042104146067081,0.008076901909733536,34
3.9621786604382176,False,91,4.050181047976815,-0.08800238753859713,34
4.0775347917256335,False,92,3.9621786604382176,0.11535613128741584,34
4.045735856074475,False,93,4.0775347917256335,-0.031798935651158544,34
3.95452816629376,False,94,4.045735856074475,-0.09120768978071503,34
3.9448671317779302,False,95,3.95452816629376,-0.00966103451582967,34
3.9514876954803606,False,96,3.9448671317779302,0.00662056370243036,34
4.026538872476903,False,97,3.9514876954803606,0.07505117699654207,34
3.9697215999565825,False,98,4.026538872476903,-0.056817272520320206,34
4.017910125471501,False,99,3.9697215999565825,0.04818852551491881,34
4.430128715686432,True,100,4.017910125471501,0.41221859021493046,34
4.930023316996311,True,101,4.430128715686432,0.4998946013098795,34
5.513605275117733,True,102,4.930023316996311,0.5835819581214219,34
5.82032400418454,True,103,5.513605275117733,0.30671872906680697,34
6.303300344939188,True,104,5.82032400418454,0.48297634075464746,34
6.835238414291798,True,105,6.303300344939188,0.5319380693526101,34
7.321726005212553,True,106,6.835238414291798,0.48648759092075533,34
7.788826120166074,True,107,7.321726005212553,0.4671001149535208,34
8.25262727479027,True,108,7.788826120166074,0.46380115462419536,34
8.732632038494936,True,109,8.25262727479027,0.4800047637046667,34
9.19233512309263,True,110,8.732632038494936,0.4597030845976935,34
9.744660564348225,True,111,9.19233512309263,0.5523254412555954,34
10.243093752743304,True,112,9.744660564348225,0.49843318839507944,34
10.661982094139326,True,113,10.243093752743304,0.4188883413960216,34
11.27120219379095,True,114,10.661982094139326,0.6092200996516244,34
11.687346742787703,True,115,11.27120219379095,0.416144548996753,34
12.262208247508187,True,116,11.687346742787703,0.5748615047204844,34
12.61924607634657,True,117,12.262208247508187,0.35703782883838286,34
13.139721674659638,True,118,12.61924607634657,0.5204755983130678,34
13.609777214466417,True,119,13.139721674659638,0.47005553980677917,34
14.162880564731722,True,120,13.609777214466417,0.5531033502653049,34
14.591345690925237,True,121,14.162880564731722,0.4284651261935153,34
15.144650964790538,True,122,14.591345690925237,0.5533052738653002,34
15.649440955800129,True,123,15.144650964790538,0.5047899910095914,34
16.105546885295794,True,124,15.649440955800129,0.4561059294956653,34
16.76360255691239,True,125,16.105546885295794,0.6580556716165944,34
17.144274639703756,True,126,16.76360255691239,0.3806720827913672,34
17.674285557897328,True,127,17.144274639703756,0.5300109181935717,34
18.03423229496664,True,128,17.674285557897328,0.35994673706931124,34
18.696242259246514,True,129,18.03423229496664,0.6620099642798749,34
19.05918640410682,True,130,18.696242259246514,0.36294414486030746,34
19.557308065308213,True,131,19.05918640410682,0.4981216612013917,34
20.0,False,132,19.557308065308213,0.442691934691787,34
20.0,False,133,20.0,0.0,34
20.0,False,134,20.0,0.0,34
20.0,False,135,20.0,0.0,34
20.0,False,136,20.0,0.0,34
20.0,False,137,20.0,0.0,34
20.0,False,138,20.0,0.0,34
20.0,False,139,20.0,0.0,34
20.0,False,140,20.0,0.0,34
20.0,False,141,20.0,0.0,34
20.0,False,142,20.0,0.0,34
20.0,False,143,20.0,0.0,34
20.0,False,144,20.0,0.0,34
20.0,False,145,20.0,0.0,34
20.0,False,146,20.0,0.0,34
20.0,False,147,20.0,0.0,34
20.0,False,148,20.0,0.0,34
20.0,False,149,20.0,0.0,34
20.0,False,150,20.0,0.0,34
20.0,False,151,20.0,0.0,34
20.0,False,152,20.0,0.0,34
20.0,False,153,20.0,0.0,34
20.0,False,154,20.0,0.0,34
20.0,False,155,20.0,0.0,34
20.0,False,156,20.0,0.0,34
20.0,False,157,20.0,0.0,34
20.0,False,158,20.0,0.0,34
20.0,False,159,20.0,0.0,34
20.0,False,160,20.0,0.0,34
20.0,False,161,20.0,0.0,34
20.0,False,162,20.0,0.0,34
20.0,False,163,20.0,0.0,34
20.0,False,164,20.0,0.0,34
20.0,False,165,20.0,0.0,34
20.0,False,166,20.0,0.0,34
20.0,False,167,20.0,0.0,34
20.0,False,168,20.0,0.0,34
20.0,False,169,20.0,0.0,34
20.0,False,170,20.0,0.0,34
20.0,False,171,20.0,0.0,34
20.0,False,172,20.0,0.0,34
20.0,False,173,20.0,0.0,34
20.0,False,174,20.0,0.0,34
20.0,False,175,20.0,0.0,34
20.0,False,176,20.0,0.0,34
20.0,False,177,20.0,0.0,34
20.0,False,178,20.0,0.0,34
20.0,False,179,20.0,0.0,34
20.0,False,180,20.0,0.0,34
20.0,False,181,20.0,0.0,34
20.0,False,182,20.0,0.0,34
20.0,False,183,20.0,0.0,34
20.0,False,184,20.0,0.0,34
20.0,False,185,20.0,0.0,34
20.0,False,186,20.0,0.0,34
20.0,False,187,20.0,0.0,34
20.0,False,188,20.0,0.0,34
20.0,False,189,20.0,0.0,34
20.0,False,190,20.0,0.0,34
20.0,False,191,20.0,0.0,34
20.0,False,192,20.0,0.0,34
20.0,False,193,20.0,0.0,34
20.0,False,194,20.0,0.0,34
20.0,False,195,20.0,0.0,34
20.0,False,196,20.0,0.0,34
20.0,False,197,20.0,0.0,34
20.0,False,198,20.0,0.0,34
20.0,False,199,20.0,0.0,34
19.943844370331774,False,200,20.0,-0.056155629668225515,34
20.0,False,201,19.943844370331774,0.056155629668225515,34
20.0,False,202,20.0,0.0,34
20.0,False,203,20.0,0.0,34
20.0,False,204,20.0,0.0,34
19.970028803566493,False,205,20.0,-0.02997119643350743,34
20.0,False,206,19.970028803566493,0.02997119643350743,34
19.971720066991885,False,207,20.0,-0.02827993300811471,34
19.910288242641446,False,208,19.971720066991885,-0.06143182435043926,34
19.976050122072355,False,209,19.910288242641446,0.06576187943090872,34
20.0,False,210,19.976050122072355,0.023949877927645247,34
20.0,False,211,20.0,0.0,34
20.0,False,212,20.0,0.0,34
20.0,False,213,20.0,0.0,34
19.943185795097143,False,214,20.0,-0.0568142049028566,34
19.990536841009998,False,215,19.943185795097143,0.04735104591285477,34
20.0,False,216,19.990536841009998,0.00946315899000183,34
19.9545321513615,False,217,20.0,-0.04546784863849851,34
20.0,False,218,19.9545321513615,0.04546784863849851,34
20.0,False,219,20.0,0.0,34
19.946733790720806,False,220,20.0,-0.05326620927919379,34
19.90265943072163,False,221,19.946733790720806,-0.04407435999917553,34
20.0,False,222,19.90265943072163,0.09734056927836932,34
20.0,False,223,20.0,0.0,34
20.0,False,224,20.0,0.0,34
20.0,False,225,20.0,0.0,34
20.0,False,226,20.0,0.0,34
19.932179103397345,False,227,20.0,-0.06782089660265456,34
20.0,False,228,19.932179103397345,0.06782089660265456,34
19.932984908847725,False,229,20.0,-0.06701509115227466,34
20.0,False,230,19.932984908847725,0.06701509115227466,34
19.973568897437534,False,231,20.0,-0.026431102562465725,34
19.98990606649726,False,232,19.973568897437534,0.016337169059724488,34
20.0,False,233,19.98990606649726,0.010093933502741237,34
19.90500218942987,False,234,20.0,-0.09499781057013124,34
19.968460330735567,False,235,19.90500218942987,0.06345814130569849,34
19.949562802211673,False,236,19.968460330735567,-0.018897528523893925,34
19.94369942326552,False,237,19.949562802211673,-0.005863378946152409,34
19.91414802148487,False,238,19.94369942326552,-0.029551401780651076,34
19.913128382165304,False,239,19.91414802148487,-0.0010196393195656128,34
19.97794992351173,False,240,19.913128382165304,0.0648215413464257,34
20.0,False,241,19.97794992351173,0.022050076488270065,34
19.919626359718798,False,242,20.0,-0.08037364028120209,34
20.0,False,243,19.919626359718798,0.08037364028120209,34
20.0,False,244,20.0,0.0,34
20.0,False,245,20.0,0.0,34
20.0,False,246,20.0,0.0,34
20.0,False,247,20.0,0.0,34
19.94423157452174,False,248,20.0,-0.05576842547825933,34
20.0,False,249,19.94423157452174,0.05576842547825933,34
20.0,False,250,20.0,0.0,34
20.0,False,251,20.0,0.0,34
19.92612334056009,False,252,20.0,-0.07387665943991095,34
19.96503858023702,False,253,19.92612334056009,0.03891523967693189,34
19.96557841560262,False,254,19.96503858023702,0.0005398353656005384,34
19.949215673714736,False,255,19.96557841560262,-0.016362741887885335,34
19.978699063828728,False,256,19.949215673714736,0.029483390113991703,34
20.0,False,257,19.978699063828728,0.021300936171272156,34
20.0,False,258,20.0,0.0,34
19.990400952907738,False,259,20.0,-0.009599047092262225,34
19.94307891295192,False,260,19.990400952907738,-0.047322039955819406,34
20.0,False,261,19.94307891295192,0.05692108704808163,34
19.99532543616033,False,262,20.0,-0.004674563839671464,34
20.0,False,263,19.99532543616033,0.004674563839671464,34
20.0,False,264,20.0,0.0,34
20.0,False,265,20.0,0.0,34
19.987643520424403,False,266,20.0,-0.01235647957559749,34
20.0,False,267,19.987643520424403,0.01235647957559749,34
19.94716338142641,False,268,20.0,-0.05283661857358979,34
20.0,False,269,19.94716338142641,0.05283661857358979,34
20.0,False,270,20.0,0.0,34
20.0,False,271,20.0,0.0,34
19.9185882014183,False,272,20.0,-0.08141179858170133,34
20.0,False,273,19.9185882014183,0.08141179858170133,34
19.91541285336847,False,274,20.0,-0.08458714663153089,34
19.936592348548817,False,275,19.91541285336847,0.02117949518034834,34
20.0,False,276,19.936592348548817,0.06340765145118255,34
19.930328459917554,False,277,20.0,-0.06967154008244592,34
20.0,False,278,19.930328459917554,0.06967154008244592,34
20.0,False,279,20.0,0.0,34
19.915661432610996,False,280,20.0,-0.08433856738900403,34
19.911771169672253,False,281,19.915661432610996,-0.00389026293874295,34
20.0,False,282,19.911771169672253,0.08822883032774698,34
19.98617164174567,False,283,20.0,-0.013828358254329487,34
20.0,False,284,19.98617164174567,0.013828358254329487,34
19.94823406702651,False,285,20.0,-0.051765932973488304,34
19.992961880741795,False,286,19.94823406702651,0.04472781371528356,34
20.0,False,287,19.992961880741795,0.007038119258204745,34
19.91366233887182,False,288,20.0,-0.08633766112818009,34
19.950591023518342,False,289,19.91366233887182,0.036928684646522214,34
19.948873515382267,False,290,19.950591023518342,-0.0017175081360747413,34
19.902413562503593,False,291,19.948873515382267,-0.046459952878674216,34
19.96837226000623,False,292,19.902413562503593,0.06595869750263716,34
20.0,False,293,19.96837226000623,0.031627739993769666,34
19.905431172083027,False,294,20.0,-0.09456882791697296,34
20.0,False,295,19.905431172083027,0.09456882791697296,34
20.0,False,296,20.0,0.0,34
20.0,False,297,20.0,0.0,34
20.0,False,298,20.0,0.0,34
19.972315037508423,False,299,20.0,-0.027684962491576925,34
3.9543659627500456,False,0,0.0,0.0,35
3.9980816302398368,False,1,3.9543659627500456,0.043715667489791166,35
3.970646602816812,False,2,3.9980816302398368,-0.027435027423024838,35
3.97522652764795,False,3,3.970646602816812,0.004579924831138005,35
3.957666989441896,False,4,3.97522652764795,-0.017559538206053826,35
3.9195666818535,False,5,3.957666989441896,-0.03810030758839611,35
3.900934262324785,False,6,3.9195666818535,-0.018632419528715083,35
3.950864654549569,False,7,3.900934262324785,0.049930392224784015,35
4.061691482982675,False,8,3.950864654549569,0.11082682843310598,35
3.929189715722431,False,9,4.061691482982675,-0.13250176726024376,35
4.033547732313083,False,10,3.929189715722431,0.10435801659065147,35
4.046036919420246,False,11,4.033547732313083,0.012489187107163069,35
4.04836834459487,False,12,4.046036919420246,0.0023314251746242576,35
4.095753950768034,False,13,4.04836834459487,0.04738560617316434,35
4.084662909345823,False,14,4.095753950768034,-0.011091041422210957,35
3.990793514734618,False,15,4.084662909345823,-0.09386939461120525,35
4.025069236564235,False,16,3.990793514734618,0.03427572182961702,35
4.042034817607467,False,17,4.025069236564235,0.016965581043232092,35
3.9764160971317284,False,18,4.042034817607467,-0.0656187204757388,35
3.919689567451564,False,19,3.9764160971317284,-0.05672652968016445,35
3.913802839258057,False,20,3.919689567451564,-0.005886728193507107,35
3.9696733767283217,False,21,3.913802839258057,0.055870537470264825,35
4.019317480504527,False,22,3.9696733767283217,0.049644103776205206,35
3.986963361703955,False,23,4.019317480504527,-0.03235411880057182,35
3.907120479345402,False,24,3.986963361703955,-0.07984288235855308,35
3.9671567899542675,False,25,3.907120479345402,0.060036310608865495,35
3.991093717502844,False,26,3.9671567899542675,0.02393692754857657,35
4.086911520108563,False,27,3.991093717502844,0.09581780260571904,35
4.055031714683664,False,28,4.086911520108563,-0.03187980542489921,35
3.9892603088913963,False,29,4.055031714683664,-0.06577140579226759,35
3.967107758347878,False,30,3.9892603088913963,-0.022152550543518057,35
4.040968112773418,False,31,3.967107758347878,0.0738603544255394,35
4.003693848610358,False,32,4.040968112773418,-0.037274264163059456,35
4.0771708822575325,False,33,4.003693848610358,0.0734770336471744,35
3.919672326624271,False,34,4.0771708822575325,-0.15749855563326154,35
3.9219206487249187,False,35,3.919672326624271,0.002248322100647737,35
3.998595432149416,False,36,3.9219206487249187,0.0766747834244974,35
4.00433969756466,False,37,3.998595432149416,0.0057442654152439765,35
3.9085057174983033,False,38,4.00433969756466,-0.0958339800663568,35
3.933927428618354,False,39,3.9085057174983033,0.02542171112005054,35
3.935957426300618,False,40,3.933927428618354,0.002029997682264195,35
3.954634112038393,False,41,3.935957426300618,0.018676685737775145,35
4.085092103715023,False,42,3.954634112038393,0.13045799167662953,35
4.041821137272174,False,43,4.085092103715023,-0.043270966442849,35
4.083627018395903,False,44,4.041821137272174,0.04180588112372963,35
3.972068351661518,False,45,4.083627018395903,-0.11155866673438553,35
3.916196429889551,False,46,3.972068351661518,-0.05587192177196698,35
3.9051131331561857,False,47,3.916196429889551,-0.011083296733365167,35
4.09087299442372,False,48,3.9051131331561857,0.18575986126753463,35
3.960792453712133,False,49,4.09087299442372,-0.13008054071158748,35
3.9727250443522943,False,50,3.960792453712133,0.0119325906401615,35
4.01711808796812,False,51,3.9727250443522943,0.04439304361582552,35
4.0169071851311715,False,52,4.01711808796812,-0.00021090283694835676,35
3.9897613935896756,False,53,4.0169071851311715,-0.02714579154149588,35
4.042974362257973,False,54,3.9897613935896756,0.05321296866829739,35
4.008171190838738,False,55,4.042974362257973,-0.03480317141923539,35
4.095041654533183,False,56,4.008171190838738,0.08687046369444573,35
3.953304731816462,False,57,4.095041654533183,-0.14173692271672156,35
4.078537678662066,False,58,3.953304731816462,0.12523294684560415,35
4.000973506404707,False,59,4.078537678662066,-0.07756417225735923,35
4.0680180080268284,False,60,4.000973506404707,0.06704450162212172,35
3.9970793241380376,False,61,4.0680180080268284,-0.07093868388879088,35
3.992218037713755,False,62,3.9970793241380376,-0.004861286424282518,35
4.0124298885250145,False,63,3.992218037713755,0.020211850811259424,35
4.072709711678273,False,64,4.0124298885250145,0.06027982315325886,35
3.928956062138724,False,65,4.072709711678273,-0.1437536495395495,35
4.055878854360528,False,66,3.928956062138724,0.12692279222180414,35
4.062401612974755,False,67,4.055878854360528,0.006522758614226909,35
3.974623167625015,False,68,4.062401612974755,-0.08777844534973989,35
3.91171398713657,False,69,3.974623167625015,-0.06290918048844496,35
3.905915444047608,False,70,3.91171398713657,-0.005798543088962216,35
4.0941675751770745,False,71,3.905915444047608,0.1882521311294667,35
3.9842236795761594,False,72,4.0941675751770745,-0.10994389560091511,35
4.0262990032008945,False,73,3.9842236795761594,0.042075323624735095,35
4.075530582655869,False,74,4.0262990032008945,0.04923157945497447,35
4.060408691207768,False,75,4.075530582655869,-0.015121891448100833,35
4.086830464365967,False,76,4.060408691207768,0.026421773158198825,35
3.9167146761735303,False,77,4.086830464365967,-0.17011578819243667,35
3.902456879412525,False,78,3.9167146761735303,-0.014257796761005359,35
3.929662847874285,False,79,3.902456879412525,0.027205968461760044,35
3.9526655307272236,False,80,3.929662847874285,0.023002682852938605,35
3.9070813644892852,False,81,3.9526655307272236,-0.04558416623793837,35
3.9738383350610746,False,82,3.9070813644892852,0.06675697057178942,35
4.035389185086362,False,83,3.9738383350610746,0.06155085002528704,35
4.083479863384226,False,84,4.035389185086362,0.04809067829786429,35
3.9981146331876714,False,85,4.083479863384226,-0.08536523019655462,35
3.9088533627371893,False,86,3.9981146331876714,-0.08926127045048204,35
3.963188045365173,False,87,3.9088533627371893,0.0543346826279838,35
3.946067568850728,False,88,3.963188045365173,-0.017120476514445038,35
4.049134603369891,False,89,3.946067568850728,0.10306703451916333,35
4.098303691882133,False,90,4.049134603369891,0.049169088512242,35
3.9618564763125903,False,91,4.098303691882133,-0.1364472155695431,35
4.0802619570798875,False,92,3.9618564763125903,0.11840548076729718,35
3.918059165160723,False,93,4.0802619570798875,-0.16220279191916465,35
3.991395171010525,False,94,3.918059165160723,0.07333600584980227,35
3.913242911088345,False,95,3.991395171010525,-0.07815225992218,35
3.9456981669868876,False,96,3.913242911088345,0.03245525589854248,35
3.990478927689274,False,97,3.9456981669868876,0.044780760702386235,35
3.976066417569182,False,98,3.990478927689274,-0.014412510120091593,35
3.9144052661036675,False,99,3.976066417569182,-0.06166115146551476,35
4.12190814698454,True,100,3.9144052661036675,0.2075028808808721,35
4.2685572433577095,True,101,4.12190814698454,0.14664909637316992,35
4.525687338015534,True,102,4.2685572433577095,0.25713009465782477,35
4.594928077683941,True,103,4.525687338015534,0.06924073966840716,35
4.721027938368639,True,104,4.594928077683941,0.1260998606846977,35
4.92815982703558,True,105,4.721027938368639,0.20713188866694132,35
4.995218930350853,True,106,4.92815982703558,0.06705910331527232,35
5.270691236678715,True,107,4.995218930350853,0.27547230632786235,35
5.3266920366163095,True,108,5.270691236678715,0.056000799937594437,35
5.507668113840155,True,109,5.3266920366163095,0.18097607722384534,35
5.657861151191021,True,110,5.507668113840155,0.1501930373508662,35
5.74087544676552,True,111,5.657861151191021,0.08301429557449858,35
5.9390382781778,True,112,5.74087544676552,0.1981628314122803,35
5.977835785849716,True,113,5.9390382781778,0.03879750767191581,35
6.145222362176936,True,114,5.977835785849716,0.1673865763272202,35
6.450417881084965,True,115,6.145222362176936,0.3051955189080289,35
6.447126994238518,True,116,6.450417881084965,-0.003290886846446739,35
6.705685493228933,True,117,6.447126994238518,0.25855849899041505,35
6.726295958541973,True,118,6.705685493228933,0.020610465313040116,35
6.93769171444844,True,119,6.726295958541973,0.21139575590646675,35
7.019482513182081,True,120,6.93769171444844,0.08179079873364081,35
7.254342341541881,True,121,7.019482513182081,0.23485982835980046,35
7.348118887451222,True,122,7.254342341541881,0.09377654590934092,35
7.578025387501747,True,123,7.348118887451222,0.22990650005052515,35
7.661339389258641,True,124,7.578025387501747,0.08331400175689385,35
7.8168674866302235,True,125,7.661339389258641,0.15552809737158224,35
7.913694289030052,True,126,7.8168674866302235,0.09682680239982844,35
8.150385656703781,True,127,7.913694289030052,0.23669136767372922,35
8.22577334791415,True,128,8.150385656703781,0.07538769121036815,35
8.339669308242717,True,129,8.22577334791415,0.11389596032856808,35
8.51651282190626,True,130,8.339669308242717,0.17684351366354178,35
8.630169938457236,True,131,8.51651282190626,0.11365711655097677,35
8.809870805690021,True,132,8.630169938457236,0.17970086723278555,35
9.100973636887572,True,133,8.809870805690021,0.2911028311975503,35
9.169241470555749,True,134,9.100973636887572,0.06826783366817679,35
9.296134956807297,True,135,9.169241470555749,0.12689348625154828,35
9.385680167756442,True,136,9.296134956807297,0.08954521094914547,35
9.665653558393569,True,137,9.385680167756442,0.27997339063712623,35
9.618371568615563,True,138,9.665653558393569,-0.04728198977800524,35
9.843650543317299,True,139,9.618371568615563,0.22527897470173563,35
9.978186699472564,True,140,9.843650543317299,0.13453615615526537,35
10.27170170226656,True,141,9.978186699472564,0.29351500279399545,35
10.242585309746133,True,142,10.27170170226656,-0.02911639252042697,35
10.555199893395464,True,143,10.242585309746133,0.3126145836493315,35
10.545237946714392,True,144,10.555199893395464,-0.009961946681071865,35
10.734619894171775,True,145,10.545237946714392,0.1893819474573828,35
10.905064395246933,True,146,10.734619894171775,0.17044450107515807,35
11.020148170740084,True,147,10.905064395246933,0.11508377549315085,35
11.156100371681429,True,148,11.020148170740084,0.13595220094134497,35
11.294535351688424,True,149,11.156100371681429,0.13843498000699483,35
11.545637998624048,True,150,11.294535351688424,0.25110264693562456,35
11.663580964307691,True,151,11.545637998624048,0.1179429656836426,35
11.816587598162043,True,152,11.663580964307691,0.15300663385435165,35
11.885605876110075,True,153,11.816587598162043,0.06901827794803239,35
12.117783106907023,True,154,11.885605876110075,0.23217723079694785,35
12.18421968925044,True,155,12.117783106907023,0.06643658234341743,35
12.406191662060905,True,156,12.18421968925044,0.221971972810465,35
12.560439066004264,True,157,12.406191662060905,0.15424740394335856,35
12.708923776513874,True,158,12.560439066004264,0.1484847105096101,35
12.797050215176352,True,159,12.708923776513874,0.08812643866247782,35
12.820498424865603,True,160,12.797050215176352,0.023448209689250987,35
13.109160480311283,True,161,12.820498424865603,0.28866205544568047,35
13.248674459573476,True,162,13.109160480311283,0.13951397926219222,35
13.386644126629989,True,163,13.248674459573476,0.13796966705651315,35
13.535834967111626,True,164,13.386644126629989,0.1491908404816371,35
13.568695591497972,True,165,13.535834967111626,0.032860624386346515,35
13.769024452184663,True,166,13.568695591497972,0.20032886068669065,35
13.894630901516878,True,167,13.769024452184663,0.12560644933221532,35
14.182283402761227,True,168,13.894630901516878,0.2876525012443487,35
14.308316380591693,True,169,14.182283402761227,0.12603297783046585,35
14.469343068000125,True,170,14.308316380591693,0.16102668740843207,35
14.439920434884995,True,171,14.469343068000125,-0.02942263311513038,35
14.634505439193637,True,172,14.439920434884995,0.19458500430864234,35
14.77943460495972,True,173,14.634505439193637,0.14492916576608295,35
14.957387302221813,True,174,14.77943460495972,0.17795269726209284,35
15.030616191223277,True,175,14.957387302221813,0.07322888900146474,35
15.24947721785751,True,176,15.030616191223277,0.218861026634233,35
15.433301802553869,True,177,15.24947721785751,0.18382458469635843,35
15.492723388479998,True,178,15.433301802553869,0.05942158592612934,35
15.666839808892965,True,179,15.492723388479998,0.17411642041296638,35
15.834332834750755,True,180,15.666839808892965,0.1674930258577909,35
16.005106280698698,True,181,15.834332834750755,0.1707734459479422,35
16.083908688227346,True,182,16.005106280698698,0.07880240752864864,35
16.237459006968542,True,183,16.083908688227346,0.15355031874119618,35
16.456463065517852,True,184,16.237459006968542,0.21900405854930938,35
16.537783888063565,True,185,16.456463065517852,0.08132082254571316,35
16.673487879092495,True,186,16.537783888063565,0.1357039910289295,35
16.880067304643525,True,187,16.673487879092495,0.20657942555103048,35
17.026212631640682,True,188,16.880067304643525,0.1461453269971571,35
17.087901833532428,True,189,17.026212631640682,0.06168920189174543,35
17.327772137429225,True,190,17.087901833532428,0.2398703038967973,35
17.45680132435437,True,191,17.327772137429225,0.12902918692514476,35
17.689596299368635,True,192,17.45680132435437,0.23279497501426505,35
17.753370592748247,True,193,17.689596299368635,0.0637742933796126,35
17.83238699147343,True,194,17.753370592748247,0.07901639872518373,35
18.094594758675576,True,195,17.83238699147343,0.26220776720214545,35
18.293675790651218,True,196,18.094594758675576,0.1990810319756413,35
18.375886194476347,True,197,18.293675790651218,0.08221040382512967,35
18.51446740918795,True,198,18.375886194476347,0.13858121471160345,35
18.623413351843862,True,199,18.51446740918795,0.10894594265591095,35
18.557627100372308,False,200,18.623413351843862,-0.06578625147155392,35
18.685898558600346,False,201,18.557627100372308,0.12827145822803843,35
18.614375113706352,False,202,18.685898558600346,-0.07152344489399454,35
18.588780005818155,False,203,18.614375113706352,-0.025595107888197077,35
18.610204105107588,False,204,18.588780005818155,0.02142409928943323,35
18.577695323577345,False,205,18.610204105107588,-0.03250878153024317,35
18.565640779761257,False,206,18.577695323577345,-0.01205454381608817,35
18.666524833190692,False,207,18.565640779761257,0.10088405342943574,35
18.596148354568967,False,208,18.666524833190692,-0.07037647862172491,35
18.745227978370284,False,209,18.596148354568967,0.14907962380131679,35
18.675917389903905,False,210,18.745227978370284,-0.06931058846637939,35
18.58115357695252,False,211,18.675917389903905,-0.09476381295138481,35
18.562638754194328,False,212,18.58115357695252,-0.01851482275819194,35
18.570238507355857,False,213,18.562638754194328,0.007599753161528611,35
18.68200427387332,False,214,18.570238507355857,0.11176576651746473,35
18.592446746947665,False,215,18.68200427387332,-0.0895575269256561,35
18.6048617699712,False,216,18.592446746947665,0.01241502302353581,35
18.591263219028487,False,217,18.6048617699712,-0.013598550942713672,35
18.688485491891857,False,218,18.591263219028487,0.0972222728633696,35
18.60764437746737,False,219,18.688485491891857,-0.08084111442448716,35
18.607733664163923,False,220,18.60764437746737,8.928669655361432e-05,35
18.632475819460907,False,221,18.607733664163923,0.02474215529698398,35
18.7164423383087,False,222,18.632475819460907,0.0839665188477916,35
18.659502806300996,False,223,18.7164423383087,-0.05693953200770352,35
18.597467151791125,False,224,18.659502806300996,-0.06203565450987014,35
18.604664737099,False,225,18.597467151791125,0.007197585307874732,35
18.69547607797506,False,226,18.604664737099,0.09081134087605847,35
18.670938715364194,False,227,18.69547607797506,-0.024537362610864477,35
18.684783687246057,False,228,18.670938715364194,0.013844971881862733,35
18.70322624094687,False,229,18.684783687246057,0.018442553700811715,35
18.692861502565115,False,230,18.70322624094687,-0.010364738381753114,35
18.716466859044655,False,231,18.692861502565115,0.023605356479539097,35
18.683810295816077,False,232,18.716466859044655,-0.032656563228577795,35
18.64398177624599,False,233,18.683810295816077,-0.039828519570086485,35
18.582062211581153,False,234,18.64398177624599,-0.06191956466483717,35
18.653479662305283,False,235,18.582062211581153,0.0714174507241303,35
18.569038024508185,False,236,18.653479662305283,-0.08444163779709868,35
18.71105960972803,False,237,18.569038024508185,0.14202158521984387,35
18.69283091949249,False,238,18.71105960972803,-0.018228690235538636,35
18.726877250473724,False,239,18.69283091949249,0.03404633098123355,35
18.609245858406997,False,240,18.726877250473724,-0.1176313920667269,35
18.565289019690685,False,241,18.609245858406997,-0.04395683871631206,35
18.730478731579247,False,242,18.565289019690685,0.16518971188856213,35
18.578354009128255,False,243,18.730478731579247,-0.15212472245099207,35
18.57708503748861,False,244,18.578354009128255,-0.0012689716396430128,35
18.712331679119476,False,245,18.57708503748861,0.13524664163086442,35
18.580050751102508,False,246,18.712331679119476,-0.1322809280169679,35
18.699059559408397,False,247,18.580050751102508,0.11900880830588889,35
18.607663571865057,False,248,18.699059559408397,-0.09139598754333988,35
18.74560284899183,False,249,18.607663571865057,0.13793927712677245,35
18.562799192169084,False,250,18.74560284899183,-0.18280365682274535,35
18.691396451675626,False,251,18.562799192169084,0.12859725950654166,35
18.744467904618077,False,252,18.691396451675626,0.05307145294245075,35
18.66001645618,False,253,18.744467904618077,-0.08445144843807739,35
18.611894403434256,False,254,18.66001645618,-0.048122052745743105,35
18.726233544822566,False,255,18.611894403434256,0.11433914138831014,35
18.732221853694345,False,256,18.726233544822566,0.0059883088717782584,35
18.56179124193893,False,257,18.732221853694345,-0.17043061175541396,35
18.59070608625543,False,258,18.56179124193893,0.02891484431649971,35
18.753019590534098,False,259,18.59070608625543,0.16231350427866786,35
18.569035753591702,False,260,18.753019590534098,-0.18398383694239584,35
18.627741140212674,False,261,18.569035753591702,0.05870538662097147,35
18.691470221781206,False,262,18.627741140212674,0.06372908156853185,35
18.636628359458815,False,263,18.691470221781206,-0.054841862322390966,35
18.560978564607275,False,264,18.636628359458815,-0.07564979485153955,35
18.7390026600199,False,265,18.560978564607275,0.1780240954126242,35
18.698881532851825,False,266,18.7390026600199,-0.040121127168074366,35
18.595430415547714,False,267,18.698881532851825,-0.10345111730411105,35
18.66462978252416,False,268,18.595430415547714,0.06919936697644502,35
18.59866575909668,False,269,18.66462978252416,-0.06596402342747965,35
18.686242931738526,False,270,18.59866575909668,0.08757717264184706,35
18.690346903500206,False,271,18.686242931738526,0.004103971761679759,35
18.729370854264605,False,272,18.690346903500206,0.03902395076439902,35
18.591294356831717,False,273,18.729370854264605,-0.13807649743288763,35
18.649845168263496,False,274,18.591294356831717,0.05855081143177898,35
18.679226618261033,False,275,18.649845168263496,0.02938144999753689,35
18.70067942900636,False,276,18.679226618261033,0.0214528107453269,35
18.691973719947097,False,277,18.70067942900636,-0.008705709059263711,35
18.74684296318736,False,278,18.691973719947097,0.05486924324026177,35
18.660337625781395,False,279,18.74684296318736,-0.08650533740596345,35
18.706503727242556,False,280,18.660337625781395,0.046166101461160736,35
18.741626846846195,False,281,18.706503727242556,0.03512311960363945,35
18.71801109062598,False,282,18.741626846846195,-0.02361575622021661,35
18.582739255071534,False,283,18.71801109062598,-0.13527183555444466,35
18.593622534239376,False,284,18.582739255071534,0.010883279167842375,35
18.629685019765052,False,285,18.593622534239376,0.036062485525675925,35
18.693804016792782,False,286,18.629685019765052,0.06411899702773027,35
18.695795513316,False,287,18.693804016792782,0.0019914965232175064,35
18.68262685343722,False,288,18.695795513316,-0.013168659878779465,35
18.604042171442774,False,289,18.68262685343722,-0.07858468199444602,35
18.649645682665312,False,290,18.604042171442774,0.04560351122253792,35
18.609623043516617,False,291,18.649645682665312,-0.040022639148695305,35
18.65825987831935,False,292,18.609623043516617,0.048636834802731954,35
18.741210933314594,False,293,18.65825987831935,0.08295105499524524,35
18.643304990496144,False,294,18.741210933314594,-0.09790594281844989,35
18.580360381040943,False,295,18.643304990496144,-0.06294460945520086,35
18.727950716189696,False,296,18.580360381040943,0.14759033514875242,35
18.733682540801283,False,297,18.727950716189696,0.005731824611586944,35
18.719088142423303,False,298,18.733682540801283,-0.014594398377980156,35
18.743000177896963,False,299,18.719088142423303,0.02391203547366061,35
3.9831501499961317,False,0,0.0,0.0,36
3.9701703590446007,False,1,3.9831501499961317,-0.012979790951531012,36
4.077637948145421,False,2,3.9701703590446007,0.10746758910082033,36
4.002892712260929,False,3,4.077637948145421,-0.07474523588449244,36
3.979369067267186,False,4,4.002892712260929,-0.023523644993742376,36
3.985908074320432,False,5,3.979369067267186,0.006539007053245616,36
4.074726006702726,False,6,3.985908074320432,0.08881793238229463,36
3.9497465783192265,False,7,4.074726006702726,-0.12497942838349996,36
4.021543716004227,False,8,3.9497465783192265,0.0717971376850004,36
4.07507831361058,False,9,4.021543716004227,0.05353459760635282,36
4.063594334371409,False,10,4.07507831361058,-0.011483979239170772,36
4.019882113922282,False,11,4.063594334371409,-0.043712220449126704,36
4.0558594601321225,False,12,4.019882113922282,0.03597734620984028,36
3.9752407527465095,False,13,4.0558594601321225,-0.08061870738561305,36
4.020787283907962,False,14,3.9752407527465095,0.04554653116145291,36
4.003656505017631,False,15,4.020787283907962,-0.017130778890331655,36
3.9727909920526914,False,16,4.003656505017631,-0.030865512964939334,36
3.9147924275732358,False,17,3.9727909920526914,-0.05799856447945562,36
4.079049146123928,False,18,3.9147924275732358,0.16425671855069268,36
3.9303677237437182,False,19,4.079049146123928,-0.1486814223802102,36
4.011762576065358,False,20,3.9303677237437182,0.0813948523216399,36
4.031057999156904,False,21,4.011762576065358,0.019295423091546304,36
3.920287981860282,False,22,4.031057999156904,-0.11077001729662239,36
3.9542868245875127,False,23,3.920287981860282,0.03399884272723064,36
4.054254960839977,False,24,3.9542868245875127,0.09996813625246403,36
4.035715236933567,False,25,4.054254960839977,-0.01853972390641001,36
4.094868660563788,False,26,4.035715236933567,0.059153423630220914,36
3.9354404354821764,False,27,4.094868660563788,-0.15942822508161125,36
4.048216138705845,False,28,3.9354404354821764,0.1127757032236687,36
3.994435057825461,False,29,4.048216138705845,-0.053781080880384025,36
3.9090593950054178,False,30,3.994435057825461,-0.08537566282004327,36
3.9818884852397414,False,31,3.9090593950054178,0.0728290902343236,36
4.025837188807831,False,32,3.9818884852397414,0.04394870356808944,36
4.013375950592874,False,33,4.025837188807831,-0.012461238214957149,36
4.027739689140413,False,34,4.013375950592874,0.014363738547539029,36
4.095029828616409,False,35,4.027739689140413,0.06729013947599594,36
4.074120162282598,False,36,4.095029828616409,-0.02090966633381086,36
4.0671555737304255,False,37,4.074120162282598,-0.006964588552172302,36
3.9747172139755342,False,38,4.0671555737304255,-0.09243835975489123,36
3.996243363321028,False,39,3.9747172139755342,0.021526149345493906,36
3.910665126563684,False,40,3.996243363321028,-0.08557823675734433,36
3.9123339364434395,False,41,3.910665126563684,0.001668809879755706,36
4.049629749657515,False,42,3.9123339364434395,0.13729581321407558,36
3.9009846714204612,False,43,4.049629749657515,-0.14864507823705386,36
3.9992759870557824,False,44,3.9009846714204612,0.09829131563532112,36
4.031853755295461,False,45,3.9992759870557824,0.032577768239678395,36
4.0360224722515685,False,46,4.031853755295461,0.004168716956107765,36
3.981392305664547,False,47,4.0360224722515685,-0.05463016658702147,36
4.093913042560717,False,48,3.981392305664547,0.11252073689617026,36
4.081632068013181,False,49,4.093913042560717,-0.012280974547536516,36
3.9482022993592776,False,50,4.081632068013181,-0.1334297686539032,36
3.9977480049985776,False,51,3.9482022993592776,0.04954570563930005,36
4.04410700733715,False,52,3.9977480049985776,0.046359002338572264,36
4.094511227939935,False,53,4.04410700733715,0.050404220602785266,36
3.9531737969478193,False,54,4.094511227939935,-0.14133743099211582,36
4.02478895683331,False,55,3.9531737969478193,0.07161515988549105,36
3.986319784593941,False,56,4.02478895683331,-0.03846917223936952,36
3.992274576115076,False,57,3.986319784593941,0.005954791521135316,36
3.9442754113662626,False,58,3.992274576115076,-0.047999164748813605,36
3.9101773025193314,False,59,3.9442754113662626,-0.03409810884693121,36
4.0500314291350925,False,60,3.9101773025193314,0.13985412661576113,36
3.9876684283491612,False,61,4.0500314291350925,-0.062363000785931266,36
4.042853984319856,False,62,3.9876684283491612,0.05518555597069463,36
3.975760328399035,False,63,4.042853984319856,-0.06709365592082106,36
4.038662802024161,False,64,3.975760328399035,0.06290247362512646,36
4.06569015671654,False,65,4.038662802024161,0.027027354692378935,36
4.006522429424997,False,66,4.06569015671654,-0.05916772729154296,36
4.08169746836508,False,67,4.006522429424997,0.07517503894008293,36
3.914367595661255,False,68,4.08169746836508,-0.16732987270382527,36
3.972707982894565,False,69,3.914367595661255,0.05834038723331014,36
4.02447827541151,False,70,3.972707982894565,0.05177029251694476,36
3.9261679733343047,False,71,4.02447827541151,-0.09831030207720515,36
4.049505970949333,False,72,3.9261679733343047,0.12333799761502862,36
3.92195642458582,False,73,4.049505970949333,-0.12754954636351323,36
4.035244715134478,False,74,3.92195642458582,0.1132882905486583,36
3.9702878922042837,False,75,4.035244715134478,-0.06495682293019467,36
4.050060712453628,False,76,3.9702878922042837,0.07977282024934418,36
4.028030597562675,False,77,4.050060712453628,-0.022030114890952746,36
4.056152155394022,False,78,4.028030597562675,0.028121557831346955,36
3.9304839985073703,False,79,4.056152155394022,-0.12566815688665178,36
4.025079393895073,False,80,3.9304839985073703,0.09459539538770256,36
3.9060604853533203,False,81,4.025079393895073,-0.11901890854175257,36
3.943495849173228,False,82,3.9060604853533203,0.03743536381990786,36
3.9635542406457294,False,83,3.943495849173228,0.020058391472501214,36
3.925681997661047,False,84,3.9635542406457294,-0.03787224298468228,36
4.058622224082918,False,85,3.925681997661047,0.1329402264218711,36
3.942180560426971,False,86,4.058622224082918,-0.1164416636559471,36
4.048136872725434,False,87,3.942180560426971,0.10595631229846258,36
4.047402188622926,False,88,4.048136872725434,-0.0007346841025075435,36
4.032811057902775,False,89,4.047402188622926,-0.01459113072015139,36
4.0320965602718,False,90,4.032811057902775,-0.0007144976309749751,36
3.933347151103585,False,91,4.0320965602718,-0.09874940916821462,36
3.9085237195228038,False,92,3.933347151103585,-0.024823431580781374,36
4.0984211082040005,False,93,3.9085237195228038,0.18989738868119677,36
3.9097545239410048,False,94,4.0984211082040005,-0.18866658426299576,36
3.9570768962456464,False,95,3.9097545239410048,0.04732237230464165,36
4.067221511327989,False,96,3.9570768962456464,0.11014461508234241,36
3.9752391757192145,False,97,4.067221511327989,-0.09198233560877433,36
4.013774794632168,False,98,3.9752391757192145,0.03853561891295332,36
3.935853912642661,False,99,4.013774794632168,-0.07792088198950697,36
4.423467734316115,True,100,3.935853912642661,0.48761382167345424,36
5.110540076090482,True,101,4.423467734316115,0.6870723417743667,36
5.563058996361509,True,102,5.110540076090482,0.4525189202710269,36
6.073197690866728,True,103,5.563058996361509,0.5101386945052191,36
6.426715354608524,True,104,6.073197690866728,0.35351766374179583,36
6.94910822014614,True,105,6.426715354608524,0.5223928655376167,36
7.490785802156743,True,106,6.94910822014614,0.5416775820106023,36
7.980581690253743,True,107,7.490785802156743,0.48979588809700036,36
8.420893918204785,True,108,7.980581690253743,0.44031222795104163,36
8.904913965346413,True,109,8.420893918204785,0.4840200471416285,36
9.557573891410858,True,110,8.904913965346413,0.6526599260644446,36
9.942279688454425,True,111,9.557573891410858,0.38470579704356744,36
10.404884758533745,True,112,9.942279688454425,0.46260507007932006,36
10.835669995452802,True,113,10.404884758533745,0.430785236919057,36
11.440329677500173,True,114,10.835669995452802,0.6046596820473713,36
11.879146383489742,True,115,11.440329677500173,0.43881670598956823,36
12.318750467718933,True,116,11.879146383489742,0.4396040842291917,36
12.842773828574327,True,117,12.318750467718933,0.5240233608553932,36
13.444680619928903,True,118,12.842773828574327,0.6019067913545761,36
13.869676791836673,True,119,13.444680619928903,0.42499617190776995,36
14.431444186826672,True,120,13.869676791836673,0.5617673949899995,36
14.872596927401121,True,121,14.431444186826672,0.44115274057444864,36
15.290355438383056,True,122,14.872596927401121,0.41775851098193506,36
15.93906756648106,True,123,15.290355438383056,0.6487121280980048,36
16.377892496527846,True,124,15.93906756648106,0.4388249300467848,36
16.72244284604849,True,125,16.377892496527846,0.3445503495206452,36
17.303746352777836,True,126,16.72244284604849,0.5813035067293448,36
17.784093740325225,True,127,17.303746352777836,0.4803473875473898,36
18.270856019767596,True,128,17.784093740325225,0.48676227944237027,36
18.73964473048979,True,129,18.270856019767596,0.46878871072219397,36
19.31899285682636,True,130,18.73964473048979,0.5793481263365692,36
19.797967261721514,True,131,19.31899285682636,0.47897440489515475,36
20.0,False,132,19.797967261721514,0.20203273827848633,36
20.0,False,133,20.0,0.0,36
20.0,False,134,20.0,0.0,36
20.0,False,135,20.0,0.0,36
20.0,False,136,20.0,0.0,36
20.0,False,137,20.0,0.0,36
20.0,False,138,20.0,0.0,36
20.0,False,139,20.0,0.0,36
20.0,False,140,20.0,0.0,36
20.0,False,141,20.0,0.0,36
20.0,False,142,20.0,0.0,36
20.0,False,143,20.0,0.0,36
20.0,False,144,20.0,0.0,36
20.0,False,145,20.0,0.0,36
20.0,False,146,20.0,0.0,36
20.0,False,147,20.0,0.0,36
20.0,False,148,20.0,0.0,36
20.0,False,149,20.0,0.0,36
20.0,False,150,20.0,0.0,36
20.0,False,151,20.0,0.0,36
20.0,False,152,20.0,0.0,36
20.0,False,153,20.0,0.0,36
20.0,False,154,20.0,0.0,36
20.0,False,155,20.0,0.0,36
20.0,False,156,20.0,0.0,36
20.0,False,157,20.0,0.0,36
20.0,False,158,20.0,0.0,36
20.0,False,159,20.0,0.0,36
20.0,False,160,20.0,0.0,36
20.0,False,161,20.0,0.0,36
20.0,False,162,20.0,0.0,36
20.0,False,163,20.0,0.0,36
20.0,False,164,20.0,0.0,36
20.0,False,165,20.0,0.0,36
20.0,False,166,20.0,0.0,36
20.0,False,167,20.0,0.0,36
20.0,False,168,20.0,0.0,36
20.0,False,169,20.0,0.0,36
20.0,False,170,20.0,0.0,36
20.0,False,171,20.0,0.0,36
20.0,False,172,20.0,0.0,36
20.0,False,173,20.0,0.0,36
20.0,False,174,20.0,0.0,36
20.0,False,175,20.0,0.0,36
20.0,False,176,20.0,0.0,36
20.0,False,177,20.0,0.0,36
20.0,False,178,20.0,0.0,36
20.0,False,179,20.0,0.0,36
20.0,False,180,20.0,0.0,36
20.0,False,181,20.0,0.0,36
20.0,False,182,20.0,0.0,36
20.0,False,183,20.0,0.0,36
20.0,False,184,20.0,0.0,36
20.0,False,185,20.0,0.0,36
20.0,False,186,20.0,0.0,36
20.0,False,187,20.0,0.0,36
20.0,False,188,20.0,0.0,36
20.0,False,189,20.0,0.0,36
20.0,False,190,20.0,0.0,36
20.0,False,191,20.0,0.0,36
20.0,False,192,20.0,0.0,36
20.0,False,193,20.0,0.0,36
20.0,False,194,20.0,0.0,36
20.0,False,195,20.0,0.0,36
20.0,False,196,20.0,0.0,36
20.0,False,197,20.0,0.0,36
20.0,False,198,20.0,0.0,36
20.0,False,199,20.0,0.0,36
19.946294353844785,False,200,20.0,-0.05370564615521545,36
20.0,False,201,19.946294353844785,0.05370564615521545,36
20.0,False,202,20.0,0.0,36
20.0,False,203,20.0,0.0,36
19.90815593953048,False,204,20.0,-0.0918440604695192,36
19.94961173515215,False,205,19.90815593953048,0.04145579562166901,36
19.97881313579143,False,206,19.94961173515215,0.02920140063928045,36
20.0,False,207,19.97881313579143,0.021186864208569745,36
19.95839429751785,False,208,20.0,-0.04160570248215123,36
20.0,False,209,19.95839429751785,0.04160570248215123,36
20.0,False,210,20.0,0.0,36
19.916797395546816,False,211,20.0,-0.08320260445318439,36
20.0,False,212,19.916797395546816,0.08320260445318439,36
19.96875173917787,False,213,20.0,-0.031248260822131613,36
20.0,False,214,19.96875173917787,0.031248260822131613,36
20.0,False,215,20.0,0.0,36
19.963102111196097,False,216,20.0,-0.0368978888039031,36
20.0,False,217,19.963102111196097,0.0368978888039031,36
20.0,False,218,20.0,0.0,36
20.0,False,219,20.0,0.0,36
19.950028418500246,False,220,20.0,-0.049971581499754336,36
19.92342171249956,False,221,19.950028418500246,-0.02660670600068471,36
19.909927953647937,False,222,19.92342171249956,-0.013493758851623738,36
20.0,False,223,19.909927953647937,0.09007204635206278,36
20.0,False,224,20.0,0.0,36
20.0,False,225,20.0,0.0,36
20.0,False,226,20.0,0.0,36
20.0,False,227,20.0,0.0,36
19.943112817873416,False,228,20.0,-0.056887182126583724,36
19.945881761025333,False,229,19.943112817873416,0.0027689431519171137,36
19.96083740081809,False,230,19.945881761025333,0.014955639792756159,36
20.0,False,231,19.96083740081809,0.03916259918191045,36
20.0,False,232,20.0,0.0,36
19.900066072267713,False,233,20.0,-0.09993392773228749,36
19.982210348357853,False,234,19.900066072267713,0.08214427609014052,36
20.0,False,235,19.982210348357853,0.017789651642146964,36
19.90579439229312,False,236,20.0,-0.09420560770687914,36
20.0,False,237,19.90579439229312,0.09420560770687914,36
19.911287686940106,False,238,20.0,-0.08871231305989369,36
20.0,False,239,19.911287686940106,0.08871231305989369,36
20.0,False,240,20.0,0.0,36
20.0,False,241,20.0,0.0,36
19.92921853875183,False,242,20.0,-0.07078146124817053,36
20.0,False,243,19.92921853875183,0.07078146124817053,36
20.0,False,244,20.0,0.0,36
19.91699971057315,False,245,20.0,-0.0830002894268489,36
19.9919112736715,False,246,19.91699971057315,0.07491156309835034,36
20.0,False,247,19.9919112736715,0.008088726328498552,36
20.0,False,248,20.0,0.0,36
20.0,False,249,20.0,0.0,36
19.941097362973082,False,250,20.0,-0.058902637026918114,36
20.0,False,251,19.941097362973082,0.058902637026918114,36
19.947726368286837,False,252,20.0,-0.05227363171316313,36
20.0,False,253,19.947726368286837,0.05227363171316313,36
20.0,False,254,20.0,0.0,36
20.0,False,255,20.0,0.0,36
19.956553671808848,False,256,20.0,-0.043446328191151906,36
20.0,False,257,19.956553671808848,0.043446328191151906,36
19.98814404062831,False,258,20.0,-0.011855959371690261,36
19.9354369927229,False,259,19.98814404062831,-0.05270704790541103,36
19.925655631481437,False,260,19.9354369927229,-0.009781361241461894,36
19.985580275568264,False,261,19.925655631481437,0.05992464408682707,36
20.0,False,262,19.985580275568264,0.014419724431736114,36
19.92289862828071,False,263,20.0,-0.07710137171929077,36
20.0,False,264,19.92289862828071,0.07710137171929077,36
20.0,False,265,20.0,0.0,36
20.0,False,266,20.0,0.0,36
20.0,False,267,20.0,0.0,36
19.985315932549536,False,268,20.0,-0.0146840674504638,36
20.0,False,269,19.985315932549536,0.0146840674504638,36
19.96101992643657,False,270,20.0,-0.038980073563429585,36
19.96590661287535,False,271,19.96101992643657,0.00488668643878043,36
20.0,False,272,19.96590661287535,0.034093387124649155,36
20.0,False,273,20.0,0.0,36
19.986052951121017,False,274,20.0,-0.01394704887898257,36
19.933945927436984,False,275,19.986052951121017,-0.05210702368403375,36
19.967668361882293,False,276,19.933945927436984,0.03372243444530909,36
19.965278692115273,False,277,19.967668361882293,-0.0023896697670195977,36
20.0,False,278,19.965278692115273,0.034721307884726826,36
20.0,False,279,20.0,0.0,36
19.949920495579505,False,280,20.0,-0.050079504420494914,36
19.978290940027993,False,281,19.949920495579505,0.028370444448487575,36
20.0,False,282,19.978290940027993,0.02170905997200734,36
19.96441458464329,False,283,20.0,-0.035585415356710115,36
20.0,False,284,19.96441458464329,0.035585415356710115,36
19.944692173119503,False,285,20.0,-0.0553078268804974,36
20.0,False,286,19.944692173119503,0.0553078268804974,36
20.0,False,287,20.0,0.0,36
19.99864873213334,False,288,20.0,-0.0013512678666600664,36
19.909057778207092,False,289,19.99864873213334,-0.08959095392624761,36
20.0,False,290,19.909057778207092,0.09094222179290767,36
19.948260598625968,False,291,20.0,-0.05173940137403221,36
20.0,False,292,19.948260598625968,0.05173940137403221,36
19.998228402293545,False,293,20.0,-0.0017715977064547417,36
19.913124355169625,False,294,19.998228402293545,-0.08510404712392017,36
19.998265226792324,False,295,19.913124355169625,0.08514087162269846,36
19.951309664758817,False,296,19.998265226792324,-0.04695556203350648,36
20.0,False,297,19.951309664758817,0.048690335241182936,36
19.900453009562145,False,298,20.0,-0.09954699043785453,36
20.0,False,299,19.900453009562145,0.09954699043785453,36
4.090267555092506,False,0,0.0,0.0,37
3.948482619898576,False,1,4.090267555092506,-0.1417849351939302,37
3.9850251852889294,False,2,3.948482619898576,0.0365425653903535,37
4.015044431153316,False,3,3.9850251852889294,0.030019245864386868,37
3.927257036170392,False,4,4.015044431153316,-0.0877873949829242,37
4.0312542873054875,False,5,3.927257036170392,0.1039972511350955,37
3.944189230713186,False,6,4.0312542873054875,-0.08706505659230146,37
3.9497085215816807,False,7,3.944189230713186,0.005519290868494675,37
3.9373452036667755,False,8,3.9497085215816807,-0.012363317914905192,37
3.987790963878039,False,9,3.9373452036667755,0.05044576021126357,37
3.995496625613637,False,10,3.987790963878039,0.007705661735597946,37
3.9134767124492753,False,11,3.995496625613637,-0.08201991316436175,37
3.979834891941685,False,12,3.9134767124492753,0.06635817949240952,37
4.08605244305863,False,13,3.979834891941685,0.10621755111694542,37
3.9915754189100445,False,14,4.08605244305863,-0.09447702414858572,37
4.021120268009841,False,15,3.9915754189100445,0.029544849099796267,37
3.9751714436596255,False,16,4.021120268009841,-0.0459488243502153,37
3.9617892044899614,False,17,3.9751714436596255,-0.013382239169664079,37
3.9797460976540946,False,18,3.9617892044899614,0.01795689316413318,37
3.9929159999068546,False,19,3.9797460976540946,0.013169902252760046,37
4.072476750331323,False,20,3.9929159999068546,0.07956075042446864,37
4.0343549002191645,False,21,4.072476750331323,-0.03812185011215874,37
3.956858078321092,False,22,4.0343549002191645,-0.07749682189807272,37
3.9502803497722367,False,23,3.956858078321092,-0.006577728548855077,37
3.986553751662067,False,24,3.9502803497722367,0.0362734018898303,37
4.046011776418592,False,25,3.986553751662067,0.05945802475652462,37
4.003952906989875,False,26,4.046011776418592,-0.042058869428716505,37
4.05672585612507,False,27,4.003952906989875,0.05277294913519448,37
4.053717741182728,False,28,4.05672585612507,-0.0030081149423413223,37
4.010042374175883,False,29,4.053717741182728,-0.04367536700684571,37
4.078097710104882,False,30,4.010042374175883,0.06805533592899948,37
4.083465254681541,False,31,4.078097710104882,0.005367544576659,37
3.954953837529726,False,32,4.083465254681541,-0.1285114171518149,37
3.9657253220618753,False,33,3.954953837529726,0.010771484532149156,37
3.955170307616426,False,34,3.9657253220618753,-0.010555014445449373,37
4.070126016609259,False,35,3.955170307616426,0.11495570899283303,37
4.013957681208566,False,36,4.070126016609259,-0.05616833540069255,37
3.9331351654327307,False,37,4.013957681208566,-0.08082251577583577,37
3.971082038366207,False,38,3.9331351654327307,0.03794687293347643,37
4.017469061258513,False,39,3.971082038366207,0.04638702289230601,37
3.9618528676697298,False,40,4.017469061258513,-0.055616193588783336,37
4.022661163466334,False,41,3.9618528676697298,0.060808295796604295,37
3.9548563200968014,False,42,4.022661163466334,-0.06780484336953263,37
3.9124118524343654,False,43,3.9548563200968014,-0.042444467662436036,37
3.975936973320497,False,44,3.9124118524343654,0.0635251208861316,37
4.049176201885587,False,45,3.975936973320497,0.07323922856508958,37
3.949122216331054,False,46,4.049176201885587,-0.1000539855545326,37
4.071943100561831,False,47,3.949122216331054,0.12282088423077697,37
3.9358531380530573,False,48,4.071943100561831,-0.1360899625087737,37
3.9710021889239466,False,49,3.9358531380530573,0.035149050870889376,37
3.997330323344353,False,50,3.9710021889239466,0.02632813442040627,37
3.9195807296439416,False,51,3.997330323344353,-0.07774959370041135,37
3.964106232806164,False,52,3.9195807296439416,0.04452550316222226,37
4.067474183900607,False,53,3.964106232806164,0.10336795109444363,37
3.989757964161285,False,54,4.067474183900607,-0.07771621973932241,37
4.028383979353674,False,55,3.989757964161285,0.038626015192389396,37
3.919183987954985,False,56,4.028383979353674,-0.10919999139868963,37
3.9701610227883055,False,57,3.919183987954985,0.05097703483332072,37
3.9983325981908173,False,58,3.9701610227883055,0.028171575402511806,37
4.001153801774356,False,59,3.9983325981908173,0.002821203583538434,37
4.064499203808507,False,60,4.001153801774356,0.06334540203415084,37
3.967104145926171,False,61,4.064499203808507,-0.09739505788233549,37
3.9437422574764165,False,62,3.967104145926171,-0.02336188844975462,37
3.9656296465579794,False,63,3.9437422574764165,0.021887389081562958,37
3.9041167756610493,False,64,3.9656296465579794,-0.06151287089693014,37
3.950318346217232,False,65,3.9041167756610493,0.04620157055618268,37
3.965336540061078,False,66,3.950318346217232,0.01501819384384584,37
4.064799357858284,False,67,3.965336540061078,0.09946281779720634,37
3.9661203256893525,False,68,4.064799357858284,-0.0986790321689317,37
3.9812566985272415,False,69,3.9661203256893525,0.015136372837889045,37
3.997079440679438,False,70,3.9812566985272415,0.01582274215219659,37
3.9179246651018014,False,71,3.997079440679438,-0.07915477557763673,37
3.94899728967707,False,72,3.9179246651018014,0.031072624575268826,37
4.00415296535083,False,73,3.94899728967707,0.055155675673759674,37
4.017831577293209,False,74,4.00415296535083,0.01367861194237907,37
3.929327989493544,False,75,4.017831577293209,-0.08850358779966516,37
4.093427226588542,False,76,3.929327989493544,0.16409923709499807,37
4.024762969019763,False,77,4.093427226588542,-0.06866425756877881,37
3.9590767916172838,False,78,4.024762969019763,-0.06568617740247928,37
4.027505772799624,False,79,3.9590767916172838,0.0684289811823402,37
3.9723870912959915,False,80,4.027505772799624,-0.055118681503632416,37
4.059716135310467,False,81,3.9723870912959915,0.08732904401447517,37
4.038970310678186,False,82,4.059716135310467,-0.020745824632280474,37
3.959683457668508,False,83,4.038970310678186,-0.0792868530096782,37
3.9772117603718673,False,84,3.959683457668508,0.017528302703359255,37
4.024634853969748,False,85,3.9772117603718673,0.04742309359788077,37
4.056127197399921,False,86,4.024634853969748,0.031492343430173264,37
3.9170368535271454,False,87,4.056127197399921,-0.13909034387277597,37
4.050162027331011,False,88,3.9170368535271454,0.13312517380386524,37
3.9530900261284785,False,89,4.050162027331011,-0.09707200120253212,37
4.089510963428002,False,90,3.9530900261284785,0.13642093729952354,37
3.99603040761896,False,91,4.089510963428002,-0.09348055580904191,37
3.9487095140925232,False,92,3.99603040761896,-0.04732089352643687,37
3.9989262880856544,False,93,3.9487095140925232,0.05021677399313118,37
4.064894579674678,False,94,3.9989262880856544,0.0659682915890234,37
3.931355741823151,False,95,4.064894579674678,-0.13353883785152698,37
4.062445002590359,False,96,3.931355741823151,0.1310892607672085,37
3.945266626272954,False,97,4.062445002590359,-0.11717837631740524,37
3.9489205201189135,False,98,3.945266626272954,0.0036538938459593773,37
4.095578658561026,False,99,3.9489205201189135,0.1466581384421124,37
4.195356681926876,True,100,4.095578658561026,0.09977802336585029,37
4.354340161727538,True,101,4.195356681926876,0.15898347980066152,37
4.603557767785181,True,102,4.354340161727538,0.24921760605764298,37
4.7139950826652814,True,103,4.603557767785181,0.11043731488010078,37
4.972359337005593,True,104,4.7139950826652814,0.25836425434031174,37
5.014969382740378,True,105,4.972359337005593,0.04261004573478466,37
5.2920747924996885,True,106,5.014969382740378,0.27710540975931064,37
5.359216500086646,True,107,5.2920747924996885,0.06714170758695737,37
5.61235099622225,True,108,5.359216500086646,0.2531344961356039,37
5.81558828994737,True,109,5.61235099622225,0.20323729372512034,37
5.857586770111935,True,110,5.81558828994737,0.04199848016456453,37
6.041449272491406,True,111,5.857586770111935,0.18386250237947177,37
6.251527929980838,True,112,6.041449272491406,0.210078657489432,37
6.421726655279538,True,113,6.251527929980838,0.1701987252986994,37
6.7158069329262675,True,114,6.421726655279538,0.2940802776467297,37
6.932038869461758,True,115,6.7158069329262675,0.21623193653549055,37
6.992429593755238,True,116,6.932038869461758,0.06039072429348025,37
7.16306528159469,True,117,6.992429593755238,0.17063568783945193,37
7.371114493198581,True,118,7.16306528159469,0.20804921160389078,37
7.481637132476387,True,119,7.371114493198581,0.11052263927780626,37
7.610094357736332,True,120,7.481637132476387,0.12845722525994496,37
7.854246658873098,True,121,7.610094357736332,0.2441523011367659,37
8.102020642382465,True,122,7.854246658873098,0.24777398350936686,37
8.20160900737508,True,123,8.102020642382465,0.09958836499261459,37
8.386925536966338,True,124,8.20160900737508,0.18531652959125822,37
8.554267905787617,True,125,8.386925536966338,0.16734236882127895,37
8.771424525375096,True,126,8.554267905787617,0.21715661958747923,37
9.057906015745047,True,127,8.771424525375096,0.2864814903699511,37
9.229463236817299,True,128,9.057906015745047,0.17155722107225202,37
9.394522114842038,True,129,9.229463236817299,0.1650588780247393,37
9.547691796981393,True,130,9.394522114842038,0.1531696821393549,37
9.669695503307569,True,131,9.547691796981393,0.12200370632617563,37
9.872545439631894,True,132,9.669695503307569,0.20284993632432524,37
10.061737907606044,True,133,9.872545439631894,0.18919246797415035,37
10.23028757440993,True,134,10.061737907606044,0.1685496668038855,37
10.377735478014191,True,135,10.23028757440993,0.1474479036042613,37
10.51125779223404,True,136,10.377735478014191,0.1335223142198494,37
10.676280363065292,True,137,10.51125779223404,0.16502257083125116,37
10.871693110366662,True,138,10.676280363065292,0.19541274730137026,37
11.183586390776824,True,139,10.871693110366662,0.3118932804101622,37
11.331481435434068,True,140,11.183586390776824,0.14789504465724335,37
11.54152703051462,True,141,11.331481435434068,0.21004559508055287,37
11.615085473778432,True,142,11.54152703051462,0.07355844326381167,37
11.789308788728334,True,143,11.615085473778432,0.17422331494990217,37
12.147963896436098,True,144,11.789308788728334,0.3586551077077633,37
12.133994441647717,True,145,12.147963896436098,-0.01396945478838063,37
12.409570674699378,True,146,12.133994441647717,0.2755762330516607,37
12.517288052953347,True,147,12.409570674699378,0.10771737825396954,37
12.692900812696,True,148,12.517288052953347,0.175612759742652,37
12.977465596751664,True,149,12.692900812696,0.28456478405566443,37
13.060926277872465,True,150,12.977465596751664,0.08346068112080118,37
13.22063297083783,True,151,13.060926277872465,0.159706692965365,37
13.47232615586029,True,152,13.22063297083783,0.25169318502246085,37
13.746985015425995,True,153,13.47232615586029,0.27465885956570446,37
13.798115308851516,True,154,13.746985015425995,0.05113029342552089,37
14.091966984058628,True,155,13.798115308851516,0.29385167520711164,37
14.1404642876863,True,156,14.091966984058628,0.048497303627671684,37
14.479122418453583,True,157,14.1404642876863,0.3386581307672838,37
14.576084332945815,True,158,14.479122418453583,0.09696191449223157,37
14.689279981452644,True,159,14.576084332945815,0.11319564850682973,37
14.879744576992255,True,160,14.689279981452644,0.19046459553961093,37
15.077752492345711,True,161,14.879744576992255,0.19800791535345574,37
15.307370658253285,True,162,15.077752492345711,0.22961816590757422,37
15.626849597865405,True,163,15.307370658253285,0.3194789396121198,37
15.714575026128639,True,164,15.626849597865405,0.0877254282632336,37
15.981093168793457,True,165,15.714575026128639,0.2665181426648182,37
16.0098636795158,True,166,15.981093168793457,0.02877051072234238,37
16.184926664283775,True,167,16.0098636795158,0.1750629847679761,37
16.3721944580206,True,168,16.184926664283775,0.1872677937368259,37
16.540881012896726,True,169,16.3721944580206,0.16868655487612472,37
16.807503435308554,True,170,16.540881012896726,0.2666224224118281,37
16.86747071661059,True,171,16.807503435308554,0.05996728130203621,37
17.185823790352604,True,172,16.86747071661059,0.3183530737420135,37
17.228313785809153,True,173,17.185823790352604,0.04248999545654897,37
17.500116346568365,True,174,17.228313785809153,0.2718025607592125,37
17.645595272418955,True,175,17.500116346568365,0.14547892585058975,37
17.886960808641533,True,176,17.645595272418955,0.2413655362225775,37
18.043676848499025,True,177,17.886960808641533,0.15671603985749272,37
18.167693235884368,True,178,18.043676848499025,0.1240163873853426,37
18.387242992839482,True,179,18.167693235884368,0.21954975695511436,37
18.62633126615592,True,180,18.387242992839482,0.23908827331643678,37
18.846689531308044,True,181,18.62633126615592,0.2203582651521252,37
18.86400556792233,True,182,18.846689531308044,0.017316036614285935,37
19.225395410171334,True,183,18.86400556792233,0.36138984224900383,37
19.28060852174932,True,184,19.225395410171334,0.055213111577984364,37
19.494201665224498,True,185,19.28060852174932,0.21359314347517966,37
19.600195839749635,True,186,19.494201665224498,0.10599417452513649,37
19.748108322321237,True,187,19.600195839749635,0.14791248257160206,37
19.893313125756382,True,188,19.748108322321237,0.14520480343514564,37
20.0,False,189,19.893313125756382,0.10668687424361778,37
20.0,False,190,20.0,0.0,37
20.0,False,191,20.0,0.0,37
20.0,False,192,20.0,0.0,37
20.0,False,193,20.0,0.0,37
20.0,False,194,20.0,0.0,37
20.0,False,195,20.0,0.0,37
20.0,False,196,20.0,0.0,37
20.0,False,197,20.0,0.0,37
20.0,False,198,20.0,0.0,37
20.0,False,199,20.0,0.0,37
19.905413225482356,False,200,20.0,-0.0945867745176443,37
20.0,False,201,19.905413225482356,0.0945867745176443,37
19.998051240848486,False,202,20.0,-0.0019487591515137126,37
20.0,False,203,19.998051240848486,0.0019487591515137126,37
20.0,False,204,20.0,0.0,37
19.961704730805668,False,205,20.0,-0.03829526919433235,37
20.0,False,206,19.961704730805668,0.03829526919433235,37
20.0,False,207,20.0,0.0,37
19.901453898379444,False,208,20.0,-0.09854610162055621,37
19.98809794436865,False,209,19.901453898379444,0.08664404598920683,37
19.90643114229204,False,210,19.98809794436865,-0.08166680207661159,37
19.97571072542252,False,211,19.90643114229204,0.06927958313048066,37
20.0,False,212,19.97571072542252,0.024289274577480313,37
19.992683348917886,False,213,20.0,-0.007316651082113879,37
20.0,False,214,19.992683348917886,0.007316651082113879,37
20.0,False,215,20.0,0.0,37
19.923568397064898,False,216,20.0,-0.0764316029351022,37
20.0,False,217,19.923568397064898,0.0764316029351022,37
19.992281246630398,False,218,20.0,-0.007718753369601927,37
20.0,False,219,19.992281246630398,0.007718753369601927,37
20.0,False,220,20.0,0.0,37
20.0,False,221,20.0,0.0,37
20.0,False,222,20.0,0.0,37
20.0,False,223,20.0,0.0,37
19.929439085456686,False,224,20.0,-0.07056091454331437,37
20.0,False,225,19.929439085456686,0.07056091454331437,37
19.987156560473508,False,226,20.0,-0.012843439526491807,37
19.931160959338648,False,227,19.987156560473508,-0.05599560113486035,37
19.90787416491085,False,228,19.931160959338648,-0.02328679442779702,37
19.92582464107302,False,229,19.90787416491085,0.017950476162170048,37
19.95759796504677,False,230,19.92582464107302,0.031773323973748546,37
19.945238971293538,False,231,19.95759796504677,-0.012358993753231573,37
19.945941876612686,False,232,19.945238971293538,0.0007029053191480727,37
20.0,False,233,19.945941876612686,0.05405812338731408,37
19.913240476293254,False,234,20.0,-0.08675952370674622,37
20.0,False,235,19.913240476293254,0.08675952370674622,37
19.91277792257648,False,236,20.0,-0.08722207742351884,37
19.90018232550763,False,237,19.91277792257648,-0.012595597068852271,37
20.0,False,238,19.90018232550763,0.09981767449237111,37
19.98928408154533,False,239,20.0,-0.01071591845467168,37
20.0,False,240,19.98928408154533,0.01071591845467168,37
20.0,False,241,20.0,0.0,37
19.929415203297868,False,242,20.0,-0.07058479670213202,37
19.992141981325208,False,243,19.929415203297868,0.06272677802733995,37
20.0,False,244,19.992141981325208,0.007858018674792078,37
19.949293246479613,False,245,20.0,-0.05070675352038734,37
20.0,False,246,19.949293246479613,0.05070675352038734,37
19.92981174598885,False,247,20.0,-0.07018825401114981,37
20.0,False,248,19.92981174598885,0.07018825401114981,37
20.0,False,249,20.0,0.0,37
19.971247505492304,False,250,20.0,-0.028752494507696014,37
19.95001895508408,False,251,19.971247505492304,-0.021228550408224578,37
20.0,False,252,19.95001895508408,0.04998104491592059,37
19.988296613834866,False,253,20.0,-0.011703386165134333,37
19.935202761945504,False,254,19.988296613834866,-0.05309385188936133,37
20.0,False,255,19.935202761945504,0.06479723805449566,37
20.0,False,256,20.0,0.0,37
20.0,False,257,20.0,0.0,37
19.951493006929155,False,258,20.0,-0.04850699307084483,37
20.0,False,259,19.951493006929155,0.04850699307084483,37
20.0,False,260,20.0,0.0,37
20.0,False,261,20.0,0.0,37
19.93798730240376,False,262,20.0,-0.062012697596241395,37
20.0,False,263,19.93798730240376,0.062012697596241395,37
19.94822747092498,False,264,20.0,-0.051772529075019946,37
20.0,False,265,19.94822747092498,0.051772529075019946,37
19.91323086200749,False,266,20.0,-0.0867691379925084,37
20.0,False,267,19.91323086200749,0.0867691379925084,37
20.0,False,268,20.0,0.0,37
19.930766618660748,False,269,20.0,-0.06923338133925228,37
19.960047814901227,False,270,19.930766618660748,0.02928119624047909,37
19.968552269129287,False,271,19.960047814901227,0.008504454228059899,37
20.0,False,272,19.968552269129287,0.031447730870713286,37
19.926038610781283,False,273,20.0,-0.07396138921871653,37
20.0,False,274,19.926038610781283,0.07396138921871653,37
19.981323207347305,False,275,20.0,-0.01867679265269473,37
20.0,False,276,19.981323207347305,0.01867679265269473,37
20.0,False,277,20.0,0.0,37
20.0,False,278,20.0,0.0,37
20.0,False,279,20.0,0.0,37
20.0,False,280,20.0,0.0,37
20.0,False,281,20.0,0.0,37
19.963772364320437,False,282,20.0,-0.03622763567956255,37
19.94489034981798,False,283,19.963772364320437,-0.018882014502455746,37
19.905408926852427,False,284,19.94489034981798,-0.03948142296555446,37
20.0,False,285,19.905408926852427,0.09459107314757276,37
19.950709728466112,False,286,20.0,-0.049290271533887875,37
20.0,False,287,19.950709728466112,0.049290271533887875,37
19.92303177488625,False,288,20.0,-0.0769682251137489,37
19.968210956941796,False,289,19.92303177488625,0.04517918205554494,37
19.928068209020935,False,290,19.968210956941796,-0.0401427479208607,37
19.9762760518466,False,291,19.928068209020935,0.048207842825664926,37
20.0,False,292,19.9762760518466,0.023723948153399732,37
20.0,False,293,20.0,0.0,37
20.0,False,294,20.0,0.0,37
20.0,False,295,20.0,0.0,37
20.0,False,296,20.0,0.0,37
19.912448180723057,False,297,20.0,-0.08755181927694267,37
19.992757679731152,False,298,19.912448180723057,0.08030949900809503,37
20.0,False,299,19.992757679731152,0.007242320268847635,37
4.040769654252625,False,0,0.0,0.0,38
3.9010633661676852,False,1,4.040769654252625,-0.13970628808493935,38
3.9140793282558555,False,2,3.9010633661676852,0.013015962088170241,38
4.080205420746302,False,3,3.9140793282558555,0.16612609249044663,38
4.054730536536999,False,4,4.080205420746302,-0.025474884209303106,38
3.989835069560339,False,5,4.054730536536999,-0.06489546697665993,38
3.999666903548843,False,6,3.989835069560339,0.009831833988503735,38
4.001672278284269,False,7,3.999666903548843,0.0020053747354258356,38
4.086835011875729,False,8,4.001672278284269,0.08516273359145998,38
4.026146524056714,False,9,4.086835011875729,-0.06068848781901437,38
3.9327901611468956,False,10,4.026146524056714,-0.09335636290981864,38
3.98496187016299,False,11,3.9327901611468956,0.05217170901609425,38
4.004714324506649,False,12,3.98496187016299,0.01975245434365913,38
3.9248594582129606,False,13,4.004714324506649,-0.07985486629368843,38
4.057700200317237,False,14,3.9248594582129606,0.13284074210427654,38
4.047983697659499,False,15,4.057700200317237,-0.009716502657737713,38
4.063599853355022,False,16,4.047983697659499,0.015616155695522771,38
4.0472538435952,False,17,4.063599853355022,-0.01634600975982181,38
3.9715073944573147,False,18,4.0472538435952,-0.07574644913788564,38
4.031548505054372,False,19,3.9715073944573147,0.06004111059705686,38
3.920082497501903,False,20,4.031548505054372,-0.1114660075524685,38
4.060146923667722,False,21,3.920082497501903,0.14006442616581927,38
4.049659572418436,False,22,4.060146923667722,-0.010487351249286014,38
3.9120515940325755,False,23,4.049659572418436,-0.1376079783858608,38
4.025977875039027,False,24,3.9120515940325755,0.11392628100645164,38
3.9416841725050435,False,25,4.025977875039027,-0.0842937025339836,38
3.9321048228549538,False,26,3.9416841725050435,-0.009579349650089775,38
3.972888607377483,False,27,3.9321048228549538,0.0407837845225294,38
4.094295694195712,False,28,3.972888607377483,0.12140708681822909,38
3.9627878809249317,False,29,4.094295694195712,-0.13150781327078054,38
3.994238466702424,False,30,3.9627878809249317,0.03145058577749227,38
3.9379283157880143,False,31,3.994238466702424,-0.05631015091440972,38
4.087923001601304,False,32,3.9379283157880143,0.14999468581328967,38
4.085516771180328,False,33,4.087923001601304,-0.0024062304209762075,38
4.0992865713500874,False,34,4.085516771180328,0.013769800169759705,38
4.015049104508753,False,35,4.0992865713500874,-0.08423746684133437,38
4.000863250628131,False,36,4.015049104508753,-0.014185853880621657,38
4.019564788194613,False,37,4.000863250628131,0.018701537566481186,38
4.02471874992498,False,38,4.019564788194613,0.005153961730367307,38
3.917843705392082,False,39,4.02471874992498,-0.10687504453289787,38
3.98575671752105,False,40,3.917843705392082,0.06791301212896794,38
4.067775413280349,False,41,3.98575671752105,0.08201869575929877,38
4.01890510755331,False,42,4.067775413280349,-0.04887030572703832,38
4.028690785247736,False,43,4.01890510755331,0.009785677694425843,38
3.9685289318912598,False,44,4.028690785247736,-0.0601618533564765,38
3.9726515280703985,False,45,3.9685289318912598,0.004122596179138682,38
3.907399050760595,False,46,3.9726515280703985,-0.06525247730980333,38
4.09166230323694,False,47,3.907399050760595,0.18426325247634479,38
3.9997105829385995,False,48,4.09166230323694,-0.09195172029834042,38
3.971131052732545,False,49,3.9997105829385995,-0.028579530206054304,38
3.9941340479812095,False,50,3.971131052732545,0.023002995248664337,38
3.960195672236932,False,51,3.9941340479812095,-0.033938375744277494,38
4.029259398832815,False,52,3.960195672236932,0.06906372659588333,38
4.037072714946071,False,53,4.029259398832815,0.007813316113255198,38
4.099703422034963,False,54,4.037072714946071,0.06263070708889273,38
4.094089838556558,False,55,4.099703422034963,-0.0056135834784054595,38
3.925257612798368,False,56,4.094089838556558,-0.16883222575819,38
3.914223797674749,False,57,3.925257612798368,-0.011033815123618673,38
3.923072259004663,False,58,3.914223797674749,0.008848461329913793,38
4.058898973900496,False,59,3.923072259004663,0.13582671489583342,38
4.039803521048043,False,60,4.058898973900496,-0.0190954528524534,38
3.9029780234893923,False,61,4.039803521048043,-0.1368254975586507,38
4.008043515777758,False,62,3.9029780234893923,0.10506549228836581,38
3.9487255937293546,False,63,4.008043515777758,-0.05931792204840347,38
3.920069808142464,False,64,3.9487255937293546,-0.028655785586890747,38
3.9017628946365113,False,65,3.920069808142464,-0.018306913505952593,38
4.069969678622721,False,66,3.9017628946365113,0.1682067839862098,38
3.9068421408991147,False,67,4.069969678622721,-0.16312753772360633,38
3.931160272529892,False,68,3.9068421408991147,0.02431813163077745,38
4.086905134740304,False,69,3.931160272529892,0.15574486221041184,38
3.932135603376259,False,70,4.086905134740304,-0.15476953136404514,38
4.078694021841324,False,71,3.932135603376259,0.146558418465065,38
4.071731815153932,False,72,4.078694021841324,-0.006962206687392225,38
4.095038108367763,False,73,4.071731815153932,0.023306293213831708,38
3.905952768961614,False,74,4.095038108367763,-0.18908533940614936,38
4.030694668718511,False,75,3.905952768961614,0.1247418997568972,38
4.0749390778693195,False,76,4.030694668718511,0.044244409150808295,38
3.915841443065202,False,77,4.0749390778693195,-0.15909763480411732,38
4.081541721603634,False,78,3.915841443065202,0.16570027853843206,38
4.066857023495438,False,79,4.081541721603634,-0.01468469810819606,38
4.039870080307175,False,80,4.066857023495438,-0.026986943188263446,38
3.966703455699265,False,81,4.039870080307175,-0.0731666246079099,38
3.9341047769872364,False,82,3.966703455699265,-0.032598678712028484,38
4.045637859825563,False,83,3.9341047769872364,0.11153308283832652,38
3.9626118360427998,False,84,4.045637859825563,-0.08302602378276314,38
4.071435180514194,False,85,3.9626118360427998,0.10882334447139419,38
3.9725322313401614,False,86,4.071435180514194,-0.09890294917403253,38
3.9455511062827253,False,87,3.9725322313401614,-0.026981125057436106,38
3.9474790324105777,False,88,3.9455511062827253,0.0019279261278524196,38
4.01039574654569,False,89,3.9474790324105777,0.06291671413511235,38
3.954655839788687,False,90,4.01039574654569,-0.055739906757003244,38
4.040971248259069,False,91,3.954655839788687,0.08631540847038233,38
3.9158028661359805,False,92,4.040971248259069,-0.12516838212308867,38
3.9917755346518957,False,93,3.9158028661359805,0.07597266851591522,38
3.940222997935003,False,94,3.9917755346518957,-0.05155253671689275,38
4.05534319385667,False,95,3.940222997935003,0.115120195921667,38
3.9367283494285332,False,96,4.05534319385667,-0.11861484442813675,38
3.99802974441191,False,97,3.9367283494285332,0.061301394983376944,38
4.006498570504575,False,98,3.99802974441191,0.008468826092664639,38
3.987422595473427,False,99,4.006498570504575,-0.019075975031147774,38
4.1706646031269985,True,100,3.987422595473427,0.18324200765357146,38
4.493858443289962,True,101,4.1706646031269985,0.32319384016296393,38
4.528457093358689,True,102,4.493858443289962,0.034598650068726755,38
4.765087462848745,True,103,4.528457093358689,0.23663036949005622,38
4.99530895161511,True,104,4.765087462848745,0.2302214887663645,38
5.26763704215822,True,105,4.99530895161511,0.2723280905431098,38
5.479331879812443,True,106,5.26763704215822,0.21169483765422292,38
5.712292771360881,True,107,5.479331879812443,0.23296089154843802,38
5.7450383835243315,True,108,5.712292771360881,0.03274561216345084,38
5.998882873223792,True,109,5.7450383835243315,0.2538444896994605,38
6.287596359218766,True,110,5.998882873223792,0.2887134859949736,38
6.388228507575697,True,111,6.287596359218766,0.10063214835693124,38
6.659703505608895,True,112,6.388228507575697,0.27147499803319786,38
6.818888408188582,True,113,6.659703505608895,0.1591849025796872,38
7.067839984747677,True,114,6.818888408188582,0.2489515765590955,38
7.253442482124378,True,115,7.067839984747677,0.18560249737670098,38
7.508520450030434,True,116,7.253442482124378,0.25507796790605575,38
7.715287722762393,True,117,7.508520450030434,0.20676727273195894,38
7.817129291051989,True,118,7.715287722762393,0.10184156828959612,38
8.202389195517675,True,119,7.817129291051989,0.3852599044656859,38
8.335357386591088,True,120,8.202389195517675,0.13296819107341307,38
8.554995129577167,True,121,8.335357386591088,0.21963774298607852,38
8.696051079671314,True,122,8.554995129577167,0.14105595009414706,38
8.97962805144526,True,123,8.696051079671314,0.2835769717739467,38
9.19052757020377,True,124,8.97962805144526,0.21089951875850943,38
9.291732797263935,True,125,9.19052757020377,0.10120522706016466,38
9.554349533017163,True,126,9.291732797263935,0.2626167357532285,38
9.838438562650897,True,127,9.554349533017163,0.2840890296337335,38
9.907981417952158,True,128,9.838438562650897,0.06954285530126114,38
10.102909332891223,True,129,9.907981417952158,0.1949279149390648,38
10.478278833157669,True,130,10.102909332891223,0.3753695002664461,38
10.550680896593075,True,131,10.478278833157669,0.07240206343540656,38
10.859683098349123,True,132,10.550680896593075,0.30900220175604787,38
11.053651360617685,True,133,10.859683098349123,0.19396826226856234,38
11.204599260266395,True,134,11.053651360617685,0.1509478996487097,38
11.453150859080793,True,135,11.204599260266395,0.24855159881439803,38
11.693238259432642,True,136,11.453150859080793,0.2400874003518485,38
11.783985721168854,True,137,11.693238259432642,0.09074746173621229,38
12.171736811882358,True,138,11.783985721168854,0.387751090713504,38
12.189933862453712,True,139,12.171736811882358,0.018197050571354012,38
12.404254330613911,True,140,12.189933862453712,0.21432046816019934,38
12.607400751209346,True,141,12.404254330613911,0.2031464205954343,38
12.859948018060116,True,142,12.607400751209346,0.25254726685077067,38
13.155693724926325,True,143,12.859948018060116,0.2957457068662084,38
13.32374854700278,True,144,13.155693724926325,0.1680548220764546,38
13.450599972371402,True,145,13.32374854700278,0.12685142536862237,38
13.81587514724246,True,146,13.450599972371402,0.36527517487105854,38
13.938042594643832,True,147,13.81587514724246,0.12216744740137209,38
14.204745844003265,True,148,13.938042594643832,0.26670324935943235,38
14.376334891606373,True,149,14.204745844003265,0.1715890476031081,38
14.571082176175885,True,150,14.376334891606373,0.1947472845695124,38
14.735116276524066,True,151,14.571082176175885,0.16403410034818044,38
14.920130901683759,True,152,14.735116276524066,0.18501462515969358,38
15.194515404380475,True,153,14.920130901683759,0.27438450269671577,38
15.445449617434175,True,154,15.194515404380475,0.2509342130537,38
15.679449143958019,True,155,15.445449617434175,0.23399952652384393,38
15.974135600732911,True,156,15.679449143958019,0.29468645677489214,38
16.05930759418162,True,157,15.974135600732911,0.08517199344871074,38
16.327636189199936,True,158,16.05930759418162,0.2683285950183141,38
16.611316352643833,True,159,16.327636189199936,0.283680163443897,38
16.647329540416447,True,160,16.611316352643833,0.036013187772613975,38
16.899710120545286,True,161,16.647329540416447,0.2523805801288397,38
17.17433802561521,True,162,16.899710120545286,0.27462790506992363,38
17.34332029468416,True,163,17.17433802561521,0.1689822690689482,38
17.515114723170637,True,164,17.34332029468416,0.17179442848647852,38
17.684855855838236,True,165,17.515114723170637,0.16974113266759971,38
18.068632498203243,True,166,17.684855855838236,0.38377664236500664,38
18.24924307425573,True,167,18.068632498203243,0.1806105760524872,38
18.464529857042294,True,168,18.24924307425573,0.21528678278656344,38
18.63354669664163,True,169,18.464529857042294,0.16901683959933678,38
18.75962077753459,True,170,18.63354669664163,0.12607408089295902,38
18.978260742372637,True,171,18.75962077753459,0.21863996483804726,38
19.288109139552933,True,172,18.978260742372637,0.30984839718029633,38
19.49043084055529,True,173,19.288109139552933,0.2023217010023579,38
19.636730937748773,True,174,19.49043084055529,0.1463000971934818,38
19.948272374370177,True,175,19.636730937748773,0.311541436621404,38
20.0,False,176,19.948272374370177,0.05172762562982314,38
20.0,False,177,20.0,0.0,38
20.0,False,178,20.0,0.0,38
20.0,False,179,20.0,0.0,38
20.0,False,180,20.0,0.0,38
20.0,False,181,20.0,0.0,38
20.0,False,182,20.0,0.0,38
20.0,False,183,20.0,0.0,38
20.0,False,184,20.0,0.0,38
20.0,False,185,20.0,0.0,38
20.0,False,186,20.0,0.0,38
20.0,False,187,20.0,0.0,38
20.0,False,188,20.0,0.0,38
20.0,False,189,20.0,0.0,38
20.0,False,190,20.0,0.0,38
20.0,False,191,20.0,0.0,38
20.0,False,192,20.0,0.0,38
20.0,False,193,20.0,0.0,38
20.0,False,194,20.0,0.0,38
20.0,False,195,20.0,0.0,38
20.0,False,196,20.0,0.0,38
20.0,False,197,20.0,0.0,38
20.0,False,198,20.0,0.0,38
20.0,False,199,20.0,0.0,38
19.913189060260443,False,200,20.0,-0.08681093973955711,38
19.908488653978115,False,201,19.913189060260443,-0.004700406282328373,38
19.91038543965467,False,202,19.908488653978115,0.0018967856765570446,38
20.0,False,203,19.91038543965467,0.08961456034532844,38
20.0,False,204,20.0,0.0,38
19.906624276104658,False,205,20.0,-0.09337572389534188,38
20.0,False,206,19.906624276104658,0.09337572389534188,38
19.97950446512248,False,207,20.0,-0.02049553487751865,38
19.945916753083498,False,208,19.97950446512248,-0.03358771203898314,38
19.98597999157546,False,209,19.945916753083498,0.04006323849196036,38
19.944191904035318,False,210,19.98597999157546,-0.04178808754014085,38
20.0,False,211,19.944191904035318,0.05580809596468228,38
19.932741634873853,False,212,20.0,-0.06725836512614691,38
19.947827645817668,False,213,19.932741634873853,0.015086010943814898,38
20.0,False,214,19.947827645817668,0.052172354182332015,38
19.99553749237501,False,215,20.0,-0.0044625076249893425,38
19.901290301181167,False,216,19.99553749237501,-0.09424719119384406,38
20.0,False,217,19.901290301181167,0.0987096988188334,38
19.96731399175604,False,218,20.0,-0.032686008243960174,38
20.0,False,219,19.96731399175604,0.032686008243960174,38
19.977948995952744,False,220,20.0,-0.02205100404725613,38
19.97564560692888,False,221,19.977948995952744,-0.0023033890238650656,38
20.0,False,222,19.97564560692888,0.024354393071121194,38
19.981788147141145,False,223,20.0,-0.018211852858854627,38
20.0,False,224,19.981788147141145,0.018211852858854627,38
19.912377085656015,False,225,20.0,-0.08762291434398506,38
19.91176974875002,False,226,19.912377085656015,-0.0006073369059933498,38
20.0,False,227,19.91176974875002,0.08823025124997841,38
20.0,False,228,20.0,0.0,38
19.95305223218555,False,229,20.0,-0.046947767814451424,38
19.937909099981965,False,230,19.95305223218555,-0.01514313220358332,38
20.0,False,231,19.937909099981965,0.062090900018034745,38
20.0,False,232,20.0,0.0,38
20.0,False,233,20.0,0.0,38
20.0,False,234,20.0,0.0,38
20.0,False,235,20.0,0.0,38
19.9020295704133,False,236,20.0,-0.09797042958669877,38
20.0,False,237,19.9020295704133,0.09797042958669877,38
19.90561293303546,False,238,20.0,-0.09438706696453991,38
19.95118425965293,False,239,19.90561293303546,0.045571326617469765,38
19.961940590976926,False,240,19.95118425965293,0.010756331323996449,38
19.927684655417497,False,241,19.961940590976926,-0.03425593555942896,38
19.93614101162007,False,242,19.927684655417497,0.008456356202572124,38
19.901502534265518,False,243,19.93614101162007,-0.03463847735455161,38
19.93828792153066,False,244,19.901502534265518,0.03678538726514091,38
20.0,False,245,19.93828792153066,0.061712078469341236,38
19.945847548571532,False,246,20.0,-0.05415245142846814,38
20.0,False,247,19.945847548571532,0.05415245142846814,38
20.0,False,248,20.0,0.0,38
20.0,False,249,20.0,0.0,38
19.90514619547434,False,250,20.0,-0.09485380452565906,38
20.0,False,251,19.90514619547434,0.09485380452565906,38
20.0,False,252,20.0,0.0,38
19.917609368034945,False,253,20.0,-0.0823906319650547,38
20.0,False,254,19.917609368034945,0.0823906319650547,38
20.0,False,255,20.0,0.0,38
19.94488925142589,False,256,20.0,-0.05511074857410847,38
19.90770252381405,False,257,19.94488925142589,-0.03718672761184294,38
20.0,False,258,19.90770252381405,0.09229747618595141,38
20.0,False,259,20.0,0.0,38
20.0,False,260,20.0,0.0,38
19.93460120036313,False,261,20.0,-0.06539879963687056,38
19.965967808065727,False,262,19.93460120036313,0.031366607702597804,38
20.0,False,263,19.965967808065727,0.03403219193427276,38
20.0,False,264,20.0,0.0,38
20.0,False,265,20.0,0.0,38
19.95939436982734,False,266,20.0,-0.04060563017266006,38
20.0,False,267,19.95939436982734,0.04060563017266006,38
19.96882874125324,False,268,20.0,-0.031171258746759634,38
19.994782982083976,False,269,19.96882874125324,0.025954240830735387,38
19.985031380898914,False,270,19.994782982083976,-0.009751601185062242,38
19.945053332971654,False,271,19.985031380898914,-0.03997804792726001,38
19.942431630657953,False,272,19.945053332971654,-0.0026217023137000695,38
19.90396811127068,False,273,19.942431630657953,-0.03846351938727466,38
19.976805373600442,False,274,19.90396811127068,0.07283726232976306,38
19.991761887464257,False,275,19.976805373600442,0.014956513863815246,38
20.0,False,276,19.991761887464257,0.008238112535742914,38
20.0,False,277,20.0,0.0,38
19.95210100205716,False,278,20.0,-0.04789899794284125,38
20.0,False,279,19.95210100205716,0.04789899794284125,38
20.0,False,280,20.0,0.0,38
20.0,False,281,20.0,0.0,38
20.0,False,282,20.0,0.0,38
19.919922822113648,False,283,20.0,-0.08007717788635205,38
19.902827401677136,False,284,19.919922822113648,-0.017095420436511688,38
19.919630388000005,False,285,19.902827401677136,0.016802986322868918,38
20.0,False,286,19.919630388000005,0.08036961199999482,38
20.0,False,287,20.0,0.0,38
19.923018546768304,False,288,20.0,-0.0769814532316957,38
20.0,False,289,19.923018546768304,0.0769814532316957,38
19.943908332371798,False,290,20.0,-0.05609166762820195,38
20.0,False,291,19.943908332371798,0.05609166762820195,38
20.0,False,292,20.0,0.0,38
20.0,False,293,20.0,0.0,38
19.91619930149786,False,294,20.0,-0.08380069850214156,38
19.973274013161873,False,295,19.91619930149786,0.0570747116640149,38
20.0,False,296,19.973274013161873,0.02672598683812666,38
20.0,False,297,20.0,0.0,38
20.0,False,298,20.0,0.0,38
19.98875884436971,False,299,20.0,-0.011241155630290933,38
3.9492999036229013,False,0,0.0,0.0,39
4.023418641657633,False,1,3.9492999036229013,0.0741187380347319,39
4.072206363210538,False,2,4.023418641657633,0.04878772155290445,39
3.9763574756230256,False,3,4.072206363210538,-0.09584888758751209,39
3.977368604017839,False,4,3.9763574756230256,0.001011128394813543,39
4.034909436133005,False,5,3.977368604017839,0.05754083211516603,39
4.062563786795361,False,6,4.034909436133005,0.02765435066235611,39
4.087860485476538,False,7,4.062563786795361,0.0252966986811769,39
3.9965031479234763,False,8,4.087860485476538,-0.09135733755306186,39
3.934496482783408,False,9,3.9965031479234763,-0.06200666514006814,39
4.005444660333036,False,10,3.934496482783408,0.0709481775496279,39
4.058705740569407,False,11,4.005444660333036,0.05326108023637133,39
3.9840066135455885,False,12,4.058705740569407,-0.07469912702381887,39
3.9012646098185138,False,13,3.9840066135455885,-0.08274200372707474,39
4.063992706607692,False,14,3.9012646098185138,0.16272809678917843,39
3.95501977924995,False,15,4.063992706607692,-0.10897292735774222,39
3.954356114938666,False,16,3.95501977924995,-0.0006636643112840623,39
3.950025041142175,False,17,3.954356114938666,-0.004331073796490781,39
4.031000002467778,False,18,3.950025041142175,0.08097496132560256,39
4.042190092593507,False,19,4.031000002467778,0.011190090125729135,39
4.048632811994622,False,20,4.042190092593507,0.006442719401115404,39
3.991088348553153,False,21,4.048632811994622,-0.05754446344146924,39
4.060662519354405,False,22,3.991088348553153,0.06957417080125161,39
3.9396740093467955,False,23,4.060662519354405,-0.12098851000760913,39
3.990685651453714,False,24,3.9396740093467955,0.051011642106918664,39
3.945254949006326,False,25,3.990685651453714,-0.04543070244738834,39
4.009333096411805,False,26,3.945254949006326,0.06407814740547879,39
4.017806576125423,False,27,4.009333096411805,0.008473479713618559,39
3.988899968008907,False,28,4.017806576125423,-0.028906608116516352,39
3.954109888723782,False,29,3.988899968008907,-0.034790079285124786,39
4.009322209420669,False,30,3.954109888723782,0.05521232069688731,39
3.97962654290032,False,31,4.009322209420669,-0.029695666520349384,39
4.08944155244604,False,32,3.97962654290032,0.10981500954571999,39
3.9987985397899832,False,33,4.08944155244604,-0.09064301265605668,39
3.9323086340926325,False,34,3.9987985397899832,-0.06648990569735069,39
4.025846247055359,False,35,3.9323086340926325,0.09353761296272634,39
3.9513426086757315,False,36,4.025846247055359,-0.07450363837962737,39
4.039703253894162,False,37,3.9513426086757315,0.08836064521843046,39
3.9442940489388203,False,38,4.039703253894162,-0.09540920495534166,39
4.009243619281487,False,39,3.9442940489388203,0.0649495703426668,39
4.030433757426836,False,40,4.009243619281487,0.021190138145349202,39
4.013167909916319,False,41,4.030433757426836,-0.017265847510516963,39
4.094230733363193,False,42,4.013167909916319,0.08106282344687354,39
4.043432483890102,False,43,4.094230733363193,-0.05079824947309053,39
4.024071029253518,False,44,4.043432483890102,-0.01936145463658434,39
4.059243828759918,False,45,4.024071029253518,0.035172799506399954,39
3.94573108178009,False,46,4.059243828759918,-0.11351274697982783,39
4.004258406569518,False,47,3.94573108178009,0.05852732478942757,39
3.927359054869393,False,48,4.004258406569518,-0.07689935170012463,39
4.0308654190778785,False,49,3.927359054869393,0.10350636420848547,39
3.986600155075706,False,50,4.0308654190778785,-0.044265264002172344,39
3.988661978067668,False,51,3.986600155075706,0.0020618229919620035,39
4.076750905857011,False,52,3.988661978067668,0.08808892778934307,39
4.066113746725035,False,53,4.076750905857011,-0.010637159131976048,39
4.058346332606639,False,54,4.066113746725035,-0.007767414118395877,39
4.099676718378945,False,55,4.058346332606639,0.041330385772305966,39
3.9128937073358214,False,56,4.099676718378945,-0.1867830110431239,39
3.9387961153645006,False,57,3.9128937073358214,0.025902408028679158,39
4.047835282457541,False,58,3.9387961153645006,0.1090391670930404,39
4.026431343868655,False,59,4.047835282457541,-0.021403938588886007,39
4.002678886940819,False,60,4.026431343868655,-0.023752456927836008,39
3.9415101988178844,False,61,4.002678886940819,-0.06116868812293452,39
3.955920361874499,False,62,3.9415101988178844,0.014410163056614689,39
3.9634463420316033,False,63,3.955920361874499,0.007525980157104151,39
3.9666396511968904,False,64,3.9634463420316033,0.0031933091652871504,39
4.045117458868258,False,65,3.9666396511968904,0.07847780767136792,39
3.929260067735914,False,66,4.045117458868258,-0.11585739113234439,39
3.9388770485650815,False,67,3.929260067735914,0.00961698082916751,39
3.9707084137836626,False,68,3.9388770485650815,0.0318313652185811,39
4.060815653678574,False,69,3.9707084137836626,0.09010723989491165,39
4.002268349960395,False,70,4.060815653678574,-0.0585473037181794,39
3.965348341074262,False,71,4.002268349960395,-0.036920008886133004,39
3.9844495211042106,False,72,3.965348341074262,0.01910118002994876,39
3.9691246614634803,False,73,3.9844495211042106,-0.01532485964073027,39
4.039500633256032,False,74,3.9691246614634803,0.07037597179255162,39
3.9684433439368836,False,75,4.039500633256032,-0.07105728931914834,39
4.074653252204945,False,76,3.9684433439368836,0.10620990826806098,39
3.9244730162872417,False,77,4.074653252204945,-0.1501802359177029,39
3.939563149092003,False,78,3.9244730162872417,0.015090132804761236,39
4.096826168579237,False,79,3.939563149092003,0.15726301948723398,39
4.068467285343781,False,80,4.096826168579237,-0.02835888323545621,39
4.069969753363266,False,81,4.068467285343781,0.0015024680194857254,39
3.9865697401518276,False,82,4.069969753363266,-0.08340001321143875,39
4.03300570605359,False,83,3.9865697401518276,0.046435965901762355,39
3.988425444226241,False,84,4.03300570605359,-0.04458026182734898,39
4.088482461027782,False,85,3.988425444226241,0.10005701680154111,39
3.948557434486366,False,86,4.088482461027782,-0.13992502654141603,39
4.070385734261056,False,87,3.948557434486366,0.12182829977469023,39
3.9572070565249953,False,88,4.070385734261056,-0.11317867773606105,39
3.992039733915602,False,89,3.9572070565249953,0.034832677390606914,39
4.056703004599152,False,90,3.992039733915602,0.06466327068354971,39
3.959951782888639,False,91,4.056703004599152,-0.09675122171051287,39
4.062942606029785,False,92,3.959951782888639,0.10299082314114605,39
4.023994451068032,False,93,4.062942606029785,-0.03894815496175319,39
4.017256873305807,False,94,4.023994451068032,-0.006737577762224944,39
4.04988411300663,False,95,4.017256873305807,0.032627239700823374,39
3.9941756418152066,False,96,4.04988411300663,-0.05570847119142375,39
3.9395745004714096,False,97,3.9941756418152066,-0.05460114134379701,39
3.930250496548958,False,98,3.9395745004714096,-0.009324003922451585,39
4.009568000125098,False,99,3.930250496548958,0.07931750357613998,39
4.394439446504743,True,100,4.009568000125098,0.38487144637964477,39
4.950259579849622,True,101,4.394439446504743,0.5558201333448789,39
5.382514653256195,True,102,4.950259579849622,0.43225507340657376,39
5.82205837344017,True,103,5.382514653256195,0.43954372018397425,39
6.329836930406968,True,104,5.82205837344017,0.5077785569667981,39
6.798678725371297,True,105,6.329836930406968,0.4688417949643293,39
7.3933715916840415,True,106,6.798678725371297,0.5946928663127444,39
7.722906375054013,True,107,7.3933715916840415,0.32953478336997133,39
8.333038529581826,True,108,7.722906375054013,0.6101321545278129,39
8.665967086084265,True,109,8.333038529581826,0.3329285565024396,39
9.241995321030172,True,110,8.665967086084265,0.5760282349459072,39
9.570778313078707,True,111,9.241995321030172,0.32878299204853434,39
10.216248369333343,True,112,9.570778313078707,0.645470056254636,39
10.553169175615825,True,113,10.216248369333343,0.3369208062824818,39
11.137972177290811,True,114,10.553169175615825,0.5848030016749863,39
11.45842041919337,True,115,11.137972177290811,0.32044824190255916,39
12.035521957652014,True,116,11.45842041919337,0.5771015384586438,39
12.561204784946753,True,117,12.035521957652014,0.5256828272947391,39
13.019640731570812,True,118,12.561204784946753,0.45843594662405884,39
13.41018786609124,True,119,13.019640731570812,0.39054713452042833,39
13.829798291116981,True,120,13.41018786609124,0.4196104250257413,39
14.437589744720736,True,121,13.829798291116981,0.6077914536037543,39
14.835470203188715,True,122,14.437589744720736,0.3978804584679789,39
15.226740619592997,True,123,14.835470203188715,0.3912704164042822,39
15.810859769290987,True,124,15.226740619592997,0.5841191496979903,39
16.240876825056873,True,125,15.810859769290987,0.43001705576588556,39
16.747482307175844,True,126,16.240876825056873,0.5066054821189709,39
17.292531845265124,True,127,16.747482307175844,0.5450495380892804,39
17.76348628725015,True,128,17.292531845265124,0.47095444198502534,39
18.15361505156559,True,129,17.76348628725015,0.39012876431544186,39
18.700630038240387,True,130,18.15361505156559,0.547014986674796,39
19.013646168171846,True,131,18.700630038240387,0.31301612993145866,39
19.56276963277782,True,132,19.013646168171846,0.549123464605973,39
19.98137735603853,False,133,19.56276963277782,0.4186077232607097,39
20.0,False,134,19.98137735603853,0.018622643961471397,39
20.0,False,135,20.0,0.0,39
20.0,False,136,20.0,0.0,39
20.0,False,137,20.0,0.0,39
20.0,False,138,20.0,0.0,39
20.0,False,139,20.0,0.0,39
20.0,False,140,20.0,0.0,39
20.0,False,141,20.0,0.0,39
20.0,False,142,20.0,0.0,39
20.0,False,143,20.0,0.0,39
20.0,False,144,20.0,0.0,39
20.0,False,145,20.0,0.0,39
20.0,False,146,20.0,0.0,39
20.0,False,147,20.0,0.0,39
20.0,False,148,20.0,0.0,39
20.0,False,149,20.0,0.0,39
20.0,False,150,20.0,0.0,39
20.0,False,151,20.0,0.0,39
20.0,False,152,20.0,0.0,39
20.0,False,153,20.0,0.0,39
20.0,False,154,20.0,0.0,39
20.0,False,155,20.0,0.0,39
20.0,False,156,20.0,0.0,39
20.0,False,157,20.0,0.0,39
20.0,False,158,20.0,0.0,39
20.0,False,159,20.0,0.0,39
20.0,False,160,20.0,0.0,39
20.0,False,161,20.0,0.0,39
20.0,False,162,20.0,0.0,39
20.0,False,163,20.0,0.0,39
20.0,False,164,20.0,0.0,39
20.0,False,165,20.0,0.0,39
20.0,False,166,20.0,0.0,39
20.0,False,167,20.0,0.0,39
20.0,False,168,20.0,0.0,39
20.0,False,169,20.0,0.0,39
20.0,False,170,20.0,0.0,39
20.0,False,171,20.0,0.0,39
20.0,False,172,20.0,0.0,39
20.0,False,173,20.0,0.0,39
20.0,False,174,20.0,0.0,39
20.0,False,175,20.0,0.0,39
20.0,False,176,20.0,0.0,39
20.0,False,177,20.0,0.0,39
20.0,False,178,20.0,0.0,39
20.0,False,179,20.0,0.0,39
20.0,False,180,20.0,0.0,39
20.0,False,181,20.0,0.0,39
20.0,False,182,20.0,0.0,39
20.0,False,183,20.0,0.0,39
20.0,False,184,20.0,0.0,39
20.0,False,185,20.0,0.0,39
20.0,False,186,20.0,0.0,39
20.0,False,187,20.0,0.0,39
20.0,False,188,20.0,0.0,39
20.0,False,189,20.0,0.0,39
20.0,False,190,20.0,0.0,39
20.0,False,191,20.0,0.0,39
20.0,False,192,20.0,0.0,39
20.0,False,193,20.0,0.0,39
20.0,False,194,20.0,0.0,39
20.0,False,195,20.0,0.0,39
20.0,False,196,20.0,0.0,39
20.0,False,197,20.0,0.0,39
20.0,False,198,20.0,0.0,39
20.0,False,199,20.0,0.0,39
19.992189302525617,False,200,20.0,-0.0078106974743832325,39
20.0,False,201,19.992189302525617,0.0078106974743832325,39
20.0,False,202,20.0,0.0,39
20.0,False,203,20.0,0.0,39
19.9943845995447,False,204,20.0,-0.005615400455301511,39
19.963264355033367,False,205,19.9943845995447,-0.031120244511331663,39
19.921252616142006,False,206,19.963264355033367,-0.042011738891361006,39
20.0,False,207,19.921252616142006,0.07874738385799418,39
19.927275491189917,False,208,20.0,-0.07272450881008297,39
19.92964960442429,False,209,19.927275491189917,0.00237411323437442,39
20.0,False,210,19.92964960442429,0.07035039557570855,39
19.90420734762801,False,211,20.0,-0.09579265237199053,39
20.0,False,212,19.90420734762801,0.09579265237199053,39
19.967292326557867,False,213,20.0,-0.032707673442132545,39
19.981761459750086,False,214,19.967292326557867,0.014469133192218209,39
19.98085101308656,False,215,19.981761459750086,-0.0009104466635250219,39
20.0,False,216,19.98085101308656,0.01914898691343936,39
20.0,False,217,20.0,0.0,39
19.948008505765184,False,218,20.0,-0.05199149423481586,39
19.961682510426506,False,219,19.948008505765184,0.013674004661321959,39
19.96583832092727,False,220,19.961682510426506,0.0041558105007624135,39
20.0,False,221,19.96583832092727,0.03416167907273149,39
20.0,False,222,20.0,0.0,39
20.0,False,223,20.0,0.0,39
20.0,False,224,20.0,0.0,39
19.91970150340684,False,225,20.0,-0.08029849659315857,39
19.93863393706085,False,226,19.91970150340684,0.018932433654008207,39
19.994606772888996,False,227,19.93863393706085,0.05597283582814683,39
19.931032686570134,False,228,19.994606772888996,-0.0635740863188623,39
19.981116243772835,False,229,19.931032686570134,0.050083557202700746,39
19.957090547306663,False,230,19.981116243772835,-0.02402569646617181,39
20.0,False,231,19.957090547306663,0.0429094526933369,39
19.992785033987147,False,232,20.0,-0.007214966012853097,39
19.903576490767602,False,233,19.992785033987147,-0.08920854321954508,39
20.0,False,234,19.903576490767602,0.09642350923239817,39
19.94352173549221,False,235,20.0,-0.05647826450778837,39
19.96052211152507,False,236,19.94352173549221,0.017000376032857645,39
20.0,False,237,19.96052211152507,0.03947788847493072,39
20.0,False,238,20.0,0.0,39
20.0,False,239,20.0,0.0,39
20.0,False,240,20.0,0.0,39
19.929355282795246,False,241,20.0,-0.07064471720475396,39
20.0,False,242,19.929355282795246,0.07064471720475396,39
20.0,False,243,20.0,0.0,39
19.979549830124807,False,244,20.0,-0.020450169875193325,39
20.0,False,245,19.979549830124807,0.020450169875193325,39
20.0,False,246,20.0,0.0,39
20.0,False,247,20.0,0.0,39
20.0,False,248,20.0,0.0,39
20.0,False,249,20.0,0.0,39
19.95733048803676,False,250,20.0,-0.04266951196323987,39
20.0,False,251,19.95733048803676,0.04266951196323987,39
20.0,False,252,20.0,0.0,39
20.0,False,253,20.0,0.0,39
20.0,False,254,20.0,0.0,39
19.92559319752411,False,255,20.0,-0.07440680247589171,39
20.0,False,256,19.92559319752411,0.07440680247589171,39
19.93279268430597,False,257,20.0,-0.06720731569403071,39
19.943421803060016,False,258,19.93279268430597,0.010629118754046374,39
19.969265500360642,False,259,19.943421803060016,0.02584369730062619,39
19.924662882540176,False,260,19.969265500360642,-0.04460261782046615,39
19.916107418623493,False,261,19.924662882540176,-0.008555463916682271,39
19.940411115766718,False,262,19.916107418623493,0.024303697143224667,39
19.998376688868333,False,263,19.940411115766718,0.05796557310161532,39
20.0,False,264,19.998376688868333,0.0016233111316665827,39
19.931680407406702,False,265,20.0,-0.06831959259329778,39
19.969113762200976,False,266,19.931680407406702,0.03743335479427401,39
20.0,False,267,19.969113762200976,0.030886237799023775,39
19.96032198656466,False,268,20.0,-0.0396780134353385,39
20.0,False,269,19.96032198656466,0.0396780134353385,39
20.0,False,270,20.0,0.0,39
20.0,False,271,20.0,0.0,39
20.0,False,272,20.0,0.0,39
19.929442410787917,False,273,20.0,-0.07055758921208266,39
19.932029175971948,False,274,19.929442410787917,0.0025867651840307815,39
20.0,False,275,19.932029175971948,0.06797082402805188,39
20.0,False,276,20.0,0.0,39
19.925340249928617,False,277,20.0,-0.07465975007138326,39
20.0,False,278,19.925340249928617,0.07465975007138326,39
20.0,False,279,20.0,0.0,39
20.0,False,280,20.0,0.0,39
19.92515913380441,False,281,20.0,-0.07484086619558994,39
19.929474682147944,False,282,19.92515913380441,0.0043155483435342035,39
19.955562628041232,False,283,19.929474682147944,0.026087945893287667,39
20.0,False,284,19.955562628041232,0.04443737195876807,39
19.913805748642844,False,285,20.0,-0.0861942513571563,39
20.0,False,286,19.913805748642844,0.0861942513571563,39
20.0,False,287,20.0,0.0,39
19.914141141733076,False,288,20.0,-0.08585885826692419,39
20.0,False,289,19.914141141733076,0.08585885826692419,39
19.929361237739986,False,290,20.0,-0.07063876226001398,39
20.0,False,291,19.929361237739986,0.07063876226001398,39
19.972191176524284,False,292,20.0,-0.027808823475716338,39
20.0,False,293,19.972191176524284,0.027808823475716338,39
19.936676431844788,False,294,20.0,-0.06332356815521223,39
20.0,False,295,19.936676431844788,0.06332356815521223,39
19.994447011267397,False,296,20.0,-0.005552988732603126,39
20.0,False,297,19.994447011267397,0.005552988732603126,39
20.0,False,298,20.0,0.0,39
20.0,False,299,20.0,0.0,39
3.9278724395809026,False,0,0.0,0.0,40
4.051147833425953,False,1,3.9278724395809026,0.12327539384505082,40
3.9195063262506555,False,2,4.051147833425953,-0.13164150717529788,40
4.0815628979403185,False,3,3.9195063262506555,0.16205657168966292,40
3.9843180980630737,False,4,4.0815628979403185,-0.09724479987724477,40
3.916355121537723,False,5,3.9843180980630737,-0.06796297652535088,40
4.041222503338629,False,6,3.916355121537723,0.12486738180090606,40
3.951951151875612,False,7,4.041222503338629,-0.08927135146301701,40
3.9521323600955744,False,8,3.951951151875612,0.00018120821996259195,40
4.00009861334687,False,9,3.9521323600955744,0.04796625325129522,40
3.952811300590258,False,10,4.00009861334687,-0.04728731275661158,40
3.9384793390368333,False,11,3.952811300590258,-0.014331961553424755,40
3.9430252149764273,False,12,3.9384793390368333,0.004545875939593991,40
4.065963561229492,False,13,3.9430252149764273,0.12293834625306488,40
3.9326103263801033,False,14,4.065963561229492,-0.13335323484938888,40
3.9067663635779457,False,15,3.9326103263801033,-0.025843962802157616,40
3.9484044626116233,False,16,3.9067663635779457,0.041638099033677545,40
4.0962799702126205,False,17,3.9484044626116233,0.1478755076009972,40
3.974865461222257,False,18,4.0962799702126205,-0.12141450899036332,40
3.961607600795588,False,19,3.974865461222257,-0.013257860426669321,40
4.062426939995015,False,20,3.961607600795588,0.10081933919942676,40
4.090366650996913,False,21,4.062426939995015,0.027939711001898182,40
3.9849255695850316,False,22,4.090366650996913,-0.10544108141188113,40
4.081933381538481,False,23,3.9849255695850316,0.09700781195344943,40
4.095206847846253,False,24,4.081933381538481,0.01327346630777182,40
3.9909965287681466,False,25,4.095206847846253,-0.1042103190781063,40
3.969224978514152,False,26,3.9909965287681466,-0.021771550253994576,40
4.082764794570764,False,27,3.969224978514152,0.1135398160566119,40
4.038266896978783,False,28,4.082764794570764,-0.04449789759198097,40
3.958963920256993,False,29,4.038266896978783,-0.07930297672178988,40
4.097526219943737,False,30,3.958963920256993,0.13856229968674416,40
3.912658609431156,False,31,4.097526219943737,-0.18486761051258105,40
3.972399749802022,False,32,3.912658609431156,0.059741140370865864,40
4.039639895594107,False,33,3.972399749802022,0.0672401457920846,40
3.9622131421451594,False,34,4.039639895594107,-0.07742675344894723,40
4.043201449735534,False,35,3.9622131421451594,0.08098830759037456,40
3.9635716334051527,False,36,4.043201449735534,-0.07962981633038124,40
4.0203591828030545,False,37,3.9635716334051527,0.05678754939790176,40
3.9678850456359043,False,38,4.0203591828030545,-0.052474137167150214,40
3.9863756826532333,False,39,3.9678850456359043,0.018490637017329004,40
3.9195679307261173,False,40,3.9863756826532333,-0.06680775192711597,40
3.9669716462929325,False,41,3.9195679307261173,0.04740371556681522,40
4.087654629589452,False,42,3.9669716462929325,0.12068298329651972,40
3.9626079786990034,False,43,4.087654629589452,-0.12504665089044886,40
3.9703773701499427,False,44,3.9626079786990034,0.007769391450939356,40
3.9120298342093403,False,45,3.9703773701499427,-0.05834753594060249,40
3.979551606815749,False,46,3.9120298342093403,0.06752177260640879,40
3.997972486845471,False,47,3.979551606815749,0.018420880029721864,40
3.900259116313584,False,48,3.997972486845471,-0.09771337053188711,40
4.058327606289652,False,49,3.900259116313584,0.15806848997606782,40
3.943784897762382,False,50,4.058327606289652,-0.11454270852726944,40
3.9002903912222227,False,51,3.943784897762382,-0.04349450654015952,40
4.05226949564537,False,52,3.9002903912222227,0.15197910442314733,40
4.047271645487991,False,53,4.05226949564537,-0.004997850157378636,40
3.9440178082017217,False,54,4.047271645487991,-0.10325383728626969,40
3.9389758646614914,False,55,3.9440178082017217,-0.005041943540230243,40
4.029262376220368,False,56,3.9389758646614914,0.09028651155887646,40
3.9212317117924753,False,57,4.029262376220368,-0.10803066442789255,40
3.9409728905517474,False,58,3.9212317117924753,0.01974117875927206,40
3.9222434320162676,False,59,3.9409728905517474,-0.018729458535479804,40
4.081526237461225,False,60,3.9222434320162676,0.15928280544495754,40
4.0300368813305685,False,61,4.081526237461225,-0.05148935613065664,40
4.07459148912195,False,62,4.0300368813305685,0.04455460779138143,40
3.9405713294899622,False,63,4.07459148912195,-0.13402015963198766,40
4.087399967265644,False,64,3.9405713294899622,0.14682863777568178,40
3.990165961456979,False,65,4.087399967265644,-0.09723400580866493,40
4.078548634285759,False,66,3.990165961456979,0.08838267282877954,40
3.9564474998371333,False,67,4.078548634285759,-0.12210113444862536,40
4.058214453766167,False,68,3.9564474998371333,0.10176695392903401,40
4.037697155316378,False,69,4.058214453766167,-0.020517298449789223,40
4.02995485851989,False,70,4.037697155316378,-0.007742296796488191,40
4.089063637271377,False,71,4.02995485851989,0.059108778751487456,40
4.018757525138004,False,72,4.089063637271377,-0.07030611213337323,40
4.045317911224017,False,73,4.018757525138004,0.026560386086012855,40
4.033584664431487,False,74,4.045317911224017,-0.011733246792529961,40
3.9329374771920187,False,75,4.033584664431487,-0.1006471872394683,40
4.063340834187505,False,76,3.9329374771920187,0.13040335699548633,40
3.9938651685920727,False,77,4.063340834187505,-0.06947566559543228,40
3.966145999833454,False,78,3.9938651685920727,-0.027719168758618906,40
4.039613895139165,False,79,3.966145999833454,0.07346789530571085,40
3.9597339381783003,False,80,4.039613895139165,-0.07987995696086436,40
4.034465155507968,False,81,3.9597339381783003,0.07473121732966792,40
4.0936106863668815,False,82,4.034465155507968,0.059145530858913276,40
3.9349360219597638,False,83,4.0936106863668815,-0.15867466440711775,40
3.916396596570066,False,84,3.9349360219597638,-0.018539425389697772,40
4.02362173983684,False,85,3.916396596570066,0.10722514326677413,40
4.00030140673394,False,86,4.02362173983684,-0.023320333102899937,40
4.04612953578984,False,87,4.00030140673394,0.0458281290558995,40
4.061823401359019,False,88,4.04612953578984,0.01569386556917962,40
4.045675225274201,False,89,4.061823401359019,-0.01614817608481811,40
4.0953234560945875,False,90,4.045675225274201,0.049648230820386274,40
4.07888974009231,False,91,4.0953234560945875,-0.016433716002277166,40
4.022387588285763,False,92,4.07888974009231,-0.05650215180654694,40
3.91881030578107,False,93,4.022387588285763,-0.10357728250469345,40
4.041838778017925,False,94,3.91881030578107,0.12302847223685509,40
4.023120112175975,False,95,4.041838778017925,-0.018718665841950255,40
4.043678148115956,False,96,4.023120112175975,0.020558035939981067,40
3.9153353243027706,False,97,4.043678148115956,-0.12834282381318518,40
3.9131846113751774,False,98,3.9153353243027706,-0.002150712927593279,40
3.944154245486231,False,99,3.9131846113751774,0.03096963411105369,40
4.182132531912446,True,100,3.944154245486231,0.23797828642621477,40
4.462882359523655,True,101,4.182132531912446,0.28074982761120904,40
4.515128613472115,True,102,4.462882359523655,0.05224625394845983,40
4.704773379433226,True,103,4.515128613472115,0.1896447659611109,40
4.920942066228462,True,104,4.704773379433226,0.21616868679523638,40
5.152429021785225,True,105,4.920942066228462,0.2314869555567629,40
5.49088969650568,True,106,5.152429021785225,0.33846067472045505,40
5.5987316288268865,True,107,5.49088969650568,0.10784193232120654,40
5.699155255615249,True,108,5.5987316288268865,0.1004236267883627,40
5.891497126692564,True,109,5.699155255615249,0.19234187107731504,40
6.066691456178035,True,110,5.891497126692564,0.1751943294854712,40
6.3467301814232915,True,111,6.066691456178035,0.2800387252452561,40
6.58976375469658,True,112,6.3467301814232915,0.2430335732732889,40
6.698765025346568,True,113,6.58976375469658,0.10900127064998788,40
6.910502387220702,True,114,6.698765025346568,0.2117373618741336,40
7.220847861843992,True,115,6.910502387220702,0.3103454746232899,40
7.285096014280507,True,116,7.220847861843992,0.06424815243651505,40
7.436024321895764,True,117,7.285096014280507,0.15092830761525722,40
7.795814074122407,True,118,7.436024321895764,0.3597897522266429,40
7.911065100006049,True,119,7.795814074122407,0.11525102588364167,40
8.197715711686499,True,120,7.911065100006049,0.28665061168045014,40
8.266196982598485,True,121,8.197715711686499,0.06848127091198641,40
8.645347102628966,True,122,8.266196982598485,0.37915012003048076,40
8.706119751199946,True,123,8.645347102628966,0.06077264857098008,40
8.954644788127528,True,124,8.706119751199946,0.24852503692758177,40
9.227035645554222,True,125,8.954644788127528,0.27239085742669467,40
9.239468965353586,True,126,9.227035645554222,0.012433319799363574,40
9.52125495104081,True,127,9.239468965353586,0.2817859856872236,40
9.595561006680164,True,128,9.52125495104081,0.07430605563935444,40
9.784362317763948,True,129,9.595561006680164,0.18880131108378428,40
9.9846668851621,True,130,9.784362317763948,0.2003045673981525,40
10.274646808813202,True,131,9.9846668851621,0.28997992365110115,40
10.468045937966565,True,132,10.274646808813202,0.193399129153363,40
10.529301242173695,True,133,10.468045937966565,0.06125530420712977,40
10.754608162162736,True,134,10.529301242173695,0.22530691998904118,40
11.029739399370355,True,135,10.754608162162736,0.2751312372076189,40
11.20835342140792,True,136,11.029739399370355,0.17861402203756604,40
11.460474958620347,True,137,11.20835342140792,0.25212153721242636,40
11.660217471515482,True,138,11.460474958620347,0.1997425128951349,40
11.888448763472253,True,139,11.660217471515482,0.22823129195677083,40
12.011897655262327,True,140,11.888448763472253,0.12344889179007446,40
12.228164054990376,True,141,12.011897655262327,0.21626639972804895,40
12.306246748808585,True,142,12.228164054990376,0.07808269381820843,40
12.67256871266654,True,143,12.306246748808585,0.36632196385795446,40
12.754704249896202,True,144,12.67256871266654,0.0821355372296626,40
13.060750806590859,True,145,12.754704249896202,0.30604655669465686,40
13.168357823092329,True,146,13.060750806590859,0.1076070165014702,40
13.47301198823273,True,147,13.168357823092329,0.304654165140402,40
13.538329631861556,True,148,13.47301198823273,0.0653176436288252,40
13.69737766175161,True,149,13.538329631861556,0.1590480298900534,40
14.0374057011851,True,150,13.69737766175161,0.34002803943349136,40
14.232163987405333,True,151,14.0374057011851,0.19475828622023172,40
14.322008999939651,True,152,14.232163987405333,0.08984501253431887,40
14.448592285435,True,153,14.322008999939651,0.12658328549534836,40
14.845639486386581,True,154,14.448592285435,0.3970472009515813,40
14.914524764207028,True,155,14.845639486386581,0.0688852778204474,40
15.144371122681898,True,156,14.914524764207028,0.22984635847486956,40
15.37926796019877,True,157,15.144371122681898,0.23489683751687274,40
15.487665310688774,True,158,15.37926796019877,0.10839735049000332,40
15.780921579073725,True,159,15.487665310688774,0.2932562683849511,40
15.983782064084904,True,160,15.780921579073725,0.20286048501117904,40
16.055628607952904,True,161,15.983782064084904,0.07184654386800027,40
16.41133442792628,True,162,16.055628607952904,0.3557058199733767,40
16.475092075882888,True,163,16.41133442792628,0.06375764795660643,40
16.672457855545694,True,164,16.475092075882888,0.19736577966280677,40
16.947404160133374,True,165,16.672457855545694,0.27494630458767944,40
17.10588768296344,True,166,16.947404160133374,0.1584835228300676,40
17.309880890866467,True,167,17.10588768296344,0.2039932079030251,40
17.58189308407188,True,168,17.309880890866467,0.2720121932054127,40
17.723849039448712,True,169,17.58189308407188,0.14195595537683303,40
17.78308165052073,True,170,17.723849039448712,0.05923261107201938,40
18.081951146989912,True,171,17.78308165052073,0.29886949646918026,40
18.202075742750463,True,172,18.081951146989912,0.12012459576055079,40
18.509127241584522,True,173,18.202075742750463,0.3070514988340598,40
18.77120478689536,True,174,18.509127241584522,0.26207754531083793,40
18.788598483254454,True,175,18.77120478689536,0.01739369635909327,40
19.013080711611714,True,176,18.788598483254454,0.22448222835726028,40
19.200097610357286,True,177,19.013080711611714,0.18701689874557204,40
19.5279943480793,True,178,19.200097610357286,0.3278967377220141,40
19.63935956575726,True,179,19.5279943480793,0.11136521767796026,40
19.89332190921783,True,180,19.63935956575726,0.253962343460568,40
19.992179886149167,False,181,19.89332190921783,0.09885797693133824,40
20.0,False,182,19.992179886149167,0.007820113850833366,40
20.0,False,183,20.0,0.0,40
20.0,False,184,20.0,0.0,40
20.0,False,185,20.0,0.0,40
20.0,False,186,20.0,0.0,40
20.0,False,187,20.0,0.0,40
20.0,False,188,20.0,0.0,40
20.0,False,189,20.0,0.0,40
20.0,False,190,20.0,0.0,40
20.0,False,191,20.0,0.0,40
20.0,False,192,20.0,0.0,40
20.0,False,193,20.0,0.0,40
20.0,False,194,20.0,0.0,40
20.0,False,195,20.0,0.0,40
20.0,False,196,20.0,0.0,40
20.0,False,197,20.0,0.0,40
20.0,False,198,20.0,0.0,40
20.0,False,199,20.0,0.0,40
20.0,False,200,20.0,0.0,40
19.95717389561534,False,201,20.0,-0.04282610438465895,40
20.0,False,202,19.95717389561534,0.04282610438465895,40
19.980196148283966,False,203,20.0,-0.01980385171603416,40
20.0,False,204,19.980196148283966,0.01980385171603416,40
20.0,False,205,20.0,0.0,40
20.0,False,206,20.0,0.0,40
19.981475786123408,False,207,20.0,-0.0185242138765922,40
20.0,False,208,19.981475786123408,0.0185242138765922,40
19.961391860536466,False,209,20.0,-0.03860813946353403,40
20.0,False,210,19.961391860536466,0.03860813946353403,40
19.992819077107963,False,211,20.0,-0.007180922892036534,40
20.0,False,212,19.992819077107963,0.007180922892036534,40
20.0,False,213,20.0,0.0,40
19.906373686791973,False,214,20.0,-0.09362631320802706,40
20.0,False,215,19.906373686791973,0.09362631320802706,40
19.948730270075192,False,216,20.0,-0.05126972992480816,40
19.999983833472978,False,217,19.948730270075192,0.051253563397786195,40
19.9736128847589,False,218,19.999983833472978,-0.02637094871407797,40
19.994266703334763,False,219,19.9736128847589,0.02065381857586246,40
19.948614717148338,False,220,19.994266703334763,-0.04565198618642441,40
19.90841796072229,False,221,19.948614717148338,-0.04019675642604881,40
20.0,False,222,19.90841796072229,0.09158203927771069,40
20.0,False,223,20.0,0.0,40
19.910980718473088,False,224,20.0,-0.08901928152691241,40
20.0,False,225,19.910980718473088,0.08901928152691241,40
19.961567250656145,False,226,20.0,-0.038432749343854766,40
20.0,False,227,19.961567250656145,0.038432749343854766,40
20.0,False,228,20.0,0.0,40
19.912489718174832,False,229,20.0,-0.08751028182516762,40
20.0,False,230,19.912489718174832,0.08751028182516762,40
19.925593889610614,False,231,20.0,-0.07440611038938627,40
20.0,False,232,19.925593889610614,0.07440611038938627,40
19.921607476150093,False,233,20.0,-0.07839252384990658,40
20.0,False,234,19.921607476150093,0.07839252384990658,40
19.968028368613023,False,235,20.0,-0.031971631386976895,40
20.0,False,236,19.968028368613023,0.031971631386976895,40
20.0,False,237,20.0,0.0,40
19.961898827416675,False,238,20.0,-0.03810117258332468,40
20.0,False,239,19.961898827416675,0.03810117258332468,40
19.964518862991394,False,240,20.0,-0.03548113700860611,40
19.987439384640403,False,241,19.964518862991394,0.022920521649009373,40
20.0,False,242,19.987439384640403,0.012560615359596738,40
20.0,False,243,20.0,0.0,40
19.900060498637984,False,244,20.0,-0.0999395013620159,40
19.994396519842166,False,245,19.900060498637984,0.09433602120418172,40
20.0,False,246,19.994396519842166,0.005603480157834184,40
20.0,False,247,20.0,0.0,40
20.0,False,248,20.0,0.0,40
20.0,False,249,20.0,0.0,40
20.0,False,250,20.0,0.0,40
20.0,False,251,20.0,0.0,40
20.0,False,252,20.0,0.0,40
19.974004009306014,False,253,20.0,-0.025995990693985505,40
20.0,False,254,19.974004009306014,0.025995990693985505,40
20.0,False,255,20.0,0.0,40
20.0,False,256,20.0,0.0,40
20.0,False,257,20.0,0.0,40
19.944575122450637,False,258,20.0,-0.055424877549363316,40
20.0,False,259,19.944575122450637,0.055424877549363316,40
20.0,False,260,20.0,0.0,40
20.0,False,261,20.0,0.0,40
19.954679010104087,False,262,20.0,-0.045320989895913044,40
19.92054289533839,False,263,19.954679010104087,-0.034136114765697556,40
19.92560630566555,False,264,19.92054289533839,0.005063410327160511,40
19.985597586174105,False,265,19.92560630566555,0.05999128050855518,40
19.961311884644847,False,266,19.985597586174105,-0.024285701529258574,40
20.0,False,267,19.961311884644847,0.038688115355153485,40
19.998689278562267,False,268,20.0,-0.0013107214377328091,40
19.99217546297541,False,269,19.998689278562267,-0.006513815586856708,40
19.93844307160114,False,270,19.99217546297541,-0.05373239137427177,40
20.0,False,271,19.93844307160114,0.06155692839886129,40
20.0,False,272,20.0,0.0,40
19.97685763532391,False,273,20.0,-0.02314236467609021,40
20.0,False,274,19.97685763532391,0.02314236467609021,40
20.0,False,275,20.0,0.0,40
19.97826213649021,False,276,20.0,-0.021737863509791566,40
19.939833415657333,False,277,19.97826213649021,-0.03842872083287574,40
19.926062700558216,False,278,19.939833415657333,-0.01377071509911687,40
19.944621572455006,False,279,19.926062700558216,0.018558871896789952,40
19.94667047391173,False,280,19.944621572455006,0.00204890145672465,40
19.957473091942834,False,281,19.94667047391173,0.010802618031103606,40
20.0,False,282,19.957473091942834,0.04252690805716597,40
19.95763452755247,False,283,20.0,-0.04236547244752842,40
19.904493170500057,False,284,19.95763452755247,-0.053141357052414406,40
20.0,False,285,19.904493170500057,0.09550682949994282,40
19.994927413460495,False,286,20.0,-0.005072586539505153,40
19.962152445624348,False,287,19.994927413460495,-0.032774967836147084,40
19.963297007361497,False,288,19.962152445624348,0.0011445617371492744,40
20.0,False,289,19.963297007361497,0.03670299263850296,40
19.90739254517688,False,290,20.0,-0.0926074548231206,40
19.989436787621635,False,291,19.90739254517688,0.08204424244475561,40
20.0,False,292,19.989436787621635,0.010563212378364994,40
19.97745758735277,False,293,20.0,-0.02254241264722978,40
20.0,False,294,19.97745758735277,0.02254241264722978,40
20.0,False,295,20.0,0.0,40
19.957712293079975,False,296,20.0,-0.042287706920024704,40
19.947121431017827,False,297,19.957712293079975,-0.010590862062148432,40
20.0,False,298,19.947121431017827,0.052878568982173135,40
20.0,False,299,20.0,0.0,40
4.005434498738587,False,0,0.0,0.0,41
4.099525735028217,False,1,4.005434498738587,0.09409123628963023,41
4.061136593968853,False,2,4.099525735028217,-0.03838914105936375,41
4.05038707947551,False,3,4.061136593968853,-0.010749514493342716,41
3.995509276942676,False,4,4.05038707947551,-0.05487780253283425,41
3.976818336100125,False,5,3.995509276942676,-0.018690940842551296,41
4.045061508216763,False,6,3.976818336100125,0.06824317211663855,41
4.025802015717121,False,7,4.045061508216763,-0.01925949249964276,41
3.9255702428350965,False,8,4.025802015717121,-0.10023177288202412,41
4.009803153006107,False,9,3.9255702428350965,0.08423291017101064,41
4.0534002956898,False,10,4.009803153006107,0.043597142683692525,41
4.041105813201741,False,11,4.0534002956898,-0.012294482488059089,41
3.9384549984372397,False,12,4.041105813201741,-0.10265081476450089,41
4.065625409005258,False,13,3.9384549984372397,0.12717041056801826,41
4.066513258302356,False,14,4.065625409005258,0.0008878492970980645,41
3.9866298660017185,False,15,4.066513258302356,-0.07988339230063746,41
4.033294742767215,False,16,3.9866298660017185,0.04666487676549602,41
4.077274372837332,False,17,4.033294742767215,0.04397963007011718,41
3.975702032773345,False,18,4.077274372837332,-0.10157234006398674,41
3.971253863225254,False,19,3.975702032773345,-0.00444816954809113,41
3.965999219275075,False,20,3.971253863225254,-0.005254643950178828,41
4.0172430081187445,False,21,3.965999219275075,0.051243788843669424,41
4.090145870611353,False,22,4.0172430081187445,0.07290286249260891,41
3.905728426417286,False,23,4.090145870611353,-0.18441744419406758,41
3.9604346641090022,False,24,3.905728426417286,0.05470623769171645,41
4.050383252519886,False,25,3.9604346641090022,0.08994858841088371,41
4.026066609387934,False,26,4.050383252519886,-0.02431664313195192,41
3.977889932518714,False,27,4.026066609387934,-0.04817667686922,41
4.066219142146389,False,28,3.977889932518714,0.0883292096276751,41
3.9223902937533666,False,29,4.066219142146389,-0.14382884839302257,41
4.03244615070043,False,30,3.9223902937533666,0.11005585694706355,41
3.9392995579196954,False,31,4.03244615070043,-0.09314659278073467,41
3.9390101075999,False,32,3.9392995579196954,-0.00028945031979565883,41
4.098339604524731,False,33,3.9390101075999,0.15932949692483112,41
3.950411151473744,False,34,4.098339604524731,-0.14792845305098679,41
3.9693186809032,False,35,3.950411151473744,0.018907529429455838,41
4.05296834347002,False,36,3.9693186809032,0.08364966256682038,41
4.018732269932492,False,37,4.05296834347002,-0.034236073537528,41
3.964249247799471,False,38,4.018732269932492,-0.054483022133021475,41
3.983054160961585,False,39,3.964249247799471,0.01880491316211419,41
4.023085126815061,False,40,3.983054160961585,0.04003096585347565,41
4.014924430530628,False,41,4.023085126815061,-0.008160696284432944,41
4.0459741918189005,False,42,4.014924430530628,0.031049761288272748,41
3.9601251593624442,False,43,4.0459741918189005,-0.08584903245645625,41
4.0067978193806235,False,44,3.9601251593624442,0.04667266001817927,41
3.9249601162140757,False,45,4.0067978193806235,-0.08183770316654781,41
3.903987880114209,False,46,3.9249601162140757,-0.02097223609986676,41
3.9808888658974455,False,47,3.903987880114209,0.07690098578323656,41
4.08427584863445,False,48,3.9808888658974455,0.1033869827370042,41
3.9786267769672516,False,49,4.08427584863445,-0.10564907166719806,41
3.9369548342903204,False,50,3.9786267769672516,-0.041671942676931195,41
3.9648842803374267,False,51,3.9369548342903204,0.027929446047106232,41
4.030850555200469,False,52,3.9648842803374267,0.06596627486304207,41
4.073280427812179,False,53,4.030850555200469,0.04242987261171027,41
4.022139678019721,False,54,4.073280427812179,-0.05114074979245764,41
4.046950003788244,False,55,4.022139678019721,0.024810325768522823,41
4.094523021228794,False,56,4.046950003788244,0.0475730174405502,41
4.00784016944753,False,57,4.094523021228794,-0.08668285178126478,41
3.9977282876589664,False,58,4.00784016944753,-0.01011188178856326,41
3.92821226781097,False,59,3.9977282876589664,-0.06951601984799627,41
3.911803979082391,False,60,3.92821226781097,-0.016408288728579024,41
3.902046415254358,False,61,3.911803979082391,-0.009757563828033167,41
4.093825638645566,False,62,3.902046415254358,0.19177922339120768,41
3.903375204174741,False,63,4.093825638645566,-0.19045043447082444,41
4.096773593299026,False,64,3.903375204174741,0.19339838912428453,41
4.092804259998965,False,65,4.096773593299026,-0.003969333300060995,41
4.0567399396399155,False,66,4.092804259998965,-0.03606432035904916,41
3.98745583694685,False,67,4.0567399396399155,-0.06928410269306573,41
3.9103476561018677,False,68,3.98745583694685,-0.07710818084498205,41
4.051663104725155,False,69,3.9103476561018677,0.1413154486232875,41
4.051194227535032,False,70,4.051663104725155,-0.0004688771901228961,41
3.945291823160554,False,71,4.051194227535032,-0.10590240437447829,41
3.937789334606626,False,72,3.945291823160554,-0.0075024885539280994,41
4.091590497698801,False,73,3.937789334606626,0.1538011630921754,41
3.930695716287493,False,74,4.091590497698801,-0.16089478141130842,41
4.095209049457788,False,75,3.930695716287493,0.16451333317029482,41
4.048206290799635,False,76,4.095209049457788,-0.047002758658153176,41
4.007239104338788,False,77,4.048206290799635,-0.04096718646084696,41
4.051772517158181,False,78,4.007239104338788,0.04453341281939327,41
3.966911434006338,False,79,4.051772517158181,-0.08486108315184282,41
3.9433415244527934,False,80,3.966911434006338,-0.023569909553544655,41
3.9783975001154936,False,81,3.9433415244527934,0.035055975662700245,41
4.044195696821144,False,82,3.9783975001154936,0.06579819670565046,41
3.936681653253469,False,83,4.044195696821144,-0.10751404356767491,41
3.9833190407188246,False,84,3.936681653253469,0.046637387465355395,41
4.032670249150205,False,85,3.9833190407188246,0.0493512084313803,41
3.928801177610412,False,86,4.032670249150205,-0.10386907153979275,41
4.079224760902332,False,87,3.928801177610412,0.15042358329192007,41
4.030214667807312,False,88,4.079224760902332,-0.04901009309502058,41
4.035322574607836,False,89,4.030214667807312,0.005107906800524198,41
3.990332105025128,False,90,4.035322574607836,-0.04499046958270769,41
4.0777648912412054,False,91,3.990332105025128,0.08743278621607731,41
3.978928437083888,False,92,4.0777648912412054,-0.09883645415731745,41
4.0968741799106905,False,93,3.978928437083888,0.11794574282680248,41
4.040266929072206,False,94,4.0968741799106905,-0.056607250838484724,41
4.0709250756645865,False,95,4.040266929072206,0.030658146592380753,41
3.903591819205284,False,96,4.0709250756645865,-0.16733325645930242,41
4.011832472026697,False,97,3.903591819205284,0.10824065282141282,41
4.028139529474272,False,98,4.011832472026697,0.01630705744757499,41
3.9660685611756255,False,99,4.028139529474272,-0.062070968298646445,41
4.14714174801463,True,100,3.9660685611756255,0.18107318683900475,41
4.391820804564071,True,101,4.14714174801463,0.24467905654944122,41
4.656524972095319,True,102,4.391820804564071,0.2647041675312476,41
4.88115130503773,True,103,4.656524972095319,0.2246263329424112,41
4.950746830927444,True,104,4.88115130503773,0.06959552588971363,41
5.21640738812304,True,105,4.950746830927444,0.2656605571955959,41
5.37067630324591,True,106,5.21640738812304,0.15426891512287,41
5.615380888095314,True,107,5.37067630324591,0.24470458484940405,41
5.9070498457735985,True,108,5.615380888095314,0.2916689576782847,41
5.94927096259556,True,109,5.9070498457735985,0.0422211168219615,41
6.210618780186738,True,110,5.94927096259556,0.26134781759117764,41
6.417532942009649,True,111,6.210618780186738,0.20691416182291178,41
6.731841222053222,True,112,6.417532942009649,0.3143082800435728,41
6.790192322368567,True,113,6.731841222053222,0.05835110031534452,41
7.15215997994099,True,114,6.790192322368567,0.3619676575724231,41
7.400359254433675,True,115,7.15215997994099,0.24819927449268508,41
7.491535438171273,True,116,7.400359254433675,0.09117618373759839,41
7.697961982794242,True,117,7.491535438171273,0.2064265446229685,41
7.999909000230263,True,118,7.697961982794242,0.3019470174360208,41
8.192022896985454,True,119,7.999909000230263,0.19211389675519186,41
8.328959805863594,True,120,8.192022896985454,0.13693690887813936,41
8.47630951448374,True,121,8.328959805863594,0.14734970862014585,41
8.74638223755698,True,122,8.47630951448374,0.27007272307324115,41
8.914371136132125,True,123,8.74638223755698,0.16798889857514432,41
9.256155004597819,True,124,8.914371136132125,0.34178386846569353,41
9.337961591660545,True,125,9.256155004597819,0.08180658706272581,41
9.646919108652563,True,126,9.337961591660545,0.30895751699201845,41
9.80970646870196,True,127,9.646919108652563,0.1627873600493963,41
10.059635350557746,True,128,9.80970646870196,0.2499288818557872,41
10.204518121405796,True,129,10.059635350557746,0.14488277084804935,41
10.521716459828689,True,130,10.204518121405796,0.3171983384228927,41
10.73491349843257,True,131,10.521716459828689,0.21319703860388195,41
10.807298828805473,True,132,10.73491349843257,0.07238533037290296,41
11.041717441547837,True,133,10.807298828805473,0.2344186127423633,41
11.290071294448737,True,134,11.041717441547837,0.24835385290089995,41
11.561559143413966,True,135,11.290071294448737,0.27148784896522926,41
11.689211638295813,True,136,11.561559143413966,0.12765249488184693,41
11.932651438320384,True,137,11.689211638295813,0.24343980002457144,41
12.109855524192497,True,138,11.932651438320384,0.17720408587211267,41
12.263721189938067,True,139,12.109855524192497,0.15386566574557037,41
12.579495617507666,True,140,12.263721189938067,0.3157744275695986,41
12.669184001867942,True,141,12.579495617507666,0.08968838436027582,41
12.976351758032612,True,142,12.669184001867942,0.3071677561646702,41
13.083413793360165,True,143,12.976351758032612,0.10706203532755332,41
13.396453507355654,True,144,13.083413793360165,0.31303971399548836,41
13.61656271017195,True,145,13.396453507355654,0.2201092028162961,41
13.844639774474983,True,146,13.61656271017195,0.22807706430303298,41
14.10146722058952,True,147,13.844639774474983,0.2568274461145368,41
14.170172398723448,True,148,14.10146722058952,0.06870517813392851,41
14.409372345997351,True,149,14.170172398723448,0.23919994727390304,41
14.536039034442519,True,150,14.409372345997351,0.1266666884451677,41
14.913210724737837,True,151,14.536039034442519,0.3771716902953184,41
15.096806254619512,True,152,14.913210724737837,0.18359552988167493,41
15.2278632495288,True,153,15.096806254619512,0.13105699490928835,41
15.56257019472204,True,154,15.2278632495288,0.33470694519323985,41
15.717021104984399,True,155,15.56257019472204,0.15445091026235858,41
15.8672246796809,True,156,15.717021104984399,0.15020357469650136,41
16.15338896526707,True,157,15.8672246796809,0.28616428558616924,41
16.355173951205337,True,158,16.15338896526707,0.20178498593826788,41
16.414256403811912,True,159,16.355173951205337,0.05908245260657452,41
16.678575133351508,True,160,16.414256403811912,0.2643187295395961,41
16.845947978671045,True,161,16.678575133351508,0.16737284531953733,41
17.09852290226832,True,162,16.845947978671045,0.25257492359727607,41
17.339077738458165,True,163,17.09852290226832,0.24055483618984397,41
17.545522417514327,True,164,17.339077738458165,0.20644467905616182,41
17.785075917301636,True,165,17.545522417514327,0.23955349978730922,41
17.991896576524038,True,166,17.785075917301636,0.20682065922240156,41
18.227320225725236,True,167,17.991896576524038,0.23542364920119851,41
18.28496133888931,True,168,18.227320225725236,0.05764111316407394,41
18.608423321477485,True,169,18.28496133888931,0.3234619825881744,41
18.71880617751376,True,170,18.608423321477485,0.11038285603627429,41
18.932709874126452,True,171,18.71880617751376,0.21390369661269304,41
19.30787266693115,True,172,18.932709874126452,0.3751627928046979,41
19.484648146263932,True,173,19.30787266693115,0.17677547933278248,41
19.723303280014722,True,174,19.484648146263932,0.23865513375078962,41
19.755270498534657,True,175,19.723303280014722,0.03196721851993445,41
20.0,False,176,19.755270498534657,0.24472950146534345,41
20.0,False,177,20.0,0.0,41
20.0,False,178,20.0,0.0,41
20.0,False,179,20.0,0.0,41
20.0,False,180,20.0,0.0,41
20.0,False,181,20.0,0.0,41
20.0,False,182,20.0,0.0,41
20.0,False,183,20.0,0.0,41
20.0,False,184,20.0,0.0,41
20.0,False,185,20.0,0.0,41
20.0,False,186,20.0,0.0,41
20.0,False,187,20.0,0.0,41
20.0,False,188,20.0,0.0,41
20.0,False,189,20.0,0.0,41
20.0,False,190,20.0,0.0,41
20.0,False,191,20.0,0.0,41
20.0,False,192,20.0,0.0,41
20.0,False,193,20.0,0.0,41
20.0,False,194,20.0,0.0,41
20.0,False,195,20.0,0.0,41
20.0,False,196,20.0,0.0,41
20.0,False,197,20.0,0.0,41
20.0,False,198,20.0,0.0,41
20.0,False,199,20.0,0.0,41
20.0,False,200,20.0,0.0,41
20.0,False,201,20.0,0.0,41
19.902141369270716,False,202,20.0,-0.09785863072928436,41
19.9159346486285,False,203,19.902141369270716,0.013793279357784627,41
20.0,False,204,19.9159346486285,0.08406535137149973,41
20.0,False,205,20.0,0.0,41
20.0,False,206,20.0,0.0,41
20.0,False,207,20.0,0.0,41
20.0,False,208,20.0,0.0,41
20.0,False,209,20.0,0.0,41
20.0,False,210,20.0,0.0,41
19.94897449402902,False,211,20.0,-0.05102550597097988,41
20.0,False,212,19.94897449402902,0.05102550597097988,41
20.0,False,213,20.0,0.0,41
19.973589824261605,False,214,20.0,-0.02641017573839477,41
20.0,False,215,19.973589824261605,0.02641017573839477,41
19.92560626638422,False,216,20.0,-0.0743937336157785,41
20.0,False,217,19.92560626638422,0.0743937336157785,41
19.922912957688872,False,218,20.0,-0.07708704231112762,41
20.0,False,219,19.922912957688872,0.07708704231112762,41
19.925466297804885,False,220,20.0,-0.07453370219511513,41
19.95347124469872,False,221,19.925466297804885,0.028004946893833704,41
20.0,False,222,19.95347124469872,0.04652875530128142,41
19.94840329036333,False,223,20.0,-0.0515967096366694,41
19.961433235161177,False,224,19.94840329036333,0.013029944797846582,41
19.921465646606737,False,225,19.961433235161177,-0.039967588554439715,41
19.946887800505976,False,226,19.921465646606737,0.025422153899238964,41
20.0,False,227,19.946887800505976,0.05311219949402357,41
20.0,False,228,20.0,0.0,41
20.0,False,229,20.0,0.0,41
19.960085714169633,False,230,20.0,-0.039914285830366936,41
20.0,False,231,19.960085714169633,0.039914285830366936,41
19.93721275591185,False,232,20.0,-0.06278724408814895,41
20.0,False,233,19.93721275591185,0.06278724408814895,41
20.0,False,234,20.0,0.0,41
19.930796896727283,False,235,20.0,-0.0692031032727165,41
20.0,False,236,19.930796896727283,0.0692031032727165,41
20.0,False,237,20.0,0.0,41
19.961040131917915,False,238,20.0,-0.038959868082084625,41
19.975326911947164,False,239,19.961040131917915,0.014286780029248547,41
20.0,False,240,19.975326911947164,0.02467308805283608,41
19.995821158704356,False,241,20.0,-0.0041788412956442755,41
20.0,False,242,19.995821158704356,0.0041788412956442755,41
20.0,False,243,20.0,0.0,41
19.900630345307754,False,244,20.0,-0.09936965469224646,41
20.0,False,245,19.900630345307754,0.09936965469224646,41
20.0,False,246,20.0,0.0,41
19.981801013267734,False,247,20.0,-0.01819898673226561,41
19.932872681157523,False,248,19.981801013267734,-0.048928332110211414,41
20.0,False,249,19.932872681157523,0.06712731884247702,41
20.0,False,250,20.0,0.0,41
20.0,False,251,20.0,0.0,41
19.92802010474263,False,252,20.0,-0.07197989525737114,41
19.96258859621805,False,253,19.92802010474263,0.03456849147542229,41
19.90976265285893,False,254,19.96258859621805,-0.05282594335912094,41
20.0,False,255,19.90976265285893,0.09023734714106979,41
19.92699030878675,False,256,20.0,-0.07300969121325096,41
19.98849365684437,False,257,19.92699030878675,0.061503348057620144,41
20.0,False,258,19.98849365684437,0.011506343155630816,41
19.979253523562775,False,259,20.0,-0.020746476437224715,41
20.0,False,260,19.979253523562775,0.020746476437224715,41
20.0,False,261,20.0,0.0,41
19.929536212407882,False,262,20.0,-0.07046378759211791,41
19.989974495039455,False,263,19.929536212407882,0.060438282631572804,41
20.0,False,264,19.989974495039455,0.010025504960545106,41
20.0,False,265,20.0,0.0,41
20.0,False,266,20.0,0.0,41
20.0,False,267,20.0,0.0,41
19.973753953175514,False,268,20.0,-0.026246046824486058,41
19.944834886758898,False,269,19.973753953175514,-0.028919066416616346,41
20.0,False,270,19.944834886758898,0.055165113241102404,41
20.0,False,271,20.0,0.0,41
19.975869756185457,False,272,20.0,-0.024130243814543206,41
19.994748627492026,False,273,19.975869756185457,0.018878871306569067,41
19.96210268147307,False,274,19.994748627492026,-0.032645946018956096,41
19.918553202823702,False,275,19.96210268147307,-0.04354947864936776,41
20.0,False,276,19.918553202823702,0.08144679717629799,41
20.0,False,277,20.0,0.0,41
19.950557978089464,False,278,20.0,-0.04944202191053648,41
20.0,False,279,19.950557978089464,0.04944202191053648,41
20.0,False,280,20.0,0.0,41
20.0,False,281,20.0,0.0,41
19.982749182033892,False,282,20.0,-0.017250817966107945,41
19.971368646615524,False,283,19.982749182033892,-0.011380535418368254,41
20.0,False,284,19.971368646615524,0.0286313533844762,41
19.931813886357798,False,285,20.0,-0.06818611364220217,41
20.0,False,286,19.931813886357798,0.06818611364220217,41
20.0,False,287,20.0,0.0,41
19.922106606457874,False,288,20.0,-0.07789339354212643,41
19.962417900223308,False,289,19.922106606457874,0.040311293765434186,41
19.943491814803206,False,290,19.962417900223308,-0.018926085420101657,41
19.929498830857913,False,291,19.943491814803206,-0.013992983945293247,41
20.0,False,292,19.929498830857913,0.07050116914208715,41
20.0,False,293,20.0,0.0,41
20.0,False,294,20.0,0.0,41
19.93654597921954,False,295,20.0,-0.06345402078045836,41
20.0,False,296,19.93654597921954,0.06345402078045836,41
20.0,False,297,20.0,0.0,41
20.0,False,298,20.0,0.0,41
20.0,False,299,20.0,0.0,41
4.038724885333311,False,0,0.0,0.0,42
4.099385868365121,False,1,4.038724885333311,0.06066098303181011,42
3.9242627317967345,False,2,4.099385868365121,-0.17512313656838652,42
3.949310898723462,False,3,3.9242627317967345,0.02504816692672751,42
3.9561603834873535,False,4,3.949310898723462,0.006849484763891578,42
3.9956989771271374,False,5,3.9561603834873535,0.03953859363978385,42
3.946067080897283,False,6,3.9956989771271374,-0.04963189622985453,42
4.069615932823406,False,7,3.946067080897283,0.12354885192612297,42
3.9175670885374902,False,8,4.069615932823406,-0.15204884428591559,42
4.032130034047068,False,9,3.9175670885374902,0.11456294550957757,42
3.9059971969733613,False,10,4.032130034047068,-0.12613283707370648,42
4.096161275385101,False,11,3.9059971969733613,0.19016407841173955,42
4.097147874866279,False,12,4.096161275385101,0.0009865994811777412,42
3.9201312908478587,False,13,4.097147874866279,-0.1770165840184199,42
3.9113819196566904,False,14,3.9201312908478587,-0.008749371191168365,42
4.030565735577034,False,15,3.9113819196566904,0.11918381592034377,42
3.936739705729889,False,16,4.030565735577034,-0.09382602984714516,42
3.9417617524044397,False,17,3.936739705729889,0.005022046674550751,42
4.0176706422380075,False,18,3.9417617524044397,0.0759088898335678,42
3.937996095737567,False,19,4.0176706422380075,-0.0796745465004407,42
4.047158496223991,False,20,3.937996095737567,0.10916240048642445,42
4.025821653962085,False,21,4.047158496223991,-0.02133684226190624,42
3.96237314405358,False,22,4.025821653962085,-0.06344850990850492,42
3.9783263195561656,False,23,3.96237314405358,0.01595317550258546,42
4.0395742636069825,False,24,3.9783263195561656,0.061247944050816905,42
3.911010593647538,False,25,4.0395742636069825,-0.12856366995944457,42
4.0519839883503375,False,26,3.911010593647538,0.14097339470279957,42
4.078991830098894,False,27,4.0519839883503375,0.027007841748556416,42
3.9140738016450665,False,28,4.078991830098894,-0.16491802845382741,42
3.925966334051408,False,29,3.9140738016450665,0.011892532406341694,42
3.977914706910796,False,30,3.925966334051408,0.05194837285938769,42
4.021267653748966,False,31,3.977914706910796,0.04335294683817015,42
4.025827986852097,False,32,4.021267653748966,0.00456033310313142,42
3.9405484141746276,False,33,4.025827986852097,-0.08527957267746977,42
4.031098799742171,False,34,3.9405484141746276,0.09055038556754358,42
3.966840704128863,False,35,4.031098799742171,-0.06425809561330809,42
3.904256736038882,False,36,3.966840704128863,-0.06258396808998112,42
3.9311454504621333,False,37,3.904256736038882,0.026888714423251248,42
4.005017008715408,False,38,3.9311454504621333,0.0738715582532743,42
3.926126533391667,False,39,4.005017008715408,-0.07889047532374072,42
4.036265069159535,False,40,3.926126533391667,0.11013853576786836,42
4.08322760558696,False,41,4.036265069159535,0.04696253642742487,42
4.055713399031553,False,42,4.08322760558696,-0.027514206555407483,42
3.965401828996672,False,43,4.055713399031553,-0.09031157003488044,42
4.005828200956593,False,44,3.965401828996672,0.040426371959920715,42
4.05229577316725,False,45,4.005828200956593,0.04646757221065734,42
4.050567460642794,False,46,4.05229577316725,-0.0017283125244560438,42
3.973108655691454,False,47,4.050567460642794,-0.07745880495134028,42
3.9056700293927658,False,48,3.973108655691454,-0.06743862629868813,42
4.013685749133474,False,49,3.9056700293927658,0.10801571974070834,42
3.907858762385123,False,50,4.013685749133474,-0.105826986748351,42
4.020494708913138,False,51,3.907858762385123,0.11263594652801512,42
3.9686135283259474,False,52,4.020494708913138,-0.05188118058719082,42
4.06068461877922,False,53,3.9686135283259474,0.09207109045327266,42
3.9013271598332855,False,54,4.06068461877922,-0.15935745894593456,42
3.93523511755652,False,55,3.9013271598332855,0.03390795772323463,42
3.914325159608599,False,56,3.93523511755652,-0.020909957947921054,42
3.9800757306928145,False,57,3.914325159608599,0.06575057108421545,42
4.087101139693971,False,58,3.9800757306928145,0.1070254090011562,42
3.959107539710955,False,59,4.087101139693971,-0.12799359998301574,42
3.934116318890128,False,60,3.959107539710955,-0.024991220820826943,42
3.923237140689814,False,61,3.934116318890128,-0.010879178200314144,42
3.908548271898462,False,62,3.923237140689814,-0.014688868791351783,42
4.068896072343577,False,63,3.908548271898462,0.16034780044511487,42
4.090490828329006,False,64,4.068896072343577,0.02159475598542926,42
4.085704896602452,False,65,4.090490828329006,-0.004785931726554615,42
3.94045174758933,False,66,4.085704896602452,-0.1452531490131217,42
4.085649822707836,False,67,3.94045174758933,0.14519807511850624,42
3.965992651349931,False,68,4.085649822707836,-0.11965717135790532,42
3.908686737063809,False,69,3.965992651349931,-0.05730591428612186,42
3.9008386587747528,False,70,3.908686737063809,-0.007848078289056204,42
3.9453013236251673,False,71,3.9008386587747528,0.0444626648504145,42
3.9819728102504928,False,72,3.9453013236251673,0.03667148662532549,42
4.047019957242281,False,73,3.9819728102504928,0.06504714699178793,42
3.9375428111346737,False,74,4.047019957242281,-0.10947714610760695,42
3.922952549525021,False,75,3.9375428111346737,-0.01459026160965271,42
4.042232848989583,False,76,3.922952549525021,0.11928029946456187,42
3.9747015344384415,False,77,4.042232848989583,-0.06753131455114136,42
4.068842509935369,False,78,3.9747015344384415,0.09414097549692713,42
4.040667039563087,False,79,4.068842509935369,-0.02817547037228163,42
3.9744290534643083,False,80,4.040667039563087,-0.06623798609877873,42
4.042951118087533,False,81,3.9744290534643083,0.06852206462322474,42
3.999776857408362,False,82,4.042951118087533,-0.043174260679171184,42
3.9132285619348575,False,83,3.999776857408362,-0.0865482954735044,42
4.06288054854842,False,84,3.9132285619348575,0.14965198661356238,42
4.016380587209586,False,85,4.06288054854842,-0.04649996133883416,42
3.910662105652341,False,86,4.016380587209586,-0.10571848155724473,42
3.933933579051154,False,87,3.910662105652341,0.02327147339881286,42
3.9924188471448385,False,88,3.933933579051154,0.058485268093684706,42
3.932287824089308,False,89,3.9924188471448385,-0.06013102305553053,42
3.9293218335220708,False,90,3.932287824089308,-0.002965990567237231,42
3.9926908150300138,False,91,3.9293218335220708,0.06336898150794301,42
4.014091211035847,False,92,3.9926908150300138,0.021400396005833322,42
4.013868046995387,False,93,4.014091211035847,-0.00022316404046041072,42
4.051132377640277,False,94,4.013868046995387,0.03726433064489054,42
4.018863105475132,False,95,4.051132377640277,-0.03226927216514497,42
4.053279637321335,False,96,4.018863105475132,0.03441653184620286,42
4.08967372318751,False,97,4.053279637321335,0.0363940858661751,42
3.982955029149057,False,98,4.08967372318751,-0.10671869403845324,42
4.034280308799966,False,99,3.982955029149057,0.05132527965090894,42
4.46569111945976,True,100,4.034280308799966,0.43141081065979403,42
4.987377199761673,True,101,4.46569111945976,0.5216860803019134,42
5.341757374635708,True,102,4.987377199761673,0.3543801748740343,42
5.758504095221795,True,103,5.341757374635708,0.4167467205860875,42
6.395145695084558,True,104,5.758504095221795,0.636641599862763,42
6.738655565402854,True,105,6.395145695084558,0.3435098703182957,42
7.337584090644779,True,106,6.738655565402854,0.5989285252419254,42
7.684241676117571,True,107,7.337584090644779,0.3466575854727916,42
8.181811756763972,True,108,7.684241676117571,0.4975700806464012,42
8.680554206124912,True,109,8.181811756763972,0.4987424493609396,42
9.174928528151252,True,110,8.680554206124912,0.49437432202634035,42
9.531252302300924,True,111,9.174928528151252,0.3563237741496721,42
9.982470047999044,True,112,9.531252302300924,0.4512177456981199,42
10.40374595618734,True,113,9.982470047999044,0.42127590818829574,42
10.971094665814665,True,114,10.40374595618734,0.5673487096273249,42
11.395490499384367,True,115,10.971094665814665,0.4243958335697027,42
11.846721411610284,True,116,11.395490499384367,0.4512309122259168,42
12.379393114409813,True,117,11.846721411610284,0.5326717027995294,42
12.733912671406644,True,118,12.379393114409813,0.3545195569968307,42
13.201033021142319,True,119,12.733912671406644,0.4671203497356746,42
13.666230167328724,True,120,13.201033021142319,0.46519714618640506,42
14.079031471089118,True,121,13.666230167328724,0.4128013037603946,42
14.609152106851404,True,122,14.079031471089118,0.5301206357622856,42
15.014315861200014,True,123,14.609152106851404,0.4051637543486102,42
15.642569733496872,True,124,15.014315861200014,0.6282538722968578,42
15.972442355601684,True,125,15.642569733496872,0.32987262210481205,42
16.458530011053117,True,126,15.972442355601684,0.48608765545143306,42
16.90605914550213,True,127,16.458530011053117,0.4475291344490131,42
17.293720990393332,True,128,16.90605914550213,0.3876618448912019,42
17.788303098774918,True,129,17.293720990393332,0.4945821083815858,42
18.371683942634466,True,130,17.788303098774918,0.5833808438595476,42
18.788861749514012,True,131,18.371683942634466,0.41717780687954686,42
19.2938357585028,True,132,18.788861749514012,0.5049740089887891,42
19.749700628922035,True,133,19.2938357585028,0.4558648704192336,42
20.0,False,134,19.749700628922035,0.25029937107796485,42
20.0,False,135,20.0,0.0,42
20.0,False,136,20.0,0.0,42
20.0,False,137,20.0,0.0,42
20.0,False,138,20.0,0.0,42
20.0,False,139,20.0,0.0,42
20.0,False,140,20.0,0.0,42
20.0,False,141,20.0,0.0,42
20.0,False,142,20.0,0.0,42
20.0,False,143,20.0,0.0,42
20.0,False,144,20.0,0.0,42
20.0,False,145,20.0,0.0,42
20.0,False,146,20.0,0.0,42
20.0,False,147,20.0,0.0,42
20.0,False,148,20.0,0.0,42
20.0,False,149,20.0,0.0,42
20.0,False,150,20.0,0.0,42
20.0,False,151,20.0,0.0,42
20.0,False,152,20.0,0.0,42
20.0,False,153,20.0,0.0,42
20.0,False,154,20.0,0.0,42
20.0,False,155,20.0,0.0,42
20.0,False,156,20.0,0.0,42
20.0,False,157,20.0,0.0,42
20.0,False,158,20.0,0.0,42
20.0,False,159,20.0,0.0,42
20.0,False,160,20.0,0.0,42
20.0,False,161,20.0,0.0,42
20.0,False,162,20.0,0.0,42
20.0,False,163,20.0,0.0,42
20.0,False,164,20.0,0.0,42
20.0,False,165,20.0,0.0,42
20.0,False,166,20.0,0.0,42
20.0,False,167,20.0,0.0,42
20.0,False,168,20.0,0.0,42
20.0,False,169,20.0,0.0,42
20.0,False,170,20.0,0.0,42
20.0,False,171,20.0,0.0,42
20.0,False,172,20.0,0.0,42
20.0,False,173,20.0,0.0,42
20.0,False,174,20.0,0.0,42
20.0,False,175,20.0,0.0,42
20.0,False,176,20.0,0.0,42
20.0,False,177,20.0,0.0,42
20.0,False,178,20.0,0.0,42
20.0,False,179,20.0,0.0,42
20.0,False,180,20.0,0.0,42
20.0,False,181,20.0,0.0,42
20.0,False,182,20.0,0.0,42
20.0,False,183,20.0,0.0,42
20.0,False,184,20.0,0.0,42
20.0,False,185,20.0,0.0,42
20.0,False,186,20.0,0.0,42
20.0,False,187,20.0,0.0,42
20.0,False,188,20.0,0.0,42
20.0,False,189,20.0,0.0,42
20.0,False,190,20.0,0.0,42
20.0,False,191,20.0,0.0,42
20.0,False,192,20.0,0.0,42
20.0,False,193,20.0,0.0,42
20.0,False,194,20.0,0.0,42
20.0,False,195,20.0,0.0,42
20.0,False,196,20.0,0.0,42
20.0,False,197,20.0,0.0,42
20.0,False,198,20.0,0.0,42
20.0,False,199,20.0,0.0,42
19.959936208049793,False,200,20.0,-0.040063791950206706,42
20.0,False,201,19.959936208049793,0.040063791950206706,42
19.997507399246473,False,202,20.0,-0.0024926007535270855,42
20.0,False,203,19.997507399246473,0.0024926007535270855,42
20.0,False,204,20.0,0.0,42
20.0,False,205,20.0,0.0,42
20.0,False,206,20.0,0.0,42
19.968997949649722,False,207,20.0,-0.0310020503502777,42
19.96811876797303,False,208,19.968997949649722,-0.0008791816766908767,42
20.0,False,209,19.96811876797303,0.031881232026968576,42
20.0,False,210,20.0,0.0,42
20.0,False,211,20.0,0.0,42
19.92411537693711,False,212,20.0,-0.07588462306289046,42
19.91827956487566,False,213,19.92411537693711,-0.005835812061448564,42
19.925667471342464,False,214,19.91827956487566,0.007387906466803429,42
19.949654332044478,False,215,19.925667471342464,0.0239868607020135,42
19.90080425805931,False,216,19.949654332044478,-0.04885007398516805,42
19.927684896646685,False,217,19.90080425805931,0.026880638587375216,42
19.933368015990705,False,218,19.927684896646685,0.0056831193440203265,42
19.962869304685665,False,219,19.933368015990705,0.02950128869495927,42
19.974124561823675,False,220,19.962869304685665,0.011255257138010677,42
19.976948455783496,False,221,19.974124561823675,0.0028238939598210777,42
19.949011597252625,False,222,19.976948455783496,-0.02793685853087169,42
19.901452005683712,False,223,19.949011597252625,-0.04755959156891265,42
20.0,False,224,19.901452005683712,0.09854799431628791,42
20.0,False,225,20.0,0.0,42
20.0,False,226,20.0,0.0,42
20.0,False,227,20.0,0.0,42
19.924592450926788,False,228,20.0,-0.07540754907321201,42
19.924654777634498,False,229,19.924592450926788,6.232670770955906e-05,42
19.950339364279035,False,230,19.924654777634498,0.025684586644537433,42
20.0,False,231,19.950339364279035,0.04966063572096502,42
20.0,False,232,20.0,0.0,42
19.90132256190883,False,233,20.0,-0.09867743809116902,42
20.0,False,234,19.90132256190883,0.09867743809116902,42
19.934279260456208,False,235,20.0,-0.0657207395437922,42
19.928956990713353,False,236,19.934279260456208,-0.005322269742855212,42
20.0,False,237,19.928956990713353,0.07104300928664742,42
20.0,False,238,20.0,0.0,42
20.0,False,239,20.0,0.0,42
20.0,False,240,20.0,0.0,42
20.0,False,241,20.0,0.0,42
20.0,False,242,20.0,0.0,42
19.90219385497479,False,243,20.0,-0.0978061450252099,42
20.0,False,244,19.90219385497479,0.0978061450252099,42
20.0,False,245,20.0,0.0,42
20.0,False,246,20.0,0.0,42
19.984655924027173,False,247,20.0,-0.015344075972826943,42
19.991181941063147,False,248,19.984655924027173,0.0065260170359735525,42
19.984004186817362,False,249,19.991181941063147,-0.0071777542457844845,42
20.0,False,250,19.984004186817362,0.015995813182637875,42
19.95270812016606,False,251,20.0,-0.047291879833938566,42
20.0,False,252,19.95270812016606,0.047291879833938566,42
19.952428866200076,False,253,20.0,-0.047571133799923615,42
19.9290831348918,False,254,19.952428866200076,-0.02334573130827522,42
20.0,False,255,19.9290831348918,0.07091686510819883,42
19.91959795399533,False,256,20.0,-0.08040204600467149,42
19.95152922266651,False,257,19.91959795399533,0.03193126867118323,42
20.0,False,258,19.95152922266651,0.04847077733348826,42
19.96892261687735,False,259,20.0,-0.03107738312264985,42
20.0,False,260,19.96892261687735,0.03107738312264985,42
20.0,False,261,20.0,0.0,42
19.98947308943074,False,262,20.0,-0.01052691056926136,42
19.902740173844123,False,263,19.98947308943074,-0.08673291558661589,42
19.926000649424925,False,264,19.902740173844123,0.02326047558080191,42
19.962860415941346,False,265,19.926000649424925,0.036859766516421644,42
20.0,False,266,19.962860415941346,0.037139584058653696,42
20.0,False,267,20.0,0.0,42
19.97001807233452,False,268,20.0,-0.029981927665481578,42
20.0,False,269,19.97001807233452,0.029981927665481578,42
20.0,False,270,20.0,0.0,42
20.0,False,271,20.0,0.0,42
20.0,False,272,20.0,0.0,42
20.0,False,273,20.0,0.0,42
19.93957596429646,False,274,20.0,-0.060424035703540824,42
20.0,False,275,19.93957596429646,0.060424035703540824,42
20.0,False,276,20.0,0.0,42
19.967961440490352,False,277,20.0,-0.03203855950964751,42
19.95830358866808,False,278,19.967961440490352,-0.009657851822272079,42
19.945721071837013,False,279,19.95830358866808,-0.012582516831066926,42
20.0,False,280,19.945721071837013,0.05427892816298652,42
19.96451364434609,False,281,20.0,-0.035486355653908674,42
19.94568637198588,False,282,19.96451364434609,-0.018827272360212532,42
20.0,False,283,19.94568637198588,0.05431362801412121,42
19.928783539773764,False,284,20.0,-0.07121646022623551,42
19.91586222515187,False,285,19.928783539773764,-0.012921314621895164,42
19.912824199085875,False,286,19.91586222515187,-0.003038026065993904,42
19.99792699951337,False,287,19.912824199085875,0.08510280042749585,42
20.0,False,288,19.99792699951337,0.002073000486628729,42
19.933998393002117,False,289,20.0,-0.06600160699788304,42
20.0,False,290,19.933998393002117,0.06600160699788304,42
20.0,False,291,20.0,0.0,42
19.95763750811664,False,292,20.0,-0.04236249188335961,42
19.931955243173263,False,293,19.95763750811664,-0.02568226494337722,42
19.991222629261433,False,294,19.931955243173263,0.059267386088169616,42
20.0,False,295,19.991222629261433,0.008777370738567214,42
19.951357295518033,False,296,20.0,-0.04864270448196706,42
19.97612839159403,False,297,19.951357295518033,0.024771096075998145,42
20.0,False,298,19.97612839159403,0.023871608405968914,42
19.97603992857576,False,299,20.0,-0.02396007142424139,42
3.9988378738781307,False,0,0.0,0.0,43
3.915570329119459,False,1,3.9988378738781307,-0.08326754475867171,43
3.9573208171735796,False,2,3.915570329119459,0.04175048805412063,43
4.087823434509223,False,3,3.9573208171735796,0.13050261733564295,43
4.059038076883276,False,4,4.087823434509223,-0.028785357625946695,43
3.9790861617840956,False,5,4.059038076883276,-0.07995191509918032,43
3.939927991765243,False,6,3.9790861617840956,-0.039158170018852356,43
3.9785945566746768,False,7,3.939927991765243,0.03866656490943354,43
3.9396930354921027,False,8,3.9785945566746768,-0.03890152118257406,43
4.094647742214227,False,9,3.9396930354921027,0.1549547067221244,43
3.9298575373418614,False,10,4.094647742214227,-0.16479020487236573,43
4.0733314725664975,False,11,3.9298575373418614,0.14347393522463614,43
3.94441878851693,False,12,4.0733314725664975,-0.12891268404956735,43
4.073032411034587,False,13,3.94441878851693,0.12861362251765707,43
4.061412237186547,False,14,4.073032411034587,-0.011620173848040594,43
4.02750908808659,False,15,4.061412237186547,-0.03390314909995684,43
3.9343890787021114,False,16,4.02750908808659,-0.0931200093844784,43
3.9678438387587107,False,17,3.9343890787021114,0.03345476005659931,43
4.099333114643154,False,18,3.9678438387587107,0.13148927588444348,43
4.000121254883591,False,19,4.099333114643154,-0.09921185975956348,43
4.068045537616445,False,20,4.000121254883591,0.06792428273285456,43
4.094967535863835,False,21,4.068045537616445,0.02692199824738939,43
3.9895239271530376,False,22,4.094967535863835,-0.10544360871079705,43
4.079937895040408,False,23,3.9895239271530376,0.09041396788737055,43
3.9081261199107753,False,24,4.079937895040408,-0.17181177512963286,43
3.9164807021359382,False,25,3.9081261199107753,0.008354582225162943,43
3.9793236545183235,False,26,3.9164807021359382,0.06284295238238524,43
4.085065289668548,False,27,3.9793236545183235,0.1057416351502245,43
3.9136521848698904,False,28,4.085065289668548,-0.17141310479865757,43
4.048309529063696,False,29,3.9136521848698904,0.13465734419380526,43
3.9708196413805124,False,30,4.048309529063696,-0.07748988768318332,43
3.9579234866597983,False,31,3.9708196413805124,-0.012896154720714037,43
4.051051531371892,False,32,3.9579234866597983,0.09312804471209324,43
3.9315944761726866,False,33,4.051051531371892,-0.11945705519920491,43
4.09280903901961,False,34,3.9315944761726866,0.16121456284692304,43
3.9715741051290316,False,35,4.09280903901961,-0.12123493389057804,43
4.010238899257444,False,36,3.9715741051290316,0.03866479412841217,43
4.01072120523893,False,37,4.010238899257444,0.0004823059814862418,43
4.090806087724868,False,38,4.01072120523893,0.08008488248593792,43
4.0422323133810965,False,39,4.090806087724868,-0.048573774343771525,43
3.982418205376038,False,40,4.0422323133810965,-0.059814108005058486,43
3.9841333203097458,False,41,3.982418205376038,0.0017151149337077953,43
4.089212030298329,False,42,3.9841333203097458,0.10507870998858326,43
3.950610660029762,False,43,4.089212030298329,-0.1386013702685669,43
4.0863430406229755,False,44,3.950610660029762,0.13573238059321335,43
3.980204824032832,False,45,4.0863430406229755,-0.10613821659014366,43
3.9033660742410836,False,46,3.980204824032832,-0.0768387497917482,43
3.9728825012655307,False,47,3.9033660742410836,0.06951642702444705,43
3.9307184720572943,False,48,3.9728825012655307,-0.042164029208236364,43
3.9331010160532225,False,49,3.9307184720572943,0.002382543995928188,43
3.9607097690142385,False,50,3.9331010160532225,0.02760875296101606,43
3.9179650569394306,False,51,3.9607097690142385,-0.0427447120748079,43
4.092623330932679,False,52,3.9179650569394306,0.17465827399324851,43
3.9156643555647808,False,53,4.092623330932679,-0.1769589753678984,43
3.9963452748078336,False,54,3.9156643555647808,0.08068091924305287,43
3.9896302766897467,False,55,3.9963452748078336,-0.006714998118086957,43
3.9319226704587877,False,56,3.9896302766897467,-0.05770760623095894,43
3.9016083717354046,False,57,3.9319226704587877,-0.030314298723383093,43
3.94515755502762,False,58,3.9016083717354046,0.04354918329221524,43
4.010289679248779,False,59,3.94515755502762,0.06513212422115933,43
3.9941685600866985,False,60,4.010289679248779,-0.0161211191620807,43
4.036899474821527,False,61,3.9941685600866985,0.042730914734828485,43
4.079130454647271,False,62,4.036899474821527,0.042230979825744086,43
4.0792782308881534,False,63,4.079130454647271,0.00014777624088235797,43
3.948475921248103,False,64,4.0792782308881534,-0.13080230964005057,43
4.007388762049494,False,65,3.948475921248103,0.058912840801391475,43
4.078990319350391,False,66,4.007388762049494,0.07160155730089635,43
3.9255401845730127,False,67,4.078990319350391,-0.153450134777378,43
4.036401828082397,False,68,3.9255401845730127,0.11086164350938432,43
4.022390630628239,False,69,4.036401828082397,-0.014011197454157909,43
4.009963070557613,False,70,4.022390630628239,-0.012427560070626065,43
3.9916438370217975,False,71,4.009963070557613,-0.01831923353581555,43
3.9678286455834444,False,72,3.9916438370217975,-0.02381519143835309,43
4.094222230789104,False,73,3.9678286455834444,0.12639358520565924,43
4.020353830995973,False,74,4.094222230789104,-0.0738683997931302,43
3.9714718555999986,False,75,4.020353830995973,-0.04888197539597483,43
4.011865122140787,False,76,3.9714718555999986,0.04039326654078801,43
3.9191933182187983,False,77,4.011865122140787,-0.09267180392198826,43
3.9141587440695664,False,78,3.9191933182187983,-0.0050345741492319185,43
4.082026627805985,False,79,3.9141587440695664,0.16786788373641848,43
4.060362607436028,False,80,4.082026627805985,-0.021664020369956738,43
4.004618137304401,False,81,4.060362607436028,-0.055744470131626755,43
4.032562308290925,False,82,4.004618137304401,0.027944170986523353,43
4.064102306886296,False,83,4.032562308290925,0.031539998595371266,43
3.993220428262811,False,84,4.064102306886296,-0.07088187862348505,43
3.9444353692982235,False,85,3.993220428262811,-0.04878505896458751,43
3.9834822844872666,False,86,3.9444353692982235,0.03904691518904313,43
3.934000912820714,False,87,3.9834822844872666,-0.049481371666552754,43
3.9667922677462704,False,88,3.934000912820714,0.032791354925556515,43
3.9644316090843095,False,89,3.9667922677462704,-0.0023606586619608905,43
4.066496035492284,False,90,3.9644316090843095,0.1020644264079742,43
4.077815938742146,False,91,4.066496035492284,0.011319903249862762,43
3.9339303080075503,False,92,4.077815938742146,-0.14388563073459615,43
4.086656642827454,False,93,3.9339303080075503,0.15272633481990372,43
4.05757384348192,False,94,4.086656642827454,-0.029082799345533594,43
3.9460958712804874,False,95,4.05757384348192,-0.11147797220143296,43
4.099338482282982,False,96,3.9460958712804874,0.15324261100249448,43
3.9754094929026786,False,97,4.099338482282982,-0.12392898938030328,43
4.006540484608066,False,98,3.9754094929026786,0.031130991705387245,43
3.950657636187308,False,99,4.006540484608066,-0.05588284842075808,43
4.351546523822951,True,100,3.950657636187308,0.40088888763564334,43
4.771204032965119,True,101,4.351546523822951,0.4196575091421675,43
5.195048868512983,True,102,4.771204032965119,0.42384483554786456,43
5.788579202301664,True,103,5.195048868512983,0.5935303337886806,43
6.112836466781527,True,104,5.788579202301664,0.32425726447986314,43
6.589541085564447,True,105,6.112836466781527,0.4767046187829198,43
6.939723703659282,True,106,6.589541085564447,0.3501826180948351,43
7.339458284969162,True,107,6.939723703659282,0.3997345813098798,43
7.886725384322471,True,108,7.339458284969162,0.5472670993533093,43
8.213481249690366,True,109,7.886725384322471,0.326755865367895,43
8.8014720756018,True,110,8.213481249690366,0.5879908259114348,43
9.05117659955014,True,111,8.8014720756018,0.24970452394833842,43
9.506760192407823,True,112,9.05117659955014,0.4555835928576837,43
9.99928024132329,True,113,9.506760192407823,0.49252004891546797,43
10.507927873246176,True,114,9.99928024132329,0.5086476319228854,43
10.987377982108303,True,115,10.507927873246176,0.47945010886212636,43
11.395094751059041,True,116,10.987377982108303,0.4077167689507384,43
11.683797965821702,True,117,11.395094751059041,0.2887032147626609,43
12.303566684205293,True,118,11.683797965821702,0.6197687183835914,43
12.643249396445345,True,119,12.303566684205293,0.33968271224005164,43
13.151111586170959,True,120,12.643249396445345,0.5078621897256141,43
13.463215614700225,True,121,13.151111586170959,0.3121040285292658,43
13.889692335472803,True,122,13.463215614700225,0.4264767207725786,43
14.330910330417119,True,123,13.889692335472803,0.44121799494431535,43
14.789672118865054,True,124,14.330910330417119,0.45876178844793536,43
15.16002312871842,True,125,14.789672118865054,0.37035100985336555,43
15.706336444550423,True,126,15.16002312871842,0.5463133158320037,43
15.985024647506618,True,127,15.706336444550423,0.2786882029561948,43
16.421565863317017,True,128,15.985024647506618,0.43654121581039895,43
16.86297095708284,True,129,16.421565863317017,0.44140509376582315,43
17.30186615008393,True,130,16.86297095708284,0.43889519300109114,43
17.76409872004152,True,131,17.30186615008393,0.4622325699575889,43
18.162299964688348,True,132,17.76409872004152,0.3982012446468275,43
18.73209776371177,True,133,18.162299964688348,0.5697977990234229,43
19.202502630887555,True,134,18.73209776371177,0.4704048671757839,43
19.607690141266602,True,135,19.202502630887555,0.4051875103790472,43
19.97322221595486,True,136,19.607690141266602,0.3655320746882573,43
20.0,False,137,19.97322221595486,0.026777784045140862,43
20.0,False,138,20.0,0.0,43
20.0,False,139,20.0,0.0,43
20.0,False,140,20.0,0.0,43
20.0,False,141,20.0,0.0,43
20.0,False,142,20.0,0.0,43
20.0,False,143,20.0,0.0,43
20.0,False,144,20.0,0.0,43
20.0,False,145,20.0,0.0,43
20.0,False,146,20.0,0.0,43
20.0,False,147,20.0,0.0,43
20.0,False,148,20.0,0.0,43
20.0,False,149,20.0,0.0,43
20.0,False,150,20.0,0.0,43
20.0,False,151,20.0,0.0,43
20.0,False,152,20.0,0.0,43
20.0,False,153,20.0,0.0,43
20.0,False,154,20.0,0.0,43
20.0,False,155,20.0,0.0,43
20.0,False,156,20.0,0.0,43
20.0,False,157,20.0,0.0,43
20.0,False,158,20.0,0.0,43
20.0,False,159,20.0,0.0,43
20.0,False,160,20.0,0.0,43
20.0,False,161,20.0,0.0,43
20.0,False,162,20.0,0.0,43
20.0,False,163,20.0,0.0,43
20.0,False,164,20.0,0.0,43
20.0,False,165,20.0,0.0,43
20.0,False,166,20.0,0.0,43
20.0,False,167,20.0,0.0,43
20.0,False,168,20.0,0.0,43
20.0,False,169,20.0,0.0,43
20.0,False,170,20.0,0.0,43
20.0,False,171,20.0,0.0,43
20.0,False,172,20.0,0.0,43
20.0,False,173,20.0,0.0,43
20.0,False,174,20.0,0.0,43
20.0,False,175,20.0,0.0,43
20.0,False,176,20.0,0.0,43
20.0,False,177,20.0,0.0,43
20.0,False,178,20.0,0.0,43
20.0,False,179,20.0,0.0,43
20.0,False,180,20.0,0.0,43
20.0,False,181,20.0,0.0,43
20.0,False,182,20.0,0.0,43
20.0,False,183,20.0,0.0,43
20.0,False,184,20.0,0.0,43
20.0,False,185,20.0,0.0,43
20.0,False,186,20.0,0.0,43
20.0,False,187,20.0,0.0,43
20.0,False,188,20.0,0.0,43
20.0,False,189,20.0,0.0,43
20.0,False,190,20.0,0.0,43
20.0,False,191,20.0,0.0,43
20.0,False,192,20.0,0.0,43
20.0,False,193,20.0,0.0,43
20.0,False,194,20.0,0.0,43
20.0,False,195,20.0,0.0,43
20.0,False,196,20.0,0.0,43
20.0,False,197,20.0,0.0,43
20.0,False,198,20.0,0.0,43
20.0,False,199,20.0,0.0,43
20.0,False,200,20.0,0.0,43
20.0,False,201,20.0,0.0,43
19.932585433628507,False,202,20.0,-0.06741456637149312,43
19.935568023719647,False,203,19.932585433628507,0.0029825900911397696,43
20.0,False,204,19.935568023719647,0.06443197628035335,43
20.0,False,205,20.0,0.0,43
19.930560430674984,False,206,20.0,-0.06943956932501649,43
19.91518414343509,False,207,19.930560430674984,-0.01537628723989215,43
19.958273071606918,False,208,19.91518414343509,0.043088928171826524,43
20.0,False,209,19.958273071606918,0.04172692839308212,43
20.0,False,210,20.0,0.0,43
19.985894983222728,False,211,20.0,-0.014105016777271828,43
20.0,False,212,19.985894983222728,0.014105016777271828,43
19.901839183128324,False,213,20.0,-0.0981608168716761,43
19.96561941730414,False,214,19.901839183128324,0.06378023417581602,43
19.92032311932065,False,215,19.96561941730414,-0.045296297983490774,43
20.0,False,216,19.92032311932065,0.07967688067935086,43
20.0,False,217,20.0,0.0,43
19.985436355389627,False,218,20.0,-0.014563644610372961,43
19.967980722425555,False,219,19.985436355389627,-0.017455632964072265,43
20.0,False,220,19.967980722425555,0.032019277574445226,43
19.98118856788916,False,221,20.0,-0.018811432110840798,43
20.0,False,222,19.98118856788916,0.018811432110840798,43
20.0,False,223,20.0,0.0,43
19.98808562861297,False,224,20.0,-0.011914371387028666,43
20.0,False,225,19.98808562861297,0.011914371387028666,43
19.955960434018472,False,226,20.0,-0.04403956598152803,43
19.94240609195467,False,227,19.955960434018472,-0.013554342063802238,43
19.901138974114986,False,228,19.94240609195467,-0.041267117839684175,43
20.0,False,229,19.901138974114986,0.09886102588501444,43
20.0,False,230,20.0,0.0,43
19.99435565806915,False,231,20.0,-0.005644341930850061,43
20.0,False,232,19.99435565806915,0.005644341930850061,43
19.978161236318225,False,233,20.0,-0.02183876368177451,43
19.980363356491036,False,234,19.978161236318225,0.002202120172810851,43
19.995694231109706,False,235,19.980363356491036,0.015330874618669554,43
19.952205066811096,False,236,19.995694231109706,-0.043489164298609495,43
19.992492584081365,False,237,19.952205066811096,0.04028751727026858,43
19.90531857331345,False,238,19.992492584081365,-0.08717401076791376,43
20.0,False,239,19.90531857331345,0.09468142668654878,43
20.0,False,240,20.0,0.0,43
20.0,False,241,20.0,0.0,43
19.970912563366806,False,242,20.0,-0.02908743663319413,43
20.0,False,243,19.970912563366806,0.02908743663319413,43
19.970547696813615,False,244,20.0,-0.029452303186385365,43
20.0,False,245,19.970547696813615,0.029452303186385365,43
19.90758444013994,False,246,20.0,-0.09241555986006134,43
20.0,False,247,19.90758444013994,0.09241555986006134,43
20.0,False,248,20.0,0.0,43
20.0,False,249,20.0,0.0,43
19.91276697363755,False,250,20.0,-0.08723302636245123,43
19.951926118680557,False,251,19.91276697363755,0.039159145043008436,43
19.942681104798833,False,252,19.951926118680557,-0.009245013881724162,43
20.0,False,253,19.942681104798833,0.05731889520116695,43
20.0,False,254,20.0,0.0,43
20.0,False,255,20.0,0.0,43
20.0,False,256,20.0,0.0,43
19.991195733452,False,257,20.0,-0.008804266548001038,43
20.0,False,258,19.991195733452,0.008804266548001038,43
20.0,False,259,20.0,0.0,43
19.974382968801148,False,260,20.0,-0.025617031198851947,43
20.0,False,261,19.974382968801148,0.025617031198851947,43
20.0,False,262,20.0,0.0,43
19.91228648902941,False,263,20.0,-0.0877135109705911,43
20.0,False,264,19.91228648902941,0.0877135109705911,43
20.0,False,265,20.0,0.0,43
19.98046333341248,False,266,20.0,-0.019536666587519846,43
20.0,False,267,19.98046333341248,0.019536666587519846,43
19.993233237900526,False,268,20.0,-0.006766762099474022,43
19.99537521334495,False,269,19.993233237900526,0.0021419754444238492,43
19.956139425138026,False,270,19.99537521334495,-0.039235788206923417,43
19.92195654474019,False,271,19.956139425138026,-0.0341828803978359,43
20.0,False,272,19.92195654474019,0.07804345525980949,43
20.0,False,273,20.0,0.0,43
19.905803065640328,False,274,20.0,-0.09419693435967247,43
20.0,False,275,19.905803065640328,0.09419693435967247,43
20.0,False,276,20.0,0.0,43
19.992284248712657,False,277,20.0,-0.007715751287342698,43
19.90929030970493,False,278,19.992284248712657,-0.08299393900772856,43
20.0,False,279,19.90929030970493,0.09070969029507125,43
19.931944142198414,False,280,20.0,-0.06805585780158552,43
19.97986357768834,False,281,19.931944142198414,0.047919435489927054,43
19.985572790132736,False,282,19.97986357768834,0.005709212444394041,43
20.0,False,283,19.985572790132736,0.014427209867264423,43
20.0,False,284,20.0,0.0,43
19.96419713041747,False,285,20.0,-0.035802869582528984,43
20.0,False,286,19.96419713041747,0.035802869582528984,43
20.0,False,287,20.0,0.0,43
20.0,False,288,20.0,0.0,43
20.0,False,289,20.0,0.0,43
19.98100451098747,False,290,20.0,-0.018995489012528566,43
20.0,False,291,19.98100451098747,0.018995489012528566,43
19.92528750831153,False,292,20.0,-0.07471249168846938,43
19.928681125451746,False,293,19.92528750831153,0.0033936171402153548,43
19.916735956296264,False,294,19.928681125451746,-0.011945169155481494,43
20.0,False,295,19.916735956296264,0.08326404370373552,43
20.0,False,296,20.0,0.0,43
19.993122619108473,False,297,20.0,-0.0068773808915274515,43
20.0,False,298,19.993122619108473,0.0068773808915274515,43
19.909603062832808,False,299,20.0,-0.09039693716719199,43
4.025938412789151,False,0,0.0,0.0,44
4.051754238982122,False,1,4.025938412789151,0.025815826192970626,44
4.029153241008902,False,2,4.051754238982122,-0.022600997973220238,44
3.9566655375233526,False,3,4.029153241008902,-0.07248770348554912,44
3.9455020003927466,False,4,3.9566655375233526,-0.011163537130606027,44
4.087477530883671,False,5,3.9455020003927466,0.14197553049092448,44
4.023834346524528,False,6,4.087477530883671,-0.06364318435914296,44
3.9528814840553173,False,7,4.023834346524528,-0.07095286246921084,44
3.9169322963956748,False,8,3.9528814840553173,-0.0359491876596425,44
4.081376333690857,False,9,3.9169322963956748,0.1644440372951821,44
4.062897475747262,False,10,4.081376333690857,-0.018478857943595273,44
4.00086299494944,False,11,4.062897475747262,-0.0620344807978217,44
4.089953931719946,False,12,4.00086299494944,0.08909093677050617,44
4.023300731777015,False,13,4.089953931719946,-0.06665319994293117,44
3.9092993459942886,False,14,4.023300731777015,-0.11400138578272623,44
4.058515891151914,False,15,3.9092993459942886,0.14921654515762528,44
4.038072728326047,False,16,4.058515891151914,-0.02044316282586678,44
3.9301156565301754,False,17,4.038072728326047,-0.10795707179587177,44
4.033688088192066,False,18,3.9301156565301754,0.10357243166189045,44
3.9960383175003176,False,19,4.033688088192066,-0.03764977069174824,44
4.0570130342465065,False,20,3.9960383175003176,0.06097471674618893,44
4.078696401185174,False,21,4.0570130342465065,0.021683366938667348,44
3.912718270715263,False,22,4.078696401185174,-0.16597813046991083,44
4.033349360228048,False,23,3.912718270715263,0.12063108951278467,44
3.9886676917145083,False,24,4.033349360228048,-0.044681668513539385,44
3.9471739137180384,False,25,3.9886676917145083,-0.041493777996469916,44
3.9157678238278715,False,26,3.9471739137180384,-0.03140608989016691,44
4.034617133948985,False,27,3.9157678238278715,0.11884931012111366,44
4.067907759829063,False,28,4.034617133948985,0.033290625880077584,44
3.9069047854866676,False,29,4.067907759829063,-0.16100297434239508,44
3.9534202188948964,False,30,3.9069047854866676,0.046515433408228724,44
3.9288846064764034,False,31,3.9534202188948964,-0.024535612418493002,44
4.055253587071872,False,32,3.9288846064764034,0.1263689805954682,44
4.07371043138041,False,33,4.055253587071872,0.018456844308538223,44
4.056623791636302,False,34,4.07371043138041,-0.0170866397441074,44
4.074848711367903,False,35,4.056623791636302,0.01822491973160023,44
3.9761158976455335,False,36,4.074848711367903,-0.09873281372236908,44
3.993112465710552,False,37,3.9761158976455335,0.01699656806501837,44
3.9979611729447506,False,38,3.993112465710552,0.004848707234198724,44
3.9147105079578233,False,39,3.9979611729447506,-0.08325066498692735,44
3.952541927179668,False,40,3.9147105079578233,0.03783141922184452,44
3.9464980294266065,False,41,3.952541927179668,-0.006043897753061245,44
3.9389438930709137,False,42,3.9464980294266065,-0.007554136355692798,44
3.9494798409643623,False,43,3.9389438930709137,0.010535947893448583,44
3.959162107721258,False,44,3.9494798409643623,0.009682266756895874,44
4.034208282832048,False,45,3.959162107721258,0.07504617511078981,44
3.962934519166054,False,46,4.034208282832048,-0.07127376366599414,44
4.075498080894896,False,47,3.962934519166054,0.11256356172884185,44
4.000834257979818,False,48,4.075498080894896,-0.07466382291507756,44
4.009659545806875,False,49,4.000834257979818,0.00882528782705716,44
4.0912218960721685,False,50,4.009659545806875,0.08156235026529313,44
3.959660198979017,False,51,4.0912218960721685,-0.13156169709315124,44
3.9077034312215866,False,52,3.959660198979017,-0.05195676775743063,44
3.9687567951287988,False,53,3.9077034312215866,0.061053363907212166,44
4.0574548357019316,False,54,3.9687567951287988,0.0886980405731328,44
3.994571155174619,False,55,4.0574548357019316,-0.06288368052731252,44
4.0321677538888885,False,56,3.994571155174619,0.03759659871426946,44
4.013267530318535,False,57,4.0321677538888885,-0.018900223570353702,44
3.9238191967565723,False,58,4.013267530318535,-0.08944833356196247,44
3.962807349823241,False,59,3.9238191967565723,0.038988153066668474,44
3.921727795556024,False,60,3.962807349823241,-0.04107955426721688,44
3.9928796046987975,False,61,3.921727795556024,0.07115180914277364,44
4.068040378482627,False,62,3.9928796046987975,0.07516077378382979,44
4.061188810083022,False,63,4.068040378482627,-0.0068515683996057675,44
4.099798890289191,False,64,4.061188810083022,0.03861008020616907,44
4.02779566851812,False,65,4.099798890289191,-0.07200322177107044,44
3.929430991470979,False,66,4.02779566851812,-0.09836467704714114,44
4.087272086098932,False,67,3.929430991470979,0.15784109462795293,44
4.054541825619186,False,68,4.087272086098932,-0.03273026047974614,44
3.9794508438205933,False,69,4.054541825619186,-0.07509098179859253,44
4.058422929933303,False,70,3.9794508438205933,0.07897208611270967,44
3.9855231021511424,False,71,4.058422929933303,-0.07289982778216064,44
4.0280683682035265,False,72,3.9855231021511424,0.04254526605238418,44
3.903144582555986,False,73,4.0280683682035265,-0.1249237856475407,44
3.9347653401510474,False,74,3.903144582555986,0.031620757595061555,44
3.9163147953764197,False,75,3.9347653401510474,-0.01845054477462771,44
4.066509626735518,False,76,3.9163147953764197,0.15019483135909795,44
4.076325843215977,False,77,4.066509626735518,0.009816216480459161,44
3.910878888993891,False,78,4.076325843215977,-0.165446954222086,44
4.001859304896935,False,79,3.910878888993891,0.09098041590304407,44
3.956183043444553,False,80,4.001859304896935,-0.045676261452381794,44
3.946655191996423,False,81,3.956183043444553,-0.009527851448130065,44
3.9763072696831543,False,82,3.946655191996423,0.029652077686731282,44
3.9165779971290706,False,83,3.9763072696831543,-0.05972927255408367,44
4.095752135752836,False,84,3.9165779971290706,0.17917413862376508,44
3.987804366865792,False,85,4.095752135752836,-0.1079477688870436,44
3.977863824061376,False,86,3.987804366865792,-0.00994054280441592,44
3.9309187438869517,False,87,3.977863824061376,-0.04694508017442445,44
3.938210910085853,False,88,3.9309187438869517,0.007292166198901384,44
4.063903883589127,False,89,3.938210910085853,0.1256929735032739,44
4.0779035515612545,False,90,4.063903883589127,0.013999667972127483,44
4.006883983336544,False,91,4.0779035515612545,-0.07101956822471056,44
4.0562957620167746,False,92,4.006883983336544,0.04941177868023061,44
3.9899110361734302,False,93,4.0562957620167746,-0.06638472584334432,44
3.9781018120241463,False,94,3.9899110361734302,-0.011809224149283981,44
4.0016373645560375,False,95,3.9781018120241463,0.023535552531891213,44
4.094756739001092,False,96,4.0016373645560375,0.09311937444505425,44
4.026964940564001,False,97,4.094756739001092,-0.06779179843709038,44
3.9628470503896858,False,98,4.026964940564001,-0.06411789017431557,44
3.985751009984536,False,99,3.9628470503896858,0.022903959594850143,44
4.324953358671528,True,100,3.985751009984536,0.33920234868699195,44
4.608630366920532,True,101,4.324953358671528,0.2836770082490041,44
4.849500001971362,True,102,4.608630366920532,0.2408696350508297,44
5.11495748691103,True,103,4.849500001971362,0.2654574849396685,44
5.332243007841514,True,104,5.11495748691103,0.21728552093048403,44
5.56743877234801,True,105,5.332243007841514,0.23519576450649549,44
5.767862569998414,True,106,5.56743877234801,0.2004237976504042,44
5.988125287542365,True,107,5.767862569998414,0.22026271754395133,44
6.222846827332259,True,108,5.988125287542365,0.23472153978989407,44
6.50846400662564,True,109,6.222846827332259,0.2856171792933804,44
6.856031765507339,True,110,6.50846400662564,0.34756775888169944,44
7.007329866586136,True,111,6.856031765507339,0.1512981010787966,44
7.155660501320708,True,112,7.007329866586136,0.1483306347345721,44
7.455475178095972,True,113,7.155660501320708,0.29981467677526386,44
7.745271260375791,True,114,7.455475178095972,0.28979608227981934,44
8.017503771186364,True,115,7.745271260375791,0.2722325108105732,44
8.341650210711338,True,116,8.017503771186364,0.3241464395249736,44
8.477030098246562,True,117,8.341650210711338,0.13537988753522434,44
8.74441063766646,True,118,8.477030098246562,0.26738053941989826,44
8.979397659236593,True,119,8.74441063766646,0.23498702157013263,44
9.174085890820304,True,120,8.979397659236593,0.1946882315837115,44
9.462961795278781,True,121,9.174085890820304,0.288875904458477,44
9.827097950828534,True,122,9.462961795278781,0.36413615554975287,44
9.89866118402604,True,123,9.827097950828534,0.07156323319750513,44
10.188807008663739,True,124,9.89866118402604,0.29014582463769933,44
10.50644973956714,True,125,10.188807008663739,0.3176427309034011,44
10.724636068711634,True,126,10.50644973956714,0.2181863291444941,44
11.002346391737543,True,127,10.724636068711634,0.27771032302590903,44
11.281143089371454,True,128,11.002346391737543,0.27879669763391135,44
11.505520546162455,True,129,11.281143089371454,0.22437745679100018,44
11.771869341117347,True,130,11.505520546162455,0.26634879495489194,44
11.918202533080029,True,131,11.771869341117347,0.14633319196268246,44
12.239469624244368,True,132,11.918202533080029,0.32126709116433894,44
12.472694400908233,True,133,12.239469624244368,0.23322477666386554,44
12.681029962594515,True,134,12.472694400908233,0.20833556168628142,44
13.05354733766365,True,135,12.681029962594515,0.37251737506913507,44
13.208065620178484,True,136,13.05354733766365,0.15451828251483413,44
13.482950392820882,True,137,13.208065620178484,0.2748847726423982,44
13.67480073200849,True,138,13.482950392820882,0.1918503391876083,44
14.03792667332128,True,139,13.67480073200849,0.36312594131278964,44
14.259957449749997,True,140,14.03792667332128,0.22203077642871705,44
14.475321595862285,True,141,14.259957449749997,0.2153641461122877,44
14.628072831316574,True,142,14.475321595862285,0.15275123545428926,44
14.999603809028917,True,143,14.628072831316574,0.371530977712343,44
15.175870978068774,True,144,14.999603809028917,0.17626716903985695,44
15.37549778775763,True,145,15.175870978068774,0.1996268096888567,44
15.828079324915668,True,146,15.37549778775763,0.4525815371580375,44
16.015404406225745,True,147,15.828079324915668,0.1873250813100764,44
16.194207462158797,True,148,16.015404406225745,0.17880305593305224,44
16.50739374611331,True,149,16.194207462158797,0.3131862839545114,44
16.743917395608932,True,150,16.50739374611331,0.23652364949562354,44
16.909119014363778,True,151,16.743917395608932,0.16520161875484618,44
17.208432630707414,True,152,16.909119014363778,0.2993136163436354,44
17.558130862562006,True,153,17.208432630707414,0.3496982318545925,44
17.791361534302744,True,154,17.558130862562006,0.23323067174073842,44
17.993202816706226,True,155,17.791361534302744,0.20184128240348187,44
18.18158707579209,True,156,17.993202816706226,0.18838425908586487,44
18.502203885539718,True,157,18.18158707579209,0.3206168097476265,44
18.71278375495707,True,158,18.502203885539718,0.21057986941735152,44
18.841732623772895,True,159,18.71278375495707,0.1289488688158258,44
19.17991102541513,True,160,18.841732623772895,0.3381784016422351,44
19.51313995369959,True,161,19.17991102541513,0.33322892828445916,44
19.78266551324856,True,162,19.51313995369959,0.2695255595489705,44
19.99118520731873,True,163,19.78266551324856,0.20851969407016924,44
20.0,False,164,19.99118520731873,0.008814792681270944,44
20.0,False,165,20.0,0.0,44
20.0,False,166,20.0,0.0,44
20.0,False,167,20.0,0.0,44
20.0,False,168,20.0,0.0,44
20.0,False,169,20.0,0.0,44
20.0,False,170,20.0,0.0,44
20.0,False,171,20.0,0.0,44
20.0,False,172,20.0,0.0,44
20.0,False,173,20.0,0.0,44
20.0,False,174,20.0,0.0,44
20.0,False,175,20.0,0.0,44
20.0,False,176,20.0,0.0,44
20.0,False,177,20.0,0.0,44
20.0,False,178,20.0,0.0,44
20.0,False,179,20.0,0.0,44
20.0,False,180,20.0,0.0,44
20.0,False,181,20.0,0.0,44
20.0,False,182,20.0,0.0,44
20.0,False,183,20.0,0.0,44
20.0,False,184,20.0,0.0,44
20.0,False,185,20.0,0.0,44
20.0,False,186,20.0,0.0,44
20.0,False,187,20.0,0.0,44
20.0,False,188,20.0,0.0,44
20.0,False,189,20.0,0.0,44
20.0,False,190,20.0,0.0,44
20.0,False,191,20.0,0.0,44
20.0,False,192,20.0,0.0,44
20.0,False,193,20.0,0.0,44
20.0,False,194,20.0,0.0,44
20.0,False,195,20.0,0.0,44
20.0,False,196,20.0,0.0,44
20.0,False,197,20.0,0.0,44
20.0,False,198,20.0,0.0,44
20.0,False,199,20.0,0.0,44
19.964700929317868,False,200,20.0,-0.03529907068213234,44
20.0,False,201,19.964700929317868,0.03529907068213234,44
20.0,False,202,20.0,0.0,44
20.0,False,203,20.0,0.0,44
19.976045301626886,False,204,20.0,-0.023954698373113814,44
19.910772649459272,False,205,19.976045301626886,-0.06527265216761435,44
20.0,False,206,19.910772649459272,0.08922735054072817,44
19.983739998459388,False,207,20.0,-0.016260001540612024,44
19.95575881424214,False,208,19.983739998459388,-0.02798118421724638,44
19.980248269709985,False,209,19.95575881424214,0.024489455467843868,44
19.989161691543902,False,210,19.980248269709985,0.008913421833916857,44
19.986003661990768,False,211,19.989161691543902,-0.0031580295531341562,44
19.990786221905513,False,212,19.986003661990768,0.004782559914744411,44
20.0,False,213,19.990786221905513,0.009213778094487424,44
19.9039605737792,False,214,20.0,-0.09603942622079842,44
19.925916637276043,False,215,19.9039605737792,0.021956063496840983,44
19.989781698503315,False,216,19.925916637276043,0.06386506122727198,44
20.0,False,217,19.989781698503315,0.010218301496685456,44
19.932097063017764,False,218,20.0,-0.06790293698223593,44
19.94406836410431,False,219,19.932097063017764,0.01197130108654676,44
19.971522508111267,False,220,19.94406836410431,0.027454144006956227,44
19.996434916518364,False,221,19.971522508111267,0.024912408407097075,44
20.0,False,222,19.996434916518364,0.0035650834816358667,44
19.92138509886552,False,223,20.0,-0.078614901134479,44
19.99568351569342,False,224,19.92138509886552,0.07429841682789728,44
19.972397096154243,False,225,19.99568351569342,-0.02328641953917554,44
20.0,False,226,19.972397096154243,0.027602903845757254,44
20.0,False,227,20.0,0.0,44
19.902305224668307,False,228,20.0,-0.0976947753316928,44
20.0,False,229,19.902305224668307,0.0976947753316928,44
20.0,False,230,20.0,0.0,44
19.976300458052055,False,231,20.0,-0.02369954194794488,44
19.94304186343975,False,232,19.976300458052055,-0.03325859461230607,44
19.955263665703967,False,233,19.94304186343975,0.012221802264217985,44
19.947061614082063,False,234,19.955263665703967,-0.008202051621903905,44
19.95639986702338,False,235,19.947061614082063,0.009338252941315517,44
19.963636189600916,False,236,19.95639986702338,0.007236322577536924,44
19.9257339778911,False,237,19.963636189600916,-0.03790221170981667,44
19.9681379815288,False,238,19.9257339778911,0.04240400363769936,44
20.0,False,239,19.9681379815288,0.031862018471201736,44
19.92277898678297,False,240,20.0,-0.07722101321703079,44
20.0,False,241,19.92277898678297,0.07722101321703079,44
20.0,False,242,20.0,0.0,44
19.993610090544834,False,243,20.0,-0.006389909455165821,44
19.900640128256914,False,244,19.993610090544834,-0.09296996228792054,44
20.0,False,245,19.900640128256914,0.09935987174308636,44
20.0,False,246,20.0,0.0,44
20.0,False,247,20.0,0.0,44
20.0,False,248,20.0,0.0,44
20.0,False,249,20.0,0.0,44
19.97770062606743,False,250,20.0,-0.022299373932568756,44
20.0,False,251,19.97770062606743,0.022299373932568756,44
19.96618485731376,False,252,20.0,-0.03381514268624031,44
19.987505983310403,False,253,19.96618485731376,0.02132112599664282,44
20.0,False,254,19.987505983310403,0.012494016689597487,44
19.96481955139289,False,255,20.0,-0.035180448607111,44
20.0,False,256,19.96481955139289,0.035180448607111,44
20.0,False,257,20.0,0.0,44
19.919186511394578,False,258,20.0,-0.08081348860542192,44
20.0,False,259,19.919186511394578,0.08081348860542192,44
20.0,False,260,20.0,0.0,44
20.0,False,261,20.0,0.0,44
20.0,False,262,20.0,0.0,44
19.99823670985873,False,263,20.0,-0.0017632901412696356,44
20.0,False,264,19.99823670985873,0.0017632901412696356,44
19.974759712540443,False,265,20.0,-0.025240287459556754,44
20.0,False,266,19.974759712540443,0.025240287459556754,44
20.0,False,267,20.0,0.0,44
19.9165853819753,False,268,20.0,-0.08341461802470107,44
19.988149696075162,False,269,19.9165853819753,0.07156431409986297,44
19.994652015936804,False,270,19.988149696075162,0.006502319861642292,44
20.0,False,271,19.994652015936804,0.00534798406319581,44
19.938514122647913,False,272,20.0,-0.061485877352087215,44
20.0,False,273,19.938514122647913,0.061485877352087215,44
20.0,False,274,20.0,0.0,44
19.912425442964103,False,275,20.0,-0.08757455703589656,44
19.998094871828197,False,276,19.912425442964103,0.08566942886409379,44
19.975258899669626,False,277,19.998094871828197,-0.02283597215857114,44
20.0,False,278,19.975258899669626,0.02474110033037391,44
19.9776660654514,False,279,20.0,-0.022333934548601775,44
20.0,False,280,19.9776660654514,0.022333934548601775,44
19.96175127448928,False,281,20.0,-0.03824872551071934,44
19.99905397284414,False,282,19.96175127448928,0.03730269835486055,44
19.93581589780717,False,283,19.99905397284414,-0.06323807503697054,44
20.0,False,284,19.93581589780717,0.06418410219282933,44
20.0,False,285,20.0,0.0,44
19.92296500928584,False,286,20.0,-0.07703499071416076,44
20.0,False,287,19.92296500928584,0.07703499071416076,44
20.0,False,288,20.0,0.0,44
19.94290107971852,False,289,20.0,-0.05709892028147934,44
20.0,False,290,19.94290107971852,0.05709892028147934,44
19.922677610831133,False,291,20.0,-0.07732238916886658,44
19.912041094841186,False,292,19.922677610831133,-0.010636515989947526,44
20.0,False,293,19.912041094841186,0.0879589051588141,44
20.0,False,294,20.0,0.0,44
19.917915108449453,False,295,20.0,-0.08208489155054721,44
20.0,False,296,19.917915108449453,0.08208489155054721,44
20.0,False,297,20.0,0.0,44
20.0,False,298,20.0,0.0,44
19.905112544849057,False,299,20.0,-0.09488745515094266,44
4.030516792787594,False,0,0.0,0.0,45
4.046739070230723,False,1,4.030516792787594,0.016222277443128874,45
3.9224603843874393,False,2,4.046739070230723,-0.12427868584328383,45
4.0252957403772065,False,3,3.9224603843874393,0.10283535598976723,45
4.009096716581138,False,4,4.0252957403772065,-0.016199023796068523,45
4.090655888363346,False,5,4.009096716581138,0.0815591717822084,45
4.06747886007917,False,6,4.090655888363346,-0.023177028284176338,45
3.983811735151892,False,7,4.06747886007917,-0.08366712492727801,45
4.0234107078323476,False,8,3.983811735151892,0.039598972680455535,45
3.90245782438629,False,9,4.0234107078323476,-0.12095288344605759,45
3.910263761262833,False,10,3.90245782438629,0.007805936876542852,45
4.059274114586748,False,11,3.910263761262833,0.14901035332391555,45
4.021824935565482,False,12,4.059274114586748,-0.037449179021266765,45
3.929922068596628,False,13,4.021824935565482,-0.09190286696885375,45
4.099379005144353,False,14,3.929922068596628,0.16945693654772542,45
4.071584667261364,False,15,4.099379005144353,-0.02779433788298924,45
4.065091110468618,False,16,4.071584667261364,-0.006493556792745991,45
3.9501478617743544,False,17,4.065091110468618,-0.11494324869426364,45
3.9011742046897693,False,18,3.9501478617743544,-0.04897365708458512,45
4.098723439368287,False,19,3.9011742046897693,0.19754923467851793,45
3.915408463298785,False,20,4.098723439368287,-0.1833149760695023,45
4.020995524768116,False,21,3.915408463298785,0.10558706146933128,45
3.90005824368522,False,22,4.020995524768116,-0.12093728108289614,45
3.9939228040787063,False,23,3.90005824368522,0.09386456039348623,45
3.9314398577851635,False,24,3.9939228040787063,-0.062482946293542785,45
4.072499774304259,False,25,3.9314398577851635,0.1410599165190951,45
4.047441581003672,False,26,4.072499774304259,-0.025058193300586673,45
3.934702921289311,False,27,4.047441581003672,-0.1127386597143607,45
3.975445251292121,False,28,3.934702921289311,0.0407423300028098,45
3.952297909905826,False,29,3.975445251292121,-0.02314734138629504,45
3.921772637584662,False,30,3.952297909905826,-0.030525272321163754,45
4.075793531402268,False,31,3.921772637584662,0.15402089381760575,45
3.9079254017231952,False,32,4.075793531402268,-0.16786812967907272,45
3.976585287974765,False,33,3.9079254017231952,0.06865988625156971,45
4.046966523991056,False,34,3.976585287974765,0.0703812360162912,45
3.9787946353217727,False,35,4.046966523991056,-0.06817188866928348,45
3.9850144463152324,False,36,3.9787946353217727,0.006219810993459696,45
3.9477581157067756,False,37,3.9850144463152324,-0.03725633060845679,45
4.034791255774477,False,38,3.9477581157067756,0.0870331400677018,45
4.005179271752941,False,39,4.034791255774477,-0.02961198402153631,45
4.097261818901378,False,40,4.005179271752941,0.09208254714843722,45
4.078919428769434,False,41,4.097261818901378,-0.018342390131944164,45
3.9751005629420053,False,42,4.078919428769434,-0.10381886582742883,45
4.0978521894539774,False,43,3.9751005629420053,0.12275162651197213,45
4.0239243351771545,False,44,4.0978521894539774,-0.07392785427682291,45
3.9120346426530515,False,45,4.0239243351771545,-0.11188969252410308,45
3.914888053391952,False,46,3.9120346426530515,0.0028534107389006635,45
3.9346387640796086,False,47,3.914888053391952,0.019750710687656436,45
3.985012224475918,False,48,3.9346387640796086,0.05037346039630952,45
4.078676703270484,False,49,3.985012224475918,0.09366447879456619,45
4.029351612800344,False,50,4.078676703270484,-0.04932509047014033,45
4.053813491257103,False,51,4.029351612800344,0.0244618784567594,45
3.9425426310042964,False,52,4.053813491257103,-0.11127086025280697,45
3.9298293430477207,False,53,3.9425426310042964,-0.01271328795657567,45
3.9034116399849466,False,54,3.9298293430477207,-0.026417703062774134,45
4.057565447226914,False,55,3.9034116399849466,0.15415380724196703,45
3.9574885338187777,False,56,4.057565447226914,-0.10007691340813585,45
4.030984961206518,False,57,3.9574885338187777,0.07349642738774032,45
4.026820691889461,False,58,4.030984961206518,-0.0041642693170569345,45
3.9058313454662184,False,59,4.026820691889461,-0.12098934642324277,45
3.9100057741329537,False,60,3.9058313454662184,0.004174428666735341,45
3.9463574459234296,False,61,3.9100057741329537,0.03635167179047594,45
4.084617527879102,False,62,3.9463574459234296,0.1382600819556723,45
3.935776516208591,False,63,4.084617527879102,-0.14884101167051078,45
4.084590870171459,False,64,3.935776516208591,0.14881435396286768,45
3.906392710875751,False,65,4.084590870171459,-0.17819815929570781,45
4.003839130342635,False,66,3.906392710875751,0.0974464194668836,45
3.9135328259358415,False,67,4.003839130342635,-0.0903063044067931,45
3.922517955984217,False,68,3.9135328259358415,0.008985130048375645,45
4.059028477103216,False,69,3.922517955984217,0.13651052111899897,45
4.014017387289471,False,70,4.059028477103216,-0.045011089813745464,45
4.0047274730944915,False,71,4.014017387289471,-0.009289914194979154,45
3.943657355934601,False,72,4.0047274730944915,-0.061070117159890636,45
3.91183890820924,False,73,3.943657355934601,-0.03181844772536069,45
4.07953950282489,False,74,3.91183890820924,0.16770059461564957,45
4.0510764486519255,False,75,4.07953950282489,-0.02846305417296424,45
3.9500793220247936,False,76,4.0510764486519255,-0.1009971266271319,45
3.9244369167091486,False,77,3.9500793220247936,-0.02564240531564499,45
4.085667762289038,False,78,3.9244369167091486,0.16123084557988943,45
4.046530704969575,False,79,4.085667762289038,-0.03913705731946315,45
4.008490843924797,False,80,4.046530704969575,-0.03803986104477808,45
4.052691823680772,False,81,4.008490843924797,0.044200979755975034,45
4.066273700431262,False,82,4.052691823680772,0.013581876750490274,45
4.083331099946224,False,83,4.066273700431262,0.01705739951496188,45
3.9600337487106185,False,84,4.083331099946224,-0.12329735123560548,45
3.9768079227539928,False,85,3.9600337487106185,0.016774174043374224,45
4.047783553764681,False,86,3.9768079227539928,0.07097563101068838,45
3.9336955014211106,False,87,4.047783553764681,-0.11408805234357056,45
3.904004534100589,False,88,3.9336955014211106,-0.029690967320521455,45
3.975053451177775,False,89,3.904004534100589,0.07104891707718597,45
4.050728059719874,False,90,3.975053451177775,0.07567460854209873,45
3.9588053111568247,False,91,4.050728059719874,-0.09192274856304916,45
3.9100051053308587,False,92,3.9588053111568247,-0.048800205825966,45
4.002851187803838,False,93,3.9100051053308587,0.09284608247297932,45
4.070303381444335,False,94,4.002851187803838,0.06745219364049682,45
4.004185275338205,False,95,4.070303381444335,-0.06611810610612956,45
4.048118769872873,False,96,4.004185275338205,0.04393349453466744,45
3.9256866255051968,False,97,4.048118769872873,-0.12243214436767591,45
4.077207411800545,False,98,3.9256866255051968,0.1515207862953485,45
4.075235989173889,False,99,4.077207411800545,-0.001971422626656505,45
4.255527400979816,True,100,4.075235989173889,0.18029141180592756,45
4.636229690335918,True,101,4.255527400979816,0.38070228935610206,45
4.789936485569983,True,102,4.636229690335918,0.15370679523406494,45
5.041105424350512,True,103,4.789936485569983,0.2511689387805287,45
5.465106885267568,True,104,5.041105424350512,0.42400146091705615,45
5.5986776779177205,True,105,5.465106885267568,0.13357079265015237,45
5.845947700782613,True,106,5.5986776779177205,0.24727002286489252,45
6.166401253923631,True,107,5.845947700782613,0.320453553141018,45
6.486111237149038,True,108,6.166401253923631,0.31970998322540733,45
6.72595147843614,True,109,6.486111237149038,0.23984024128710146,45
6.987044239936431,True,110,6.72595147843614,0.2610927615002909,45
7.207902310232425,True,111,6.987044239936431,0.22085807029599458,45
7.652567775518852,True,112,7.207902310232425,0.4446654652864268,45
7.8541504392486985,True,113,7.652567775518852,0.20158266372984635,45
8.226671688904881,True,114,7.8541504392486985,0.3725212496561827,45
8.377426258332655,True,115,8.226671688904881,0.15075456942777343,45
8.773799709459585,True,116,8.377426258332655,0.3963734511269301,45
8.982416692637623,True,117,8.773799709459585,0.20861698317803778,45
9.254689597854115,True,118,8.982416692637623,0.27227290521649294,45
9.461481934420904,True,119,9.254689597854115,0.20679233656678875,45
9.797792937490517,True,120,9.461481934420904,0.33631100306961237,45
10.148300661760878,True,121,9.797792937490517,0.35050772427036136,45
10.445524481742122,True,122,10.148300661760878,0.2972238199812445,45
10.676535208013672,True,123,10.445524481742122,0.23101072627154906,45
10.849902534800872,True,124,10.676535208013672,0.17336732678720068,45
11.244876163068602,True,125,10.849902534800872,0.39497362826772964,45
11.42606503063097,True,126,11.244876163068602,0.1811888675623674,45
11.633061373687072,True,127,11.42606503063097,0.20699634305610282,45
11.95786820238799,True,128,11.633061373687072,0.32480682870091826,45
12.379820050014704,True,129,11.95786820238799,0.42195184762671367,45
12.674499501929532,True,130,12.379820050014704,0.2946794519148277,45
12.82027280601591,True,131,12.674499501929532,0.14577330408637756,45
13.175497254243668,True,132,12.82027280601591,0.35522444822775867,45
13.399046641148182,True,133,13.175497254243668,0.22354938690451398,45
13.814802651881362,True,134,13.399046641148182,0.4157560107331797,45
14.091051593093942,True,135,13.814802651881362,0.2762489412125806,45
14.404726827027316,True,136,14.091051593093942,0.31367523393337393,45
14.53077543003586,True,137,14.404726827027316,0.12604860300854348,45
14.919240308677423,True,138,14.53077543003586,0.38846487864156387,45
15.191897334158117,True,139,14.919240308677423,0.2726570254806937,45
15.39671972690527,True,140,15.191897334158117,0.2048223927471522,45
15.797306245555683,True,141,15.39671972690527,0.40058651865041384,45
16.090377022446145,True,142,15.797306245555683,0.29307077689046146,45
16.33857689182046,True,143,16.090377022446145,0.24819986937431437,45
16.60730308387833,True,144,16.33857689182046,0.26872619205787274,45
16.797084852380703,True,145,16.60730308387833,0.18978176850237105,45
17.05635814477896,True,146,16.797084852380703,0.2592732923982588,45
17.454897373556115,True,147,17.05635814477896,0.3985392287771532,45
17.681075355085706,True,148,17.454897373556115,0.22617798152959168,45
18.02089759281849,True,149,17.681075355085706,0.33982223773278264,45
18.225483261907055,True,150,18.02089759281849,0.20458566908856568,45
18.557256032848738,True,151,18.225483261907055,0.3317727709416829,45
18.886465128918104,True,152,18.557256032848738,0.3292090960693663,45
19.084378403257986,True,153,18.886465128918104,0.19791327433988215,45
19.499407628514103,True,154,19.084378403257986,0.4150292252561165,45
19.74822390783512,True,155,19.499407628514103,0.2488162793210158,45
20.0,True,156,19.74822390783512,0.2517760921648815,45
20.0,False,157,20.0,0.0,45
20.0,False,158,20.0,0.0,45
20.0,False,159,20.0,0.0,45
20.0,False,160,20.0,0.0,45
20.0,False,161,20.0,0.0,45
20.0,False,162,20.0,0.0,45
20.0,False,163,20.0,0.0,45
20.0,False,164,20.0,0.0,45
20.0,False,165,20.0,0.0,45
20.0,False,166,20.0,0.0,45
20.0,False,167,20.0,0.0,45
20.0,False,168,20.0,0.0,45
20.0,False,169,20.0,0.0,45
20.0,False,170,20.0,0.0,45
20.0,False,171,20.0,0.0,45
20.0,False,172,20.0,0.0,45
20.0,False,173,20.0,0.0,45
20.0,False,174,20.0,0.0,45
20.0,False,175,20.0,0.0,45
20.0,False,176,20.0,0.0,45
20.0,False,177,20.0,0.0,45
20.0,False,178,20.0,0.0,45
20.0,False,179,20.0,0.0,45
20.0,False,180,20.0,0.0,45
20.0,False,181,20.0,0.0,45
20.0,False,182,20.0,0.0,45
20.0,False,183,20.0,0.0,45
20.0,False,184,20.0,0.0,45
20.0,False,185,20.0,0.0,45
20.0,False,186,20.0,0.0,45
20.0,False,187,20.0,0.0,45
20.0,False,188,20.0,0.0,45
20.0,False,189,20.0,0.0,45
20.0,False,190,20.0,0.0,45
20.0,False,191,20.0,0.0,45
20.0,False,192,20.0,0.0,45
20.0,False,193,20.0,0.0,45
20.0,False,194,20.0,0.0,45
20.0,False,195,20.0,0.0,45
20.0,False,196,20.0,0.0,45
20.0,False,197,20.0,0.0,45
20.0,False,198,20.0,0.0,45
20.0,False,199,20.0,0.0,45
20.0,False,200,20.0,0.0,45
19.978327426898126,False,201,20.0,-0.021672573101874093,45
19.96691976405139,False,202,19.978327426898126,-0.011407662846735889,45
20.0,False,203,19.96691976405139,0.03308023594860998,45
19.987210641363955,False,204,20.0,-0.012789358636045023,45
19.962164666344435,False,205,19.987210641363955,-0.025045975019519773,45
20.0,False,206,19.962164666344435,0.037835333655564796,45
20.0,False,207,20.0,0.0,45
20.0,False,208,20.0,0.0,45
19.974595629031157,False,209,20.0,-0.025404370968843182,45
19.978615158062794,False,210,19.974595629031157,0.004019529031637603,45
19.972121156702315,False,211,19.978615158062794,-0.006494001360479729,45
20.0,False,212,19.972121156702315,0.027878843297685307,45
19.978299587118407,False,213,20.0,-0.021700412881592968,45
19.993637726565563,False,214,19.978299587118407,0.015338139447155896,45
19.951584769589058,False,215,19.993637726565563,-0.04205295697650513,45
19.92601642420839,False,216,19.951584769589058,-0.025568345380666102,45
20.0,False,217,19.92601642420839,0.0739835757916083,45
20.0,False,218,20.0,0.0,45
20.0,False,219,20.0,0.0,45
20.0,False,220,20.0,0.0,45
19.998431608028472,False,221,20.0,-0.001568391971527916,45
19.946074094350315,False,222,19.998431608028472,-0.052357513678156664,45
20.0,False,223,19.946074094350315,0.05392590564968458,45
20.0,False,224,20.0,0.0,45
20.0,False,225,20.0,0.0,45
20.0,False,226,20.0,0.0,45
20.0,False,227,20.0,0.0,45
19.915229255101053,False,228,20.0,-0.08477074489894676,45
19.976930029516087,False,229,19.915229255101053,0.06170077441503352,45
20.0,False,230,19.976930029516087,0.023069970483913238,45
20.0,False,231,20.0,0.0,45
19.924565205900116,False,232,20.0,-0.07543479409988407,45
20.0,False,233,19.924565205900116,0.07543479409988407,45
19.939834701695897,False,234,20.0,-0.06016529830410278,45
20.0,False,235,19.939834701695897,0.06016529830410278,45
20.0,False,236,20.0,0.0,45
19.918110017868212,False,237,20.0,-0.08188998213178778,45
20.0,False,238,19.918110017868212,0.08188998213178778,45
20.0,False,239,20.0,0.0,45
19.906001810864606,False,240,20.0,-0.09399818913539448,45
20.0,False,241,19.906001810864606,0.09399818913539448,45
20.0,False,242,20.0,0.0,45
19.9616047773953,False,243,20.0,-0.03839522260469863,45
19.932427211135032,False,244,19.9616047773953,-0.029177566260269572,45
20.0,False,245,19.932427211135032,0.0675727888649682,45
20.0,False,246,20.0,0.0,45
19.92358544891362,False,247,20.0,-0.07641455108637984,45
19.92651784412179,False,248,19.92358544891362,0.0029323952081696802,45
19.902235723928328,False,249,19.92651784412179,-0.024282120193461765,45
19.929950081706515,False,250,19.902235723928328,0.027714357778187093,45
20.0,False,251,19.929950081706515,0.07004991829348484,45
19.92201411855652,False,252,20.0,-0.07798588144348173,45
20.0,False,253,19.92201411855652,0.07798588144348173,45
19.902731150277102,False,254,20.0,-0.09726884972289795,45
19.965614673414464,False,255,19.902731150277102,0.06288352313736212,45
19.92249974890911,False,256,19.965614673414464,-0.04311492450535326,45
19.965346077547327,False,257,19.92249974890911,0.042846328638216136,45
20.0,False,258,19.965346077547327,0.03465392245267296,45
20.0,False,259,20.0,0.0,45
19.984839465372698,False,260,20.0,-0.015160534627302269,45
19.988601476419728,False,261,19.984839465372698,0.0037620110470300006,45
20.0,False,262,19.988601476419728,0.011398523580272268,45
19.960076754140957,False,263,20.0,-0.03992324585904328,45
20.0,False,264,19.960076754140957,0.03992324585904328,45
20.0,False,265,20.0,0.0,45
20.0,False,266,20.0,0.0,45
19.924293522704026,False,267,20.0,-0.07570647729597368,45
20.0,False,268,19.924293522704026,0.07570647729597368,45
20.0,False,269,20.0,0.0,45
19.936620542016957,False,270,20.0,-0.0633794579830429,45
19.95561491852019,False,271,19.936620542016957,0.018994376503233212,45
20.0,False,272,19.95561491852019,0.044385081479809685,45
19.963997253710843,False,273,20.0,-0.03600274628915656,45
20.0,False,274,19.963997253710843,0.03600274628915656,45
19.964702320762356,False,275,20.0,-0.03529767923764382,45
20.0,False,276,19.964702320762356,0.03529767923764382,45
20.0,False,277,20.0,0.0,45
19.990810828945968,False,278,20.0,-0.009189171054032386,45
20.0,False,279,19.990810828945968,0.009189171054032386,45
20.0,False,280,20.0,0.0,45
19.9467660960305,False,281,20.0,-0.0532339039694989,45
19.95989672894755,False,282,19.9467660960305,0.013130632917050633,45
20.0,False,283,19.95989672894755,0.040103271052448264,45
19.968828747946038,False,284,20.0,-0.031171252053962206,45
20.0,False,285,19.968828747946038,0.031171252053962206,45
20.0,False,286,20.0,0.0,45
19.93171648795223,False,287,20.0,-0.0682835120477705,45
20.0,False,288,19.93171648795223,0.0682835120477705,45
19.948986914427355,False,289,20.0,-0.05101308557264517,45
20.0,False,290,19.948986914427355,0.05101308557264517,45
19.92138210886944,False,291,20.0,-0.07861789113055906,45
19.92126848687984,False,292,19.92138210886944,-0.0001136219896018531,45
19.982133265144995,False,293,19.92126848687984,0.060864778265155906,45
20.0,False,294,19.982133265144995,0.017866734855005006,45
20.0,False,295,20.0,0.0,45
19.984600089038583,False,296,20.0,-0.015399910961416907,45
20.0,False,297,19.984600089038583,0.015399910961416907,45
20.0,False,298,20.0,0.0,45
19.997691103396246,False,299,20.0,-0.002308896603754107,45
4.001133130430952,False,0,0.0,0.0,46
4.098089015210837,False,1,4.001133130430952,0.09695588477988526,46
4.005227296464941,False,2,4.098089015210837,-0.09286171874589577,46
4.097844819449201,False,3,4.005227296464941,0.09261752298426007,46
4.054841685104689,False,4,4.097844819449201,-0.043003134344512084,46
4.011411784447279,False,5,4.054841685104689,-0.043429900657409704,46
4.055131212834038,False,6,4.011411784447279,0.04371942838675835,46
3.961686214343746,False,7,4.055131212834038,-0.09344499849029164,46
3.984413113601688,False,8,3.961686214343746,0.022726899257941913,46
3.942436973791926,False,9,3.984413113601688,-0.041976139809762,46
4.012260982949124,False,10,3.942436973791926,0.06982400915719822,46
4.044846533804105,False,11,4.012260982949124,0.03258555085498038,46
4.002473402352859,False,12,4.044846533804105,-0.04237313145124588,46
3.980386338767952,False,13,4.002473402352859,-0.02208706358490664,46
3.967361731404583,False,14,3.980386338767952,-0.013024607363369078,46
3.9177573531154386,False,15,3.967361731404583,-0.049604378289144435,46
4.06985629329291,False,16,3.9177573531154386,0.15209894017747105,46
4.059682005035537,False,17,4.06985629329291,-0.010174288257372766,46
3.9723850950652677,False,18,4.059682005035537,-0.08729690997026918,46
4.026952629306383,False,19,3.9723850950652677,0.054567534241114934,46
3.908637992720598,False,20,4.026952629306383,-0.11831463658578478,46
3.9162632780959235,False,21,3.908637992720598,0.007625285375325586,46
3.951330231003787,False,22,3.9162632780959235,0.03506695290786377,46
3.9073532386329064,False,23,3.951330231003787,-0.04397699237088082,46
4.0229433431507005,False,24,3.9073532386329064,0.11559010451779406,46
4.068487104532534,False,25,4.0229433431507005,0.04554376138183347,46
3.9423312934918213,False,26,4.068487104532534,-0.1261558110407126,46
4.077389342019416,False,27,3.9423312934918213,0.1350580485275943,46
3.9416896347960497,False,28,4.077389342019416,-0.13569970722336588,46
4.055336506426045,False,29,3.9416896347960497,0.11364687162999498,46
3.945663216913413,False,30,4.055336506426045,-0.10967328951263156,46
3.997531839390998,False,31,3.945663216913413,0.051868622477584836,46
4.012247852163573,False,32,3.997531839390998,0.014716012772574949,46
3.977727580419319,False,33,4.012247852163573,-0.03452027174425387,46
3.99080630503284,False,34,3.977727580419319,0.013078724613520887,46
4.063859858485433,False,35,3.99080630503284,0.0730535534525929,46
4.091776355071748,False,36,4.063859858485433,0.027916496586315453,46
4.033447258475316,False,37,4.091776355071748,-0.058329096596432706,46
4.039190684040767,False,38,4.033447258475316,0.005743425565451155,46
3.9152465281682334,False,39,4.039190684040767,-0.12394415587253338,46
3.9877194015540374,False,40,3.9152465281682334,0.072472873385804,46
3.981743263732765,False,41,3.9877194015540374,-0.005976137821272154,46
4.08104628635766,False,42,3.981743263732765,0.09930302262489477,46
4.028446088739061,False,43,4.08104628635766,-0.0526001976185988,46
3.9144145451930212,False,44,4.028446088739061,-0.11403154354603995,46
3.9443049955216534,False,45,3.9144145451930212,0.029890450328632134,46
3.9229825955770274,False,46,3.9443049955216534,-0.021322399944625925,46
4.05992896635618,False,47,3.9229825955770274,0.13694637077915273,46
3.9943773698623395,False,48,4.05992896635618,-0.06555159649384068,46
4.085721584275211,False,49,3.9943773698623395,0.09134421441287133,46
4.096758966110555,False,50,4.085721584275211,0.011037381835343751,46
4.000084198685314,False,51,4.096758966110555,-0.09667476742524084,46
3.919517253199053,False,52,4.000084198685314,-0.08056694548626053,46
4.07077509689151,False,53,3.919517253199053,0.15125784369245698,46
3.9272702879726684,False,54,4.07077509689151,-0.14350480891884176,46
4.073173975224578,False,55,3.9272702879726684,0.14590368725190972,46
3.9880288847624037,False,56,4.073173975224578,-0.08514509046217444,46
4.030846956494631,False,57,3.9880288847624037,0.042818071732227736,46
3.9995752707127945,False,58,4.030846956494631,-0.03127168578183692,46
4.002048972074624,False,59,3.9995752707127945,0.002473701361829228,46
3.938854679844969,False,60,4.002048972074624,-0.06319429222965489,46
4.094037610012635,False,61,3.938854679844969,0.15518293016766638,46
3.959904467541721,False,62,4.094037610012635,-0.134133142470914,46
4.071527632029316,False,63,3.959904467541721,0.11162316448759446,46
4.0775244129619335,False,64,4.071527632029316,0.005996780932617796,46
3.9033818008311316,False,65,4.0775244129619335,-0.17414261213080184,46
4.051967640602977,False,66,3.9033818008311316,0.14858583977184558,46
3.959748698931843,False,67,4.051967640602977,-0.09221894167113431,46
4.04964203817958,False,68,3.959748698931843,0.08989333924773701,46
3.9801093261829164,False,69,4.04964203817958,-0.06953271199666355,46
3.9930168429569957,False,70,3.9801093261829164,0.012907516774079308,46
4.013035835701372,False,71,3.9930168429569957,0.020018992744375907,46
4.016291743318459,False,72,4.013035835701372,0.0032559076170874945,46
3.9667116112100995,False,73,4.016291743318459,-0.04958013210835954,46
4.081982621238682,False,74,3.9667116112100995,0.11527101002858231,46
3.9992936053869443,False,75,4.081982621238682,-0.08268901585173749,46
4.094944077715579,False,76,3.9992936053869443,0.09565047232863444,46
4.022457973099766,False,77,4.094944077715579,-0.07248610461581251,46
3.9631197085193257,False,78,4.022457973099766,-0.05933826458044056,46
4.0809141894500165,False,79,3.9631197085193257,0.11779448093069078,46
4.035095522506532,False,80,4.0809141894500165,-0.04581866694348413,46
3.927505631460644,False,81,4.035095522506532,-0.10758989104588856,46
3.998575489451644,False,82,3.927505631460644,0.07106985799100007,46
3.901151390573385,False,83,3.998575489451644,-0.09742409887825909,46
4.083539244788719,False,84,3.901151390573385,0.18238785421533432,46
3.9745846580068003,False,85,4.083539244788719,-0.10895458678191883,46
3.919760518595679,False,86,3.9745846580068003,-0.0548241394111213,46
4.02704970112759,False,87,3.919760518595679,0.10728918253191067,46
4.069631020884404,False,88,4.02704970112759,0.04258131975681412,46
3.995222330556315,False,89,4.069631020884404,-0.07440869032808894,46
4.031878674650601,False,90,3.995222330556315,0.0366563440942862,46
4.082585200985823,False,91,4.031878674650601,0.05070652633522155,46
4.0932439351023655,False,92,4.082585200985823,0.010658734116542945,46
3.9482103648971725,False,93,4.0932439351023655,-0.14503357020519303,46
3.9507225606159686,False,94,3.9482103648971725,0.0025121957187961286,46
3.918331913308396,False,95,3.9507225606159686,-0.032390647307572795,46
3.956487443508814,False,96,3.918331913308396,0.0381555302004184,46
4.080786558126162,False,97,3.956487443508814,0.12429911461734777,46
4.028900915225261,False,98,4.080786558126162,-0.05188564290090092,46
4.086809925041598,False,99,4.028900915225261,0.05790900981633662,46
4.445142511986553,True,100,4.086809925041598,0.3583325869449556,46
4.972669054964083,True,101,4.445142511986553,0.5275265429775295,46
5.493052531606516,True,102,4.972669054964083,0.5203834766424329,46
5.992422638382745,True,103,5.493052531606516,0.4993701067762295,46
6.399779652035724,True,104,5.992422638382745,0.4073570136529785,46
6.840210136594565,True,105,6.399779652035724,0.44043048455884115,46
7.400785971929397,True,106,6.840210136594565,0.5605758353348325,46
7.864148930848776,True,107,7.400785971929397,0.4633629589193786,46
8.374206679593762,True,108,7.864148930848776,0.5100577487449858,46
8.764355551428004,True,109,8.374206679593762,0.3901488718342421,46
9.270347916509234,True,110,8.764355551428004,0.5059923650812301,46
9.82565766524156,True,111,9.270347916509234,0.5553097487323253,46
10.311728692568034,True,112,9.82565766524156,0.48607102732647434,46
10.744449760202288,True,113,10.311728692568034,0.43272106763425455,46
11.283127271791763,True,114,10.744449760202288,0.5386775115894746,46
11.77120187327737,True,115,11.283127271791763,0.4880746014856072,46
12.06189333816156,True,116,11.77120187327737,0.2906914648841905,46
12.551041882006754,True,117,12.06189333816156,0.489148543845193,46
13.038043745306293,True,118,12.551041882006754,0.48700186329953965,46
13.625788997279836,True,119,13.038043745306293,0.5877452519735424,46
14.130540342873143,True,120,13.625788997279836,0.5047513455933075,46
14.548088782803442,True,121,14.130540342873143,0.41754843993029844,46
14.990748241883372,True,122,14.548088782803442,0.44265945907993043,46
15.605914307899196,True,123,14.990748241883372,0.6151660660158242,46
15.994060347848766,True,124,15.605914307899196,0.38814603994956975,46
16.421345908621063,True,125,15.994060347848766,0.4272855607722974,46
17.008561656726133,True,126,16.421345908621063,0.5872157481050699,46
17.575341922018456,True,127,17.008561656726133,0.5667802652923228,46
17.887248769141394,True,128,17.575341922018456,0.3119068471229376,46
18.379144198918535,True,129,17.887248769141394,0.4918954297771414,46
18.941524893352643,True,130,18.379144198918535,0.5623806944341077,46
19.359775156367082,True,131,18.941524893352643,0.4182502630144391,46
19.895446587676915,True,132,19.359775156367082,0.535671431309833,46
20.0,False,133,19.895446587676915,0.10455341232308513,46
20.0,False,134,20.0,0.0,46
20.0,False,135,20.0,0.0,46
20.0,False,136,20.0,0.0,46
20.0,False,137,20.0,0.0,46
20.0,False,138,20.0,0.0,46
20.0,False,139,20.0,0.0,46
20.0,False,140,20.0,0.0,46
20.0,False,141,20.0,0.0,46
20.0,False,142,20.0,0.0,46
20.0,False,143,20.0,0.0,46
20.0,False,144,20.0,0.0,46
20.0,False,145,20.0,0.0,46
20.0,False,146,20.0,0.0,46
20.0,False,147,20.0,0.0,46
20.0,False,148,20.0,0.0,46
20.0,False,149,20.0,0.0,46
20.0,False,150,20.0,0.0,46
20.0,False,151,20.0,0.0,46
20.0,False,152,20.0,0.0,46
20.0,False,153,20.0,0.0,46
20.0,False,154,20.0,0.0,46
20.0,False,155,20.0,0.0,46
20.0,False,156,20.0,0.0,46
20.0,False,157,20.0,0.0,46
20.0,False,158,20.0,0.0,46
20.0,False,159,20.0,0.0,46
20.0,False,160,20.0,0.0,46
20.0,False,161,20.0,0.0,46
20.0,False,162,20.0,0.0,46
20.0,False,163,20.0,0.0,46
20.0,False,164,20.0,0.0,46
20.0,False,165,20.0,0.0,46
20.0,False,166,20.0,0.0,46
20.0,False,167,20.0,0.0,46
20.0,False,168,20.0,0.0,46
20.0,False,169,20.0,0.0,46
20.0,False,170,20.0,0.0,46
20.0,False,171,20.0,0.0,46
20.0,False,172,20.0,0.0,46
20.0,False,173,20.0,0.0,46
20.0,False,174,20.0,0.0,46
20.0,False,175,20.0,0.0,46
20.0,False,176,20.0,0.0,46
20.0,False,177,20.0,0.0,46
20.0,False,178,20.0,0.0,46
20.0,False,179,20.0,0.0,46
20.0,False,180,20.0,0.0,46
20.0,False,181,20.0,0.0,46
20.0,False,182,20.0,0.0,46
20.0,False,183,20.0,0.0,46
20.0,False,184,20.0,0.0,46
20.0,False,185,20.0,0.0,46
20.0,False,186,20.0,0.0,46
20.0,False,187,20.0,0.0,46
20.0,False,188,20.0,0.0,46
20.0,False,189,20.0,0.0,46
20.0,False,190,20.0,0.0,46
20.0,False,191,20.0,0.0,46
20.0,False,192,20.0,0.0,46
20.0,False,193,20.0,0.0,46
20.0,False,194,20.0,0.0,46
20.0,False,195,20.0,0.0,46
20.0,False,196,20.0,0.0,46
20.0,False,197,20.0,0.0,46
20.0,False,198,20.0,0.0,46
20.0,False,199,20.0,0.0,46
20.0,False,200,20.0,0.0,46
19.964192386897718,False,201,20.0,-0.03580761310228198,46
19.955847925304667,False,202,19.964192386897718,-0.008344461593051022,46
20.0,False,203,19.955847925304667,0.044152074695333,46
20.0,False,204,20.0,0.0,46
20.0,False,205,20.0,0.0,46
19.965945321878326,False,206,20.0,-0.03405467812167373,46
19.922538415408876,False,207,19.965945321878326,-0.04340690646944978,46
20.0,False,208,19.922538415408876,0.07746158459112351,46
20.0,False,209,20.0,0.0,46
20.0,False,210,20.0,0.0,46
19.923429323383036,False,211,20.0,-0.0765706766169636,46
20.0,False,212,19.923429323383036,0.0765706766169636,46
19.93013026089894,False,213,20.0,-0.06986973910105831,46
19.909800333840437,False,214,19.93013026089894,-0.020329927058504893,46
20.0,False,215,19.909800333840437,0.09019966615956321,46
19.967340752441967,False,216,20.0,-0.0326592475580334,46
20.0,False,217,19.967340752441967,0.0326592475580334,46
20.0,False,218,20.0,0.0,46
19.927104441764996,False,219,20.0,-0.07289555823500393,46
19.938548287514138,False,220,19.927104441764996,0.011443845749141701,46
19.959491766437765,False,221,19.938548287514138,0.020943478923626913,46
19.95920321389647,False,222,19.959491766437765,-0.0002885525412956724,46
19.976261135708153,False,223,19.95920321389647,0.017057921811684196,46
19.910402509951368,False,224,19.976261135708153,-0.06585862575678547,46
20.0,False,225,19.910402509951368,0.08959749004863227,46
19.95999191585588,False,226,20.0,-0.04000808414411949,46
19.91321384773105,False,227,19.95999191585588,-0.046778068124829986,46
20.0,False,228,19.91321384773105,0.08678615226894948,46
20.0,False,229,20.0,0.0,46
19.988328737555367,False,230,20.0,-0.011671262444632902,46
19.982644606459786,False,231,19.988328737555367,-0.00568413109558108,46
19.92934306708769,False,232,19.982644606459786,-0.053301539372096585,46
19.965813464313147,False,233,19.92934306708769,0.03647039722545742,46
20.0,False,234,19.965813464313147,0.03418653568685315,46
20.0,False,235,20.0,0.0,46
19.900725595416002,False,236,20.0,-0.09927440458399772,46
19.962099663028027,False,237,19.900725595416002,0.06137406761202513,46
19.918460616648165,False,238,19.962099663028027,-0.04363904637986238,46
20.0,False,239,19.918460616648165,0.08153938335183497,46
20.0,False,240,20.0,0.0,46
19.918624122523237,False,241,20.0,-0.08137587747676278,46
20.0,False,242,19.918624122523237,0.08137587747676278,46
19.963860136534816,False,243,20.0,-0.03613986346518416,46
20.0,False,244,19.963860136534816,0.03613986346518416,46
20.0,False,245,20.0,0.0,46
20.0,False,246,20.0,0.0,46
19.981230977720088,False,247,20.0,-0.01876902227991195,46
20.0,False,248,19.981230977720088,0.01876902227991195,46
20.0,False,249,20.0,0.0,46
19.96131624491693,False,250,20.0,-0.03868375508307054,46
19.964952535616124,False,251,19.96131624491693,0.0036362906991946886,46
20.0,False,252,19.964952535616124,0.03504746438387585,46
20.0,False,253,20.0,0.0,46
19.973736368875283,False,254,20.0,-0.02626363112471708,46
19.956179721848887,False,255,19.973736368875283,-0.017556647026395922,46
20.0,False,256,19.956179721848887,0.043820278151113,46
19.935760047097922,False,257,20.0,-0.06423995290207785,46
19.951670772720313,False,258,19.935760047097922,0.015910725622390487,46
20.0,False,259,19.951670772720313,0.04832922727968736,46
19.999582372080013,False,260,20.0,-0.00041762791998678495,46
20.0,False,261,19.999582372080013,0.00041762791998678495,46
19.976595603039748,False,262,20.0,-0.023404396960252427,46
20.0,False,263,19.976595603039748,0.023404396960252427,46
20.0,False,264,20.0,0.0,46
19.920375261385573,False,265,20.0,-0.07962473861442732,46
20.0,False,266,19.920375261385573,0.07962473861442732,46
20.0,False,267,20.0,0.0,46
19.976574407779044,False,268,20.0,-0.023425592220956304,46
20.0,False,269,19.976574407779044,0.023425592220956304,46
19.950740026335087,False,270,20.0,-0.049259973664913304,46
20.0,False,271,19.950740026335087,0.049259973664913304,46
19.961135155981335,False,272,20.0,-0.03886484401866497,46
20.0,False,273,19.961135155981335,0.03886484401866497,46
20.0,False,274,20.0,0.0,46
19.96042058894314,False,275,20.0,-0.03957941105685947,46
19.92618095893314,False,276,19.96042058894314,-0.03423963000999919,46
19.94443754486827,False,277,19.92618095893314,0.018256585935127134,46
20.0,False,278,19.94443754486827,0.055562455131731525,46
20.0,False,279,20.0,0.0,46
20.0,False,280,20.0,0.0,46
20.0,False,281,20.0,0.0,46
20.0,False,282,20.0,0.0,46
19.987179072604867,False,283,20.0,-0.012820927395132742,46
19.953949166633755,False,284,19.987179072604867,-0.03322990597111186,46
20.0,False,285,19.953949166633755,0.0460508333662446,46
20.0,False,286,20.0,0.0,46
20.0,False,287,20.0,0.0,46
19.976731700574415,False,288,20.0,-0.023268299425584615,46
20.0,False,289,19.976731700574415,0.023268299425584615,46
20.0,False,290,20.0,0.0,46
20.0,False,291,20.0,0.0,46
20.0,False,292,20.0,0.0,46
19.932183999256512,False,293,20.0,-0.06781600074348759,46
19.986086200522838,False,294,19.932183999256512,0.05390220126632528,46
19.900615966402068,False,295,19.986086200522838,-0.08547023412076982,46
19.986538905246515,False,296,19.900615966402068,0.08592293884444757,46
20.0,False,297,19.986538905246515,0.01346109475348456,46
20.0,False,298,20.0,0.0,46
20.0,False,299,20.0,0.0,46
4.032747457384948,False,0,0.0,0.0,47
4.002744967230472,False,1,4.032747457384948,-0.030002490154476646,47
3.9051918989211005,False,2,4.002744967230472,-0.09755306830937105,47
3.924477969157158,False,3,3.9051918989211005,0.01928607023605755,47
3.9034234214431476,False,4,3.924477969157158,-0.021054547714010496,47
4.051533477719765,False,5,3.9034234214431476,0.14811005627661755,47
3.909356576110684,False,6,4.051533477719765,-0.14217690160908125,47
3.9113442584204736,False,7,3.909356576110684,0.00198768230978974,47
4.076483731556109,False,8,3.9113442584204736,0.16513947313563504,47
4.050157406699836,False,9,4.076483731556109,-0.02632632485627262,47
3.9459971136838115,False,10,4.050157406699836,-0.10416029301602459,47
4.0703731571425035,False,11,3.9459971136838115,0.12437604345869202,47
3.9696108249877935,False,12,4.0703731571425035,-0.10076233215470998,47
4.039238911531773,False,13,3.9696108249877935,0.06962808654397934,47
4.0790272931892115,False,14,4.039238911531773,0.0397883816574387,47
4.055513659897742,False,15,4.0790272931892115,-0.023513633291469382,47
3.9584850202246784,False,16,4.055513659897742,-0.09702863967306374,47
3.947833108431216,False,17,3.9584850202246784,-0.010651911793462254,47
4.000319492341735,False,18,3.947833108431216,0.05248638391051852,47
3.9801481860271704,False,19,4.000319492341735,-0.02017130631456432,47
4.014732220317556,False,20,3.9801481860271704,0.03458403429038537,47
3.9996925544906174,False,21,4.014732220317556,-0.015039665826938275,47
3.9086977405477508,False,22,3.9996925544906174,-0.09099481394286668,47
4.052833577112509,False,23,3.9086977405477508,0.1441358365647578,47
4.0703130768655,False,24,4.052833577112509,0.01747949975299168,47
4.045345646261129,False,25,4.0703130768655,-0.02496743060437101,47
4.023636226646872,False,26,4.045345646261129,-0.02170941961425754,47
3.955853189107207,False,27,4.023636226646872,-0.06778303753966464,47
3.9782167733142075,False,28,3.955853189107207,0.022363584207000464,47
4.061727333496343,False,29,3.9782167733142075,0.08351056018213532,47
4.011454473111535,False,30,4.061727333496343,-0.050272860384807494,47
4.092504920245324,False,31,4.011454473111535,0.08105044713378895,47
3.974088388074054,False,32,4.092504920245324,-0.11841653217127046,47
4.063076927736302,False,33,3.974088388074054,0.08898853966224785,47
4.032082305445025,False,34,4.063076927736302,-0.03099462229127692,47
3.9888746622287585,False,35,4.032082305445025,-0.043207643216266245,47
4.03125156520523,False,36,3.9888746622287585,0.042376902976471786,47
4.039582519904851,False,37,4.03125156520523,0.00833095469962064,47
3.9797331692721305,False,38,4.039582519904851,-0.059849350632720455,47
3.975822154187612,False,39,3.9797331692721305,-0.003911015084518521,47
4.044196926563526,False,40,3.975822154187612,0.06837477237591383,47
4.090732966590486,False,41,4.044196926563526,0.0465360400269601,47
4.089303809557539,False,42,4.090732966590486,-0.0014291570329465486,47
4.050202924503956,False,43,4.089303809557539,-0.03910088505358367,47
4.09909426597139,False,44,4.050202924503956,0.048891341467434124,47
4.0345530989217195,False,45,4.09909426597139,-0.06454116704967028,47
4.082170652904786,False,46,4.0345530989217195,0.04761755398306633,47
4.051837665058324,False,47,4.082170652904786,-0.03033298784646199,47
4.072620627322555,False,48,4.051837665058324,0.020782962264231486,47
4.006452403421189,False,49,4.072620627322555,-0.06616822390136612,47
4.033716624117927,False,50,4.006452403421189,0.02726422069673795,47
3.9415858513819466,False,51,4.033716624117927,-0.09213077273598058,47
3.941303997614522,False,52,3.9415858513819466,-0.0002818537674245114,47
4.0054781574968565,False,53,3.941303997614522,0.06417415988233444,47
4.041930112567005,False,54,4.0054781574968565,0.036451955070148756,47
3.902665862985977,False,55,4.041930112567005,-0.13926424958102812,47
4.094729475944701,False,56,3.902665862985977,0.19206361295872343,47
4.0214305521501315,False,57,4.094729475944701,-0.07329892379456915,47
3.918318665190668,False,58,4.0214305521501315,-0.10311188695946338,47
3.9974675866530354,False,59,3.918318665190668,0.0791489214623673,47
3.9332710152888612,False,60,3.9974675866530354,-0.06419657136417412,47
4.04504598150289,False,61,3.9332710152888612,0.11177496621402838,47
4.046701589085467,False,62,4.04504598150289,0.0016556075825775451,47
3.947395085045586,False,63,4.046701589085467,-0.09930650403988128,47
4.040545705978613,False,64,3.947395085045586,0.09315062093302728,47
3.994206949987278,False,65,4.040545705978613,-0.0463387559913353,47
3.961989118670192,False,66,3.994206949987278,-0.032217831317086,47
4.052985822751612,False,67,3.961989118670192,0.09099670408142035,47
4.001850155877041,False,68,4.052985822751612,-0.05113566687457105,47
3.9151300258543027,False,69,4.001850155877041,-0.08672013002273848,47
3.9945157020038025,False,70,3.9151300258543027,0.07938567614949976,47
4.020323723295322,False,71,3.9945157020038025,0.025808021291519267,47
3.934462176092323,False,72,4.020323723295322,-0.08586154720299888,47
4.0987987101955055,False,73,3.934462176092323,0.1643365341031826,47
4.060973483559128,False,74,4.0987987101955055,-0.037825226636377884,47
3.9381734662651833,False,75,4.060973483559128,-0.1228000172939443,47
3.9328660431922353,False,76,3.9381734662651833,-0.005307423072947959,47
3.9774888142193983,False,77,3.9328660431922353,0.044622771027162944,47
4.0810586107366325,False,78,3.9774888142193983,0.10356979651723419,47
4.095516361086359,False,79,4.0810586107366325,0.014457750349726517,47
3.940974388060445,False,80,4.095516361086359,-0.1545419730259141,47
4.061345218758619,False,81,3.940974388060445,0.12037083069817456,47
4.043484741666478,False,82,4.061345218758619,-0.017860477092141558,47
3.967959303361119,False,83,4.043484741666478,-0.07552543830535896,47
3.9182104397137585,False,84,3.967959303361119,-0.04974886364736042,47
3.966844002645672,False,85,3.9182104397137585,0.048633562931913676,47
4.0498293056277195,False,86,3.966844002645672,0.08298530298204732,47
4.044642879058058,False,87,4.0498293056277195,-0.005186426569661506,47
3.9177131435632258,False,88,4.044642879058058,-0.12692973549483222,47
3.9729997981900773,False,89,3.9177131435632258,0.05528665462685156,47
3.9442082012657558,False,90,3.9729997981900773,-0.02879159692432154,47
4.006935231150616,False,91,3.9442082012657558,0.06272702988486056,47
3.9340320320544913,False,92,4.006935231150616,-0.07290319909612508,47
3.91352737397868,False,93,3.9340320320544913,-0.020504658075811477,47
3.906023528885634,False,94,3.91352737397868,-0.00750384509304558,47
3.9505147825067692,False,95,3.906023528885634,0.04449125362113504,47
3.9132228344441375,False,96,3.9505147825067692,-0.0372919480626317,47
4.020748379376714,False,97,3.9132228344441375,0.10752554493257671,47
4.000893238741682,False,98,4.020748379376714,-0.019855140635032242,47
4.067159794411318,False,99,4.000893238741682,0.06626655566963624,47
4.435592724789037,True,100,4.067159794411318,0.3684329303777192,47
4.866091043805335,True,101,4.435592724789037,0.43049831901629787,47
5.341787010220646,True,102,4.866091043805335,0.4756959664153104,47
5.784388369234008,True,103,5.341787010220646,0.44260135901336195,47
6.21469450969203,True,104,5.784388369234008,0.43030614045802196,47
6.673903851382734,True,105,6.21469450969203,0.4592093416907046,47
7.076624906817934,True,106,6.673903851382734,0.4027210554352001,47
7.520779984479489,True,107,7.076624906817934,0.4441550776615548,47
7.935515321360657,True,108,7.520779984479489,0.4147353368811677,47
8.399971494353135,True,109,7.935515321360657,0.4644561729924783,47
8.888306002152966,True,110,8.399971494353135,0.4883345077998307,47
9.243979830256071,True,111,8.888306002152966,0.35567382810310555,47
9.720784982656845,True,112,9.243979830256071,0.4768051524007735,47
10.157863195529744,True,113,9.720784982656845,0.4370782128728994,47
10.598854565774086,True,114,10.157863195529744,0.4409913702443422,47
11.118260838323241,True,115,10.598854565774086,0.5194062725491548,47
11.535951466370038,True,116,11.118260838323241,0.41769062804679713,47
11.948238317927212,True,117,11.535951466370038,0.41228685155717315,47
12.513229700682935,True,118,11.948238317927212,0.5649913827557231,47
12.896022210354435,True,119,12.513229700682935,0.3827925096714999,47
13.266015530285802,True,120,12.896022210354435,0.36999331993136764,47
13.67068466464916,True,121,13.266015530285802,0.40466913436335794,47
14.22603445432383,True,122,13.67068466464916,0.5553497896746702,47
14.738268226083461,True,123,14.22603445432383,0.5122337717596306,47
15.067173465915216,True,124,14.738268226083461,0.3289052398317551,47
15.493518245176745,True,125,15.067173465915216,0.4263447792615285,47
15.974825219524023,True,126,15.493518245176745,0.4813069743472784,47
16.36406458124125,True,127,15.974825219524023,0.3892393617172285,47
17.001001823400014,True,128,16.36406458124125,0.636937242158762,47
17.345280030611487,True,129,17.001001823400014,0.34427820721147384,47
17.712648628588543,True,130,17.345280030611487,0.36736859797705534,47
18.13244758584581,True,131,17.712648628588543,0.41979895725726735,47
18.717273416637738,True,132,18.13244758584581,0.5848258307919281,47
19.145885669440087,True,133,18.717273416637738,0.42861225280234905,47
19.643254030944266,True,134,19.145885669440087,0.4973683615041793,47
19.938425476928767,True,135,19.643254030944266,0.29517144598450074,47
20.0,False,136,19.938425476928767,0.06157452307123279,47
20.0,False,137,20.0,0.0,47
20.0,False,138,20.0,0.0,47
20.0,False,139,20.0,0.0,47
20.0,False,140,20.0,0.0,47
20.0,False,141,20.0,0.0,47
20.0,False,142,20.0,0.0,47
20.0,False,143,20.0,0.0,47
20.0,False,144,20.0,0.0,47
20.0,False,145,20.0,0.0,47
20.0,False,146,20.0,0.0,47
20.0,False,147,20.0,0.0,47
20.0,False,148,20.0,0.0,47
20.0,False,149,20.0,0.0,47
20.0,False,150,20.0,0.0,47
20.0,False,151,20.0,0.0,47
20.0,False,152,20.0,0.0,47
20.0,False,153,20.0,0.0,47
20.0,False,154,20.0,0.0,47
20.0,False,155,20.0,0.0,47
20.0,False,156,20.0,0.0,47
20.0,False,157,20.0,0.0,47
20.0,False,158,20.0,0.0,47
20.0,False,159,20.0,0.0,47
20.0,False,160,20.0,0.0,47
20.0,False,161,20.0,0.0,47
20.0,False,162,20.0,0.0,47
20.0,False,163,20.0,0.0,47
20.0,False,164,20.0,0.0,47
20.0,False,165,20.0,0.0,47
20.0,False,166,20.0,0.0,47
20.0,False,167,20.0,0.0,47
20.0,False,168,20.0,0.0,47
20.0,False,169,20.0,0.0,47
20.0,False,170,20.0,0.0,47
20.0,False,171,20.0,0.0,47
20.0,False,172,20.0,0.0,47
20.0,False,173,20.0,0.0,47
20.0,False,174,20.0,0.0,47
20.0,False,175,20.0,0.0,47
20.0,False,176,20.0,0.0,47
20.0,False,177,20.0,0.0,47
20.0,False,178,20.0,0.0,47
20.0,False,179,20.0,0.0,47
20.0,False,180,20.0,0.0,47
20.0,False,181,20.0,0.0,47
20.0,False,182,20.0,0.0,47
20.0,False,183,20.0,0.0,47
20.0,False,184,20.0,0.0,47
20.0,False,185,20.0,0.0,47
20.0,False,186,20.0,0.0,47
20.0,False,187,20.0,0.0,47
20.0,False,188,20.0,0.0,47
20.0,False,189,20.0,0.0,47
20.0,False,190,20.0,0.0,47
20.0,False,191,20.0,0.0,47
20.0,False,192,20.0,0.0,47
20.0,False,193,20.0,0.0,47
20.0,False,194,20.0,0.0,47
20.0,False,195,20.0,0.0,47
20.0,False,196,20.0,0.0,47
20.0,False,197,20.0,0.0,47
20.0,False,198,20.0,0.0,47
20.0,False,199,20.0,0.0,47
19.989583588666655,False,200,20.0,-0.010416411333345366,47
20.0,False,201,19.989583588666655,0.010416411333345366,47
20.0,False,202,20.0,0.0,47
20.0,False,203,20.0,0.0,47
19.912608295621986,False,204,20.0,-0.08739170437801391,47
20.0,False,205,19.912608295621986,0.08739170437801391,47
20.0,False,206,20.0,0.0,47
20.0,False,207,20.0,0.0,47
20.0,False,208,20.0,0.0,47
20.0,False,209,20.0,0.0,47
19.9637615386643,False,210,20.0,-0.03623846133569941,47
20.0,False,211,19.9637615386643,0.03623846133569941,47
20.0,False,212,20.0,0.0,47
19.981497781609605,False,213,20.0,-0.018502218390395342,47
19.902301115314184,False,214,19.981497781609605,-0.07919666629542021,47
20.0,False,215,19.902301115314184,0.09769888468581556,47
20.0,False,216,20.0,0.0,47
19.919083678444398,False,217,20.0,-0.08091632155560191,47
20.0,False,218,19.919083678444398,0.08091632155560191,47
19.93512420424757,False,219,20.0,-0.06487579575243174,47
19.959558039571075,False,220,19.93512420424757,0.024433835323506514,47
20.0,False,221,19.959558039571075,0.04044196042892523,47
19.923224770069314,False,222,20.0,-0.07677522993068564,47
20.0,False,223,19.923224770069314,0.07677522993068564,47
19.927315240798094,False,224,20.0,-0.07268475920190554,47
20.0,False,225,19.927315240798094,0.07268475920190554,47
19.946669372231426,False,226,20.0,-0.05333062776857389,47
19.964897897724654,False,227,19.946669372231426,0.018228525493228176,47
20.0,False,228,19.964897897724654,0.035102102275345715,47
19.99769743825383,False,229,20.0,-0.002302561746169829,47
19.928748874623345,False,230,19.99769743825383,-0.06894856363048518,47
19.972875962431196,False,231,19.928748874623345,0.04412708780785124,47
20.0,False,232,19.972875962431196,0.02712403756880377,47
19.99063327459254,False,233,20.0,-0.009366725407460308,47
20.0,False,234,19.99063327459254,0.009366725407460308,47
19.99946194222894,False,235,20.0,-0.0005380577710596413,47
20.0,False,236,19.99946194222894,0.0005380577710596413,47
20.0,False,237,20.0,0.0,47
20.0,False,238,20.0,0.0,47
19.994680207439743,False,239,20.0,-0.005319792560257497,47
20.0,False,240,19.994680207439743,0.005319792560257497,47
19.90574609160753,False,241,20.0,-0.09425390839247072,47
19.995957134189002,False,242,19.90574609160753,0.09021104258147261,47
20.0,False,243,19.995957134189002,0.004042865810998109,47
19.954871603643127,False,244,20.0,-0.04512839635687271,47
20.0,False,245,19.954871603643127,0.04512839635687271,47
20.0,False,246,20.0,0.0,47
19.910712035439616,False,247,20.0,-0.08928796456038413,47
19.96228165284204,False,248,19.910712035439616,0.05156961740242494,47
20.0,False,249,19.96228165284204,0.03771834715795919,47
19.957483535523,False,250,20.0,-0.04251646447699997,47
19.97133011504032,False,251,19.957483535523,0.013846579517320379,47
20.0,False,252,19.97133011504032,0.028669884959679592,47
20.0,False,253,20.0,0.0,47
20.0,False,254,20.0,0.0,47
20.0,False,255,20.0,0.0,47
19.978958477698527,False,256,20.0,-0.021041522301473492,47
20.0,False,257,19.978958477698527,0.021041522301473492,47
19.94075729797918,False,258,20.0,-0.05924270202082127,47
20.0,False,259,19.94075729797918,0.05924270202082127,47
20.0,False,260,20.0,0.0,47
20.0,False,261,20.0,0.0,47
20.0,False,262,20.0,0.0,47
20.0,False,263,20.0,0.0,47
19.92176381137792,False,264,20.0,-0.07823618862207837,47
19.960454046541713,False,265,19.92176381137792,0.03869023516379144,47
20.0,False,266,19.960454046541713,0.03954595345828693,47
19.989384137921277,False,267,20.0,-0.010615862078722671,47
19.933702098735715,False,268,19.989384137921277,-0.05568203918556236,47
19.930626421284813,False,269,19.933702098735715,-0.003075677450901537,47
20.0,False,270,19.930626421284813,0.06937357871518657,47
19.93160521933386,False,271,20.0,-0.06839478066613935,47
19.961464835056915,False,272,19.93160521933386,0.029859615723054844,47
19.989887830871385,False,273,19.961464835056915,0.028422995814469942,47
19.98960188374255,False,274,19.989887830871385,-0.0002859471288338966,47
19.93132471618788,False,275,19.98960188374255,-0.05827716755467094,47
19.981655156756077,False,276,19.93132471618788,0.05033044056819591,47
20.0,False,277,19.981655156756077,0.018344843243923492,47
20.0,False,278,20.0,0.0,47
20.0,False,279,20.0,0.0,47
20.0,False,280,20.0,0.0,47
20.0,False,281,20.0,0.0,47
19.947338151931262,False,282,20.0,-0.05266184806873753,47
19.970140207827143,False,283,19.947338151931262,0.022802055895880358,47
20.0,False,284,19.970140207827143,0.02985979217285717,47
20.0,False,285,20.0,0.0,47
19.93878190082713,False,286,20.0,-0.061218099172869245,47
20.0,False,287,19.93878190082713,0.061218099172869245,47
20.0,False,288,20.0,0.0,47
20.0,False,289,20.0,0.0,47
19.99713198031937,False,290,20.0,-0.002868019680629885,47
19.922234233065634,False,291,19.99713198031937,-0.07489774725373621,47
20.0,False,292,19.922234233065634,0.0777657669343661,47
19.90324887640044,False,293,20.0,-0.09675112359956017,47
20.0,False,294,19.90324887640044,0.09675112359956017,47
19.904415307945012,False,295,20.0,-0.0955846920549881,47
19.966317360685707,False,296,19.904415307945012,0.06190205274069527,47
19.910511359079482,False,297,19.966317360685707,-0.05580600160622495,47
20.0,False,298,19.910511359079482,0.08948864092051778,47
19.982521064421622,False,299,20.0,-0.017478935578377985,47
4.027193615187176,False,0,0.0,0.0,48
3.9872409975086485,False,1,4.027193615187176,-0.03995261767852787,48
4.025045325769397,False,2,3.9872409975086485,0.03780432826074831,48
3.9312178308040404,False,3,4.025045325769397,-0.09382749496535636,48
3.9125308602709525,False,4,3.9312178308040404,-0.018686970533087877,48
3.9707799543614235,False,5,3.9125308602709525,0.058249094090470965,48
4.02365387571591,False,6,3.9707799543614235,0.05287392135448643,48
3.9158185808586174,False,7,4.02365387571591,-0.10783529485729249,48
3.9015612085832543,False,8,3.9158185808586174,-0.014257372275363167,48
4.039952328975042,False,9,3.9015612085832543,0.13839112039178803,48
4.047187048984427,False,10,4.039952328975042,0.007234720009384965,48
3.904495320788011,False,11,4.047187048984427,-0.14269172819641618,48
3.901672843469664,False,12,3.904495320788011,-0.002822477318347172,48
4.049551911499143,False,13,3.901672843469664,0.14787906802947903,48
3.962762993747168,False,14,4.049551911499143,-0.08678891775197517,48
3.999846440970762,False,15,3.962762993747168,0.037083447223594135,48
3.9842944923803523,False,16,3.999846440970762,-0.015551948590409648,48
4.0074523579397,False,17,3.9842944923803523,0.023157865559347623,48
4.0046785789779396,False,18,4.0074523579397,-0.0027737789617603426,48
4.090671808036355,False,19,4.0046785789779396,0.08599322905841511,48
4.0374793668399604,False,20,4.090671808036355,-0.05319244119639421,48
3.999847429105197,False,21,4.0374793668399604,-0.037631937734763365,48
4.0886904570419675,False,22,3.999847429105197,0.08884302793677046,48
3.9221829215555855,False,23,4.0886904570419675,-0.16650753548638209,48
4.017786353527727,False,24,3.9221829215555855,0.09560343197214172,48
4.034534499751662,False,25,4.017786353527727,0.016748146223934945,48
4.0262348607543785,False,26,4.034534499751662,-0.008299638997283587,48
4.013116467748642,False,27,4.0262348607543785,-0.013118393005736806,48
4.006076594224904,False,28,4.013116467748642,-0.007039873523737583,48
4.049967742117396,False,29,4.006076594224904,0.04389114789249149,48
4.054179831170126,False,30,4.049967742117396,0.004212089052730406,48
3.9753622083632063,False,31,4.054179831170126,-0.07881762280691973,48
4.049603748518522,False,32,3.9753622083632063,0.07424154015531581,48
3.960521543062753,False,33,4.049603748518522,-0.08908220545576917,48
3.900123289261377,False,34,3.960521543062753,-0.06039825380137609,48
3.9936637477212624,False,35,3.900123289261377,0.09354045845988557,48
3.906167961214341,False,36,3.9936637477212624,-0.08749578650692147,48
4.036927839621609,False,37,3.906167961214341,0.1307598784072681,48
4.060741673688137,False,38,4.036927839621609,0.023813834066528372,48
4.0098502298423035,False,39,4.060741673688137,-0.050891443845833884,48
3.95003072028595,False,40,4.0098502298423035,-0.05981950955635362,48
4.061357795362458,False,41,3.95003072028595,0.11132707507650785,48
4.015992559931418,False,42,4.061357795362458,-0.04536523543103943,48
3.901750429231538,False,43,4.015992559931418,-0.1142421306998802,48
3.911604723484145,False,44,3.901750429231538,0.009854294252606977,48
3.964082131024412,False,45,3.911604723484145,0.052477407540266974,48
4.0781084018067455,False,46,3.964082131024412,0.1140262707823334,48
4.013337891845521,False,47,4.0781084018067455,-0.06477050996122458,48
4.006401689386133,False,48,4.013337891845521,-0.0069362024593875304,48
4.001454344502218,False,49,4.006401689386133,-0.004947344883915683,48
3.982662608076143,False,50,4.001454344502218,-0.018791736426074568,48
3.9840753895626784,False,51,3.982662608076143,0.0014127814865352306,48
3.942526617088151,False,52,3.9840753895626784,-0.04154877247452715,48
4.075514738437089,False,53,3.942526617088151,0.13298812134893812,48
4.0631330741754175,False,54,4.075514738437089,-0.012381664261671865,48
4.033199778559807,False,55,4.0631330741754175,-0.029933295615610866,48
4.014031792705715,False,56,4.033199778559807,-0.019167985854091185,48
3.9567570847917217,False,57,4.014031792705715,-0.057274707913993694,48
4.0729018820882,False,58,3.9567570847917217,0.11614479729647798,48
4.065280832077204,False,59,4.0729018820882,-0.007621050010995667,48
3.981168691231967,False,60,4.065280832077204,-0.084112140845237,48
3.9182829442571814,False,61,3.981168691231967,-0.06288574697478566,48
3.9966245200603874,False,62,3.9182829442571814,0.078341575803206,48
3.927880126056835,False,63,3.9966245200603874,-0.06874439400355259,48
4.012440846026777,False,64,3.927880126056835,0.08456071996994252,48
3.90454849720077,False,65,4.012440846026777,-0.10789234882600729,48
3.9862195291109024,False,66,3.90454849720077,0.08167103191013236,48
4.007755984570999,False,67,3.9862195291109024,0.02153645546009697,48
4.094701730300302,False,68,4.007755984570999,0.08694574572930236,48
4.02063461555184,False,69,4.094701730300302,-0.07406711474846173,48
4.0030902572350895,False,70,4.02063461555184,-0.017544358316750497,48
3.9490824031448444,False,71,4.0030902572350895,-0.05400785409024511,48
4.00161708056504,False,72,3.9490824031448444,0.05253467742019602,48
4.0622202701173356,False,73,4.00161708056504,0.060603189552295156,48
3.9086067605263297,False,74,4.0622202701173356,-0.15361350959100584,48
3.921435352428869,False,75,3.9086067605263297,0.012828591902539266,48
4.088026036983058,False,76,3.921435352428869,0.16659068455418868,48
3.9353989154142957,False,77,4.088026036983058,-0.15262712156876201,48
4.024794087616534,False,78,3.9353989154142957,0.08939517220223792,48
3.9592685871501585,False,79,4.024794087616534,-0.06552550046637506,48
4.05928349100411,False,80,3.9592685871501585,0.10001490385395151,48
3.9847679222313896,False,81,4.05928349100411,-0.07451556877272036,48
4.0759193359000925,False,82,3.9847679222313896,0.09115141366870283,48
4.013483189170298,False,83,4.0759193359000925,-0.06243614672979447,48
4.018628418198386,False,84,4.013483189170298,0.005145229028087783,48
4.058214508196709,False,85,4.018628418198386,0.03958608999832336,48
4.088863223127131,False,86,4.058214508196709,0.03064871493042176,48
4.070908872178273,False,87,4.088863223127131,-0.017954350948858,48
4.016074579826512,False,88,4.070908872178273,-0.05483429235176107,48
3.9842428615033203,False,89,4.016074579826512,-0.03183171832319154,48
3.918783681345067,False,90,3.9842428615033203,-0.06545918015825336,48
4.027928011367416,False,91,3.918783681345067,0.10914433002234869,48
3.9203368949081834,False,92,4.027928011367416,-0.10759111645923225,48
3.928540379265747,False,93,3.9203368949081834,0.008203484357563795,48
3.999407149921559,False,94,3.928540379265747,0.0708667706558117,48
3.9534864455894847,False,95,3.999407149921559,-0.04592070433207418,48
3.984213529775406,False,96,3.9534864455894847,0.030727084185921516,48
4.037526599741356,False,97,3.984213529775406,0.053313069965949644,48
3.9680952387452284,False,98,4.037526599741356,-0.06943136099612746,48
4.063849350351778,False,99,3.9680952387452284,0.09575411160654967,48
4.127171939909965,True,100,4.063849350351778,0.06332258955818659,48
4.272362845733963,True,101,4.127171939909965,0.1451909058239984,48
4.301452340572355,True,102,4.272362845733963,0.029089494838391516,48
4.358909464630698,True,103,4.301452340572355,0.05745712405834347,48
4.57120239511374,True,104,4.358909464630698,0.21229293048304232,48
4.539441896604235,True,105,4.57120239511374,-0.03176049850950502,48
4.733587229723811,True,106,4.539441896604235,0.19414533311957527,48
4.884032508250824,True,107,4.733587229723811,0.1504452785270134,48
4.908758872775829,True,108,4.884032508250824,0.024726364525005096,48
5.106864915750066,True,109,4.908758872775829,0.19810604297423673,48
5.132861062671403,True,110,5.106864915750066,0.02599614692133745,48
5.267393870897051,True,111,5.132861062671403,0.1345328082256474,48
5.295662167223482,True,112,5.267393870897051,0.028268296326431575,48
5.414283812744045,True,113,5.295662167223482,0.11862164552056242,48
5.456897778514064,True,114,5.414283812744045,0.042613965770019746,48
5.6181152321443335,True,115,5.456897778514064,0.16121745363026907,48
5.675859506473615,True,116,5.6181152321443335,0.05774427432928153,48
5.839715566914552,True,117,5.675859506473615,0.1638560604409367,48
5.9998098809638964,True,118,5.839715566914552,0.1600943140493447,48
6.097042972494777,True,119,5.9998098809638964,0.09723309153088078,48
6.1286628964240455,True,120,6.097042972494777,0.03161992392926827,48
6.320345870504449,True,121,6.1286628964240455,0.19168297408040313,48
6.498509275593393,True,122,6.320345870504449,0.17816340508894424,48
6.520678144030304,True,123,6.498509275593393,0.02216886843691146,48
6.617894992011969,True,124,6.520678144030304,0.09721684798166486,48
6.840446559443361,True,125,6.617894992011969,0.22255156743139182,48
6.776114859666876,True,126,6.840446559443361,-0.0643316997764849,48
7.062224531770424,True,127,6.776114859666876,0.28610967210354765,48
7.043352493368763,True,128,7.062224531770424,-0.018872038401660518,48
7.202259630281491,True,129,7.043352493368763,0.1589071369127275,48
7.236764282156664,True,130,7.202259630281491,0.034504651875173487,48
7.3397304501886875,True,131,7.236764282156664,0.1029661680320233,48
7.422923143478991,True,132,7.3397304501886875,0.08319269329030377,48
7.518632055883111,True,133,7.422923143478991,0.0957089124041195,48
7.655909070913883,True,134,7.518632055883111,0.13727701503077228,48
7.723416731980924,True,135,7.655909070913883,0.06750766106704109,48
7.933930633457391,True,136,7.723416731980924,0.21051390147646654,48
7.96698310515643,True,137,7.933930633457391,0.033052471699039465,48
8.134866092295681,True,138,7.96698310515643,0.16788298713925087,48
8.150046714443246,True,139,8.134866092295681,0.015180622147564549,48
8.372480980498283,True,140,8.150046714443246,0.22243426605503736,48
8.363335916477052,True,141,8.372480980498283,-0.009145064021231164,48
8.509053635842694,True,142,8.363335916477052,0.14571771936564204,48
8.695360269427555,True,143,8.509053635842694,0.1863066335848611,48
8.708562628711935,True,144,8.695360269427555,0.013202359284379739,48
8.761812629508462,True,145,8.708562628711935,0.05325000079652753,48
8.836185529143208,True,146,8.761812629508462,0.07437289963474569,48
9.095188117168329,True,147,8.836185529143208,0.2590025880251208,48
9.081836591585137,True,148,9.095188117168329,-0.013351525583191304,48
9.142671444864606,True,149,9.081836591585137,0.06083485327946825,48
9.223650896565355,True,150,9.142671444864606,0.08097945170074894,48
9.362122997543803,True,151,9.223650896565355,0.13847210097844886,48
9.48165589360018,True,152,9.362122997543803,0.11953289605637707,48
9.702482047297597,True,153,9.48165589360018,0.22082615369741632,48
9.63734293580593,True,154,9.702482047297597,-0.06513911149166596,48
9.793148291446341,True,155,9.63734293580593,0.15580535564041043,48
9.928984706189397,True,156,9.793148291446341,0.1358364147430553,48
10.116935731978016,True,157,9.928984706189397,0.18795102578861922,48
10.164790759118366,True,158,10.116935731978016,0.047855027140350614,48
10.21239886925507,True,159,10.164790759118366,0.04760811013670363,48
10.248280444878588,True,160,10.21239886925507,0.03588157562351846,48
10.503318194053522,True,161,10.248280444878588,0.2550377491749334,48
10.57469411407813,True,162,10.503318194053522,0.07137592002460735,48
10.624159770051156,True,163,10.57469411407813,0.049465655973026657,48
10.653001072177187,True,164,10.624159770051156,0.028841302126030754,48
10.93465598604107,True,165,10.653001072177187,0.28165491386388375,48
10.971172625087908,True,166,10.93465598604107,0.03651663904683744,48
11.103939750519789,True,167,10.971172625087908,0.13276712543188118,48
11.2355206676026,True,168,11.103939750519789,0.13158091708281106,48
11.376022699668852,True,169,11.2355206676026,0.14050203206625156,48
11.395591226708262,True,170,11.376022699668852,0.01956852703941081,48
11.411898500376571,True,171,11.395591226708262,0.016307273668308753,48
11.669276315634542,True,172,11.411898500376571,0.2573778152579713,48
11.61586998617348,True,173,11.669276315634542,-0.05340632946106183,48
11.789652614951844,True,174,11.61586998617348,0.1737826287783637,48
11.850208014099408,True,175,11.789652614951844,0.060555399147563804,48
12.071400033333905,True,176,11.850208014099408,0.22119201923449694,48
12.105446511184624,True,177,12.071400033333905,0.034046477850719015,48
12.290312470156104,True,178,12.105446511184624,0.18486595897148028,48
12.30602950752719,True,179,12.290312470156104,0.015717037371086207,48
12.475752339437808,True,180,12.30602950752719,0.169722831910617,48
12.570480433766525,True,181,12.475752339437808,0.0947280943287172,48
12.731036178685226,True,182,12.570480433766525,0.1605557449187014,48
12.738886809366235,True,183,12.731036178685226,0.007850630681009108,48
12.977554868698034,True,184,12.738886809366235,0.2386680593317987,48
12.920696804727367,True,185,12.977554868698034,-0.05685806397066706,48
13.187361918343983,True,186,12.920696804727367,0.26666511361661627,48
13.129164013751344,True,187,13.187361918343983,-0.05819790459263885,48
13.289967920063033,True,188,13.129164013751344,0.1608039063116884,48
13.505406463734568,True,189,13.289967920063033,0.21543854367153514,48
13.510936138488681,True,190,13.505406463734568,0.005529674754113145,48
13.581423160227251,True,191,13.510936138488681,0.07048702173857002,48
13.621251952927906,True,192,13.581423160227251,0.03982879270065531,48
13.72601128438919,True,193,13.621251952927906,0.10475933146128291,48
13.808797870498221,True,194,13.72601128438919,0.082786586109032,48
13.902736652369503,True,195,13.808797870498221,0.09393878187128202,48
14.003748200109323,True,196,13.902736652369503,0.10101154773981946,48
14.13099339253238,True,197,14.003748200109323,0.12724519242305732,48
14.309144791666295,True,198,14.13099339253238,0.17815139913391498,48
14.365215225971992,True,199,14.309144791666295,0.05607043430569725,48
14.396390616777605,False,200,14.365215225971992,0.031175390805612935,48
14.385399773317785,False,201,14.396390616777605,-0.01099084345982071,48
14.432632943399762,False,202,14.385399773317785,0.04723317008197725,48
14.41004684845534,False,203,14.432632943399762,-0.02258609494442254,48
14.309955071155184,False,204,14.41004684845534,-0.10009177730015573,48
14.334376346351313,False,205,14.309955071155184,0.024421275196129244,48
14.321470542233367,False,206,14.334376346351313,-0.012905804117945507,48
14.44554188516526,False,207,14.321470542233367,0.12407134293189337,48
14.309660122324626,False,208,14.44554188516526,-0.13588176284063458,48
14.457340025954634,False,209,14.309660122324626,0.14767990363000827,48
14.328493276266558,False,210,14.457340025954634,-0.1288467496880763,48
14.313232477302574,False,211,14.328493276266558,-0.015260798963984357,48
14.442765186551052,False,212,14.313232477302574,0.12953270924847793,48
14.433983120770717,False,213,14.442765186551052,-0.008782065780334136,48
14.301009509972365,False,214,14.433983120770717,-0.13297361079835213,48
14.4237257285881,False,215,14.301009509972365,0.12271621861573401,48
14.382192194339241,False,216,14.4237257285881,-0.04153353424885786,48
14.444412307211131,False,217,14.382192194339241,0.062220112871889555,48
14.417954655213702,False,218,14.444412307211131,-0.02645765199742911,48
14.44573772286197,False,219,14.417954655213702,0.027783067648268656,48
14.47770612535688,False,220,14.44573772286197,0.0319684024949094,48
14.330524546901788,False,221,14.47770612535688,-0.1471815784550916,48
14.36750118741149,False,222,14.330524546901788,0.0369766405097014,48
14.284811411706169,False,223,14.36750118741149,-0.08268977570532066,48
14.35729098093089,False,224,14.284811411706169,0.07247956922472021,48
14.435738890989255,False,225,14.35729098093089,0.07844791005836527,48
14.291568060404055,False,226,14.435738890989255,-0.14417083058519964,48
14.479446265632186,False,227,14.291568060404055,0.18787820522813092,48
14.436791274526064,False,228,14.479446265632186,-0.04265499110612225,48
14.287454740352299,False,229,14.436791274526064,-0.1493365341737647,48
14.418762136736929,False,230,14.287454740352299,0.13130739638462963,48
14.38565725562351,False,231,14.418762136736929,-0.03310488111341847,48
14.306817148349905,False,232,14.38565725562351,-0.07884010727360469,48
14.296983628096148,False,233,14.306817148349905,-0.009833520253756944,48
14.312323244403018,False,234,14.296983628096148,0.01533961630686953,48
14.397215985884575,False,235,14.312323244403018,0.08489274148155701,48
14.454111120469888,False,236,14.397215985884575,0.05689513458531259,48
14.483028214591219,False,237,14.454111120469888,0.028917094121331033,48
14.46989256290125,False,238,14.483028214591219,-0.013135651689967887,48
14.443382636380159,False,239,14.46989256290125,-0.026509926521091742,48
14.478765414889532,False,240,14.443382636380159,0.03538277850937277,48
14.33886922853929,False,241,14.478765414889532,-0.13989618635024215,48
14.34534497409528,False,242,14.33886922853929,0.0064757455559902866,48
14.467512933065002,False,243,14.34534497409528,0.12216795896972243,48
14.466145807667191,False,244,14.467512933065002,-0.001367125397811364,48
14.304847593828827,False,245,14.466145807667191,-0.1612982138383643,48
14.470178896821315,False,246,14.304847593828827,0.1653313029924881,48
14.423223222257203,False,247,14.470178896821315,-0.04695567456411176,48
14.448446975536358,False,248,14.423223222257203,0.025223753279155048,48
14.376805863901659,False,249,14.448446975536358,-0.07164111163469933,48
14.334111501103791,False,250,14.376805863901659,-0.042694362797867313,48
14.318446033148971,False,251,14.334111501103791,-0.015665467954820045,48
14.477566907487281,False,252,14.318446033148971,0.1591208743383099,48
14.436198867404958,False,253,14.477566907487281,-0.04136804008232353,48
14.309485603408238,False,254,14.436198867404958,-0.12671326399672012,48
14.476393216939625,False,255,14.309485603408238,0.1669076135313876,48
14.438383037991622,False,256,14.476393216939625,-0.03801017894800296,48
14.312333151928962,False,257,14.438383037991622,-0.12604988606265977,48
14.40994776531587,False,258,14.312333151928962,0.09761461338690758,48
14.298023492277718,False,259,14.40994776531587,-0.11192427303815222,48
14.290080801336158,False,260,14.298023492277718,-0.00794269094155986,48
14.346988370796312,False,261,14.290080801336158,0.056907569460154406,48
14.4113542177911,False,262,14.346988370796312,0.06436584699478765,48
14.457541828979142,False,263,14.4113542177911,0.046187611188042155,48
14.31151474614828,False,264,14.457541828979142,-0.1460270828308623,48
14.42650470622025,False,265,14.31151474614828,0.11498996007196993,48
14.323467070903188,False,266,14.42650470622025,-0.10303763531706167,48
14.287170006183292,False,267,14.323467070903188,-0.036297064719896355,48
14.429276819517096,False,268,14.287170006183292,0.14210681333380393,48
14.359769871203827,False,269,14.429276819517096,-0.06950694831326842,48
14.436321989474715,False,270,14.359769871203827,0.0765521182708877,48
14.387415741657593,False,271,14.436321989474715,-0.04890624781712205,48
14.3907251009336,False,272,14.387415741657593,0.0033093592760078394,48
14.477692433669043,False,273,14.3907251009336,0.08696733273544233,48
14.422000752248325,False,274,14.477692433669043,-0.05569168142071845,48
14.350100263239694,False,275,14.422000752248325,-0.07190048900863033,48
14.423158436539156,False,276,14.350100263239694,0.07305817329946152,48
14.483774670570263,False,277,14.423158436539156,0.06061623403110694,48
14.419139750235269,False,278,14.483774670570263,-0.06463492033499385,48
14.316897925667094,False,279,14.419139750235269,-0.10224182456817488,48
14.372797732417773,False,280,14.316897925667094,0.05589980675067885,48
14.31459564735718,False,281,14.372797732417773,-0.05820208506059288,48
14.38009406850387,False,282,14.31459564735718,0.06549842114669069,48
14.294217142152352,False,283,14.38009406850387,-0.08587692635151889,48
14.36393607340369,False,284,14.294217142152352,0.06971893125133732,48
14.350903158004364,False,285,14.36393607340369,-0.013032915399325162,48
14.322394178814168,False,286,14.350903158004364,-0.028508979190196015,48
14.290206685010768,False,287,14.322394178814168,-0.03218749380340036,48
14.426144144856103,False,288,14.290206685010768,0.13593745984533534,48
14.305992033056219,False,289,14.426144144856103,-0.12015211179988405,48
14.428480766433795,False,290,14.305992033056219,0.12248873337757615,48
14.352526621357152,False,291,14.428480766433795,-0.07595414507664344,48
14.480665078092983,False,292,14.352526621357152,0.12813845673583124,48
14.301343505659718,False,293,14.480665078092983,-0.17932157243326508,48
14.353927902151247,False,294,14.301343505659718,0.052584396491528906,48
14.424748235807051,False,295,14.353927902151247,0.07082033365580465,48
14.333415813788175,False,296,14.424748235807051,-0.09133242201887626,48
14.355685243695309,False,297,14.333415813788175,0.022269429907133542,48
14.44229556448809,False,298,14.355685243695309,0.08661032079278108,48
14.388085526896829,False,299,14.44229556448809,-0.054210037591261084,48
3.9844715113283398,False,0,0.0,0.0,49
3.98114713518944,False,1,3.9844715113283398,-0.0033243761388996873,49
4.029754938830616,False,2,3.98114713518944,0.04860780364117634,49
4.060090002716342,False,3,4.029754938830616,0.030335063885725155,49
3.911877140249171,False,4,4.060090002716342,-0.14821286246717058,49
4.0230366445717864,False,5,3.911877140249171,0.11115950432261545,49
4.017113364384537,False,6,4.0230366445717864,-0.005923280187249524,49
4.057395500394048,False,7,4.017113364384537,0.040282136009510694,49
3.9597096731119126,False,8,4.057395500394048,-0.09768582728213504,49
3.965408977814595,False,9,3.9597096731119126,0.005699304702682539,49
3.916485498428796,False,10,3.965408977814595,-0.04892347938579933,49
3.915669658651196,False,11,3.916485498428796,-0.0008158397775996917,49
3.900151409935838,False,12,3.915669658651196,-0.01551824871535823,49
4.053113861208567,False,13,3.900151409935838,0.15296245127272945,49
3.9152051502753857,False,14,4.053113861208567,-0.13790871093318158,49
4.078875566056035,False,15,3.9152051502753857,0.16367041578064923,49
4.043644914172478,False,16,4.078875566056035,-0.03523065188355723,49
3.978420945991463,False,17,4.043644914172478,-0.06522396818101495,49
4.072891599193737,False,18,3.978420945991463,0.09447065320227388,49
4.00306397861142,False,19,4.072891599193737,-0.06982762058231629,49
4.012501249909958,False,20,4.00306397861142,0.009437271298537553,49
4.054977154771973,False,21,4.012501249909958,0.042475904862015135,49
4.030679575255894,False,22,4.054977154771973,-0.02429757951607936,49
3.9765450234872026,False,23,4.030679575255894,-0.054134551768691086,49
4.095518952172728,False,24,3.9765450234872026,0.11897392868552581,49
3.9551711008180117,False,25,4.095518952172728,-0.14034785135471672,49
3.9419688045651062,False,26,3.9551711008180117,-0.013202296252905477,49
3.9471975784204316,False,27,3.9419688045651062,0.005228773855325386,49
3.966225128615422,False,28,3.9471975784204316,0.01902755019499036,49
3.9663945211429694,False,29,3.966225128615422,0.0001693925275474406,49
4.087042128889797,False,30,3.9663945211429694,0.12064760774682748,49
3.9638940528413564,False,31,4.087042128889797,-0.12314807604844047,49
4.08971609025083,False,32,3.9638940528413564,0.12582203740947362,49
4.078880167024336,False,33,4.08971609025083,-0.010835923226493627,49
4.0174894764608835,False,34,4.078880167024336,-0.06139069056345292,49
4.009207899851135,False,35,4.0174894764608835,-0.008281576609748598,49
4.019378884785713,False,36,4.009207899851135,0.010170984934577909,49
4.0502195517369834,False,37,4.019378884785713,0.030840666951270634,49
4.061394995218774,False,38,4.0502195517369834,0.011175443481790559,49
3.929569516422525,False,39,4.061394995218774,-0.13182547879624895,49
3.913987915736932,False,40,3.929569516422525,-0.015581600685592889,49
4.030173563665814,False,41,3.913987915736932,0.11618564792888186,49
4.07835478552041,False,42,4.030173563665814,0.04818122185459561,49
4.092740999705876,False,43,4.07835478552041,0.014386214185466706,49
4.034108019341649,False,44,4.092740999705876,-0.05863298036422737,49
4.074105646950494,False,45,4.034108019341649,0.0399976276088454,49
4.074135217529167,False,46,4.074105646950494,2.9570578672810655e-05,49
3.987143776215123,False,47,4.074135217529167,-0.08699144131404424,49
4.043821386858139,False,48,3.987143776215123,0.0566776106430158,49
3.9449501122903454,False,49,4.043821386858139,-0.09887127456779332,49
3.9162515726264844,False,50,3.9449501122903454,-0.028698539663861045,49
4.0148867072222405,False,51,3.9162515726264844,0.09863513459575612,49
3.9346950334437496,False,52,4.0148867072222405,-0.0801916737784909,49
4.097614531523114,False,53,3.9346950334437496,0.162919498079364,49
4.034442283613516,False,54,4.097614531523114,-0.06317224790959752,49
4.051645266064812,False,55,4.034442283613516,0.01720298245129559,49
3.9289382297428457,False,56,4.051645266064812,-0.122707036321966,49
3.975222692622766,False,57,3.9289382297428457,0.04628446287992016,49
3.9908024240802895,False,58,3.975222692622766,0.015579731457523671,49
4.07124391093707,False,59,3.9908024240802895,0.08044148685678021,49
4.094139822900256,False,60,4.07124391093707,0.022895911963185966,49
4.072517775041978,False,61,4.094139822900256,-0.021622047858278037,49
3.960757034777671,False,62,4.072517775041978,-0.1117607402643066,49
3.9267876120096985,False,63,3.960757034777671,-0.033969422767972546,49
3.9965795104799,False,64,3.9267876120096985,0.06979189847020129,49
3.997847203064421,False,65,3.9965795104799,0.0012676925845211962,49
3.9196746342882953,False,66,3.997847203064421,-0.07817256877612566,49
3.9344387934975837,False,67,3.9196746342882953,0.014764159209288419,49
3.9826524075420817,False,68,3.9344387934975837,0.04821361404449798,49
4.0805936035560215,False,69,3.9826524075420817,0.0979411960139398,49
3.9845403402721735,False,70,4.0805936035560215,-0.096053263283848,49
3.929076875958011,False,71,3.9845403402721735,-0.055463464314162714,49
4.08001660455666,False,72,3.929076875958011,0.15093972859864957,49
3.9597486624263087,False,73,4.08001660455666,-0.12026794213035163,49
4.043748593606672,False,74,3.9597486624263087,0.08399993118036342,49
4.018811317567518,False,75,4.043748593606672,-0.024937276039153744,49
3.9476098157922603,False,76,4.018811317567518,-0.07120150177525808,49
3.918624000110802,False,77,3.9476098157922603,-0.028985815681458416,49
4.0989428285727145,False,78,3.918624000110802,0.1803188284619126,49
4.070779796212868,False,79,4.0989428285727145,-0.028163032359846518,49
4.047719862384722,False,80,4.070779796212868,-0.023059933828146306,49
3.9179416928432698,False,81,4.047719862384722,-0.12977816954145194,49
3.955126949837431,False,82,3.9179416928432698,0.03718525699416109,49
4.045492650186893,False,83,3.955126949837431,0.09036570034946223,49
4.007444316387408,False,84,4.045492650186893,-0.0380483337994848,49
4.041441456563892,False,85,4.007444316387408,0.03399714017648403,49
4.0495100695537785,False,86,4.041441456563892,0.008068612989886148,49
3.969052367988476,False,87,4.0495100695537785,-0.0804577015653023,49
3.9104882225435778,False,88,3.969052367988476,-0.05856414544489841,49
3.908174028467484,False,89,3.9104882225435778,-0.0023141940760935675,49
4.086468314020376,False,90,3.908174028467484,0.17829428555289173,49
4.025403376169782,False,91,4.086468314020376,-0.06106493785059364,49
3.939487106343051,False,92,4.025403376169782,-0.08591626982673128,49
4.015063483255729,False,93,3.939487106343051,0.07557637691267827,49
3.906366919462094,False,94,4.015063483255729,-0.10869656379363546,49
3.9147120590841933,False,95,3.906366919462094,0.008345139622099484,49
4.050724790369997,False,96,3.9147120590841933,0.1360127312858035,49
4.0721753325739884,False,97,4.050724790369997,0.021450542203991674,49
4.001645061742121,False,98,4.0721753325739884,-0.0705302708318678,49
3.943904801707503,False,99,4.001645061742121,-0.05774026003461774,49
4.265550115473297,True,100,3.943904801707503,0.32164531376579397,49
4.686173946707205,True,101,4.265550115473297,0.42062383123390834,49
5.146448089481513,True,102,4.686173946707205,0.460274142774308,49
5.373983295266379,True,103,5.146448089481513,0.22753520578486608,49
5.77822936975272,True,104,5.373983295266379,0.4042460744863403,49
6.136853775068632,True,105,5.77822936975272,0.3586244053159122,49
6.431718023698039,True,106,6.136853775068632,0.2948642486294073,49
7.0000863684915675,True,107,6.431718023698039,0.5683683447935284,49
7.217838355089948,True,108,7.0000863684915675,0.21775198659838058,49
7.543983136052452,True,109,7.217838355089948,0.32614478096250377,49
7.934737520969847,True,110,7.543983136052452,0.3907543849173951,49
8.40661501941158,True,111,7.934737520969847,0.4718774984417333,49
8.651310900347202,True,112,8.40661501941158,0.24469588093562145,49
9.070076661559838,True,113,8.651310900347202,0.41876576121263653,49
9.50485324592936,True,114,9.070076661559838,0.43477658436952105,49
9.812566617886429,True,115,9.50485324592936,0.30771337195706927,49
10.218555484816697,True,116,9.812566617886429,0.4059888669302687,49
10.531583723719226,True,117,10.218555484816697,0.31302823890252895,49
10.931543130531475,True,118,10.531583723719226,0.39995940681224873,49
11.279892350286445,True,119,10.931543130531475,0.34834921975497046,49
11.678428437440052,True,120,11.279892350286445,0.398536087153607,49
11.944671383923387,True,121,11.678428437440052,0.26624294648333446,49
12.348617896935933,True,122,11.944671383923387,0.4039465130125457,49
12.753367797907208,True,123,12.348617896935933,0.40474990097127517,49
12.984994082741242,True,124,12.753367797907208,0.23162628483403402,49
13.479275479146601,True,125,12.984994082741242,0.4942813964053592,49
13.724714932827778,True,126,13.479275479146601,0.24543945368117726,49
14.037902835325722,True,127,13.724714932827778,0.31318790249794404,49
14.475366471992997,True,128,14.037902835325722,0.4374636366672746,49
14.877812425996622,True,129,14.475366471992997,0.4024459540036247,49
15.106104659738914,True,130,14.877812425996622,0.2282922337422928,49
15.655493142509618,True,131,15.106104659738914,0.5493884827707038,49
15.966919054000387,True,132,15.655493142509618,0.3114259114907689,49
16.333948331841157,True,133,15.966919054000387,0.36702927784076955,49
16.654085879987978,True,134,16.333948331841157,0.32013754814682116,49
17.001677895403223,True,135,16.654085879987978,0.34759201541524476,49
17.33870158792611,True,136,17.001677895403223,0.33702369252288733,49
17.62370633323222,True,137,17.33870158792611,0.28500474530611086,49
18.152682646475654,True,138,17.62370633323222,0.5289763132434331,49
18.440076031452183,True,139,18.152682646475654,0.28739338497652867,49
18.819159647003975,True,140,18.440076031452183,0.37908361555179226,49
19.056117775952288,True,141,18.819159647003975,0.23695812894831292,49
19.436927778958044,True,142,19.056117775952288,0.38081000300575596,49
19.866695464477353,True,143,19.436927778958044,0.4297676855193089,49
20.0,False,144,19.866695464477353,0.13330453552264743,49
20.0,False,145,20.0,0.0,49
20.0,False,146,20.0,0.0,49
20.0,False,147,20.0,0.0,49
20.0,False,148,20.0,0.0,49
20.0,False,149,20.0,0.0,49
20.0,False,150,20.0,0.0,49
20.0,False,151,20.0,0.0,49
20.0,False,152,20.0,0.0,49
20.0,False,153,20.0,0.0,49
20.0,False,154,20.0,0.0,49
20.0,False,155,20.0,0.0,49
20.0,False,156,20.0,0.0,49
20.0,False,157,20.0,0.0,49
20.0,False,158,20.0,0.0,49
20.0,False,159,20.0,0.0,49
20.0,False,160,20.0,0.0,49
20.0,False,161,20.0,0.0,49
20.0,False,162,20.0,0.0,49
20.0,False,163,20.0,0.0,49
20.0,False,164,20.0,0.0,49
20.0,False,165,20.0,0.0,49
20.0,False,166,20.0,0.0,49
20.0,False,167,20.0,0.0,49
20.0,False,168,20.0,0.0,49
20.0,False,169,20.0,0.0,49
20.0,False,170,20.0,0.0,49
20.0,False,171,20.0,0.0,49
20.0,False,172,20.0,0.0,49
20.0,False,173,20.0,0.0,49
20.0,False,174,20.0,0.0,49
20.0,False,175,20.0,0.0,49
20.0,False,176,20.0,0.0,49
20.0,False,177,20.0,0.0,49
20.0,False,178,20.0,0.0,49
20.0,False,179,20.0,0.0,49
20.0,False,180,20.0,0.0,49
20.0,False,181,20.0,0.0,49
20.0,False,182,20.0,0.0,49
20.0,False,183,20.0,0.0,49
20.0,False,184,20.0,0.0,49
20.0,False,185,20.0,0.0,49
20.0,False,186,20.0,0.0,49
20.0,False,187,20.0,0.0,49
20.0,False,188,20.0,0.0,49
20.0,False,189,20.0,0.0,49
20.0,False,190,20.0,0.0,49
20.0,False,191,20.0,0.0,49
20.0,False,192,20.0,0.0,49
20.0,False,193,20.0,0.0,49
20.0,False,194,20.0,0.0,49
20.0,False,195,20.0,0.0,49
20.0,False,196,20.0,0.0,49
20.0,False,197,20.0,0.0,49
20.0,False,198,20.0,0.0,49
20.0,False,199,20.0,0.0,49
20.0,False,200,20.0,0.0,49
20.0,False,201,20.0,0.0,49
19.97463149110749,False,202,20.0,-0.025368508892508856,49
20.0,False,203,19.97463149110749,0.025368508892508856,49
20.0,False,204,20.0,0.0,49
20.0,False,205,20.0,0.0,49
20.0,False,206,20.0,0.0,49
19.947612896503433,False,207,20.0,-0.05238710349656728,49
20.0,False,208,19.947612896503433,0.05238710349656728,49
19.990437078336214,False,209,20.0,-0.009562921663786028,49
19.975332849665786,False,210,19.990437078336214,-0.015104228670427489,49
20.0,False,211,19.975332849665786,0.024667150334213517,49
19.972564240879287,False,212,20.0,-0.0274357591207135,49
19.97267527994043,False,213,19.972564240879287,0.0001110390611422929,49
19.943280344212628,False,214,19.97267527994043,-0.02939493572780094,49
19.974630967014203,False,215,19.943280344212628,0.03135062280157541,49
20.0,False,216,19.974630967014203,0.025369032985796736,49
20.0,False,217,20.0,0.0,49
19.9036639898865,False,218,20.0,-0.09633601011350024,49
20.0,False,219,19.9036639898865,0.09633601011350024,49
20.0,False,220,20.0,0.0,49
19.922567146111206,False,221,20.0,-0.07743285388879428,49
20.0,False,222,19.922567146111206,0.07743285388879428,49
20.0,False,223,20.0,0.0,49
20.0,False,224,20.0,0.0,49
20.0,False,225,20.0,0.0,49
20.0,False,226,20.0,0.0,49
19.971722683716077,False,227,20.0,-0.028277316283922715,49
20.0,False,228,19.971722683716077,0.028277316283922715,49
20.0,False,229,20.0,0.0,49
19.952618065731258,False,230,20.0,-0.04738193426874204,49
20.0,False,231,19.952618065731258,0.04738193426874204,49
20.0,False,232,20.0,0.0,49
20.0,False,233,20.0,0.0,49
19.99137575822061,False,234,20.0,-0.008624241779390474,49
19.985950505183066,False,235,19.99137575822061,-0.005425253037543598,49
19.9528495752103,False,236,19.985950505183066,-0.0331009299727647,49
19.959893202105803,False,237,19.9528495752103,0.007043626895502086,49
20.0,False,238,19.959893202105803,0.04010679789419669,49
20.0,False,239,20.0,0.0,49
20.0,False,240,20.0,0.0,49
19.970737541700213,False,241,20.0,-0.029262458299786687,49
19.954277955719846,False,242,19.970737541700213,-0.016459585980367564,49
20.0,False,243,19.954277955719846,0.04572204428015425,49
20.0,False,244,20.0,0.0,49
19.94910703310381,False,245,20.0,-0.05089296689618905,49
20.0,False,246,19.94910703310381,0.05089296689618905,49
20.0,False,247,20.0,0.0,49
20.0,False,248,20.0,0.0,49
20.0,False,249,20.0,0.0,49
20.0,False,250,20.0,0.0,49
19.97141033682426,False,251,20.0,-0.0285896631757403,49
19.945192707469637,False,252,19.97141033682426,-0.026217629354622574,49
19.96341297013858,False,253,19.945192707469637,0.018220262668943832,49
20.0,False,254,19.96341297013858,0.03658702986141904,49
20.0,False,255,20.0,0.0,49
20.0,False,256,20.0,0.0,49
19.959543778820997,False,257,20.0,-0.04045622117900294,49
20.0,False,258,19.959543778820997,0.04045622117900294,49
19.970045544186657,False,259,20.0,-0.029954455813342662,49
19.936743768172242,False,260,19.970045544186657,-0.033301776014415196,49
20.0,False,261,19.936743768172242,0.06325623182775786,49
20.0,False,262,20.0,0.0,49
19.98280113401589,False,263,20.0,-0.0171988659841098,49
20.0,False,264,19.98280113401589,0.0171988659841098,49
20.0,False,265,20.0,0.0,49
19.90643900827243,False,266,20.0,-0.09356099172757126,49
19.987841885927494,False,267,19.90643900827243,0.08140287765506571,49
20.0,False,268,19.987841885927494,0.012158114072505555,49
19.946162666889972,False,269,20.0,-0.05383733311002814,49
20.0,False,270,19.946162666889972,0.05383733311002814,49
20.0,False,271,20.0,0.0,49
19.913389963794653,False,272,20.0,-0.08661003620534657,49
20.0,False,273,19.913389963794653,0.08661003620534657,49
19.940781168551872,False,274,20.0,-0.05921883144812767,49
20.0,False,275,19.940781168551872,0.05921883144812767,49
19.991711408342624,False,276,20.0,-0.008288591657375832,49
20.0,False,277,19.991711408342624,0.008288591657375832,49
20.0,False,278,20.0,0.0,49
19.992600904089002,False,279,20.0,-0.007399095910997744,49
19.930126897704945,False,280,19.992600904089002,-0.062474006384057645,49
20.0,False,281,19.930126897704945,0.06987310229505539,49
20.0,False,282,20.0,0.0,49
20.0,False,283,20.0,0.0,49
19.91582403953394,False,284,20.0,-0.0841759604660588,49
20.0,False,285,19.91582403953394,0.0841759604660588,49
20.0,False,286,20.0,0.0,49
20.0,False,287,20.0,0.0,49
20.0,False,288,20.0,0.0,49
20.0,False,289,20.0,0.0,49
20.0,False,290,20.0,0.0,49
19.93981374955514,False,291,20.0,-0.060186250444861145,49
20.0,False,292,19.93981374955514,0.060186250444861145,49
20.0,False,293,20.0,0.0,49
20.0,False,294,20.0,0.0,49
19.90072829741788,False,295,20.0,-0.09927170258211859,49
19.928369233046887,False,296,19.90072829741788,0.02764093562900527,49
19.958298845188335,False,297,19.928369233046887,0.029929612141447848,49
20.0,False,298,19.958298845188335,0.041701154811665475,49
19.925410093620513,False,299,20.0,-0.07458990637948659,49
