Sensor_Distance,Leakage,Time,Prev_Sensor_Distance,Diff,Episode
2.458785831791786,False,0,0.0,0.0,0
1.7951886955665128,False,1,2.458785831791786,-0.663597136225273,0
2.0612097375211276,False,2,1.7951886955665128,0.26602104195461473,0
1.824197775310659,False,3,2.0612097375211276,-0.2370119622104685,0
2.218641052102352,False,4,1.824197775310659,0.394443276791693,0
2.472516092859312,False,5,2.218641052102352,0.2538750407569599,0
1.5051993689518675,False,6,2.472516092859312,-0.9673167239074445,0
2.3132827183209863,False,7,1.5051993689518675,0.8080833493691189,0
1.5396432534087916,False,8,2.3132827183209863,-0.7736394649121947,0
2.004493837608972,False,9,1.5396432534087916,0.46485058420018044,0
1.9324561404504352,False,10,2.004493837608972,-0.0720376971585368,0
2.166684424700903,False,11,1.9324561404504352,0.2342282842504677,0
2.45488266112434,False,12,2.166684424700903,0.2881982364234372,0
2.2927276978356366,False,13,2.45488266112434,-0.1621549632887036,0
1.9614726122587598,False,14,2.2927276978356366,-0.3312550855768768,0
1.7409883441485956,False,15,1.9614726122587598,-0.2204842681101642,0
1.7171540778248053,False,16,1.7409883441485956,-0.023834266323790265,0
1.8176038201093219,False,17,1.7171540778248053,0.10044974228451653,0
1.8570508593362693,False,18,1.8176038201093219,0.03944703922694748,0
1.6411298371148249,False,19,1.8570508593362693,-0.2159210222214445,0
2.32815135472832,False,20,1.6411298371148249,0.6870215176134953,0
2.4596908605957397,False,21,2.32815135472832,0.13153950586741958,0
1.6905269459292458,False,22,2.4596908605957397,-0.7691639146664939,0
2.1376322970054655,False,23,1.6905269459292458,0.44710535107621974,0
2.0877434521051677,False,24,2.1376322970054655,-0.04988884490029788,0
1.5767898182693862,False,25,2.0877434521051677,-0.5109536338357814,0
2.4899207307010967,False,26,1.5767898182693862,0.9131309124317104,0
1.62768128497002,False,27,2.4899207307010967,-0.8622394457310767,0
1.7862817288321582,False,28,1.62768128497002,0.15860044386213823,0
1.8564548112976045,False,29,1.7862817288321582,0.07017308246544629,0
1.9734995995630036,False,30,1.8564548112976045,0.1170447882653991,0
1.8405100226487852,False,31,1.9734995995630036,-0.13298957691421842,0
2.142594254795406,False,32,1.8405100226487852,0.30208423214662083,0
2.3371713077506304,False,33,2.142594254795406,0.19457705295522443,0
1.674375322715672,False,34,2.3371713077506304,-0.6627959850349585,0
1.606973076256903,False,35,1.674375322715672,-0.06740224645876891,0
1.7242231523286278,False,36,1.606973076256903,0.11725007607172477,0
1.7008411003425499,False,37,1.7242231523286278,-0.0233820519860779,0
2.2322752988667847,False,38,1.7008411003425499,0.5314341985242348,0
1.5466655352679264,False,39,2.2322752988667847,-0.6856097635988583,0
2.3822122676027893,False,40,1.5466655352679264,0.8355467323348629,0
1.5811873142429573,False,41,2.3822122676027893,-0.8010249533598319,0
1.6754266704464589,False,42,1.5811873142429573,0.09423935620350155,0
1.6852482088426073,False,43,1.6754266704464589,0.00982153839614841,0
2.4407321502815917,False,44,1.6852482088426073,0.7554839414389845,0
2.126035205913425,False,45,2.4407321502815917,-0.31469694436816686,0
1.6247018131935644,False,46,2.126035205913425,-0.5013333927198604,0
1.693907084151852,False,47,1.6247018131935644,0.06920527095828755,0
1.9176346062578062,False,48,1.693907084151852,0.22372752210595426,0
1.944526961957742,False,49,1.9176346062578062,0.026892355699935866,0
1.860243098210435,False,50,1.944526961957742,-0.08428386374730712,0
2.2869865788839943,False,51,1.860243098210435,0.4267434806735593,0
2.363189689432917,False,52,2.2869865788839943,0.07620311054892293,0
2.008572405140151,False,53,2.363189689432917,-0.3546172842927664,0
1.767398069939864,False,54,2.008572405140151,-0.24117433520028686,0
2.066393605525142,False,55,1.767398069939864,0.29899553558527825,0
2.0775244781758087,False,56,2.066393605525142,0.011130872650666479,0
2.0233991964686258,False,57,2.0775244781758087,-0.05412528170718289,0
1.9268246685547352,False,58,2.0233991964686258,-0.09657452791389054,0
2.0491626504585545,False,59,1.9268246685547352,0.12233798190381928,0
2.038145063482908,False,60,2.0491626504585545,-0.011017586975646587,0
2.193495322767136,False,61,2.038145063482908,0.1553502592842282,0
1.6259567097449903,False,62,2.193495322767136,-0.5675386130221458,0
2.341573695503323,False,63,1.6259567097449903,0.7156169857583325,0
1.6838418130399675,False,64,2.341573695503323,-0.6577318824633553,0
2.0873462608622875,False,65,1.6838418130399675,0.40350444782232,0
2.445687964930188,False,66,2.0873462608622875,0.35834170406790067,0
2.4822491726573195,False,67,2.445687964930188,0.03656120772713134,0
2.100608758701056,False,68,2.4822491726573195,-0.38164041395626347,0
1.6055243639272152,False,69,2.100608758701056,-0.4950843947738408,0
1.9132419222560761,False,70,1.6055243639272152,0.30771755832886094,0
1.5055900887747113,False,71,1.9132419222560761,-0.4076518334813648,0
1.535322533519556,False,72,1.5055900887747113,0.0297324447448446,0
2.293996533605049,False,73,1.535322533519556,0.758674000085493,0
1.5390082346163205,False,74,2.293996533605049,-0.7549882989887284,0
2.3183824244161686,False,75,1.5390082346163205,0.7793741897998481,0
2.2384088703397573,False,76,2.3183824244161686,-0.07997355407641127,0
1.5024911772311709,False,77,2.2384088703397573,-0.7359176931085865,0
1.8820205799786232,False,78,1.5024911772311709,0.3795294027474523,0
2.4277333429670325,False,79,1.8820205799786232,0.5457127629884093,0
1.8105132450840151,False,80,2.4277333429670325,-0.6172200978830173,0
1.529634338487385,False,81,1.8105132450840151,-0.2808789065966302,0
1.9541878666000851,False,82,1.529634338487385,0.4245535281127002,0
1.86251180502846,False,83,1.9541878666000851,-0.09167606157162522,0
2.332984735546237,False,84,1.86251180502846,0.47047293051777705,0
1.528723234478524,False,85,2.332984735546237,-0.804261501067713,0
1.6248888695242603,False,86,1.528723234478524,0.09616563504573628,0
1.671171112264726,False,87,1.6248888695242603,0.04628224274046566,0
2.1467066753548076,False,88,1.671171112264726,0.4755355630900817,0
2.303827194638566,False,89,2.1467066753548076,0.15712051928375814,0
2.071259891678537,False,90,2.303827194638566,-0.2325673029600286,0
1.6578429355523134,False,91,2.071259891678537,-0.41341695612622376,0
2.1883421607926614,False,92,1.6578429355523134,0.530499225240348,0
1.6525457220720376,False,93,2.1883421607926614,-0.5357964387206238,0
2.0831159167770346,False,94,1.6525457220720376,0.4305701947049969,0
1.9173973298462377,False,95,2.0831159167770346,-0.16571858693079689,0
2.0540730146223405,False,96,1.9173973298462377,0.1366756847761028,0
1.9048008071199822,False,97,2.0540730146223405,-0.14927220750235826,0
2.2993909272615283,False,98,1.9048008071199822,0.39459012014154604,0
1.9409003632614765,False,99,2.2993909272615283,-0.35849056400005175,0
2.1051082271225976,True,100,1.9409003632614765,0.16420786386112107,0
2.4390827708319254,True,101,2.1051082271225976,0.3339745437093278,0
2.641265464607891,True,102,2.4390827708319254,0.20218269377596565,0
2.906966461107556,True,103,2.641265464607891,0.26570099649966483,0
3.049766373570075,True,104,2.906966461107556,0.142799912462519,0
3.2373418762629984,True,105,3.049766373570075,0.18757550269292356,0
3.514943319676773,True,106,3.2373418762629984,0.2776014434137748,0
3.7507935009115796,True,107,3.514943319676773,0.2358501812348064,0
3.9740348399176,True,108,3.7507935009115796,0.2232413390060204,0
4.220423638903018,True,109,3.9740348399176,0.24638879898541788,0
4.356442350440654,True,110,4.220423638903018,0.1360187115376359,0
4.580025911606751,True,111,4.356442350440654,0.22358356116609723,0
4.863983200759961,True,112,4.580025911606751,0.28395728915320984,0
5.117379619375733,True,113,4.863983200759961,0.2533964186157718,0
5.241351231254477,True,114,5.117379619375733,0.12397161187874417,0
5.420634604058856,True,115,5.241351231254477,0.17928337280437923,0
5.761454370124072,True,116,5.420634604058856,0.34081976606521636,0
5.890569960218505,True,117,5.761454370124072,0.12911559009443252,0
6.082941585323385,True,118,5.890569960218505,0.19237162510488037,0
6.471578652835053,True,119,6.082941585323385,0.3886370675116675,0
6.693374252457275,True,120,6.471578652835053,0.22179559962222228,0
6.7951212574778435,True,121,6.693374252457275,0.10174700502056844,0
7.105479638976591,True,122,6.7951212574778435,0.31035838149874717,0
7.39021602055969,True,123,7.105479638976591,0.284736381583099,0
7.571138906438615,True,124,7.39021602055969,0.18092288587892558,0
7.718230382898589,True,125,7.571138906438615,0.14709147645997422,0
7.972875281147616,True,126,7.718230382898589,0.25464489824902614,0
8.213377979898134,True,127,7.972875281147616,0.2405026987505181,0
8.33913878453955,True,128,8.213377979898134,0.12576080464141626,0
8.652038298276963,True,129,8.33913878453955,0.3128995137374133,0
8.861624872235218,True,130,8.652038298276963,0.20958657395825497,0
9.120291999220985,True,131,8.861624872235218,0.25866712698576677,0
9.23797953049624,True,132,9.120291999220985,0.117687531275255,0
9.396038378125054,True,133,9.23797953049624,0.15805884762881384,0
9.620726199032047,True,134,9.396038378125054,0.22468782090699335,0
9.913135405494968,True,135,9.620726199032047,0.2924092064629207,0
10.232381489088471,True,136,9.913135405494968,0.31924608359350337,0
10.366926006796968,True,137,10.232381489088471,0.1345445177084965,0
10.548677973019071,True,138,10.366926006796968,0.18175196622210343,0
10.729020486800373,True,139,10.548677973019071,0.1803425137813015,0
11.014056700661996,True,140,10.729020486800373,0.28503621386162337,0
11.303848462356846,True,141,11.014056700661996,0.28979176169485044,0
11.374589504104625,True,142,11.303848462356846,0.07074104174777851,0
11.61083767975638,True,143,11.374589504104625,0.23624817565175427,0
11.922330940546683,True,144,11.61083767975638,0.3114932607903036,0
12.03731097540964,True,145,11.922330940546683,0.11498003486295794,0
12.340404156152786,True,146,12.03731097540964,0.3030931807431454,0
12.497431236817512,True,147,12.340404156152786,0.15702708066472582,0
12.764347443976346,True,148,12.497431236817512,0.26691620715883424,0
13.035233153108539,True,149,12.764347443976346,0.2708857091321928,0
13.178170161135679,True,150,13.035233153108539,0.1429370080271397,0
13.422885023730975,True,151,13.178170161135679,0.24471486259529662,0
13.501470448717201,True,152,13.422885023730975,0.07858542498622612,0
13.795648442475283,True,153,13.501470448717201,0.2941779937580815,0
13.96076460725051,True,154,13.795648442475283,0.1651161647752275,0
14.176546663622979,True,155,13.96076460725051,0.2157820563724684,0
14.390717903691963,True,156,14.176546663622979,0.2141712400689837,0
14.595582188770388,True,157,14.390717903691963,0.20486428507842547,0
14.827411407653141,True,158,14.595582188770388,0.2318292188827531,0
15.110149063689112,True,159,14.827411407653141,0.28273765603597134,0
15.259601851492821,True,160,15.110149063689112,0.14945278780370863,0
15.521252603271854,True,161,15.259601851492821,0.2616507517790332,0
15.664454554774341,True,162,15.521252603271854,0.14320195150248693,0
16.073968807626336,True,163,15.664454554774341,0.40951425285199505,0
16.188007616833932,True,164,16.073968807626336,0.1140388092075959,0
16.48468262495513,True,165,16.188007616833932,0.2966750081211984,0
16.676160091731393,True,166,16.48468262495513,0.19147746677626287,0
16.863974146091866,True,167,16.676160091731393,0.18781405436047294,0
16.955716295893037,True,168,16.863974146091866,0.09174214980117057,0
17.199262284794585,True,169,16.955716295893037,0.24354598890154833,0
17.47515426012802,True,170,17.199262284794585,0.27589197533343324,0
17.685640450350967,True,171,17.47515426012802,0.210486190222948,0
17.935821892678675,True,172,17.685640450350967,0.2501814423277082,0
18.22826714770166,True,173,17.935821892678675,0.29244525502298657,0
18.521649795798517,True,174,18.22826714770166,0.29338264809685555,0
18.653932846707033,True,175,18.521649795798517,0.13228305090851578,0
18.96682885602434,True,176,18.653932846707033,0.3128960093173063,0
19.030894580383737,True,177,18.96682885602434,0.0640657243593985,0
19.405348158855016,True,178,19.030894580383737,0.3744535784712788,0
19.495896742086515,True,179,19.405348158855016,0.09054858323149872,0
19.8120324652272,True,180,19.495896742086515,0.31613572314068605,0
19.977527324354327,True,181,19.8120324652272,0.1654948591271257,0
20.0,False,182,19.977527324354327,0.022472675645673235,0
20.0,False,183,20.0,0.0,0
20.0,False,184,20.0,0.0,0
20.0,False,185,20.0,0.0,0
20.0,False,186,20.0,0.0,0
20.0,False,187,20.0,0.0,0
20.0,False,188,20.0,0.0,0
20.0,False,189,20.0,0.0,0
20.0,False,190,20.0,0.0,0
20.0,False,191,20.0,0.0,0
20.0,False,192,20.0,0.0,0
20.0,False,193,20.0,0.0,0
20.0,False,194,20.0,0.0,0
20.0,False,195,20.0,0.0,0
20.0,False,196,20.0,0.0,0
20.0,False,197,20.0,0.0,0
20.0,False,198,20.0,0.0,0
20.0,False,199,20.0,0.0,0
20.0,False,200,20.0,0.0,0
20.0,False,201,20.0,0.0,0
19.90796619988098,False,202,20.0,-0.09203380011901885,0
19.927389102100335,False,203,19.90796619988098,0.019422902219353944,0
20.0,False,204,19.927389102100335,0.0726108978996649,0
20.0,False,205,20.0,0.0,0
20.0,False,206,20.0,0.0,0
19.907227394407066,False,207,20.0,-0.0927726055929341,0
19.999049513923627,False,208,19.907227394407066,0.09182211951656072,0
19.96719970227287,False,209,19.999049513923627,-0.031849811650754845,0
20.0,False,210,19.96719970227287,0.032800297727128225,0
19.967760009649673,False,211,20.0,-0.032239990350326764,0
20.0,False,212,19.967760009649673,0.032239990350326764,0
19.992874618141727,False,213,20.0,-0.007125381858273272,0
19.90036722406512,False,214,19.992874618141727,-0.09250739407660546,0
19.97465147875,False,215,19.90036722406512,0.07428425468487987,0
20.0,False,216,19.97465147875,0.025348521249998868,0
20.0,False,217,20.0,0.0,0
19.970542549254162,False,218,20.0,-0.029457450745837832,0
19.95076925422193,False,219,19.970542549254162,-0.019773295032230465,0
19.970691263119765,False,220,19.95076925422193,0.01992200889783291,0
19.922478304666683,False,221,19.970691263119765,-0.04821295845308171,0
19.945054167857847,False,222,19.922478304666683,0.022575863191164558,0
20.0,False,223,19.945054167857847,0.05494583214215254,0
20.0,False,224,20.0,0.0,0
19.997333758410818,False,225,20.0,-0.00266624158918205,0
20.0,False,226,19.997333758410818,0.00266624158918205,0
20.0,False,227,20.0,0.0,0
20.0,False,228,20.0,0.0,0
20.0,False,229,20.0,0.0,0
20.0,False,230,20.0,0.0,0
19.99153342316507,False,231,20.0,-0.00846657683493035,0
20.0,False,232,19.99153342316507,0.00846657683493035,0
19.90542341511461,False,233,20.0,-0.09457658488539167,0
19.99033562391949,False,234,19.90542341511461,0.08491220880488015,0
19.9744067170818,False,235,19.99033562391949,-0.015928906837689993,0
20.0,False,236,19.9744067170818,0.02559328291820151,0
20.0,False,237,20.0,0.0,0
20.0,False,238,20.0,0.0,0
19.911628564800885,False,239,20.0,-0.0883714351991145,0
20.0,False,240,19.911628564800885,0.0883714351991145,0
19.912150613857335,False,241,20.0,-0.0878493861426648,0
19.98731685684894,False,242,19.912150613857335,0.07516624299160313,0
20.0,False,243,19.98731685684894,0.012683143151061671,0
20.0,False,244,20.0,0.0,0
19.94850953682052,False,245,20.0,-0.05149046317947992,0
19.99503362621647,False,246,19.94850953682052,0.04652408939594821,0
20.0,False,247,19.99503362621647,0.004966373783531708,0
19.996346345460058,False,248,20.0,-0.0036536545399421527,0
19.948702118276344,False,249,19.996346345460058,-0.04764422718371364,0
19.902483146021098,False,250,19.948702118276344,-0.046218972255246626,0
20.0,False,251,19.902483146021098,0.09751685397890242,0
19.94014579583146,False,252,20.0,-0.05985420416854126,0
19.90679731400858,False,253,19.94014579583146,-0.033348481822880416,0
19.980519891599084,False,254,19.90679731400858,0.07372257759050527,0
20.0,False,255,19.980519891599084,0.019480108400916407,0
19.907964036612185,False,256,20.0,-0.09203596338781495,0
20.0,False,257,19.907964036612185,0.09203596338781495,0
19.953436425925695,False,258,20.0,-0.046563574074305336,0
20.0,False,259,19.953436425925695,0.046563574074305336,0
20.0,False,260,20.0,0.0,0
19.99723464357767,False,261,20.0,-0.002765356422330001,0
20.0,False,262,19.99723464357767,0.002765356422330001,0
19.951896426925142,False,263,20.0,-0.04810357307485802,0
20.0,False,264,19.951896426925142,0.04810357307485802,0
19.970517070181323,False,265,20.0,-0.02948292981867695,0
19.915056871093377,False,266,19.970517070181323,-0.055460199087946194,0
20.0,False,267,19.915056871093377,0.08494312890662314,0
20.0,False,268,20.0,0.0,0
20.0,False,269,20.0,0.0,0
20.0,False,270,20.0,0.0,0
20.0,False,271,20.0,0.0,0
20.0,False,272,20.0,0.0,0
19.907312999365512,False,273,20.0,-0.09268700063448776,0
19.91036151379066,False,274,19.907312999365512,0.003048514425149307,0
20.0,False,275,19.91036151379066,0.08963848620933845,0
19.908402215268712,False,276,20.0,-0.0915977847312881,0
20.0,False,277,19.908402215268712,0.0915977847312881,0
20.0,False,278,20.0,0.0,0
19.962323366381423,False,279,20.0,-0.037676633618577426,0
19.93744088853649,False,280,19.962323366381423,-0.02488247784493325,0
20.0,False,281,19.93744088853649,0.06255911146351067,0
20.0,False,282,20.0,0.0,0
19.914526582845404,False,283,20.0,-0.08547341715459567,0
19.973800884175816,False,284,19.914526582845404,0.05927430133041156,0
20.0,False,285,19.973800884175816,0.026199115824184105,0
19.940222709448868,False,286,20.0,-0.05977729055113201,0
20.0,False,287,19.940222709448868,0.05977729055113201,0
20.0,False,288,20.0,0.0,0
20.0,False,289,20.0,0.0,0
20.0,False,290,20.0,0.0,0
19.968721495975487,False,291,20.0,-0.031278504024513154,0
20.0,False,292,19.968721495975487,0.031278504024513154,0
20.0,False,293,20.0,0.0,0
20.0,False,294,20.0,0.0,0
20.0,False,295,20.0,0.0,0
19.981765932658604,False,296,20.0,-0.0182340673413961,0
19.976267954144244,False,297,19.981765932658604,-0.005497978514359403,0
20.0,False,298,19.976267954144244,0.0237320458557555,0
19.988376696958433,False,299,20.0,-0.011623303041567112,0
2.4686434546657083,False,0,0.0,0.0,1
2.2549202683028997,False,1,2.4686434546657083,-0.21372318636280863,1
2.1029217087909546,False,2,2.2549202683028997,-0.15199855951194507,1
2.4456775198180503,False,3,2.1029217087909546,0.3427558110270956,1
1.9063130983853256,False,4,2.4456775198180503,-0.5393644214327247,1
2.2354063353838005,False,5,1.9063130983853256,0.3290932369984749,1
2.3209510034339575,False,6,2.2354063353838005,0.08554466805015704,1
2.0890104317515363,False,7,2.3209510034339575,-0.23194057168242121,1
1.8385306819164118,False,8,2.0890104317515363,-0.25047974983512455,1
1.5388631753826316,False,9,1.8385306819164118,-0.29966750653378016,1
2.0571363923751376,False,10,1.5388631753826316,0.518273216992506,1
1.8331756181514203,False,11,2.0571363923751376,-0.2239607742237173,1
2.1147095816474204,False,12,1.8331756181514203,0.28153396349600013,1
1.5194021795302808,False,13,2.1147095816474204,-0.5953074021171396,1
1.570627762399139,False,14,1.5194021795302808,0.051225582868858144,1
2.2676374635377954,False,15,1.570627762399139,0.6970097011386565,1
2.2751777641276045,False,16,2.2676374635377954,0.007540300589809146,1
1.8249953065734954,False,17,2.2751777641276045,-0.45018245755410913,1
1.5393339460324773,False,18,1.8249953065734954,-0.2856613605410181,1
1.864459459069729,False,19,1.5393339460324773,0.3251255130372517,1
1.866482643693895,False,20,1.864459459069729,0.0020231846241660634,1
2.088829638063803,False,21,1.866482643693895,0.22234699436990812,1
2.2993871339800402,False,22,2.088829638063803,0.21055749591623707,1
1.8706597538798975,False,23,2.2993871339800402,-0.4287273801001428,1
2.1807235556989006,False,24,1.8706597538798975,0.31006380181900317,1
2.4534669669089864,False,25,2.1807235556989006,0.2727434112100857,1
2.487942435795904,False,26,2.4534669669089864,0.03447546888691777,1
1.6120175619806987,False,27,2.487942435795904,-0.8759248738152055,1
1.6773577921319613,False,28,1.6120175619806987,0.06534023015126267,1
1.9509597471694664,False,29,1.6773577921319613,0.27360195503750506,1
2.2285118154174284,False,30,1.9509597471694664,0.27755206824796197,1
2.340662621974183,False,31,2.2285118154174284,0.11215080655675447,1
2.418927943888865,False,32,2.340662621974183,0.07826532191468205,1
1.611322057205794,False,33,2.418927943888865,-0.8076058866830709,1
1.9711704503363832,False,34,1.611322057205794,0.35984839313058914,1
2.2348281310295075,False,35,1.9711704503363832,0.26365768069312434,1
2.1471688883093263,False,36,2.2348281310295075,-0.08765924272018122,1
1.93734823766153,False,37,2.1471688883093263,-0.2098206506477962,1
1.7241978162708018,False,38,1.93734823766153,-0.21315042139072826,1
1.5644308332323664,False,39,1.7241978162708018,-0.1597669830384354,1
1.78725552953956,False,40,1.5644308332323664,0.2228246963071936,1
1.6885688346805918,False,41,1.78725552953956,-0.0986866948589682,1
1.687811914547861,False,42,1.6885688346805918,-0.0007569201327308761,1
1.714454538653589,False,43,1.687811914547861,0.02664262410572804,1
1.591613267597377,False,44,1.714454538653589,-0.1228412710562119,1
2.4130795196141848,False,45,1.591613267597377,0.8214662520168077,1
1.999273610072248,False,46,2.4130795196141848,-0.41380590954193686,1
2.3507804329491746,False,47,1.999273610072248,0.3515068228769267,1
1.9478446518443078,False,48,2.3507804329491746,-0.40293578110486683,1
1.9319730714868228,False,49,1.9478446518443078,-0.015871580357484927,1
2.270453532422659,False,50,1.9319730714868228,0.3384804609358363,1
2.4620528848807135,False,51,2.270453532422659,0.19159935245805437,1
2.0535290927232763,False,52,2.4620528848807135,-0.40852379215743717,1
2.000285466418962,False,53,2.0535290927232763,-0.05324362630431434,1
1.5352723668563186,False,54,2.000285466418962,-0.46501309956264336,1
1.5357757270958605,False,55,1.5352723668563186,0.0005033602395418946,1
1.5826190643043163,False,56,1.5357757270958605,0.04684333720845579,1
1.7933752386473023,False,57,1.5826190643043163,0.210756174342986,1
2.08364002182796,False,58,1.7933752386473023,0.2902647831806575,1
1.9923029652098323,False,59,2.08364002182796,-0.09133705661812752,1
1.6454773621591747,False,60,1.9923029652098323,-0.34682560305065757,1
2.1321436436804193,False,61,1.6454773621591747,0.4866662815212446,1
2.258038978465832,False,62,2.1321436436804193,0.1258953347854126,1
1.6292315312052634,False,63,2.258038978465832,-0.6288074472605685,1
1.6803891290416466,False,64,1.6292315312052634,0.051157597836383184,1
2.3584292517034458,False,65,1.6803891290416466,0.6780401226617991,1
1.6748364220699163,False,66,2.3584292517034458,-0.6835928296335294,1
2.3956004634890906,False,67,1.6748364220699163,0.7207640414191743,1
1.9030719988931128,False,68,2.3956004634890906,-0.49252846459597777,1
2.191785620928419,False,69,1.9030719988931128,0.28871362203530637,1
2.1071158760940856,False,70,2.191785620928419,-0.08466974483433365,1
1.907637390813432,False,71,2.1071158760940856,-0.19947848528065348,1
1.5814424336458868,False,72,1.907637390813432,-0.3261949571675453,1
1.9780042694943158,False,73,1.5814424336458868,0.3965618358484291,1
1.9447913581621756,False,74,1.9780042694943158,-0.033212911332140216,1
1.7901436263308126,False,75,1.9447913581621756,-0.15464773183136304,1
2.3106901386935776,False,76,1.7901436263308126,0.5205465123627651,1
1.8074025779584852,False,77,2.3106901386935776,-0.5032875607350924,1
2.2234506319569887,False,78,1.8074025779584852,0.4160480539985034,1
1.8529807219208418,False,79,2.2234506319569887,-0.3704699100361468,1
1.6213435076669018,False,80,1.8529807219208418,-0.23163721425394002,1
1.9284344459583531,False,81,1.6213435076669018,0.3070909382914513,1
1.6633358323478231,False,82,1.9284344459583531,-0.26509861361053,1
1.751679529424457,False,83,1.6633358323478231,0.08834369707663381,1
2.253567742896273,False,84,1.751679529424457,0.5018882134718159,1
1.8258545438988252,False,85,2.253567742896273,-0.42771319899744764,1
2.0376595888043254,False,86,1.8258545438988252,0.21180504490550023,1
2.431692884494252,False,87,2.0376595888043254,0.3940332956899266,1
2.00183843011451,False,88,2.431692884494252,-0.429854454379742,1
1.617408817622907,False,89,2.00183843011451,-0.3844296124916031,1
1.5366173440588846,False,90,1.617408817622907,-0.08079147356402228,1
2.3568859405708804,False,91,1.5366173440588846,0.8202685965119958,1
1.7462065118873427,False,92,2.3568859405708804,-0.6106794286835378,1
1.948404251984266,False,93,1.7462065118873427,0.20219774009692326,1
1.9948065425181987,False,94,1.948404251984266,0.046402290533932744,1
1.5360932630684545,False,95,1.9948065425181987,-0.45871327944974416,1
2.4992189890942482,False,96,1.5360932630684545,0.9631257260257937,1
1.7236110688366688,False,97,2.4992189890942482,-0.7756079202575794,1
1.8089474243908317,False,98,1.7236110688366688,0.08533635555416286,1
2.4653452478239926,False,99,1.8089474243908317,0.6563978234331609,1
2.3213964777439635,True,100,2.4653452478239926,-0.14394877008002904,1
2.6307166103129966,True,101,2.3213964777439635,0.3093201325690331,1
2.9477803037975865,True,102,2.6307166103129966,0.31706369348458985,1
3.216431697667318,True,103,2.9477803037975865,0.2686513938697317,1
3.6151018642425816,True,104,3.216431697667318,0.39867016657526344,1
3.825952174574442,True,105,3.6151018642425816,0.2108503103318604,1
4.20009154423139,True,106,3.825952174574442,0.37413936965694816,1
4.564553445444784,True,107,4.20009154423139,0.36446190121339406,1
4.9543830934528135,True,108,4.564553445444784,0.3898296480080292,1
5.2665057637227335,True,109,4.9543830934528135,0.31212267026992,1
5.50449235682702,True,110,5.2665057637227335,0.23798659310428683,1
5.839342523856446,True,111,5.50449235682702,0.33485016702942527,1
6.248782271496537,True,112,5.839342523856446,0.40943974764009106,1
6.486663389817885,True,113,6.248782271496537,0.23788111832134806,1
6.8411327372626936,True,114,6.486663389817885,0.35446934744480885,1
7.266491520934576,True,115,6.8411327372626936,0.4253587836718822,1
7.5146593693600865,True,116,7.266491520934576,0.24816784842551076,1
7.869142937155254,True,117,7.5146593693600865,0.35448356779516743,1
8.067218432325006,True,118,7.869142937155254,0.19807549516975254,1
8.476057441816952,True,119,8.067218432325006,0.4088390094919454,1
8.891650344668921,True,120,8.476057441816952,0.41559290285196937,1
9.169371037715734,True,121,8.891650344668921,0.27772069304681324,1
9.453076857898623,True,122,9.169371037715734,0.28370582018288815,1
9.81217963498582,True,123,9.453076857898623,0.3591027770871982,1
10.05369453102057,True,124,9.81217963498582,0.24151489603474907,1
10.358051034571087,True,125,10.05369453102057,0.30435650355051713,1
10.732473366124196,True,126,10.358051034571087,0.37442233155310944,1
11.172346502915692,True,127,10.732473366124196,0.43987313679149587,1
11.380180641295341,True,128,11.172346502915692,0.20783413837964915,1
11.73134105838762,True,129,11.380180641295341,0.3511604170922791,1
12.148596003732475,True,130,11.73134105838762,0.41725494534485463,1
12.466470825349631,True,131,12.148596003732475,0.3178748216171563,1
12.838761588286957,True,132,12.466470825349631,0.3722907629373253,1
13.144523842694092,True,133,12.838761588286957,0.305762254407135,1
13.40485446479051,True,134,13.144523842694092,0.26033062209641855,1
13.758688299474008,True,135,13.40485446479051,0.3538338346834973,1
14.0434663921876,True,136,13.758688299474008,0.28477809271359256,1
14.425141893485334,True,137,14.0434663921876,0.38167550129773353,1
14.668748798781477,True,138,14.425141893485334,0.2436069052961436,1
15.017655616573537,True,139,14.668748798781477,0.34890681779205934,1
15.3362685676388,True,140,15.017655616573537,0.31861295106526377,1
15.690278295678873,True,141,15.3362685676388,0.35400972804007225,1
15.933415715458606,True,142,15.690278295678873,0.24313741977973358,1
16.31506550815392,True,143,15.933415715458606,0.38164979269531507,1
16.61107146810322,True,144,16.31506550815392,0.2960059599492979,1
16.9242719252016,True,145,16.61107146810322,0.3132004570983824,1
17.359445476388117,True,146,16.9242719252016,0.4351735511865158,1
17.667429031597752,True,147,17.359445476388117,0.30798355520963483,1
17.858656800082322,True,148,17.667429031597752,0.1912277684845698,1
18.20109663534759,True,149,17.858656800082322,0.34243983526526733,1
18.61489762712683,True,150,18.20109663534759,0.41380099177924023,1
18.92770511469792,True,151,18.61489762712683,0.31280748757108867,1
19.272489019236787,True,152,18.92770511469792,0.3447839045388683,1
19.52850105660391,True,153,19.272489019236787,0.25601203736712463,1
19.849151186992025,True,154,19.52850105660391,0.3206501303881133,1
20.0,False,155,19.849151186992025,0.15084881300797548,1
20.0,False,156,20.0,0.0,1
20.0,False,157,20.0,0.0,1
20.0,False,158,20.0,0.0,1
20.0,False,159,20.0,0.0,1
20.0,False,160,20.0,0.0,1
20.0,False,161,20.0,0.0,1
20.0,False,162,20.0,0.0,1
20.0,False,163,20.0,0.0,1
20.0,False,164,20.0,0.0,1
20.0,False,165,20.0,0.0,1
20.0,False,166,20.0,0.0,1
20.0,False,167,20.0,0.0,1
20.0,False,168,20.0,0.0,1
20.0,False,169,20.0,0.0,1
20.0,False,170,20.0,0.0,1
20.0,False,171,20.0,0.0,1
20.0,False,172,20.0,0.0,1
20.0,False,173,20.0,0.0,1
20.0,False,174,20.0,0.0,1
20.0,False,175,20.0,0.0,1
20.0,False,176,20.0,0.0,1
20.0,False,177,20.0,0.0,1
20.0,False,178,20.0,0.0,1
20.0,False,179,20.0,0.0,1
20.0,False,180,20.0,0.0,1
20.0,False,181,20.0,0.0,1
20.0,False,182,20.0,0.0,1
20.0,False,183,20.0,0.0,1
20.0,False,184,20.0,0.0,1
20.0,False,185,20.0,0.0,1
20.0,False,186,20.0,0.0,1
20.0,False,187,20.0,0.0,1
20.0,False,188,20.0,0.0,1
20.0,False,189,20.0,0.0,1
20.0,False,190,20.0,0.0,1
20.0,False,191,20.0,0.0,1
20.0,False,192,20.0,0.0,1
20.0,False,193,20.0,0.0,1
20.0,False,194,20.0,0.0,1
20.0,False,195,20.0,0.0,1
20.0,False,196,20.0,0.0,1
20.0,False,197,20.0,0.0,1
20.0,False,198,20.0,0.0,1
20.0,False,199,20.0,0.0,1
19.914397354837703,False,200,20.0,-0.08560264516229665,1
19.96915940596299,False,201,19.914397354837703,0.054762051125287314,1
20.0,False,202,19.96915940596299,0.03084059403700934,1
19.927922098463537,False,203,20.0,-0.07207790153646343,1
20.0,False,204,19.927922098463537,0.07207790153646343,1
19.937920806167075,False,205,20.0,-0.06207919383292548,1
20.0,False,206,19.937920806167075,0.06207919383292548,1
20.0,False,207,20.0,0.0,1
20.0,False,208,20.0,0.0,1
20.0,False,209,20.0,0.0,1
19.91252471162246,False,210,20.0,-0.08747528837754004,1
20.0,False,211,19.91252471162246,0.08747528837754004,1
19.90062066087225,False,212,20.0,-0.09937933912775065,1
20.0,False,213,19.90062066087225,0.09937933912775065,1
19.944887848335874,False,214,20.0,-0.055112151664125975,1
20.0,False,215,19.944887848335874,0.055112151664125975,1
19.97494350463714,False,216,20.0,-0.025056495362861142,1
20.0,False,217,19.97494350463714,0.025056495362861142,1
20.0,False,218,20.0,0.0,1
19.984354036062516,False,219,20.0,-0.015645963937483742,1
20.0,False,220,19.984354036062516,0.015645963937483742,1
20.0,False,221,20.0,0.0,1
19.955927166258224,False,222,20.0,-0.04407283374177595,1
19.94538706209702,False,223,19.955927166258224,-0.010540104161204766,1
20.0,False,224,19.94538706209702,0.05461293790298072,1
20.0,False,225,20.0,0.0,1
20.0,False,226,20.0,0.0,1
19.966577089955813,False,227,20.0,-0.033422910044187404,1
19.947385016964734,False,228,19.966577089955813,-0.01919207299107839,1
20.0,False,229,19.947385016964734,0.052614983035265794,1
20.0,False,230,20.0,0.0,1
20.0,False,231,20.0,0.0,1
20.0,False,232,20.0,0.0,1
20.0,False,233,20.0,0.0,1
20.0,False,234,20.0,0.0,1
20.0,False,235,20.0,0.0,1
20.0,False,236,20.0,0.0,1
19.988714685687867,False,237,20.0,-0.011285314312132755,1
19.987469600627694,False,238,19.988714685687867,-0.0012450850601730679,1
20.0,False,239,19.987469600627694,0.012530399372305823,1
20.0,False,240,20.0,0.0,1
20.0,False,241,20.0,0.0,1
19.97376297929891,False,242,20.0,-0.02623702070108891,1
19.957200157314357,False,243,19.97376297929891,-0.01656282198455372,1
20.0,False,244,19.957200157314357,0.04279984268564263,1
19.992897181311946,False,245,20.0,-0.007102818688053958,1
20.0,False,246,19.992897181311946,0.007102818688053958,1
20.0,False,247,20.0,0.0,1
20.0,False,248,20.0,0.0,1
20.0,False,249,20.0,0.0,1
20.0,False,250,20.0,0.0,1
19.973963136868424,False,251,20.0,-0.026036863131576382,1
20.0,False,252,19.973963136868424,0.026036863131576382,1
19.920024180836627,False,253,20.0,-0.07997581916337282,1
19.968931457606157,False,254,19.920024180836627,0.04890727676952977,1
20.0,False,255,19.968931457606157,0.031068542393843046,1
19.946271296122788,False,256,20.0,-0.05372870387721207,1
19.903996805640208,False,257,19.946271296122788,-0.04227449048257981,1
20.0,False,258,19.903996805640208,0.09600319435979188,1
19.91152136149974,False,259,20.0,-0.08847863850025917,1
19.928201353710215,False,260,19.91152136149974,0.01667999221047367,1
19.942320401861164,False,261,19.928201353710215,0.014119048150948998,1
19.968683551151575,False,262,19.942320401861164,0.02636314929041106,1
19.965977206559533,False,263,19.968683551151575,-0.002706344592041887,1
19.93212993336998,False,264,19.965977206559533,-0.03384727318955427,1
19.995262801708705,False,265,19.93212993336998,0.06313286833872667,1
19.947476375829908,False,266,19.995262801708705,-0.047786425878797445,1
20.0,False,267,19.947476375829908,0.052523624170092376,1
20.0,False,268,20.0,0.0,1
19.940115697833612,False,269,20.0,-0.05988430216638818,1
20.0,False,270,19.940115697833612,0.05988430216638818,1
19.963224049783133,False,271,20.0,-0.036775950216867415,1
20.0,False,272,19.963224049783133,0.036775950216867415,1
20.0,False,273,20.0,0.0,1
19.98198031390413,False,274,20.0,-0.018019686095868792,1
20.0,False,275,19.98198031390413,0.018019686095868792,1
19.91147565082046,False,276,20.0,-0.08852434917954,1
19.916025414905768,False,277,19.91147565082046,0.004549764085307828,1
19.937019139306663,False,278,19.916025414905768,0.02099372440089553,1
19.90847847261598,False,279,19.937019139306663,-0.028540666690684446,1
20.0,False,280,19.90847847261598,0.09152152738402108,1
20.0,False,281,20.0,0.0,1
19.93940767578804,False,282,20.0,-0.06059232421196015,1
19.956171021693937,False,283,19.93940767578804,0.016763345905896898,1
19.904895673487584,False,284,19.956171021693937,-0.051275348206353044,1
19.973995262135308,False,285,19.904895673487584,0.06909958864772392,1
20.0,False,286,19.973995262135308,0.026004737864692373,1
20.0,False,287,20.0,0.0,1
20.0,False,288,20.0,0.0,1
19.94707895205827,False,289,20.0,-0.05292104794173014,1
19.909892719958258,False,290,19.94707895205827,-0.03718623210001226,1
20.0,False,291,19.909892719958258,0.0901072800417424,1
19.937874665459013,False,292,20.0,-0.0621253345409869,1
19.95950289714936,False,293,19.937874665459013,0.021628231690346666,1
20.0,False,294,19.95950289714936,0.04049710285064023,1
20.0,False,295,20.0,0.0,1
20.0,False,296,20.0,0.0,1
20.0,False,297,20.0,0.0,1
20.0,False,298,20.0,0.0,1
20.0,False,299,20.0,0.0,1
1.8790997722476726,False,0,0.0,0.0,2
2.4030173496549745,False,1,1.8790997722476726,0.5239175774073019,2
2.1818760015006444,False,2,2.4030173496549745,-0.22114134815433006,2
2.248393347379936,False,3,2.1818760015006444,0.06651734587929159,2
1.8318617113771807,False,4,2.248393347379936,-0.41653163600275533,2
2.324280646516776,False,5,1.8318617113771807,0.49241893513959534,2
2.27574408159,False,6,2.324280646516776,-0.04853656492677594,2
2.1431692543971117,False,7,2.27574408159,-0.13257482719288838,2
1.9871872303286668,False,8,2.1431692543971117,-0.15598202406844486,2
1.8219636989159373,False,9,1.9871872303286668,-0.1652235314127295,2
1.670238486596587,False,10,1.8219636989159373,-0.15172521231935043,2
1.9264971473002155,False,11,1.670238486596587,0.25625866070362857,2
2.145540841795687,False,12,1.9264971473002155,0.21904369449547145,2
2.3723825348133945,False,13,2.145540841795687,0.2268416930177075,2
1.6535300678639189,False,14,2.3723825348133945,-0.7188524669494756,2
1.546444752095396,False,15,1.6535300678639189,-0.10708531576852298,2
1.8931336306610178,False,16,1.546444752095396,0.3466888785656219,2
2.0273145434511357,False,17,1.8931336306610178,0.1341809127901179,2
1.709133037839125,False,18,2.0273145434511357,-0.31818150561201075,2
1.838501724112269,False,19,1.709133037839125,0.12936868627314402,2
2.2220340774910676,False,20,1.838501724112269,0.38353235337879865,2
1.5853643102400965,False,21,2.2220340774910676,-0.6366697672509711,2
1.5073693320326496,False,22,1.5853643102400965,-0.07799497820744694,2
2.2160387133982273,False,23,1.5073693320326496,0.7086693813655778,2
2.1176900411626556,False,24,2.2160387133982273,-0.09834867223557175,2
2.4684828764679354,False,25,2.1176900411626556,0.3507928353052798,2
2.1367470747549966,False,26,2.4684828764679354,-0.3317358017129388,2
1.8956905835910736,False,27,2.1367470747549966,-0.24105649116392303,2
1.7815132722676812,False,28,1.8956905835910736,-0.11417731132339237,2
2.179754869285752,False,29,1.7815132722676812,0.3982415970180706,2
1.6380244452515889,False,30,2.179754869285752,-0.5417304240341629,2
1.6339149193149007,False,31,1.6380244452515889,-0.004109525936688119,2
2.353199199642119,False,32,1.6339149193149007,0.7192842803272181,2
1.6337291511363108,False,33,2.353199199642119,-0.7194700485058081,2
2.271408510729989,False,34,1.6337291511363108,0.6376793595936783,2
1.5167418439885072,False,35,2.271408510729989,-0.7546666667414819,2
1.514248491824615,False,36,1.5167418439885072,-0.0024933521638921263,2
1.8088284925284448,False,37,1.514248491824615,0.2945800007038297,2
1.6512193848740853,False,38,1.8088284925284448,-0.15760910765435954,2
2.3995857087568573,False,39,1.6512193848740853,0.748366323882772,2
1.990993238499593,False,40,2.3995857087568573,-0.4085924702572643,2
2.229812963388115,False,41,1.990993238499593,0.238819724888522,2
1.5025186981458316,False,42,2.229812963388115,-0.7272942652422834,2
1.7754593072314373,False,43,1.5025186981458316,0.2729406090856057,2
1.679006985589922,False,44,1.7754593072314373,-0.0964523216415154,2
1.8541760837745942,False,45,1.679006985589922,0.1751690981846723,2
1.667483653869862,False,46,1.8541760837745942,-0.18669242990473212,2
1.6136472543725768,False,47,1.667483653869862,-0.05383639949728525,2
1.5792402906391039,False,48,1.6136472543725768,-0.03440696373347296,2
2.074350312689827,False,49,1.5792402906391039,0.49511002205072296,2
2.275920751449944,False,50,2.074350312689827,0.20157043876011738,2
1.678933857014466,False,51,2.275920751449944,-0.5969868944354781,2
1.7708079815105344,False,52,1.678933857014466,0.09187412449606835,2
2.132049500463573,False,53,1.7708079815105344,0.3612415189530387,2
2.453376911671689,False,54,2.132049500463573,0.3213274112081157,2
1.528125583567021,False,55,2.453376911671689,-0.9252513281046677,2
2.1564523130873066,False,56,1.528125583567021,0.6283267295202855,2
2.301460339845609,False,57,2.1564523130873066,0.1450080267583025,2
2.404170720049481,False,58,2.301460339845609,0.10271038020387202,2
2.474286991065232,False,59,2.404170720049481,0.0701162710157508,2
1.6542899989221787,False,60,2.474286991065232,-0.8199969921430532,2
1.6175909349691362,False,61,1.6542899989221787,-0.036699063953042455,2
2.0870678643444687,False,62,1.6175909349691362,0.4694769293753325,2
2.156581178020194,False,63,2.0870678643444687,0.06951331367572511,2
2.189098878533834,False,64,2.156581178020194,0.032517700513640335,2
1.998126230811157,False,65,2.189098878533834,-0.1909726477226772,2
1.746940494430496,False,66,1.998126230811157,-0.2511857363806609,2
2.4132903054671875,False,67,1.746940494430496,0.6663498110366914,2
1.6560638978890567,False,68,2.4132903054671875,-0.7572264075781308,2
1.5372036868516128,False,69,1.6560638978890567,-0.11886021103744393,2
2.1389637852559265,False,70,1.5372036868516128,0.6017600984043137,2
1.6155828130495515,False,71,2.1389637852559265,-0.5233809722063749,2
2.1446079749669624,False,72,1.6155828130495515,0.5290251619174109,2
2.1957705372972147,False,73,2.1446079749669624,0.05116256233025229,2
1.5210686649521101,False,74,2.1957705372972147,-0.6747018723451046,2
1.767555513494756,False,75,1.5210686649521101,0.2464868485426459,2
1.656005987437514,False,76,1.767555513494756,-0.11154952605724211,2
2.1823892451620326,False,77,1.656005987437514,0.5263832577245187,2
2.1343770677405685,False,78,2.1823892451620326,-0.04801217742146413,2
2.245596677238344,False,79,2.1343770677405685,0.11121960949777554,2
2.0613508074829143,False,80,2.245596677238344,-0.18424586975542967,2
1.849338655216343,False,81,2.0613508074829143,-0.21201215226657122,2
1.7837318645919111,False,82,1.849338655216343,-0.06560679062443198,2
2.1215160728472418,False,83,1.7837318645919111,0.3377842082553306,2
2.142384861765936,False,84,2.1215160728472418,0.020868788918694037,2
1.7187050481092594,False,85,2.142384861765936,-0.4236798136566764,2
1.6571525018938602,False,86,1.7187050481092594,-0.061552546215399184,2
2.3065834446920315,False,87,1.6571525018938602,0.6494309427981713,2
1.525106350834731,False,88,2.3065834446920315,-0.7814770938573006,2
2.2431925231284984,False,89,1.525106350834731,0.7180861722937675,2
1.8125457917500887,False,90,2.2431925231284984,-0.4306467313784097,2
1.815678402278993,False,91,1.8125457917500887,0.003132610528904234,2
1.5210548337496532,False,92,1.815678402278993,-0.2946235685293397,2
2.4711088768834037,False,93,1.5210548337496532,0.9500540431337505,2
2.4282901121603233,False,94,2.4711088768834037,-0.04281876472308044,2
2.272985238365058,False,95,2.4282901121603233,-0.15530487379526514,2
1.8759027971027789,False,96,2.272985238365058,-0.3970824412622793,2
1.6627232756410648,False,97,1.8759027971027789,-0.21317952146171404,2
2.3161934611009727,False,98,1.6627232756410648,0.6534701854599079,2
2.475238492409299,False,99,2.3161934611009727,0.15904503130832648,2
2.3001296947935677,True,100,2.475238492409299,-0.1751087976157315,2
2.656970086408631,True,101,2.3001296947935677,0.35684039161506353,2
3.00831899629056,True,102,2.656970086408631,0.3513489098819287,2
3.204735933030001,True,103,3.00831899629056,0.19641693673944127,2
3.4446884216764815,True,104,3.204735933030001,0.23995248864648033,2
3.9041109169420265,True,105,3.4446884216764815,0.459422495265545,2
4.199533516723412,True,106,3.9041109169420265,0.29542259978138574,2
4.3682644940636255,True,107,4.199533516723412,0.16873097734021325,2
4.767332745954891,True,108,4.3682644940636255,0.3990682518912658,2
4.926185927585491,True,109,4.767332745954891,0.15885318163060003,2
5.360737288423747,True,110,4.926185927585491,0.4345513608382561,2
5.569834108618709,True,111,5.360737288423747,0.20909682019496145,2
5.912202850160351,True,112,5.569834108618709,0.3423687415416419,2
6.134806008746035,True,113,5.912202850160351,0.22260315858568447,2
6.589951383081232,True,114,6.134806008746035,0.45514537433519653,2
6.949691519324007,True,115,6.589951383081232,0.3597401362427757,2
7.235935788490846,True,116,6.949691519324007,0.286244269166839,2
7.522581784514041,True,117,7.235935788490846,0.2866459960231946,2
7.87762477986377,True,118,7.522581784514041,0.35504299534972894,2
8.095831101921485,True,119,7.87762477986377,0.21820632205771506,2
8.403513566304907,True,120,8.095831101921485,0.30768246438342217,2
8.779660606437663,True,121,8.403513566304907,0.37614704013275535,2
9.036841299869018,True,122,8.779660606437663,0.25718069343135497,2
9.323956694048277,True,123,9.036841299869018,0.2871153941792599,2
9.637563481998846,True,124,9.323956694048277,0.31360678795056884,2
9.925329420898379,True,125,9.637563481998846,0.2877659388995326,2
10.237009368257075,True,126,9.925329420898379,0.3116799473586962,2
10.576518494090234,True,127,10.237009368257075,0.3395091258331586,2
10.845148930005132,True,128,10.576518494090234,0.26863043591489877,2
11.175956263692473,True,129,10.845148930005132,0.33080733368734094,2
11.457471418454606,True,130,11.175956263692473,0.2815151547621326,2
11.812386327681494,True,131,11.457471418454606,0.3549149092268884,2
12.018833492310538,True,132,11.812386327681494,0.20644716462904356,2
12.378614407821871,True,133,12.018833492310538,0.3597809155113332,2
12.74258279905159,True,134,12.378614407821871,0.3639683912297187,2
12.903328042549077,True,135,12.74258279905159,0.16074524349748742,2
13.39217148550606,True,136,12.903328042549077,0.48884344295698234,2
13.729946221036313,True,137,13.39217148550606,0.33777473553025317,2
13.851627315801984,True,138,13.729946221036313,0.12168109476567146,2
14.154361963775763,True,139,13.851627315801984,0.3027346479737787,2
14.513999578025803,True,140,14.154361963775763,0.35963761425004037,2
14.79678916015343,True,141,14.513999578025803,0.28278958212762717,2
15.131487683367613,True,142,14.79678916015343,0.3346985232141826,2
15.515418097218145,True,143,15.131487683367613,0.38393041385053195,2
15.641159595701469,True,144,15.515418097218145,0.1257414984833236,2
15.96134674621394,True,145,15.641159595701469,0.3201871505124707,2
16.27414213556584,True,146,15.96134674621394,0.31279538935189954,2
16.694149766593466,True,147,16.27414213556584,0.4200076310276266,2
17.02037661754265,True,148,16.694149766593466,0.32622685094918324,2
17.34529950069599,True,149,17.02037661754265,0.3249228831533415,2
17.592215894661702,True,150,17.34529950069599,0.2469163939657122,2
17.87543951277112,True,151,17.592215894661702,0.28322361810941743,2
18.175852059891465,True,152,17.87543951277112,0.30041254712034515,2
18.42598521845261,True,153,18.175852059891465,0.2501331585611446,2
18.860318291209637,True,154,18.42598521845261,0.4343330727570276,2
18.999354436541662,True,155,18.860318291209637,0.13903614533202457,2
19.42914336117407,True,156,18.999354436541662,0.42978892463240825,2
19.645602682194877,True,157,19.42914336117407,0.21645932102080678,2
19.99345889191522,False,158,19.645602682194877,0.34785620972034437,2
20.0,False,159,19.99345889191522,0.006541108084778813,2
20.0,False,160,20.0,0.0,2
20.0,False,161,20.0,0.0,2
20.0,False,162,20.0,0.0,2
20.0,False,163,20.0,0.0,2
20.0,False,164,20.0,0.0,2
20.0,False,165,20.0,0.0,2
20.0,False,166,20.0,0.0,2
20.0,False,167,20.0,0.0,2
20.0,False,168,20.0,0.0,2
20.0,False,169,20.0,0.0,2
20.0,False,170,20.0,0.0,2
20.0,False,171,20.0,0.0,2
20.0,False,172,20.0,0.0,2
20.0,False,173,20.0,0.0,2
20.0,False,174,20.0,0.0,2
20.0,False,175,20.0,0.0,2
20.0,False,176,20.0,0.0,2
20.0,False,177,20.0,0.0,2
20.0,False,178,20.0,0.0,2
20.0,False,179,20.0,0.0,2
20.0,False,180,20.0,0.0,2
20.0,False,181,20.0,0.0,2
20.0,False,182,20.0,0.0,2
20.0,False,183,20.0,0.0,2
20.0,False,184,20.0,0.0,2
20.0,False,185,20.0,0.0,2
20.0,False,186,20.0,0.0,2
20.0,False,187,20.0,0.0,2
20.0,False,188,20.0,0.0,2
20.0,False,189,20.0,0.0,2
20.0,False,190,20.0,0.0,2
20.0,False,191,20.0,0.0,2
20.0,False,192,20.0,0.0,2
20.0,False,193,20.0,0.0,2
20.0,False,194,20.0,0.0,2
20.0,False,195,20.0,0.0,2
20.0,False,196,20.0,0.0,2
20.0,False,197,20.0,0.0,2
20.0,False,198,20.0,0.0,2
20.0,False,199,20.0,0.0,2
20.0,False,200,20.0,0.0,2
20.0,False,201,20.0,0.0,2
20.0,False,202,20.0,0.0,2
19.964620824073723,False,203,20.0,-0.03537917592627693,2
19.905976806538607,False,204,19.964620824073723,-0.05864401753511572,2
19.91642505031154,False,205,19.905976806538607,0.010448243772930965,2
20.0,False,206,19.91642505031154,0.08357494968846169,2
20.0,False,207,20.0,0.0,2
19.914664155302887,False,208,20.0,-0.08533584469711286,2
20.0,False,209,19.914664155302887,0.08533584469711286,2
20.0,False,210,20.0,0.0,2
20.0,False,211,20.0,0.0,2
19.953936210807317,False,212,20.0,-0.04606378919268295,2
20.0,False,213,19.953936210807317,0.04606378919268295,2
20.0,False,214,20.0,0.0,2
20.0,False,215,20.0,0.0,2
19.93427289149137,False,216,20.0,-0.06572710850862862,2
20.0,False,217,19.93427289149137,0.06572710850862862,2
20.0,False,218,20.0,0.0,2
19.934952339892654,False,219,20.0,-0.06504766010734642,2
20.0,False,220,19.934952339892654,0.06504766010734642,2
19.956604913342524,False,221,20.0,-0.043395086657476156,2
20.0,False,222,19.956604913342524,0.043395086657476156,2
19.933435839920403,False,223,20.0,-0.0665641600795972,2
19.936883078522055,False,224,19.933435839920403,0.0034472386016517476,2
20.0,False,225,19.936883078522055,0.06311692147794545,2
19.92381899717963,False,226,20.0,-0.07618100282036977,2
19.93917095179401,False,227,19.92381899717963,0.015351954614381214,2
20.0,False,228,19.93917095179401,0.060829048205988556,2
19.994889666758883,False,229,20.0,-0.005110333241116649,2
20.0,False,230,19.994889666758883,0.005110333241116649,2
20.0,False,231,20.0,0.0,2
20.0,False,232,20.0,0.0,2
20.0,False,233,20.0,0.0,2
20.0,False,234,20.0,0.0,2
20.0,False,235,20.0,0.0,2
20.0,False,236,20.0,0.0,2
19.903569938668415,False,237,20.0,-0.09643006133158494,2
19.91569820183829,False,238,19.903569938668415,0.012128263169874032,2
19.913866976210816,False,239,19.91569820183829,-0.0018312256274732874,2
20.0,False,240,19.913866976210816,0.0861330237891842,2
20.0,False,241,20.0,0.0,2
19.93505887733074,False,242,20.0,-0.06494112266926066,2
19.951375964493096,False,243,19.93505887733074,0.01631708716235636,2
20.0,False,244,19.951375964493096,0.048624035506904306,2
20.0,False,245,20.0,0.0,2
19.939165610500638,False,246,20.0,-0.060834389499362373,2
20.0,False,247,19.939165610500638,0.060834389499362373,2
20.0,False,248,20.0,0.0,2
20.0,False,249,20.0,0.0,2
19.931881021239878,False,250,20.0,-0.06811897876012196,2
20.0,False,251,19.931881021239878,0.06811897876012196,2
20.0,False,252,20.0,0.0,2
19.98607822280757,False,253,20.0,-0.013921777192429374,2
20.0,False,254,19.98607822280757,0.013921777192429374,2
19.91959803479493,False,255,20.0,-0.08040196520506981,2
20.0,False,256,19.91959803479493,0.08040196520506981,2
20.0,False,257,20.0,0.0,2
19.945375754582784,False,258,20.0,-0.05462424541721589,2
19.93877293068557,False,259,19.945375754582784,-0.006602823897214449,2
19.93772544302613,False,260,19.93877293068557,-0.0010474876594379623,2
19.913549226528467,False,261,19.93772544302613,-0.024176216497664882,2
20.0,False,262,19.913549226528467,0.08645077347153318,2
20.0,False,263,20.0,0.0,2
19.967191054960992,False,264,20.0,-0.03280894503900811,2
20.0,False,265,19.967191054960992,0.03280894503900811,2
20.0,False,266,20.0,0.0,2
20.0,False,267,20.0,0.0,2
20.0,False,268,20.0,0.0,2
20.0,False,269,20.0,0.0,2
20.0,False,270,20.0,0.0,2
20.0,False,271,20.0,0.0,2
20.0,False,272,20.0,0.0,2
19.963448256361996,False,273,20.0,-0.03655174363800384,2
19.958249700387206,False,274,19.963448256361996,-0.005198555974789798,2
20.0,False,275,19.958249700387206,0.04175029961279364,2
19.984206533943333,False,276,20.0,-0.015793466056667427,2
20.0,False,277,19.984206533943333,0.015793466056667427,2
19.901470891580356,False,278,20.0,-0.09852910841964402,2
19.90601803280956,False,279,19.901470891580356,0.004547141229203078,2
20.0,False,280,19.90601803280956,0.09398196719044094,2
20.0,False,281,20.0,0.0,2
20.0,False,282,20.0,0.0,2
19.96817722825984,False,283,20.0,-0.031822771740159794,2
20.0,False,284,19.96817722825984,0.031822771740159794,2
19.918463249206987,False,285,20.0,-0.08153675079301337,2
19.930420654699983,False,286,19.918463249206987,0.011957405492996287,2
19.99073312081844,False,287,19.930420654699983,0.06031246611845731,2
20.0,False,288,19.99073312081844,0.009266879181559773,2
19.99813638698788,False,289,20.0,-0.0018636130121194583,2
19.912005711493865,False,290,19.99813638698788,-0.08613067549401521,2
20.0,False,291,19.912005711493865,0.08799428850613467,2
20.0,False,292,20.0,0.0,2
19.959637009797387,False,293,20.0,-0.04036299020261325,2
20.0,False,294,19.959637009797387,0.04036299020261325,2
19.961945574247032,False,295,20.0,-0.0380544257529678,2
20.0,False,296,19.961945574247032,0.0380544257529678,2
19.91780968279038,False,297,20.0,-0.08219031720961922,2
19.98841296774488,False,298,19.91780968279038,0.07060328495449752,2
20.0,False,299,19.98841296774488,0.011587032255121699,2
1.980579507571682,False,0,0.0,0.0,3
1.8930004047807163,False,1,1.980579507571682,-0.08757910279096581,3
1.9996478155174888,False,2,1.8930004047807163,0.10664741073677253,3
1.6892858137851297,False,3,1.9996478155174888,-0.31036200173235917,3
2.490280928715755,False,4,1.6892858137851297,0.8009951149306251,3
2.3248033308475913,False,5,2.490280928715755,-0.16547759786816352,3
2.4831223403148193,False,6,2.3248033308475913,0.158319009467228,3
1.6915805998645457,False,7,2.4831223403148193,-0.7915417404502736,3
2.1209930246866526,False,8,1.6915805998645457,0.42941242482210695,3
1.7404110528248822,False,9,2.1209930246866526,-0.38058197186177045,3
1.5625077258534135,False,10,1.7404110528248822,-0.1779033269714687,3
2.0081975091737307,False,11,1.5625077258534135,0.4456897833203173,3
2.4326126944842996,False,12,2.0081975091737307,0.4244151853105689,3
1.857767989110562,False,13,2.4326126944842996,-0.5748447053737376,3
2.0877898697570134,False,14,1.857767989110562,0.23002188064645135,3
2.204530184505628,False,15,2.0877898697570134,0.11674031474861479,3
1.6999409594580421,False,16,2.204530184505628,-0.5045892250475861,3
1.7083314497956619,False,17,1.6999409594580421,0.008390490337619738,3
2.1828623000556924,False,18,1.7083314497956619,0.4745308502600305,3
2.338695473887831,False,19,2.1828623000556924,0.1558331738321388,3
2.3125326406789437,False,20,2.338695473887831,-0.02616283320888746,3
2.2714907807062534,False,21,2.3125326406789437,-0.041041859972690276,3
1.6360043351754379,False,22,2.2714907807062534,-0.6354864455308156,3
2.2725941448003257,False,23,1.6360043351754379,0.6365898096248879,3
1.6419979938902924,False,24,2.2725941448003257,-0.6305961509100333,3
2.1784183509955657,False,25,1.6419979938902924,0.5364203571052732,3
1.824551752932045,False,26,2.1784183509955657,-0.3538665980635207,3
2.1418943796660628,False,27,1.824551752932045,0.3173426267340178,3
2.451569520107382,False,28,2.1418943796660628,0.3096751404413194,3
1.7760443428146553,False,29,2.451569520107382,-0.6755251772927269,3
2.2258528943103766,False,30,1.7760443428146553,0.4498085514957213,3
2.419271722444889,False,31,2.2258528943103766,0.1934188281345124,3
2.25587314659441,False,32,2.419271722444889,-0.1633985758504788,3
2.186360600777742,False,33,2.25587314659441,-0.06951254581666833,3
1.5953126802834143,False,34,2.186360600777742,-0.5910479204943275,3
1.8508461263542162,False,35,1.5953126802834143,0.25553344607080186,3
2.411451387179783,False,36,1.8508461263542162,0.5606052608255667,3
2.424767940752625,False,37,2.411451387179783,0.013316553572841894,3
2.342713184088328,False,38,2.424767940752625,-0.08205475666429685,3
1.9365242344786182,False,39,2.342713184088328,-0.40618894960970975,3
1.8729106426538022,False,40,1.9365242344786182,-0.06361359182481596,3
2.1127999367709847,False,41,1.8729106426538022,0.2398892941171824,3
2.0811079240340766,False,42,2.1127999367709847,-0.031692012736908026,3
1.870622419284987,False,43,2.0811079240340766,-0.21048550474908967,3
1.9132195364863556,False,44,1.870622419284987,0.042597117201368606,3
1.8066108369498464,False,45,1.9132195364863556,-0.1066086995365092,3
2.479814102735158,False,46,1.8066108369498464,0.6732032657853115,3
1.7701215737918323,False,47,2.479814102735158,-0.7096925289433256,3
1.9117517604200382,False,48,1.7701215737918323,0.14163018662820592,3
1.6415197716770265,False,49,1.9117517604200382,-0.2702319887430118,3
1.844949895012163,False,50,1.6415197716770265,0.20343012333513655,3
1.9628785214478799,False,51,1.844949895012163,0.11792862643571689,3
1.7512032947709053,False,52,1.9628785214478799,-0.21167522667697458,3
1.5525972367995728,False,53,1.7512032947709053,-0.19860605797133246,3
2.23406299798423,False,54,1.5525972367995728,0.6814657611846573,3
2.3806965431658775,False,55,2.23406299798423,0.1466335451816474,3
2.2562617931596263,False,56,2.3806965431658775,-0.12443475000625126,3
2.3489760325512368,False,57,2.2562617931596263,0.0927142393916105,3
1.7369512838604937,False,58,2.3489760325512368,-0.6120247486907431,3
1.9509651646077502,False,59,1.7369512838604937,0.21401388074725647,3
2.1905863170908764,False,60,1.9509651646077502,0.2396211524831262,3
1.983777729294511,False,61,2.1905863170908764,-0.20680858779636546,3
1.7591301723022688,False,62,1.983777729294511,-0.22464755699224215,3
2.094624870527843,False,63,1.7591301723022688,0.33549469822557443,3
2.356146436967594,False,64,2.094624870527843,0.2615215664397508,3
2.1907548863266166,False,65,2.356146436967594,-0.16539155064097733,3
1.8984565987825617,False,66,2.1907548863266166,-0.29229828754405496,3
2.2512370799347994,False,67,1.8984565987825617,0.3527804811522377,3
1.5192849106092132,False,68,2.2512370799347994,-0.7319521693255862,3
2.2460746822930764,False,69,1.5192849106092132,0.7267897716838632,3
1.7646278528633532,False,70,2.2460746822930764,-0.48144682942972317,3
2.135441323447079,False,71,1.7646278528633532,0.3708134705837258,3
2.039368945019582,False,72,2.135441323447079,-0.09607237842749683,3
2.3309226409015382,False,73,2.039368945019582,0.291553695881956,3
1.734026517559072,False,74,2.3309226409015382,-0.5968961233424663,3
2.4059983759385695,False,75,1.734026517559072,0.6719718583794976,3
2.2985585545173683,False,76,2.4059983759385695,-0.10743982142120112,3
2.3627120742624617,False,77,2.2985585545173683,0.06415351974509331,3
2.2700375274865303,False,78,2.3627120742624617,-0.09267454677593134,3
1.527845144728265,False,79,2.2700375274865303,-0.7421923827582653,3
1.792272334445002,False,80,1.527845144728265,0.26442718971673695,3
1.7969756581478418,False,81,1.792272334445002,0.004703323702839768,3
2.4464589475183645,False,82,1.7969756581478418,0.6494832893705227,3
1.5277728789370248,False,83,2.4464589475183645,-0.9186860685813396,3
2.3835076061280787,False,84,1.5277728789370248,0.8557347271910538,3
2.1307039203430787,False,85,2.3835076061280787,-0.252803685785,3
2.2908021645070296,False,86,2.1307039203430787,0.1600982441639509,3
2.0917239157763925,False,87,2.2908021645070296,-0.19907824873063706,3
1.5909575232683062,False,88,2.0917239157763925,-0.5007663925080863,3
2.2122895457958687,False,89,1.5909575232683062,0.6213320225275625,3
2.202188489841718,False,90,2.2122895457958687,-0.010101055954150784,3
1.9352729092817262,False,91,2.202188489841718,-0.26691558055999165,3
2.0864882519725283,False,92,1.9352729092817262,0.15121534269080206,3
1.645542905867238,False,93,2.0864882519725283,-0.44094534610529035,3
2.4782442550915436,False,94,1.645542905867238,0.8327013492243056,3
2.0863535018894863,False,95,2.4782442550915436,-0.39189075320205724,3
1.6293606963903562,False,96,2.0863535018894863,-0.45699280549913013,3
1.5014259192987485,False,97,1.6293606963903562,-0.12793477709160772,3
2.2742625788301547,False,98,1.5014259192987485,0.7728366595314062,3
2.421193572795713,False,99,2.2742625788301547,0.1469309939655581,3
2.1765468125159004,True,100,2.421193572795713,-0.24464676027981236,3
2.2490625334951893,True,101,2.1765468125159004,0.07251572097928882,3
2.4041367771594113,True,102,2.2490625334951893,0.15507424366422207,3
2.491339534980911,True,103,2.4041367771594113,0.08720275782149978,3
2.6298125910094896,True,104,2.491339534980911,0.1384730560285785,3
2.879932948920064,True,105,2.6298125910094896,0.2501203579105744,3
3.0796293582204095,True,106,2.879932948920064,0.1996964093003455,3
3.127612630286349,True,107,3.0796293582204095,0.04798327206593944,3
3.2496977845587662,True,108,3.127612630286349,0.12208515427241728,3
3.311499780778815,True,109,3.2496977845587662,0.06180199622004867,3
3.5779285864971637,True,110,3.311499780778815,0.2664288057183488,3
3.5818112597136786,True,111,3.5779285864971637,0.0038826732165149203,3
3.7504682349096288,True,112,3.5818112597136786,0.16865697519595013,3
3.966250774926398,True,113,3.7504682349096288,0.21578254001676944,3
4.015972516481822,True,114,3.966250774926398,0.04972174155542408,3
4.275880846831908,True,115,4.015972516481822,0.2599083303500853,3
4.4298690832722185,True,116,4.275880846831908,0.1539882364403109,3
4.464451645276801,True,117,4.4298690832722185,0.03458256200458276,3
4.594697323148177,True,118,4.464451645276801,0.13024567787137542,3
4.684429062667285,True,119,4.594697323148177,0.08973173951910862,3
4.832920855253066,True,120,4.684429062667285,0.14849179258578094,3
5.037741232002967,True,121,4.832920855253066,0.2048203767499004,3
5.187109736008551,True,122,5.037741232002967,0.14936850400558477,3
5.272594590765043,True,123,5.187109736008551,0.08548485475649148,3
5.467172606332857,True,124,5.272594590765043,0.1945780155678145,3
5.49588825173023,True,125,5.467172606332857,0.028715645397372924,3
5.65872157832959,True,126,5.49588825173023,0.16283332659936,3
5.850678737305732,True,127,5.65872157832959,0.19195715897614196,3
5.983732411399688,True,128,5.850678737305732,0.13305367409395608,3
6.207507943829426,True,129,5.983732411399688,0.22377553242973747,3
6.355560994536216,True,130,6.207507943829426,0.14805305070678987,3
6.305155950255623,True,131,6.355560994536216,-0.050405044280593,3
6.604460081321335,True,132,6.305155950255623,0.2993041310657123,3
6.715655753353361,True,133,6.604460081321335,0.11119567203202596,3
6.694799525721679,True,134,6.715655753353361,-0.020856227631681712,3
6.889680628574685,True,135,6.694799525721679,0.19488110285300575,3
7.139927100182205,True,136,6.889680628574685,0.2502464716075199,3
7.152950910303082,True,137,7.139927100182205,0.0130238101208775,3
7.4102039692706105,True,138,7.152950910303082,0.25725305896752815,3
7.427232292779245,True,139,7.4102039692706105,0.017028323508634813,3
7.56403828707812,True,140,7.427232292779245,0.13680599429887508,3
7.757286254492785,True,141,7.56403828707812,0.19324796741466432,3
7.823285362281892,True,142,7.757286254492785,0.06599910778910711,3
7.9657386559691075,True,143,7.823285362281892,0.1424532936872156,3
8.158669952505107,True,144,7.9657386559691075,0.19293129653599994,3
8.348365869154883,True,145,8.158669952505107,0.18969591664977514,3
8.444186140261502,True,146,8.348365869154883,0.09582027110661961,3
8.595794550118024,True,147,8.444186140261502,0.15160840985652158,3
8.732743931182435,True,148,8.595794550118024,0.13694938106441157,3
8.917927456303072,True,149,8.732743931182435,0.18518352512063707,3
9.056522943440795,True,150,8.917927456303072,0.13859548713772263,3
9.28079844532662,True,151,9.056522943440795,0.2242755018858258,3
9.26568413344005,True,152,9.28079844532662,-0.01511431188657042,3
9.530961009845818,True,153,9.26568413344005,0.2652768764057676,3
9.620216592538592,True,154,9.530961009845818,0.08925558269277367,3
9.673024378214835,True,155,9.620216592538592,0.05280778567624367,3
9.901248392904051,True,156,9.673024378214835,0.22822401468921605,3
9.996268018183263,True,157,9.901248392904051,0.09501962527921215,3
10.067185501661985,True,158,9.996268018183263,0.07091748347872162,3
10.22891553892596,True,159,10.067185501661985,0.1617300372639754,3
10.370417672282116,True,160,10.22891553892596,0.14150213335615547,3
10.549489380268213,True,161,10.370417672282116,0.17907170798609684,3
10.685040196839688,True,162,10.549489380268213,0.1355508165714756,3
10.765081300126553,True,163,10.685040196839688,0.08004110328686487,3
10.97755410489643,True,164,10.765081300126553,0.2124728047698774,3
11.089425952215253,True,165,10.97755410489643,0.11187184731882205,3
11.238442855865753,True,166,11.089425952215253,0.1490169036504998,3
11.293935891135392,True,167,11.238442855865753,0.05549303526963989,3
11.492646985327774,True,168,11.293935891135392,0.1987110941923813,3
11.599315675601126,True,169,11.492646985327774,0.10666869027335224,3
11.771748778504552,True,170,11.599315675601126,0.17243310290342606,3
11.9495578497417,True,171,11.771748778504552,0.17780907123714762,3
12.050391038286369,True,172,11.9495578497417,0.10083318854466938,3
12.144186655305601,True,173,12.050391038286369,0.09379561701923222,3
12.326970742257457,True,174,12.144186655305601,0.18278408695185533,3
12.484161243124197,True,175,12.326970742257457,0.15719050086674002,3
12.758211847737352,True,176,12.484161243124197,0.274050604613155,3
12.69742920240753,True,177,12.758211847737352,-0.06078264532982125,3
12.812496770659687,True,178,12.69742920240753,0.11506756825215625,3
12.996301623617931,True,179,12.812496770659687,0.18380485295824478,3
13.223377606676662,True,180,12.996301623617931,0.22707598305873056,3
13.246858627747757,True,181,13.223377606676662,0.023481021071095398,3
13.43612644332941,True,182,13.246858627747757,0.18926781558165295,3
13.538659481957799,True,183,13.43612644332941,0.1025330386283887,3
13.682570578673054,True,184,13.538659481957799,0.14391109671525548,3
13.817913687025499,True,185,13.682570578673054,0.13534310835244412,3
13.979524474648017,True,186,13.817913687025499,0.1616107876225179,3
14.096730660492788,True,187,13.979524474648017,0.11720618584477194,3
14.299004622866827,True,188,14.096730660492788,0.20227396237403816,3
14.463985312555064,True,189,14.299004622866827,0.1649806896882371,3
14.51890467105373,True,190,14.463985312555064,0.05491935849866714,3
14.569813424338419,True,191,14.51890467105373,0.05090875328468769,3
14.834167614315032,True,192,14.569813424338419,0.2643541899766131,3
14.855240751515542,True,193,14.834167614315032,0.02107313720050996,3
15.189064852562906,True,194,14.855240751515542,0.33382410104736415,3
15.230393537600511,True,195,15.189064852562906,0.04132868503760534,3
15.390000113063373,True,196,15.230393537600511,0.1596065754628615,3
15.39036043412096,True,197,15.390000113063373,0.00036032105758820876,3
15.601222849342028,True,198,15.39036043412096,0.21086241522106697,3
15.633222496197684,True,199,15.601222849342028,0.03199964685565604,3
15.63952226571363,False,200,15.633222496197684,0.006299769515946352,3
15.733453177849338,False,201,15.63952226571363,0.0939309121357077,3
15.700412533042128,False,202,15.733453177849338,-0.03304064480721003,3
15.708221059963341,False,203,15.700412533042128,0.007808526921213144,3
15.638178643629164,False,204,15.708221059963341,-0.07004241633417685,3
15.651206199744,False,205,15.638178643629164,0.013027556114835193,3
15.663046337014919,False,206,15.651206199744,0.01184013727091937,3
15.802509732180056,False,207,15.663046337014919,0.13946339516513717,3
15.76130794090443,False,208,15.802509732180056,-0.04120179127562551,3
15.634739168551736,False,209,15.76130794090443,-0.12656877235269448,3
15.656436493829148,False,210,15.634739168551736,0.02169732527741175,3
15.774464537523762,False,211,15.656436493829148,0.11802804369461484,3
15.67605326839231,False,212,15.774464537523762,-0.09841126913145182,3
15.627791366642818,False,213,15.67605326839231,-0.048261901749492964,3
15.736290523827652,False,214,15.627791366642818,0.10849915718483416,3
15.802404830201604,False,215,15.736290523827652,0.06611430637395266,3
15.753006187364258,False,216,15.802404830201604,-0.049398642837346074,3
15.694682490895348,False,217,15.753006187364258,-0.05832369646891067,3
15.624841944838494,False,218,15.694682490895348,-0.06984054605685408,3
15.67190649466908,False,219,15.624841944838494,0.047064549830587055,3
15.790908748418468,False,220,15.67190649466908,0.11900225374938778,3
15.706217889854262,False,221,15.790908748418468,-0.08469085856420655,3
15.68145251161709,False,222,15.706217889854262,-0.02476537823717173,3
15.788581857970708,False,223,15.68145251161709,0.10712934635361826,3
15.67756763976482,False,224,15.788581857970708,-0.11101421820588797,3
15.774450598729175,False,225,15.67756763976482,0.09688295896435406,3
15.807176091829225,False,226,15.774450598729175,0.032725493100050684,3
15.665352524448815,False,227,15.807176091829225,-0.1418235673804098,3
15.78605973752406,False,228,15.665352524448815,0.12070721307524401,3
15.736922975535837,False,229,15.78605973752406,-0.04913676198822259,3
15.635140192517476,False,230,15.736922975535837,-0.1017827830183613,3
15.709605812571647,False,231,15.635140192517476,0.07446562005417157,3
15.762578506046008,False,232,15.709605812571647,0.052972693474361066,3
15.718784571810364,False,233,15.762578506046008,-0.04379393423564437,3
15.724131783162779,False,234,15.718784571810364,0.0053472113524151155,3
15.653062564031432,False,235,15.724131783162779,-0.07106921913134734,3
15.708797886212261,False,236,15.653062564031432,0.05573532218082988,3
15.672014231059254,False,237,15.708797886212261,-0.03678365515300719,3
15.751792204294988,False,238,15.672014231059254,0.07977797323573377,3
15.649818310434267,False,239,15.751792204294988,-0.10197389386072153,3
15.731671209194298,False,240,15.649818310434267,0.08185289876003132,3
15.683222318971247,False,241,15.731671209194298,-0.04844889022305132,3
15.651451890197576,False,242,15.683222318971247,-0.031770428773670645,3
15.61288589598021,False,243,15.651451890197576,-0.038565994217366395,3
15.808112415834493,False,244,15.61288589598021,0.19522651985428396,3
15.62243705657216,False,245,15.808112415834493,-0.18567535926233347,3
15.665527098624976,False,246,15.62243705657216,0.04309004205281575,3
15.768792577369677,False,247,15.665527098624976,0.10326547874470116,3
15.64270535002287,False,248,15.768792577369677,-0.12608722734680633,3
15.70731914454478,False,249,15.64270535002287,0.06461379452190918,3
15.779399684387059,False,250,15.70731914454478,0.07208053984227902,3
15.683611880014006,False,251,15.779399684387059,-0.09578780437305312,3
15.762157901110312,False,252,15.683611880014006,0.07854602109630626,3
15.668973046391772,False,253,15.762157901110312,-0.09318485471854032,3
15.80902748358908,False,254,15.668973046391772,0.1400544371973087,3
15.750953580861559,False,255,15.80902748358908,-0.05807390272752144,3
15.69177424928454,False,256,15.750953580861559,-0.0591793315770186,3
15.767921279648093,False,257,15.69177424928454,0.0761470303635523,3
15.620333990622582,False,258,15.767921279648093,-0.14758728902551077,3
15.684631084017143,False,259,15.620333990622582,0.06429709339456124,3
15.791990439309625,False,260,15.684631084017143,0.1073593552924823,3
15.71450048347144,False,261,15.791990439309625,-0.07748995583818541,3
15.694543591359604,False,262,15.71450048347144,-0.0199568921118356,3
15.623248273578849,False,263,15.694543591359604,-0.0712953177807556,3
15.657465026171746,False,264,15.623248273578849,0.03421675259289714,3
15.667158829144062,False,265,15.657465026171746,0.00969380297231659,3
15.716256983788606,False,266,15.667158829144062,0.04909815464454326,3
15.678002433976435,False,267,15.716256983788606,-0.038254549812171135,3
15.668051266002834,False,268,15.678002433976435,-0.009951167973600406,3
15.775819527627268,False,269,15.668051266002834,0.1077682616244342,3
15.698602676127221,False,270,15.775819527627268,-0.07721685150004731,3
15.673700899793761,False,271,15.698602676127221,-0.02490177633345958,3
15.642936012351267,False,272,15.673700899793761,-0.03076488744249417,3
15.62658147346736,False,273,15.642936012351267,-0.01635453888390792,3
15.723087530586488,False,274,15.62658147346736,0.09650605711912874,3
15.654499766004578,False,275,15.723087530586488,-0.06858776458190974,3
15.780575577477519,False,276,15.654499766004578,0.12607581147294056,3
15.631254044957261,False,277,15.780575577477519,-0.1493215325202577,3
15.741261568296089,False,278,15.631254044957261,0.1100075233388278,3
15.75713299234205,False,279,15.741261568296089,0.015871424045961646,3
15.620815235500363,False,280,15.75713299234205,-0.136317756841688,3
15.693989554327407,False,281,15.620815235500363,0.07317431882704462,3
15.67312294396324,False,282,15.693989554327407,-0.020866610364167926,3
15.629314093482236,False,283,15.67312294396324,-0.04380885048100325,3
15.775910933564633,False,284,15.629314093482236,0.14659684008239715,3
15.71731926568556,False,285,15.775910933564633,-0.05859166787907277,3
15.723496349343494,False,286,15.71731926568556,0.0061770836579331245,3
15.72344775345038,False,287,15.723496349343494,-4.85958931140118e-05,3
15.74549286464665,False,288,15.72344775345038,0.022045111196270284,3
15.71565601674197,False,289,15.74549286464665,-0.02983684790467933,3
15.613147918560964,False,290,15.71565601674197,-0.1025080981810067,3
15.807167587451012,False,291,15.613147918560964,0.19401966889004818,3
15.631825990792294,False,292,15.807167587451012,-0.1753415966587184,3
15.646779847336216,False,293,15.631825990792294,0.014953856543922228,3
15.756517471867923,False,294,15.646779847336216,0.10973762453170721,3
15.723422518728151,False,295,15.756517471867923,-0.03309495313977173,3
15.805677466756238,False,296,15.723422518728151,0.08225494802808697,3
15.74872073908158,False,297,15.805677466756238,-0.05695672767465787,3
15.788950097610991,False,298,15.74872073908158,0.040229358529410675,3
15.710915468506567,False,299,15.788950097610991,-0.07803462910442427,3
2.1433373990307434,False,0,0.0,0.0,4
2.4390786030306932,False,1,2.1433373990307434,0.29574120399994985,4
2.0584540464662338,False,2,2.4390786030306932,-0.3806245565644595,4
2.4344684281359292,False,3,2.0584540464662338,0.3760143816696955,4
1.6262551391607698,False,4,2.4344684281359292,-0.8082132889751594,4
2.001187555693216,False,5,1.6262551391607698,0.37493241653244636,4
1.9786378502490267,False,6,2.001187555693216,-0.02254970544418944,4
2.4108001523950047,False,7,1.9786378502490267,0.43216230214597795,4
1.956706667215194,False,8,2.4108001523950047,-0.45409348517981063,4
1.676847179502793,False,9,1.956706667215194,-0.279859487712401,4
2.2610552796771355,False,10,1.676847179502793,0.5842081001743424,4
2.3960020749646547,False,11,2.2610552796771355,0.13494679528751918,4
2.0702185437527536,False,12,2.3960020749646547,-0.32578353121190107,4
1.7529361606929266,False,13,2.0702185437527536,-0.31728238305982703,4
2.332435674668835,False,14,1.7529361606929266,0.5794995139759083,4
2.001532941799903,False,15,2.332435674668835,-0.3309027328689318,4
1.5400991743376231,False,16,2.001532941799903,-0.46143376746227993,4
1.7774299932673194,False,17,1.5400991743376231,0.23733081892969632,4
2.0197448040678196,False,18,1.7774299932673194,0.2423148108005002,4
2.149731153842366,False,19,2.0197448040678196,0.12998634977454637,4
1.8775541783011418,False,20,2.149731153842366,-0.2721769755412242,4
1.5548919729861526,False,21,1.8775541783011418,-0.32266220531498924,4
2.41188692094019,False,22,1.5548919729861526,0.8569949479540373,4
2.135991832984503,False,23,2.41188692094019,-0.27589508795568696,4
2.058921951954781,False,24,2.135991832984503,-0.0770698810297219,4
2.344032249494999,False,25,2.058921951954781,0.2851102975402182,4
2.4787617996716325,False,26,2.344032249494999,0.13472955017663324,4
1.7267201678175814,False,27,2.4787617996716325,-0.752041631854051,4
2.474834604978457,False,28,1.7267201678175814,0.7481144371608757,4
1.6010372373152677,False,29,2.474834604978457,-0.8737973676631894,4
2.143186547366177,False,30,1.6010372373152677,0.5421493100509092,4
1.8053226215373508,False,31,2.143186547366177,-0.3378639258288261,4
1.581394388840911,False,32,1.8053226215373508,-0.2239282326964398,4
2.2024381903350942,False,33,1.581394388840911,0.6210438014941833,4
2.389135280715161,False,34,2.2024381903350942,0.18669709038006665,4
2.409124203740137,False,35,2.389135280715161,0.019988923024976124,4
2.1234749604893457,False,36,2.409124203740137,-0.28564924325079133,4
1.579977170130303,False,37,2.1234749604893457,-0.5434977903590428,4
2.2509836984188176,False,38,1.579977170130303,0.6710065282885147,4
1.6881059643905734,False,39,2.2509836984188176,-0.5628777340282443,4
2.4195462660233913,False,40,1.6881059643905734,0.7314403016328179,4
2.2399055591948223,False,41,2.4195462660233913,-0.17964070682856903,4
2.0138232321479084,False,42,2.2399055591948223,-0.2260823270469139,4
1.9608559225279056,False,43,2.0138232321479084,-0.052967309620002734,4
1.653373452913843,False,44,1.9608559225279056,-0.30748246961406256,4
1.5773928610597632,False,45,1.653373452913843,-0.0759805918540799,4
1.8786879731603987,False,46,1.5773928610597632,0.30129511210063553,4
2.406579105342522,False,47,1.8786879731603987,0.5278911321821234,4
1.5307473474641935,False,48,2.406579105342522,-0.8758317578783286,4
2.2424501816780222,False,49,1.5307473474641935,0.7117028342138287,4
2.29946611363998,False,50,2.2424501816780222,0.057015931961957644,4
1.966524267785795,False,51,2.29946611363998,-0.33294184585418485,4
1.9092509601159593,False,52,1.966524267785795,-0.05727330766983574,4
2.138657030546494,False,53,1.9092509601159593,0.22940607043053474,4
1.6721189298607095,False,54,2.138657030546494,-0.4665381006857845,4
2.4960669910334374,False,55,1.6721189298607095,0.8239480611727279,4
1.983470211619197,False,56,2.4960669910334374,-0.5125967794142405,4
1.6818359978940844,False,57,1.983470211619197,-0.30163421372511245,4
2.0064267370884123,False,58,1.6818359978940844,0.3245907391943279,4
2.190136062811221,False,59,2.0064267370884123,0.18370932572280863,4
1.6683355973651988,False,60,2.190136062811221,-0.5218004654460222,4
2.1330773762370248,False,61,1.6683355973651988,0.464741778871826,4
2.3127582971523304,False,62,2.1330773762370248,0.17968092091530563,4
2.2367809634511984,False,63,2.3127582971523304,-0.07597733370113202,4
1.6821846653772945,False,64,2.2367809634511984,-0.5545962980739039,4
1.8575622968309449,False,65,1.6821846653772945,0.17537763145365037,4
2.454283622200097,False,66,1.8575622968309449,0.5967213253691521,4
2.1683173760455476,False,67,2.454283622200097,-0.28596624615454935,4
1.5890720057776258,False,68,2.1683173760455476,-0.5792453702679219,4
2.225193959157739,False,69,1.5890720057776258,0.6361219533801132,4
2.2400417788679667,False,70,2.225193959157739,0.01484781971022775,4
1.5111314374361937,False,71,2.2400417788679667,-0.728910341431773,4
1.5626047028640682,False,72,1.5111314374361937,0.05147326542787445,4
1.6323023406948558,False,73,1.5626047028640682,0.06969763783078764,4
2.069083589372596,False,74,1.6323023406948558,0.43678124867774026,4
1.906329904183361,False,75,2.069083589372596,-0.16275368518923505,4
2.140333708164534,False,76,1.906329904183361,0.23400380398117315,4
1.5280740639644659,False,77,2.140333708164534,-0.6122596442000683,4
2.1085894982932123,False,78,1.5280740639644659,0.5805154343287464,4
2.124512291449221,False,79,2.1085894982932123,0.01592279315600864,4
1.695315224676738,False,80,2.124512291449221,-0.4291970667724829,4
2.3812951386861556,False,81,1.695315224676738,0.6859799140094176,4
2.1290224777405475,False,82,2.3812951386861556,-0.2522726609456081,4
2.40639765329191,False,83,2.1290224777405475,0.2773751755513625,4
1.508527000383693,False,84,2.40639765329191,-0.897870652908217,4
2.242245394464949,False,85,1.508527000383693,0.7337183940812562,4
1.9000567891029556,False,86,2.242245394464949,-0.3421886053619936,4
1.6130728529978593,False,87,1.9000567891029556,-0.2869839361050963,4
2.480992254439201,False,88,1.6130728529978593,0.8679194014413416,4
2.111278873006961,False,89,2.480992254439201,-0.36971338143224,4
1.80709429766914,False,90,2.111278873006961,-0.30418457533782095,4
2.2734140053831644,False,91,1.80709429766914,0.4663197077140244,4
1.9847708465171827,False,92,2.2734140053831644,-0.2886431588659817,4
1.7843207276355022,False,93,1.9847708465171827,-0.20045011888168052,4
1.8629442417714022,False,94,1.7843207276355022,0.07862351413589996,4
2.160872179518976,False,95,1.8629442417714022,0.29792793774757387,4
1.9667859822195826,False,96,2.160872179518976,-0.19408619729939347,4
2.0330909980193015,False,97,1.9667859822195826,0.06630501579971892,4
1.848128776582806,False,98,2.0330909980193015,-0.18496222143649543,4
2.340470827363371,False,99,1.848128776582806,0.4923420507805649,4
2.3588418742420236,True,100,2.340470827363371,0.018371046878652653,4
2.7131832978075097,True,101,2.3588418742420236,0.35434142356548604,4
3.0863063598539124,True,102,2.7131832978075097,0.3731230620464028,4
3.3644895575352325,True,103,3.0863063598539124,0.27818319768132005,4
3.826454807752197,True,104,3.3644895575352325,0.46196525021696466,4
4.083382843632798,True,105,3.826454807752197,0.25692803588060054,4
4.544033873586969,True,106,4.083382843632798,0.46065102995417107,4
4.889159683799375,True,107,4.544033873586969,0.34512581021240596,4
5.213164639248984,True,108,4.889159683799375,0.3240049554496096,4
5.504344573093847,True,109,5.213164639248984,0.2911799338448624,4
6.0177479878924,True,110,5.504344573093847,0.5134034147985531,4
6.3968673547085535,True,111,6.0177479878924,0.37911936681615366,4
6.6625792136213615,True,112,6.3968673547085535,0.265711858912808,4
6.972873852553577,True,113,6.6625792136213615,0.3102946389322154,4
7.355869069208365,True,114,6.972873852553577,0.38299521665478764,4
7.728300556067969,True,115,7.355869069208365,0.3724314868596048,4
8.005723758345392,True,116,7.728300556067969,0.2774232022774221,4
8.434705443284697,True,117,8.005723758345392,0.42898168493930555,4
8.850072705247978,True,118,8.434705443284697,0.4153672619632811,4
9.097805312435677,True,119,8.850072705247978,0.2477326071876984,4
9.614434001431665,True,120,9.097805312435677,0.5166286889959881,4
9.907213201456369,True,121,9.614434001431665,0.2927792000247038,4
10.196895243049022,True,122,9.907213201456369,0.28968204159265376,4
10.632024368772703,True,123,10.196895243049022,0.43512912572368023,4
11.014133145498255,True,124,10.632024368772703,0.382108776725552,4
11.307469776354768,True,125,11.014133145498255,0.29333663085651374,4
11.770784016026427,True,126,11.307469776354768,0.46331423967165897,4
12.195021951038719,True,127,11.770784016026427,0.42423793501229135,4
12.416538734518443,True,128,12.195021951038719,0.22151678347972492,4
12.853601560258019,True,129,12.416538734518443,0.43706282573957544,4
13.203520100851565,True,130,12.853601560258019,0.34991854059354566,4
13.463064555372537,True,131,13.203520100851565,0.25954445452097197,4
13.799184627746158,True,132,13.463064555372537,0.33612007237362107,4
14.235054983756253,True,133,13.799184627746158,0.4358703560100956,4
14.673683720533262,True,134,14.235054983756253,0.43862873677700875,4
14.876612451966432,True,135,14.673683720533262,0.20292873143317003,4
15.398048471559678,True,136,14.876612451966432,0.5214360195932457,4
15.687964323849341,True,137,15.398048471559678,0.28991585228966343,4
16.140468043150037,True,138,15.687964323849341,0.45250371930069555,4
16.42045484496255,True,139,16.140468043150037,0.27998680181251245,4
16.82597890471077,True,140,16.42045484496255,0.40552405974822037,4
17.099460824640367,True,141,16.82597890471077,0.2734819199295977,4
17.40692663252063,True,142,17.099460824640367,0.3074658078802628,4
17.814744579831615,True,143,17.40692663252063,0.40781794731098486,4
18.107701622122466,True,144,17.814744579831615,0.2929570422908512,4
18.46960738999936,True,145,18.107701622122466,0.36190576787689466,4
18.880058338116545,True,146,18.46960738999936,0.41045094811718386,4
19.151864081509917,True,147,18.880058338116545,0.27180574339337227,4
19.5527914354171,True,148,19.151864081509917,0.40092735390718204,4
19.850753146045598,True,149,19.5527914354171,0.2979617106284991,4
20.0,False,150,19.850753146045598,0.14924685395440207,4
20.0,False,151,20.0,0.0,4
20.0,False,152,20.0,0.0,4
20.0,False,153,20.0,0.0,4
20.0,False,154,20.0,0.0,4
20.0,False,155,20.0,0.0,4
20.0,False,156,20.0,0.0,4
20.0,False,157,20.0,0.0,4
20.0,False,158,20.0,0.0,4
20.0,False,159,20.0,0.0,4
20.0,False,160,20.0,0.0,4
20.0,False,161,20.0,0.0,4
20.0,False,162,20.0,0.0,4
20.0,False,163,20.0,0.0,4
20.0,False,164,20.0,0.0,4
20.0,False,165,20.0,0.0,4
20.0,False,166,20.0,0.0,4
20.0,False,167,20.0,0.0,4
20.0,False,168,20.0,0.0,4
20.0,False,169,20.0,0.0,4
20.0,False,170,20.0,0.0,4
20.0,False,171,20.0,0.0,4
20.0,False,172,20.0,0.0,4
20.0,False,173,20.0,0.0,4
20.0,False,174,20.0,0.0,4
20.0,False,175,20.0,0.0,4
20.0,False,176,20.0,0.0,4
20.0,False,177,20.0,0.0,4
20.0,False,178,20.0,0.0,4
20.0,False,179,20.0,0.0,4
20.0,False,180,20.0,0.0,4
20.0,False,181,20.0,0.0,4
20.0,False,182,20.0,0.0,4
20.0,False,183,20.0,0.0,4
20.0,False,184,20.0,0.0,4
20.0,False,185,20.0,0.0,4
20.0,False,186,20.0,0.0,4
20.0,False,187,20.0,0.0,4
20.0,False,188,20.0,0.0,4
20.0,False,189,20.0,0.0,4
20.0,False,190,20.0,0.0,4
20.0,False,191,20.0,0.0,4
20.0,False,192,20.0,0.0,4
20.0,False,193,20.0,0.0,4
20.0,False,194,20.0,0.0,4
20.0,False,195,20.0,0.0,4
20.0,False,196,20.0,0.0,4
20.0,False,197,20.0,0.0,4
20.0,False,198,20.0,0.0,4
20.0,False,199,20.0,0.0,4
19.90228244594544,False,200,20.0,-0.09771755405456162,4
20.0,False,201,19.90228244594544,0.09771755405456162,4
20.0,False,202,20.0,0.0,4
20.0,False,203,20.0,0.0,4
19.994462237156853,False,204,20.0,-0.00553776284314722,4
19.9769798430716,False,205,19.994462237156853,-0.01748239408525265,4
20.0,False,206,19.9769798430716,0.02302015692839987,4
19.902805126885745,False,207,20.0,-0.09719487311425468,4
19.986108918287798,False,208,19.902805126885745,0.08330379140205224,4
20.0,False,209,19.986108918287798,0.013891081712202435,4
20.0,False,210,20.0,0.0,4
19.991923842735904,False,211,20.0,-0.00807615726409594,4
20.0,False,212,19.991923842735904,0.00807615726409594,4
20.0,False,213,20.0,0.0,4
19.918836057878412,False,214,20.0,-0.08116394212158795,4
20.0,False,215,19.918836057878412,0.08116394212158795,4
20.0,False,216,20.0,0.0,4
20.0,False,217,20.0,0.0,4
20.0,False,218,20.0,0.0,4
20.0,False,219,20.0,0.0,4
19.940550708001506,False,220,20.0,-0.05944929199849369,4
19.929220778395603,False,221,19.940550708001506,-0.011329929605903288,4
20.0,False,222,19.929220778395603,0.07077922160439698,4
19.914313664881767,False,223,20.0,-0.08568633511823265,4
19.932767073655015,False,224,19.914313664881767,0.018453408773247304,4
20.0,False,225,19.932767073655015,0.06723292634498534,4
20.0,False,226,20.0,0.0,4
19.9455483662773,False,227,20.0,-0.054451633722699455,4
20.0,False,228,19.9455483662773,0.054451633722699455,4
20.0,False,229,20.0,0.0,4
19.93791862080756,False,230,20.0,-0.06208137919243839,4
20.0,False,231,19.93791862080756,0.06208137919243839,4
20.0,False,232,20.0,0.0,4
20.0,False,233,20.0,0.0,4
20.0,False,234,20.0,0.0,4
19.953668135121234,False,235,20.0,-0.04633186487876628,4
20.0,False,236,19.953668135121234,0.04633186487876628,4
19.906071535413933,False,237,20.0,-0.0939284645860674,4
20.0,False,238,19.906071535413933,0.0939284645860674,4
19.920209947429214,False,239,20.0,-0.07979005257078597,4
20.0,False,240,19.920209947429214,0.07979005257078597,4
19.944559392979183,False,241,20.0,-0.05544060702081666,4
20.0,False,242,19.944559392979183,0.05544060702081666,4
20.0,False,243,20.0,0.0,4
20.0,False,244,20.0,0.0,4
19.977812382448036,False,245,20.0,-0.022187617551963967,4
19.937792302849903,False,246,19.977812382448036,-0.040020079598132696,4
19.926708358618974,False,247,19.937792302849903,-0.011083944230929177,4
19.904393415649846,False,248,19.926708358618974,-0.022314942969128282,4
20.0,False,249,19.904393415649846,0.09560658435015412,4
20.0,False,250,20.0,0.0,4
19.984915105632037,False,251,20.0,-0.015084894367962676,4
20.0,False,252,19.984915105632037,0.015084894367962676,4
19.905434743199443,False,253,20.0,-0.09456525680055705,4
19.954236297515514,False,254,19.905434743199443,0.04880155431607136,4
20.0,False,255,19.954236297515514,0.04576370248448569,4
19.904633375364114,False,256,20.0,-0.09536662463588641,4
20.0,False,257,19.904633375364114,0.09536662463588641,4
19.98732902392806,False,258,20.0,-0.012670976071941453,4
19.993945488695836,False,259,19.98732902392806,0.00661646476777733,4
20.0,False,260,19.993945488695836,0.006054511304164123,4
20.0,False,261,20.0,0.0,4
20.0,False,262,20.0,0.0,4
19.919892018373826,False,263,20.0,-0.08010798162617405,4
19.91161194127794,False,264,19.919892018373826,-0.008280077095886185,4
20.0,False,265,19.91161194127794,0.08838805872206024,4
20.0,False,266,20.0,0.0,4
19.902872403240224,False,267,20.0,-0.09712759675977622,4
19.938120586870344,False,268,19.902872403240224,0.03524818363012017,4
20.0,False,269,19.938120586870344,0.06187941312965606,4
19.95475258850481,False,270,20.0,-0.04524741149518974,4
19.9818007744138,False,271,19.95475258850481,0.027048185908988387,4
20.0,False,272,19.9818007744138,0.01819922558620135,4
19.926115813850515,False,273,20.0,-0.07388418614948478,4
20.0,False,274,19.926115813850515,0.07388418614948478,4
20.0,False,275,20.0,0.0,4
20.0,False,276,20.0,0.0,4
19.981151176622227,False,277,20.0,-0.01884882337777327,4
19.916303283283323,False,278,19.981151176622227,-0.06484789333890362,4
19.938447674240237,False,279,19.916303283283323,0.022144390956913895,4
20.0,False,280,19.938447674240237,0.061552325759762994,4
19.9951528394142,False,281,20.0,-0.004847160585800481,4
19.997644442875824,False,282,19.9951528394142,0.002491603461624692,4
19.914303824165103,False,283,19.997644442875824,-0.08334061871072151,4
19.994578230890276,False,284,19.914303824165103,0.08027440672517372,4
20.0,False,285,19.994578230890276,0.005421769109723584,4
19.934000693522748,False,286,20.0,-0.06599930647725216,4
19.99948678267438,False,287,19.934000693522748,0.06548608915163356,4
19.930584904517623,False,288,19.99948678267438,-0.0689018781567583,4
20.0,False,289,19.930584904517623,0.0694150954823769,4
19.919001258033116,False,290,20.0,-0.08099874196688361,4
19.993856888855117,False,291,19.919001258033116,0.07485563082200031,4
19.911899381301236,False,292,19.993856888855117,-0.08195750755388076,4
20.0,False,293,19.911899381301236,0.08810061869876407,4
19.95321650339343,False,294,20.0,-0.046783496606568775,4
19.99737339145123,False,295,19.95321650339343,0.04415688805779894,4
20.0,False,296,19.99737339145123,0.0026266085487698376,4
20.0,False,297,20.0,0.0,4
20.0,False,298,20.0,0.0,4
19.95591415085452,False,299,20.0,-0.044085849145478306,4
2.189830627691266,False,0,0.0,0.0,5
1.8974293924366177,False,1,2.189830627691266,-0.2924012352546481,5
1.5965051271620925,False,2,1.8974293924366177,-0.3009242652745252,5
1.6612187113520287,False,3,1.5965051271620925,0.06471358418993622,5
2.2366712360459386,False,4,1.6612187113520287,0.57545252469391,5
1.9773705490042408,False,5,2.2366712360459386,-0.25930068704169784,5
2.1736695547236193,False,6,1.9773705490042408,0.19629900571937853,5
2.0349326552163283,False,7,2.1736695547236193,-0.13873689950729107,5
1.8017428007367629,False,8,2.0349326552163283,-0.23318985447956542,5
2.283838186541024,False,9,1.8017428007367629,0.48209538580426137,5
1.5842862605433077,False,10,2.283838186541024,-0.6995519259977165,5
2.032141447263429,False,11,1.5842862605433077,0.4478551867201215,5
1.8632689669888682,False,12,2.032141447263429,-0.16887248027456092,5
1.7117665593328029,False,13,1.8632689669888682,-0.15150240765606537,5
2.1989112717708847,False,14,1.7117665593328029,0.4871447124380819,5
1.5255546960581232,False,15,2.1989112717708847,-0.6733565757127615,5
2.0488579386845007,False,16,1.5255546960581232,0.5233032426263775,5
1.6052783544295472,False,17,2.0488579386845007,-0.4435795842549535,5
2.352954559874054,False,18,1.6052783544295472,0.747676205444507,5
1.712190435389949,False,19,2.352954559874054,-0.6407641244841051,5
2.420739153252912,False,20,1.712190435389949,0.7085487178629628,5
2.34432401469096,False,21,2.420739153252912,-0.07641513856195203,5
2.4024986131105077,False,22,2.34432401469096,0.05817459841954786,5
2.0218692981347988,False,23,2.4024986131105077,-0.38062931497570895,5
1.911451681755754,False,24,2.0218692981347988,-0.11041761637904468,5
2.282122401026819,False,25,1.911451681755754,0.370670719271065,5
1.8926050922744622,False,26,2.282122401026819,-0.3895173087523569,5
2.125061389640128,False,27,1.8926050922744622,0.23245629736566564,5
2.1401689020147963,False,28,2.125061389640128,0.015107512374668453,5
2.0223858601891447,False,29,2.1401689020147963,-0.11778304182565158,5
2.446887595253868,False,30,2.0223858601891447,0.4245017350647231,5
1.508035862807204,False,31,2.446887595253868,-0.9388517324466639,5
1.8881945464715733,False,32,1.508035862807204,0.38015868366436933,5
1.7770612909125845,False,33,1.8881945464715733,-0.11113325555898879,5
1.6171245740210662,False,34,1.7770612909125845,-0.15993671689151823,5
2.274335823253172,False,35,1.6171245740210662,0.6572112492321058,5
1.8263306626041627,False,36,2.274335823253172,-0.4480051606490094,5
1.7228260667567565,False,37,1.8263306626041627,-0.10350459584740612,5
2.0862074902852057,False,38,1.7228260667567565,0.36338142352844915,5
2.1002923982188433,False,39,2.0862074902852057,0.014084907933637592,5
2.3727938765540206,False,40,2.1002923982188433,0.27250147833517735,5
1.6620297854548367,False,41,2.3727938765540206,-0.7107640910991839,5
1.9347919040847175,False,42,1.6620297854548367,0.27276211862988076,5
1.9266115318500525,False,43,1.9347919040847175,-0.008180372234664945,5
2.4836863809904357,False,44,1.9266115318500525,0.5570748491403832,5
1.5985654347030547,False,45,2.4836863809904357,-0.885120946287381,5
2.1615772364912442,False,46,1.5985654347030547,0.5630118017881895,5
2.452654313319164,False,47,2.1615772364912442,0.2910770768279196,5
2.0164769023869638,False,48,2.452654313319164,-0.4361774109322001,5
2.3091018402892876,False,49,2.0164769023869638,0.2926249379023238,5
1.708010225494465,False,50,2.3091018402892876,-0.6010916147948226,5
1.6709446606023208,False,51,1.708010225494465,-0.037065564892144076,5
1.9374970595805894,False,52,1.6709446606023208,0.26655239897826855,5
2.0586778003226724,False,53,1.9374970595805894,0.12118074074208307,5
1.7957174322400298,False,54,2.0586778003226724,-0.26296036808264267,5
1.655031215022678,False,55,1.7957174322400298,-0.14068621721735175,5
2.0486896087787283,False,56,1.655031215022678,0.3936583937560503,5
1.6858759708123268,False,57,2.0486896087787283,-0.36281363796640154,5
2.159381146035393,False,58,1.6858759708123268,0.4735051752230661,5
2.2780267180932663,False,59,2.159381146035393,0.1186455720578734,5
2.4704692153573395,False,60,2.2780267180932663,0.19244249726407325,5
1.9462180685924315,False,61,2.4704692153573395,-0.524251146764908,5
1.8846444807205887,False,62,1.9462180685924315,-0.06157358787184286,5
2.172303234160424,False,63,1.8846444807205887,0.28765875343983516,5
1.578764960350353,False,64,2.172303234160424,-0.5935382738100707,5
2.3271592313084772,False,65,1.578764960350353,0.7483942709581242,5
1.9498968611867356,False,66,2.3271592313084772,-0.3772623701217417,5
1.9917894818776443,False,67,1.9498968611867356,0.04189262069090871,5
1.8684026955351962,False,68,1.9917894818776443,-0.12338678634244804,5
2.1182522882518233,False,69,1.8684026955351962,0.2498495927166271,5
1.5685375198408416,False,70,2.1182522882518233,-0.5497147684109818,5
1.611321854670404,False,71,1.5685375198408416,0.042784334829562454,5
2.061364332599553,False,72,1.611321854670404,0.450042477929149,5
1.8571410590198698,False,73,2.061364332599553,-0.20422327357968317,5
1.7756395825603053,False,74,1.8571410590198698,-0.08150147645956451,5
1.9464731176327004,False,75,1.7756395825603053,0.17083353507239507,5
2.341919165260335,False,76,1.9464731176327004,0.3954460476276347,5
1.719161299518165,False,77,2.341919165260335,-0.62275786574217,5
2.3586281144492327,False,78,1.719161299518165,0.6394668149310676,5
1.7940779627295287,False,79,2.3586281144492327,-0.564550151719704,5
1.9506078322417175,False,80,1.7940779627295287,0.15652986951218884,5
2.1547436575356573,False,81,1.9506078322417175,0.2041358252939398,5
2.3958286431201645,False,82,2.1547436575356573,0.2410849855845072,5
1.7742346584766646,False,83,2.3958286431201645,-0.6215939846434999,5
1.5956502196108553,False,84,1.7742346584766646,-0.17858443886580933,5
2.0422465855047562,False,85,1.5956502196108553,0.44659636589390095,5
1.8749333856652135,False,86,2.0422465855047562,-0.16731319983954274,5
1.697817684568062,False,87,1.8749333856652135,-0.17711570109715158,5
2.372875094451943,False,88,1.697817684568062,0.6750574098838809,5
2.0992068236354546,False,89,2.372875094451943,-0.27366827081648815,5
2.394272795701823,False,90,2.0992068236354546,0.2950659720663684,5
2.3723242006279586,False,91,2.394272795701823,-0.021948595073864485,5
1.9293471877766741,False,92,2.3723242006279586,-0.44297701285128444,5
2.069574140418854,False,93,1.9293471877766741,0.14022695264218,5
1.6791434053102847,False,94,2.069574140418854,-0.3904307351085694,5
2.3709600933878026,False,95,1.6791434053102847,0.6918166880775178,5
1.8178743325333035,False,96,2.3709600933878026,-0.553085760854499,5
1.7310379392081017,False,97,1.8178743325333035,-0.08683639332520188,5
1.845591025712568,False,98,1.7310379392081017,0.11455308650446638,5
1.8751216529114596,False,99,1.845591025712568,0.029530627198891546,5
2.3696941224044625,True,100,1.8751216529114596,0.49457246949300293,5
2.8900231961991114,True,101,2.3696941224044625,0.5203290737946489,5
3.3806914010806586,True,102,2.8900231961991114,0.49066820488154717,5
3.8619898542339155,True,103,3.3806914010806586,0.4812984531532569,5
4.210714077789106,True,104,3.8619898542339155,0.3487242235551906,5
4.665358986470178,True,105,4.210714077789106,0.45464490868107177,5
5.138332886606991,True,106,4.665358986470178,0.47297390013681273,5
5.605614000924442,True,107,5.138332886606991,0.46728111431745134,5
5.954617941955518,True,108,5.605614000924442,0.3490039410310759,5
6.578494245898677,True,109,5.954617941955518,0.6238763039431587,5
7.028698222356576,True,110,6.578494245898677,0.45020397645789956,5
7.297718176895165,True,111,7.028698222356576,0.26901995453858873,5
7.720967295529521,True,112,7.297718176895165,0.4232491186343559,5
8.183441916108903,True,113,7.720967295529521,0.46247462057938193,5
8.743316854277166,True,114,8.183441916108903,0.5598749381682637,5
9.115397446596422,True,115,8.743316854277166,0.3720805923192554,5
9.625866141432754,True,116,9.115397446596422,0.510468694836332,5
10.190580450817224,True,117,9.625866141432754,0.5647143093844704,5
10.576329613492133,True,118,10.190580450817224,0.3857491626749088,5
10.99014370897756,True,119,10.576329613492133,0.4138140954854279,5
11.476219878154733,True,120,10.99014370897756,0.48607616917717245,5
11.973837227070996,True,121,11.476219878154733,0.49761734891626297,5
12.293651485028235,True,122,11.973837227070996,0.3198142579572387,5
12.725839156084817,True,123,12.293651485028235,0.43218767105658173,5
13.299286471395185,True,124,12.725839156084817,0.5734473153103679,5
13.627862601902661,True,125,13.299286471395185,0.3285761305074768,5
14.183772194050519,True,126,13.627862601902661,0.5559095921478576,5
14.54844583091554,True,127,14.183772194050519,0.36467363686502097,5
15.01527082151715,True,128,14.54844583091554,0.4668249906016104,5
15.51417875320899,True,129,15.01527082151715,0.4989079316918392,5
16.04364023810276,True,130,15.51417875320899,0.5294614848937709,5
16.437128800670255,True,131,16.04364023810276,0.3934885625674944,5
16.940306180640043,True,132,16.437128800670255,0.5031773799697881,5
17.244067968456417,True,133,16.940306180640043,0.30376178781637364,5
17.872561970852413,True,134,17.244067968456417,0.6284940023959962,5
18.20586397029208,True,135,17.872561970852413,0.33330199943966576,5
18.622081138878286,True,136,18.20586397029208,0.4162171685862077,5
19.049369071766595,True,137,18.622081138878286,0.4272879328883086,5
19.58421855372101,True,138,19.049369071766595,0.5348494819544136,5
20.0,False,139,19.58421855372101,0.4157814462789915,5
20.0,False,140,20.0,0.0,5
20.0,False,141,20.0,0.0,5
20.0,False,142,20.0,0.0,5
20.0,False,143,20.0,0.0,5
20.0,False,144,20.0,0.0,5
20.0,False,145,20.0,0.0,5
20.0,False,146,20.0,0.0,5
20.0,False,147,20.0,0.0,5
20.0,False,148,20.0,0.0,5
20.0,False,149,20.0,0.0,5
20.0,False,150,20.0,0.0,5
20.0,False,151,20.0,0.0,5
20.0,False,152,20.0,0.0,5
20.0,False,153,20.0,0.0,5
20.0,False,154,20.0,0.0,5
20.0,False,155,20.0,0.0,5
20.0,False,156,20.0,0.0,5
20.0,False,157,20.0,0.0,5
20.0,False,158,20.0,0.0,5
20.0,False,159,20.0,0.0,5
20.0,False,160,20.0,0.0,5
20.0,False,161,20.0,0.0,5
20.0,False,162,20.0,0.0,5
20.0,False,163,20.0,0.0,5
20.0,False,164,20.0,0.0,5
20.0,False,165,20.0,0.0,5
20.0,False,166,20.0,0.0,5
20.0,False,167,20.0,0.0,5
20.0,False,168,20.0,0.0,5
20.0,False,169,20.0,0.0,5
20.0,False,170,20.0,0.0,5
20.0,False,171,20.0,0.0,5
20.0,False,172,20.0,0.0,5
20.0,False,173,20.0,0.0,5
20.0,False,174,20.0,0.0,5
20.0,False,175,20.0,0.0,5
20.0,False,176,20.0,0.0,5
20.0,False,177,20.0,0.0,5
20.0,False,178,20.0,0.0,5
20.0,False,179,20.0,0.0,5
20.0,False,180,20.0,0.0,5
20.0,False,181,20.0,0.0,5
20.0,False,182,20.0,0.0,5
20.0,False,183,20.0,0.0,5
20.0,False,184,20.0,0.0,5
20.0,False,185,20.0,0.0,5
20.0,False,186,20.0,0.0,5
20.0,False,187,20.0,0.0,5
20.0,False,188,20.0,0.0,5
20.0,False,189,20.0,0.0,5
20.0,False,190,20.0,0.0,5
20.0,False,191,20.0,0.0,5
20.0,False,192,20.0,0.0,5
20.0,False,193,20.0,0.0,5
20.0,False,194,20.0,0.0,5
20.0,False,195,20.0,0.0,5
20.0,False,196,20.0,0.0,5
20.0,False,197,20.0,0.0,5
20.0,False,198,20.0,0.0,5
20.0,False,199,20.0,0.0,5
19.952517872677884,False,200,20.0,-0.047482127322115986,5
19.913340209441305,False,201,19.952517872677884,-0.03917766323657901,5
20.0,False,202,19.913340209441305,0.086659790558695,5
20.0,False,203,20.0,0.0,5
19.99604968156068,False,204,20.0,-0.003950318439319034,5
20.0,False,205,19.99604968156068,0.003950318439319034,5
19.996358458906343,False,206,20.0,-0.003641541093656997,5
19.92599317451612,False,207,19.996358458906343,-0.07036528439022405,5
20.0,False,208,19.92599317451612,0.07400682548388104,5
20.0,False,209,20.0,0.0,5
19.98140619759591,False,210,20.0,-0.01859380240409081,5
20.0,False,211,19.98140619759591,0.01859380240409081,5
19.952950692951358,False,212,20.0,-0.047049307048641964,5
19.971303734927428,False,213,19.952950692951358,0.018353041976070017,5
20.0,False,214,19.971303734927428,0.028696265072571947,5
19.933931151118326,False,215,20.0,-0.06606884888167386,5
19.91334712151119,False,216,19.933931151118326,-0.02058402960713579,5
19.926554240002513,False,217,19.91334712151119,0.013207118491322944,5
19.96878666966411,False,218,19.926554240002513,0.04223242966159546,5
19.915235247680194,False,219,19.96878666966411,-0.05355142198391505,5
19.989855540098343,False,220,19.915235247680194,0.0746202924181496,5
20.0,False,221,19.989855540098343,0.010144459901656688,5
20.0,False,222,20.0,0.0,5
20.0,False,223,20.0,0.0,5
20.0,False,224,20.0,0.0,5
19.991473735958316,False,225,20.0,-0.008526264041684328,5
19.973393382701705,False,226,19.991473735958316,-0.018080353256610948,5
19.98965308389942,False,227,19.973393382701705,0.016259701197714804,5
19.912435712941576,False,228,19.98965308389942,-0.0772173709578432,5
20.0,False,229,19.912435712941576,0.08756428705842367,5
19.964787854056656,False,230,20.0,-0.0352121459433441,5
20.0,False,231,19.964787854056656,0.0352121459433441,5
20.0,False,232,20.0,0.0,5
19.959354785195284,False,233,20.0,-0.040645214804715835,5
19.960663637251557,False,234,19.959354785195284,0.0013088520562725137,5
20.0,False,235,19.960663637251557,0.03933636274844332,5
20.0,False,236,20.0,0.0,5
20.0,False,237,20.0,0.0,5
20.0,False,238,20.0,0.0,5
19.95881728625728,False,239,20.0,-0.04118271374272098,5
19.967868766927584,False,240,19.95881728625728,0.009051480670304812,5
19.962708322531164,False,241,19.967868766927584,-0.005160444396420161,5
19.92396345847088,False,242,19.962708322531164,-0.0387448640602841,5
19.91320135971657,False,243,19.92396345847088,-0.010762098754309335,5
20.0,False,244,19.91320135971657,0.08679864028342976,5
20.0,False,245,20.0,0.0,5
19.90123645114673,False,246,20.0,-0.09876354885327032,5
20.0,False,247,19.90123645114673,0.09876354885327032,5
19.99981182812149,False,248,20.0,-0.00018817187850928008,5
19.919735843287214,False,249,19.99981182812149,-0.08007598483427714,5
19.929833776567552,False,250,19.919735843287214,0.010097933280338367,5
19.900424936821178,False,251,19.929833776567552,-0.02940883974637387,5
20.0,False,252,19.900424936821178,0.09957506317882192,5
20.0,False,253,20.0,0.0,5
19.957393632470602,False,254,20.0,-0.04260636752939817,5
20.0,False,255,19.957393632470602,0.04260636752939817,5
20.0,False,256,20.0,0.0,5
19.940209044832585,False,257,20.0,-0.05979095516741495,5
19.983666605823547,False,258,19.940209044832585,0.04345756099096221,5
20.0,False,259,19.983666605823547,0.016333394176452742,5
20.0,False,260,20.0,0.0,5
20.0,False,261,20.0,0.0,5
20.0,False,262,20.0,0.0,5
19.986302328161095,False,263,20.0,-0.013697671838905023,5
19.932476593370502,False,264,19.986302328161095,-0.053825734790592605,5
19.900163043465383,False,265,19.932476593370502,-0.03231354990511903,5
19.909863537741874,False,266,19.900163043465383,0.009700494276490446,5
19.99927018138786,False,267,19.909863537741874,0.0894066436459866,5
19.993908690211946,False,268,19.99927018138786,-0.005361491175914779,5
20.0,False,269,19.993908690211946,0.006091309788054389,5
20.0,False,270,20.0,0.0,5
19.908397514727117,False,271,20.0,-0.09160248527288317,5
20.0,False,272,19.908397514727117,0.09160248527288317,5
20.0,False,273,20.0,0.0,5
19.90437380568366,False,274,20.0,-0.09562619431633834,5
20.0,False,275,19.90437380568366,0.09562619431633834,5
20.0,False,276,20.0,0.0,5
20.0,False,277,20.0,0.0,5
20.0,False,278,20.0,0.0,5
20.0,False,279,20.0,0.0,5
20.0,False,280,20.0,0.0,5
19.996399494197036,False,281,20.0,-0.0036005058029644488,5
20.0,False,282,19.996399494197036,0.0036005058029644488,5
19.968798915010595,False,283,20.0,-0.031201084989405103,5
20.0,False,284,19.968798915010595,0.031201084989405103,5
19.946162145009982,False,285,20.0,-0.05383785499001803,5
19.912814911524652,False,286,19.946162145009982,-0.03334723348532975,5
19.949185092484235,False,287,19.912814911524652,0.03637018095958311,5
20.0,False,288,19.949185092484235,0.05081490751576467,5
20.0,False,289,20.0,0.0,5
19.929296274638695,False,290,20.0,-0.0707037253613052,5
20.0,False,291,19.929296274638695,0.0707037253613052,5
19.939335780387403,False,292,20.0,-0.06066421961259749,5
20.0,False,293,19.939335780387403,0.06066421961259749,5
19.902267573581376,False,294,20.0,-0.09773242641862367,5
20.0,False,295,19.902267573581376,0.09773242641862367,5
20.0,False,296,20.0,0.0,5
20.0,False,297,20.0,0.0,5
20.0,False,298,20.0,0.0,5
20.0,False,299,20.0,0.0,5
1.9799081445953004,False,0,0.0,0.0,6
1.5528884533886098,False,1,1.9799081445953004,-0.4270196912066906,6
2.0316745658548947,False,2,1.5528884533886098,0.4787861124662849,6
1.9819533193304917,False,3,2.0316745658548947,-0.04972124652440302,6
1.6905333156784357,False,4,1.9819533193304917,-0.291420003652056,6
2.299550603977845,False,5,1.6905333156784357,0.6090172882994094,6
2.4542452816843556,False,6,2.299550603977845,0.15469467770651057,6
1.8721030506939353,False,7,2.4542452816843556,-0.5821422309904203,6
2.165648862062428,False,8,1.8721030506939353,0.2935458113684928,6
1.6139019695476935,False,9,2.165648862062428,-0.5517468925147346,6
2.06558793822746,False,10,1.6139019695476935,0.4516859686797665,6
2.237654953689757,False,11,2.06558793822746,0.17206701546229697,6
2.159848292532572,False,12,2.237654953689757,-0.07780666115718482,6
1.890679511535202,False,13,2.159848292532572,-0.2691687809973702,6
1.6878043076923221,False,14,1.890679511535202,-0.20287520384287983,6
2.255612773885783,False,15,1.6878043076923221,0.567808466193461,6
1.6520661048533105,False,16,2.255612773885783,-0.6035466690324727,6
1.9881356687580016,False,17,1.6520661048533105,0.3360695639046911,6
1.8287282195585082,False,18,1.9881356687580016,-0.15940744919949346,6
2.1511157901736926,False,19,1.8287282195585082,0.3223875706151844,6
2.1001255260754608,False,20,2.1511157901736926,-0.05099026409823182,6
2.3844078377946882,False,21,2.1001255260754608,0.28428231171922747,6
2.3828183878895577,False,22,2.3844078377946882,-0.0015894499051305466,6
2.004615377685815,False,23,2.3828183878895577,-0.3782030102037428,6
2.219215013422266,False,24,2.004615377685815,0.21459963573645124,6
2.4030088472694744,False,25,2.219215013422266,0.18379383384720827,6
2.1299665523665205,False,26,2.4030088472694744,-0.27304229490295384,6
2.314726202298365,False,27,2.1299665523665205,0.18475964993184446,6
1.7170144815412594,False,28,2.314726202298365,-0.5977117207571057,6
1.8099981139481978,False,29,1.7170144815412594,0.09298363240693841,6
2.168200451718425,False,30,1.8099981139481978,0.35820233777022725,6
1.508814656844525,False,31,2.168200451718425,-0.6593857948738999,6
1.6025006396938553,False,32,1.508814656844525,0.09368598284933016,6
2.2521571066492063,False,33,1.6025006396938553,0.6496564669553511,6
2.1848810068025264,False,34,2.2521571066492063,-0.06727609984667993,6
2.4643240124120918,False,35,2.1848810068025264,0.27944300560956536,6
1.565866817669847,False,36,2.4643240124120918,-0.8984571947422448,6
1.97567490967473,False,37,1.565866817669847,0.409808092004883,6
2.182835033798274,False,38,1.97567490967473,0.2071601241235439,6
2.370307081883393,False,39,2.182835033798274,0.18747204808511908,6
2.084563697186647,False,40,2.370307081883393,-0.2857433846967461,6
2.2554617524409966,False,41,2.084563697186647,0.17089805525434976,6
1.8071643317597013,False,42,2.2554617524409966,-0.4482974206812953,6
1.75362315413313,False,43,1.8071643317597013,-0.05354117762657129,6
2.174052439563183,False,44,1.75362315413313,0.42042928543005287,6
2.2067107445330882,False,45,2.174052439563183,0.032658304969905405,6
1.84939144550565,False,46,2.2067107445330882,-0.3573192990274383,6
2.088978966304612,False,47,1.84939144550565,0.23958752079896195,6
2.4127520952125656,False,48,2.088978966304612,0.32377312890795373,6
1.962922581848509,False,49,2.4127520952125656,-0.44982951336405663,6
1.7839794749387645,False,50,1.962922581848509,-0.17894310690974446,6
2.380586471200365,False,51,1.7839794749387645,0.5966069962616005,6
2.1043451981864507,False,52,2.380586471200365,-0.2762412730139143,6
1.8019497514193836,False,53,2.1043451981864507,-0.3023954467670671,6
2.2264385199426027,False,54,1.8019497514193836,0.42448876852321904,6
1.9755265126937473,False,55,2.2264385199426027,-0.2509120072488553,6
2.1313837564310214,False,56,1.9755265126937473,0.15585724373727405,6
1.7063173497810347,False,57,2.1313837564310214,-0.42506640664998674,6
2.486176183654478,False,58,1.7063173497810347,0.7798588338734431,6
1.6704442881132666,False,59,2.486176183654478,-0.8157318955412112,6
1.5013034991882943,False,60,1.6704442881132666,-0.1691407889249723,6
1.8558939669608905,False,61,1.5013034991882943,0.3545904677725962,6
1.8311140641983643,False,62,1.8558939669608905,-0.024779902762526174,6
1.6416384723427244,False,63,1.8311140641983643,-0.1894755918556399,6
1.5688383491400035,False,64,1.6416384723427244,-0.07280012320272089,6
1.6128384725235312,False,65,1.5688383491400035,0.044000123383527656,6
1.7422800511384722,False,66,1.6128384725235312,0.129441578614941,6
1.8692393593465022,False,67,1.7422800511384722,0.12695930820803003,6
1.8644664248578495,False,68,1.8692393593465022,-0.00477293448865268,6
1.8818435588119988,False,69,1.8644664248578495,0.017377133954149304,6
1.978175882864675,False,70,1.8818435588119988,0.09633232405267611,6
1.7677525660239621,False,71,1.978175882864675,-0.2104233168407128,6
1.7789145124877859,False,72,1.7677525660239621,0.011161946463823735,6
1.6609800502666157,False,73,1.7789145124877859,-0.11793446222117021,6
2.2795449570174644,False,74,1.6609800502666157,0.6185649067508487,6
2.1684764481802663,False,75,2.2795449570174644,-0.1110685088371981,6
1.746243936349883,False,76,2.1684764481802663,-0.42223251183038335,6
2.4257236152249533,False,77,1.746243936349883,0.6794796788750703,6
2.2642351497115083,False,78,2.4257236152249533,-0.16148846551344498,6
2.325152055682542,False,79,2.2642351497115083,0.0609169059710335,6
2.4333202939038765,False,80,2.325152055682542,0.1081682382213347,6
1.907052917001211,False,81,2.4333202939038765,-0.5262673769026656,6
2.1856154482108012,False,82,1.907052917001211,0.2785625312095903,6
1.982174182486434,False,83,2.1856154482108012,-0.20344126572436716,6
2.4199729043683096,False,84,1.982174182486434,0.4377987218818755,6
2.085292618735921,False,85,2.4199729043683096,-0.3346802856323885,6
2.147442113362466,False,86,2.085292618735921,0.06214949462654484,6
2.176109803438462,False,87,2.147442113362466,0.0286676900759959,6
2.3303405134263073,False,88,2.176109803438462,0.1542307099878455,6
2.0043008993625397,False,89,2.3303405134263073,-0.3260396140637676,6
1.5589161682578276,False,90,2.0043008993625397,-0.4453847311047121,6
2.1534509524675363,False,91,1.5589161682578276,0.5945347842097086,6
2.2412558358133348,False,92,2.1534509524675363,0.0878048833457985,6
2.451767218166998,False,93,2.2412558358133348,0.2105113823536633,6
2.2687592305654696,False,94,2.451767218166998,-0.18300798760152848,6
1.6299113277267563,False,95,2.2687592305654696,-0.6388479028387133,6
1.909743032865363,False,96,1.6299113277267563,0.2798317051386068,6
1.6213744232817402,False,97,1.909743032865363,-0.28836860958362287,6
1.7400112312163607,False,98,1.6213744232817402,0.1186368079346205,6
2.1900301532105666,False,99,1.7400112312163607,0.4500189219942059,6
2.411160187485548,True,100,2.1900301532105666,0.22113003427498157,6
2.9756058397723075,True,101,2.411160187485548,0.5644456522867594,6
3.3855608393805015,True,102,2.9756058397723075,0.4099549996081939,6
4.010224280648763,True,103,3.3855608393805015,0.6246634412682615,6
4.3285627582587916,True,104,4.010224280648763,0.31833847761002865,6
4.80460687445005,True,105,4.3285627582587916,0.4760441161912583,6
5.313273078979117,True,106,4.80460687445005,0.5086662045290673,6
5.88783983568571,True,107,5.313273078979117,0.5745667567065924,6
6.280746390364365,True,108,5.88783983568571,0.3929065546786559,6
6.749336838781485,True,109,6.280746390364365,0.4685904484171193,6
7.320052040744378,True,110,6.749336838781485,0.5707152019628934,6
7.801400258359612,True,111,7.320052040744378,0.48134821761523394,6
8.17411203415324,True,112,7.801400258359612,0.37271177579362735,6
8.674475139741908,True,113,8.17411203415324,0.5003631055886686,6
9.135089066539354,True,114,8.674475139741908,0.4606139267974463,6
9.6556492605702,True,115,9.135089066539354,0.5205601940308462,6
10.193265357743956,True,116,9.6556492605702,0.5376160971737551,6
10.62729105435397,True,117,10.193265357743956,0.4340256966100142,6
11.13088684973855,True,118,10.62729105435397,0.5035957953845802,6
11.521100410705127,True,119,11.13088684973855,0.39021356096657733,6
11.971749809342654,True,120,11.521100410705127,0.45064939863752684,6
12.436046058155942,True,121,11.971749809342654,0.46429624881328735,6
12.927013853411797,True,122,12.436046058155942,0.4909677952558553,6
13.426365705214595,True,123,12.927013853411797,0.49935185180279795,6
13.873285466304676,True,124,13.426365705214595,0.446919761090081,6
14.29802529965316,True,125,13.873285466304676,0.4247398333484842,6
14.786152963858038,True,126,14.29802529965316,0.4881276642048782,6
15.353197061557697,True,127,14.786152963858038,0.5670440976996591,6
15.726006931237764,True,128,15.353197061557697,0.3728098696800668,6
16.204611519609774,True,129,15.726006931237764,0.4786045883720096,6
16.624426178072564,True,130,16.204611519609774,0.41981465846279065,6
17.254941826515964,True,131,16.624426178072564,0.6305156484433994,6
17.688665501534672,True,132,17.254941826515964,0.4337236750187081,6
18.164020041607436,True,133,17.688665501534672,0.47535454007276456,6
18.54269499953009,True,134,18.164020041607436,0.37867495792265515,6
19.188408148001457,True,135,18.54269499953009,0.6457131484713656,6
19.64564324758081,True,136,19.188408148001457,0.4572350995793535,6
20.0,False,137,19.64564324758081,0.3543567524191893,6
20.0,False,138,20.0,0.0,6
20.0,False,139,20.0,0.0,6
20.0,False,140,20.0,0.0,6
20.0,False,141,20.0,0.0,6
20.0,False,142,20.0,0.0,6
20.0,False,143,20.0,0.0,6
20.0,False,144,20.0,0.0,6
20.0,False,145,20.0,0.0,6
20.0,False,146,20.0,0.0,6
20.0,False,147,20.0,0.0,6
20.0,False,148,20.0,0.0,6
20.0,False,149,20.0,0.0,6
20.0,False,150,20.0,0.0,6
20.0,False,151,20.0,0.0,6
20.0,False,152,20.0,0.0,6
20.0,False,153,20.0,0.0,6
20.0,False,154,20.0,0.0,6
20.0,False,155,20.0,0.0,6
20.0,False,156,20.0,0.0,6
20.0,False,157,20.0,0.0,6
20.0,False,158,20.0,0.0,6
20.0,False,159,20.0,0.0,6
20.0,False,160,20.0,0.0,6
20.0,False,161,20.0,0.0,6
20.0,False,162,20.0,0.0,6
20.0,False,163,20.0,0.0,6
20.0,False,164,20.0,0.0,6
20.0,False,165,20.0,0.0,6
20.0,False,166,20.0,0.0,6
20.0,False,167,20.0,0.0,6
20.0,False,168,20.0,0.0,6
20.0,False,169,20.0,0.0,6
20.0,False,170,20.0,0.0,6
20.0,False,171,20.0,0.0,6
20.0,False,172,20.0,0.0,6
20.0,False,173,20.0,0.0,6
20.0,False,174,20.0,0.0,6
20.0,False,175,20.0,0.0,6
20.0,False,176,20.0,0.0,6
20.0,False,177,20.0,0.0,6
20.0,False,178,20.0,0.0,6
20.0,False,179,20.0,0.0,6
20.0,False,180,20.0,0.0,6
20.0,False,181,20.0,0.0,6
20.0,False,182,20.0,0.0,6
20.0,False,183,20.0,0.0,6
20.0,False,184,20.0,0.0,6
20.0,False,185,20.0,0.0,6
20.0,False,186,20.0,0.0,6
20.0,False,187,20.0,0.0,6
20.0,False,188,20.0,0.0,6
20.0,False,189,20.0,0.0,6
20.0,False,190,20.0,0.0,6
20.0,False,191,20.0,0.0,6
20.0,False,192,20.0,0.0,6
20.0,False,193,20.0,0.0,6
20.0,False,194,20.0,0.0,6
20.0,False,195,20.0,0.0,6
20.0,False,196,20.0,0.0,6
20.0,False,197,20.0,0.0,6
20.0,False,198,20.0,0.0,6
20.0,False,199,20.0,0.0,6
19.947107886417616,False,200,20.0,-0.052892113582384326,6
19.948301379059384,False,201,19.947107886417616,0.0011934926417680458,6
19.925628040900605,False,202,19.948301379059384,-0.022673338158778478,6
19.92694023162869,False,203,19.925628040900605,0.0013121907280861933,6
20.0,False,204,19.92694023162869,0.07305976837130856,6
19.958928488070732,False,205,20.0,-0.0410715119292675,6
20.0,False,206,19.958928488070732,0.0410715119292675,6
19.931442940302578,False,207,20.0,-0.06855705969742232,6
20.0,False,208,19.931442940302578,0.06855705969742232,6
20.0,False,209,20.0,0.0,6
19.990792307996987,False,210,20.0,-0.00920769200301308,6
20.0,False,211,19.990792307996987,0.00920769200301308,6
19.93970728330991,False,212,20.0,-0.060292716690089065,6
19.997973635317507,False,213,19.93970728330991,0.05826635200759611,6
20.0,False,214,19.997973635317507,0.0020263646824929538,6
19.930504370148732,False,215,20.0,-0.06949562985126789,6
20.0,False,216,19.930504370148732,0.06949562985126789,6
19.954637758021942,False,217,20.0,-0.04536224197805794,6
19.991827473967547,False,218,19.954637758021942,0.03718971594560472,6
20.0,False,219,19.991827473967547,0.00817252603245322,6
20.0,False,220,20.0,0.0,6
20.0,False,221,20.0,0.0,6
20.0,False,222,20.0,0.0,6
20.0,False,223,20.0,0.0,6
20.0,False,224,20.0,0.0,6
20.0,False,225,20.0,0.0,6
20.0,False,226,20.0,0.0,6
20.0,False,227,20.0,0.0,6
19.983213600682678,False,228,20.0,-0.016786399317322065,6
20.0,False,229,19.983213600682678,0.016786399317322065,6
20.0,False,230,20.0,0.0,6
19.937572844028463,False,231,20.0,-0.062427155971537474,6
20.0,False,232,19.937572844028463,0.062427155971537474,6
19.94757608694068,False,233,20.0,-0.05242391305932159,6
19.95942810476755,False,234,19.94757608694068,0.01185201782687173,6
19.954920162579683,False,235,19.95942810476755,-0.004507942187867542,6
20.0,False,236,19.954920162579683,0.045079837420317403,6
19.91628036494933,False,237,20.0,-0.08371963505067015,6
19.953457628411066,False,238,19.91628036494933,0.03717726346173578,6
19.91908461426352,False,239,19.953457628411066,-0.03437301414754401,6
20.0,False,240,19.91908461426352,0.08091538573647838,6
20.0,False,241,20.0,0.0,6
20.0,False,242,20.0,0.0,6
19.994422280367626,False,243,20.0,-0.0055777196323738565,6
20.0,False,244,19.994422280367626,0.0055777196323738565,6
19.970552385706462,False,245,20.0,-0.029447614293538038,6
19.952208960499743,False,246,19.970552385706462,-0.018343425206719388,6
19.991339592536782,False,247,19.952208960499743,0.0391306320370397,6
19.91431799187526,False,248,19.991339592536782,-0.07702160066152075,6
19.934537882560253,False,249,19.91431799187526,0.020219890684991526,6
20.0,False,250,19.934537882560253,0.06546211743974695,6
19.92545044983802,False,251,20.0,-0.07454955016197928,6
20.0,False,252,19.92545044983802,0.07454955016197928,6
19.94000361671115,False,253,20.0,-0.05999638328885126,6
19.97852091873599,False,254,19.94000361671115,0.038517302024839495,6
20.0,False,255,19.97852091873599,0.021479081264011768,6
19.958196570415545,False,256,20.0,-0.04180342958445493,6
20.0,False,257,19.958196570415545,0.04180342958445493,6
20.0,False,258,20.0,0.0,6
20.0,False,259,20.0,0.0,6
19.977749678736405,False,260,20.0,-0.02225032126359494,6
19.927189099619675,False,261,19.977749678736405,-0.05056057911673051,6
20.0,False,262,19.927189099619675,0.07281090038032545,6
19.97944540438324,False,263,20.0,-0.02055459561675832,6
19.94870002088065,False,264,19.97944540438324,-0.03074538350259104,6
19.912212637580183,False,265,19.94870002088065,-0.03648738330046797,6
20.0,False,266,19.912212637580183,0.08778736241981733,6
20.0,False,267,20.0,0.0,6
20.0,False,268,20.0,0.0,6
19.941121472740086,False,269,20.0,-0.05887852725991394,6
20.0,False,270,19.941121472740086,0.05887852725991394,6
19.932265434826856,False,271,20.0,-0.06773456517314358,6
20.0,False,272,19.932265434826856,0.06773456517314358,6
19.938723535793173,False,273,20.0,-0.061276464206827086,6
19.900078724912017,False,274,19.938723535793173,-0.03864481088115568,6
20.0,False,275,19.900078724912017,0.09992127508798276,6
19.965094524526812,False,276,20.0,-0.03490547547318812,6
20.0,False,277,19.965094524526812,0.03490547547318812,6
20.0,False,278,20.0,0.0,6
19.977369001567595,False,279,20.0,-0.02263099843240468,6
20.0,False,280,19.977369001567595,0.02263099843240468,6
19.987529431096302,False,281,20.0,-0.01247056890369791,6
20.0,False,282,19.987529431096302,0.01247056890369791,6
20.0,False,283,20.0,0.0,6
19.93702863327553,False,284,20.0,-0.06297136672446868,6
19.973363314934854,False,285,19.93702863327553,0.036334681659322854,6
19.952428321292516,False,286,19.973363314934854,-0.02093499364233864,6
20.0,False,287,19.952428321292516,0.047571678707484466,6
19.941623649194163,False,288,20.0,-0.05837635080583681,6
19.91479527528437,False,289,19.941623649194163,-0.026828373909793868,6
20.0,False,290,19.91479527528437,0.08520472471563068,6
20.0,False,291,20.0,0.0,6
19.93974450560244,False,292,20.0,-0.06025549439755906,6
19.924809188832057,False,293,19.93974450560244,-0.014935316770383622,6
19.940044657440204,False,294,19.924809188832057,0.015235468608146618,6
19.978684187883953,False,295,19.940044657440204,0.03863953044374924,6
20.0,False,296,19.978684187883953,0.02131581211604683,6
19.902806395495276,False,297,20.0,-0.09719360450472436,6
20.0,False,298,19.902806395495276,0.09719360450472436,6
20.0,False,299,20.0,0.0,6
1.930264469236807,False,0,0.0,0.0,7
1.921087579749703,False,1,1.930264469236807,-0.009176889487104045,7
1.7913310059086158,False,2,1.921087579749703,-0.12975657384108708,7
1.7983450880670249,False,3,1.7913310059086158,0.007014082158409041,7
1.978338742481655,False,4,1.7983450880670249,0.1799936544146301,7
1.5020773806748347,False,5,1.978338742481655,-0.4762613618068203,7
2.079291937094428,False,6,1.5020773806748347,0.5772145564195932,7
2.301069940480515,False,7,2.079291937094428,0.221778003386087,7
1.7993569474987523,False,8,2.301069940480515,-0.5017129929817625,7
2.1051297084719636,False,9,1.7993569474987523,0.30577276097321127,7
2.4952638973404175,False,10,2.1051297084719636,0.39013418886845397,7
1.9982192349513488,False,11,2.4952638973404175,-0.49704466238906875,7
1.5988639171398984,False,12,1.9982192349513488,-0.3993553178114504,7
2.0249165207765674,False,13,1.5988639171398984,0.42605260363666897,7
2.388351497497827,False,14,2.0249165207765674,0.3634349767212597,7
2.3788365040764967,False,15,2.388351497497827,-0.009514993421330331,7
2.25035715516792,False,16,2.3788365040764967,-0.1284793489085767,7
2.3108521795522368,False,17,2.25035715516792,0.06049502438431675,7
1.9559247432820621,False,18,2.3108521795522368,-0.35492743627017465,7
1.5943410870975123,False,19,1.9559247432820621,-0.3615836561845498,7
2.0229819514630347,False,20,1.5943410870975123,0.4286408643655224,7
1.9915947622706378,False,21,2.0229819514630347,-0.031387189192396914,7
2.4264558120850297,False,22,1.9915947622706378,0.4348610498143919,7
1.7440019666795268,False,23,2.4264558120850297,-0.6824538454055029,7
2.2595763305810994,False,24,1.7440019666795268,0.5155743639015726,7
2.3090475336507676,False,25,2.2595763305810994,0.049471203069668235,7
1.6859612774105748,False,26,2.3090475336507676,-0.6230862562401929,7
1.9771675884586601,False,27,1.6859612774105748,0.29120631104808536,7
2.088326240486336,False,28,1.9771675884586601,0.11115865202767594,7
2.2957563304973174,False,29,2.088326240486336,0.20743009001098134,7
1.6240405858963736,False,30,2.2957563304973174,-0.6717157446009439,7
1.610078880732487,False,31,1.6240405858963736,-0.013961705163886506,7
1.779274784124448,False,32,1.610078880732487,0.169195903391961,7
1.6379418149098313,False,33,1.779274784124448,-0.1413329692146168,7
2.0664540031688663,False,34,1.6379418149098313,0.42851218825903503,7
2.1390167440241625,False,35,2.0664540031688663,0.07256274085529624,7
2.322385335095236,False,36,2.1390167440241625,0.18336859107107362,7
2.2734072327765436,False,37,2.322385335095236,-0.048978102318692596,7
2.187824072764971,False,38,2.2734072327765436,-0.08558316001157262,7
2.0637371505110274,False,39,2.187824072764971,-0.12408692225394358,7
2.185487166208298,False,40,2.0637371505110274,0.12175001569727062,7
2.3850969194071,False,41,2.185487166208298,0.19960975319880214,7
2.31617009297058,False,42,2.3850969194071,-0.06892682643651993,7
2.3971408026711236,False,43,2.31617009297058,0.08097070970054343,7
2.0143205973463374,False,44,2.3971408026711236,-0.3828202053247862,7
2.412328962365847,False,45,2.0143205973463374,0.39800836501950965,7
2.2066884109310125,False,46,2.412328962365847,-0.2056405514348345,7
1.9295389635458355,False,47,2.2066884109310125,-0.277149447385177,7
1.5890739093750565,False,48,1.9295389635458355,-0.340465054170779,7
1.6206799501107105,False,49,1.5890739093750565,0.031606040735653984,7
1.6509701574826372,False,50,1.6206799501107105,0.03029020737192667,7
2.290517974958017,False,51,1.6509701574826372,0.6395478174753797,7
2.3450117111423823,False,52,2.290517974958017,0.05449373618436537,7
2.038986763753785,False,53,2.3450117111423823,-0.3060249473885972,7
1.8923381081024395,False,54,2.038986763753785,-0.14664865565134555,7
1.5623523488306867,False,55,1.8923381081024395,-0.3299857592717528,7
2.3237457554581167,False,56,1.5623523488306867,0.7613934066274299,7
1.8480215030511673,False,57,2.3237457554581167,-0.4757242524069494,7
2.2156827739626643,False,58,1.8480215030511673,0.36766127091149703,7
2.2666855150529175,False,59,2.2156827739626643,0.051002741090253156,7
2.356376095957574,False,60,2.2666855150529175,0.08969058090465643,7
2.293668941333267,False,61,2.356376095957574,-0.06270715462430676,7
2.363074722429911,False,62,2.293668941333267,0.06940578109664397,7
1.6412113434363866,False,63,2.363074722429911,-0.7218633789935245,7
2.1586533999628403,False,64,1.6412113434363866,0.5174420565264537,7
2.268019846511105,False,65,2.1586533999628403,0.10936644654826466,7
1.7672912986947493,False,66,2.268019846511105,-0.5007285478163557,7
2.4649469413563447,False,67,1.7672912986947493,0.6976556426615954,7
2.127271679048994,False,68,2.4649469413563447,-0.3376752623073509,7
2.1819280336752422,False,69,2.127271679048994,0.054656354626248405,7
1.6713451568626772,False,70,2.1819280336752422,-0.5105828768125651,7
1.8259675577081595,False,71,1.6713451568626772,0.1546224008454824,7
2.271571600665669,False,72,1.8259675577081595,0.44560404295750944,7
2.333371905885175,False,73,2.271571600665669,0.06180030521950597,7
1.5060066029307164,False,74,2.333371905885175,-0.8273653029544585,7
1.6677601906347614,False,75,1.5060066029307164,0.16175358770404502,7
1.8623110476261908,False,76,1.6677601906347614,0.19455085699142938,7
1.854778594861517,False,77,1.8623110476261908,-0.007532452764673847,7
1.895304832256106,False,78,1.854778594861517,0.04052623739458894,7
2.0079899277933344,False,79,1.895304832256106,0.1126850955372285,7
1.5758061465978777,False,80,2.0079899277933344,-0.43218378119545675,7
2.190118260211407,False,81,1.5758061465978777,0.6143121136135294,7
2.133222190617534,False,82,2.190118260211407,-0.056896069593872944,7
2.433798699050927,False,83,2.133222190617534,0.3005765084333927,7
1.6685196374238653,False,84,2.433798699050927,-0.7652790616270615,7
2.485209111520038,False,85,1.6685196374238653,0.8166894740961725,7
1.5564639412379644,False,86,2.485209111520038,-0.9287451702820735,7
2.3884325879073485,False,87,1.5564639412379644,0.8319686466693841,7
2.4437103401754645,False,88,2.3884325879073485,0.05527775226811604,7
2.1667277710012227,False,89,2.4437103401754645,-0.2769825691742418,7
2.076045392030112,False,90,2.1667277710012227,-0.09068237897111064,7
1.8181747702605655,False,91,2.076045392030112,-0.25787062176954656,7
2.3009696057298745,False,92,1.8181747702605655,0.482794835469309,7
2.4179166900361397,False,93,2.3009696057298745,0.11694708430626521,7
1.6705453039481049,False,94,2.4179166900361397,-0.7473713860880349,7
1.8827794646469636,False,95,1.6705453039481049,0.2122341606988587,7
2.420744493648466,False,96,1.8827794646469636,0.5379650290015026,7
2.052357097839856,False,97,2.420744493648466,-0.36838739580861013,7
1.6887627536487222,False,98,2.052357097839856,-0.3635943441911338,7
1.9740049999237308,False,99,1.6887627536487222,0.2852422462750086,7
2.305943322611643,True,100,1.9740049999237308,0.331938322687912,7
2.756956129031116,True,101,2.305943322611643,0.4510128064194734,7
3.1948922248000815,True,102,2.756956129031116,0.4379360957689653,7
3.6008032393272247,True,103,3.1948922248000815,0.4059110145271432,7
4.001738229801704,True,104,3.6008032393272247,0.40093499047447967,7
4.4510815756729265,True,105,4.001738229801704,0.44934334587122216,7
4.751917589872603,True,106,4.4510815756729265,0.3008360141996764,7
5.190591008358117,True,107,4.751917589872603,0.43867341848551433,7
5.546126211924456,True,108,5.190591008358117,0.3555352035663386,7
5.970653581102628,True,109,5.546126211924456,0.4245273691781719,7
6.454368268375265,True,110,5.970653581102628,0.483714687272637,7
6.803748163930314,True,111,6.454368268375265,0.34937989555504956,7
7.098115840472158,True,112,6.803748163930314,0.29436767654184326,7
7.574148790857159,True,113,7.098115840472158,0.4760329503850018,7
8.046403796081638,True,114,7.574148790857159,0.4722550052244783,7
8.382889891198019,True,115,8.046403796081638,0.3364860951163813,7
8.881393083037512,True,116,8.382889891198019,0.4985031918394931,7
9.191054036185097,True,117,8.881393083037512,0.3096609531475849,7
9.510085768379723,True,118,9.191054036185097,0.31903173219462566,7
10.029078653720626,True,119,9.510085768379723,0.5189928853409036,7
10.342954456111512,True,120,10.029078653720626,0.31387580239088564,7
10.891421726666616,True,121,10.342954456111512,0.5484672705551041,7
11.200247812939052,True,122,10.891421726666616,0.30882608627243613,7
11.586539010000093,True,123,11.200247812939052,0.3862911970610412,7
11.973078307516245,True,124,11.586539010000093,0.38653929751615124,7
12.460122566161967,True,125,11.973078307516245,0.48704425864572265,7
12.856692429593853,True,126,12.460122566161967,0.3965698634318855,7
13.28967804454035,True,127,12.856692429593853,0.4329856149464977,7
13.71638152584066,True,128,13.28967804454035,0.42670348130030966,7
14.112208409991466,True,129,13.71638152584066,0.39582688415080547,7
14.46003465331171,True,130,14.112208409991466,0.34782624332024525,7
14.789855517372756,True,131,14.46003465331171,0.3298208640610447,7
15.201518126852122,True,132,14.789855517372756,0.4116626094793663,7
15.621059693076763,True,133,15.201518126852122,0.4195415662246411,7
16.079262189430803,True,134,15.621059693076763,0.45820249635404053,7
16.419173631059092,True,135,16.079262189430803,0.33991144162828846,7
16.76714157992967,True,136,16.419173631059092,0.34796794887057914,7
17.143373608802627,True,137,16.76714157992967,0.3762320288729555,7
17.643543483382885,True,138,17.143373608802627,0.5001698745802585,7
18.038092937585958,True,139,17.643543483382885,0.39454945420307297,7
18.523082884106625,True,140,18.038092937585958,0.48498994652066685,7
18.824579213932072,True,141,18.523082884106625,0.30149632982544716,7
19.28927777255938,True,142,18.824579213932072,0.46469855862730824,7
19.617695090069763,True,143,19.28927777255938,0.3284173175103824,7
20.0,False,144,19.617695090069763,0.38230490993023736,7
20.0,False,145,20.0,0.0,7
20.0,False,146,20.0,0.0,7
20.0,False,147,20.0,0.0,7
20.0,False,148,20.0,0.0,7
20.0,False,149,20.0,0.0,7
20.0,False,150,20.0,0.0,7
20.0,False,151,20.0,0.0,7
20.0,False,152,20.0,0.0,7
20.0,False,153,20.0,0.0,7
20.0,False,154,20.0,0.0,7
20.0,False,155,20.0,0.0,7
20.0,False,156,20.0,0.0,7
20.0,False,157,20.0,0.0,7
20.0,False,158,20.0,0.0,7
20.0,False,159,20.0,0.0,7
20.0,False,160,20.0,0.0,7
20.0,False,161,20.0,0.0,7
20.0,False,162,20.0,0.0,7
20.0,False,163,20.0,0.0,7
20.0,False,164,20.0,0.0,7
20.0,False,165,20.0,0.0,7
20.0,False,166,20.0,0.0,7
20.0,False,167,20.0,0.0,7
20.0,False,168,20.0,0.0,7
20.0,False,169,20.0,0.0,7
20.0,False,170,20.0,0.0,7
20.0,False,171,20.0,0.0,7
20.0,False,172,20.0,0.0,7
20.0,False,173,20.0,0.0,7
20.0,False,174,20.0,0.0,7
20.0,False,175,20.0,0.0,7
20.0,False,176,20.0,0.0,7
20.0,False,177,20.0,0.0,7
20.0,False,178,20.0,0.0,7
20.0,False,179,20.0,0.0,7
20.0,False,180,20.0,0.0,7
20.0,False,181,20.0,0.0,7
20.0,False,182,20.0,0.0,7
20.0,False,183,20.0,0.0,7
20.0,False,184,20.0,0.0,7
20.0,False,185,20.0,0.0,7
20.0,False,186,20.0,0.0,7
20.0,False,187,20.0,0.0,7
20.0,False,188,20.0,0.0,7
20.0,False,189,20.0,0.0,7
20.0,False,190,20.0,0.0,7
20.0,False,191,20.0,0.0,7
20.0,False,192,20.0,0.0,7
20.0,False,193,20.0,0.0,7
20.0,False,194,20.0,0.0,7
20.0,False,195,20.0,0.0,7
20.0,False,196,20.0,0.0,7
20.0,False,197,20.0,0.0,7
20.0,False,198,20.0,0.0,7
20.0,False,199,20.0,0.0,7
19.979330303687057,False,200,20.0,-0.02066969631294313,7
19.983537584367905,False,201,19.979330303687057,0.004207280680848413,7
20.0,False,202,19.983537584367905,0.016462415632094718,7
19.9480858870962,False,203,20.0,-0.051914112903798326,7
20.0,False,204,19.9480858870962,0.051914112903798326,7
19.9789917340809,False,205,20.0,-0.02100826591910021,7
19.904337798466447,False,206,19.9789917340809,-0.0746539356144531,7
20.0,False,207,19.904337798466447,0.09566220153355331,7
20.0,False,208,20.0,0.0,7
20.0,False,209,20.0,0.0,7
20.0,False,210,20.0,0.0,7
20.0,False,211,20.0,0.0,7
19.950666405424695,False,212,20.0,-0.049333594575305284,7
20.0,False,213,19.950666405424695,0.049333594575305284,7
19.91248394337181,False,214,20.0,-0.08751605662818918,7
19.99147955282749,False,215,19.91248394337181,0.07899560945567785,7
19.920008750899473,False,216,19.99147955282749,-0.07147080192801525,7
20.0,False,217,19.920008750899473,0.07999124910052657,7
19.9946462482686,False,218,20.0,-0.005353751731398404,7
20.0,False,219,19.9946462482686,0.005353751731398404,7
19.95924727420433,False,220,20.0,-0.04075272579567013,7
19.916159575123746,False,221,19.95924727420433,-0.04308769908058352,7
19.977151149978617,False,222,19.916159575123746,0.060991574854870834,7
19.941818399447996,False,223,19.977151149978617,-0.035332750530621126,7
20.0,False,224,19.941818399447996,0.05818160055200394,7
20.0,False,225,20.0,0.0,7
19.993350156953355,False,226,20.0,-0.006649843046645287,7
19.91377859620682,False,227,19.993350156953355,-0.07957156074653327,7
19.98580256323743,False,228,19.91377859620682,0.07202396703060998,7
20.0,False,229,19.98580256323743,0.014197436762568572,7
19.90773943637228,False,230,20.0,-0.09226056362771828,7
19.917312746103544,False,231,19.90773943637228,0.00957330973126247,7
19.986717426566294,False,232,19.917312746103544,0.06940468046274972,7
20.0,False,233,19.986717426566294,0.01328257343370609,7
19.96987262920627,False,234,20.0,-0.030127370793728403,7
19.905968929454744,False,235,19.96987262920627,-0.06390369975152765,7
20.0,False,236,19.905968929454744,0.09403107054525606,7
20.0,False,237,20.0,0.0,7
20.0,False,238,20.0,0.0,7
19.933357015182754,False,239,20.0,-0.06664298481724629,7
19.961508942843068,False,240,19.933357015182754,0.028151927660314158,7
20.0,False,241,19.961508942843068,0.03849105715693213,7
20.0,False,242,20.0,0.0,7
20.0,False,243,20.0,0.0,7
19.959622196903073,False,244,20.0,-0.04037780309692707,7
20.0,False,245,19.959622196903073,0.04037780309692707,7
20.0,False,246,20.0,0.0,7
20.0,False,247,20.0,0.0,7
20.0,False,248,20.0,0.0,7
20.0,False,249,20.0,0.0,7
20.0,False,250,20.0,0.0,7
19.993606912244566,False,251,20.0,-0.006393087755434124,7
19.986662231554295,False,252,19.993606912244566,-0.006944680690271099,7
19.96882535962273,False,253,19.986662231554295,-0.017836871931564247,7
19.93637586321871,False,254,19.96882535962273,-0.03244949640401984,7
19.97010504425104,False,255,19.93637586321871,0.033729181032327915,7
19.927424159779285,False,256,19.97010504425104,-0.042680884471753444,7
19.978767161642633,False,257,19.927424159779285,0.05134300186334784,7
19.954188469997092,False,258,19.978767161642633,-0.02457869164554083,7
20.0,False,259,19.954188469997092,0.04581153000290783,7
20.0,False,260,20.0,0.0,7
20.0,False,261,20.0,0.0,7
20.0,False,262,20.0,0.0,7
19.952131577714113,False,263,20.0,-0.04786842228588739,7
19.93574564222392,False,264,19.952131577714113,-0.016385935490191628,7
20.0,False,265,19.93574564222392,0.06425435777607902,7
20.0,False,266,20.0,0.0,7
19.99062331548782,False,267,20.0,-0.009376684512179878,7
19.90082338676352,False,268,19.99062331548782,-0.08979992872430032,7
20.0,False,269,19.90082338676352,0.0991766132364802,7
20.0,False,270,20.0,0.0,7
20.0,False,271,20.0,0.0,7
19.96151506720761,False,272,20.0,-0.038484932792389515,7
19.92666659491493,False,273,19.96151506720761,-0.034848472292679844,7
19.91694831332385,False,274,19.92666659491493,-0.009718281591080569,7
19.96393274048896,False,275,19.91694831332385,0.04698442716511053,7
19.9320807032572,False,276,19.96393274048896,-0.03185203723176144,7
19.996416879920954,False,277,19.9320807032572,0.06433617666375469,7
19.911962766074968,False,278,19.996416879920954,-0.084454113845986,7
20.0,False,279,19.911962766074968,0.08803723392503215,7
20.0,False,280,20.0,0.0,7
20.0,False,281,20.0,0.0,7
20.0,False,282,20.0,0.0,7
19.98715411811076,False,283,20.0,-0.012845881889241184,7
19.98089254227415,False,284,19.98715411811076,-0.006261575836607136,7
19.948626771286115,False,285,19.98089254227415,-0.032265770988036735,7
20.0,False,286,19.948626771286115,0.051373228713885055,7
19.953946512813136,False,287,20.0,-0.04605348718686386,7
19.912732854525526,False,288,19.953946512813136,-0.041213658287610144,7
19.911805012777844,False,289,19.912732854525526,-0.0009278417476821232,7
19.90153386213704,False,290,19.911805012777844,-0.010271150640804194,7
20.0,False,291,19.90153386213704,0.09846613786296032,7
20.0,False,292,20.0,0.0,7
20.0,False,293,20.0,0.0,7
19.97794342532789,False,294,20.0,-0.022056574672109974,7
20.0,False,295,19.97794342532789,0.022056574672109974,7
19.90049055760485,False,296,20.0,-0.09950944239514925,7
19.936284664789774,False,297,19.90049055760485,0.03579410718492326,7
19.985370743972943,False,298,19.936284664789774,0.04908607918316932,7
20.0,False,299,19.985370743972943,0.01462925602705667,7
2.4579058277694896,False,0,0.0,0.0,8
2.1642579960943134,False,1,2.4579058277694896,-0.2936478316751763,8
2.488169781306668,False,2,2.1642579960943134,0.32391178521235453,8
1.5468114233188164,False,3,2.488169781306668,-0.9413583579878515,8
2.173999370079332,False,4,1.5468114233188164,0.6271879467605155,8
2.3123616947802597,False,5,2.173999370079332,0.1383623247009278,8
1.659378620727621,False,6,2.3123616947802597,-0.6529830740526386,8
1.7293713529491885,False,7,1.659378620727621,0.06999273222156743,8
2.04053203024161,False,8,1.7293713529491885,0.31116067729242136,8
1.8118191248298507,False,9,2.04053203024161,-0.22871290541175915,8
2.1808615494342547,False,10,1.8118191248298507,0.36904242460440395,8
2.3311011456554285,False,11,2.1808615494342547,0.15023959622117378,8
1.9384218789076473,False,12,2.3311011456554285,-0.3926792667477812,8
1.8193109188009498,False,13,1.9384218789076473,-0.11911096010669753,8
1.9175084026837168,False,14,1.8193109188009498,0.09819748388276706,8
1.9045590846997618,False,15,1.9175084026837168,-0.012949317983955044,8
2.1989209262773404,False,16,1.9045590846997618,0.2943618415775786,8
1.8013847449606246,False,17,2.1989209262773404,-0.39753618131671575,8
2.423931407744271,False,18,1.8013847449606246,0.6225466627836462,8
1.5328473877946438,False,19,2.423931407744271,-0.891084019949627,8
2.134113294204136,False,20,1.5328473877946438,0.6012659064094921,8
1.728460548956773,False,21,2.134113294204136,-0.40565274524736283,8
1.7056597234732997,False,22,1.728460548956773,-0.022800825483473286,8
2.2413167998415484,False,23,1.7056597234732997,0.5356570763682487,8
1.8909754750888088,False,24,2.2413167998415484,-0.3503413247527396,8
2.4979090468099425,False,25,1.8909754750888088,0.6069335717211337,8
2.374954316090769,False,26,2.4979090468099425,-0.12295473071917362,8
1.9358905258556658,False,27,2.374954316090769,-0.4390637902351031,8
1.6651496942286248,False,28,1.9358905258556658,-0.270740831627041,8
1.8010160316023103,False,29,1.6651496942286248,0.13586633737368548,8
1.5576441779453027,False,30,1.8010160316023103,-0.24337185365700753,8
1.7956910298042161,False,31,1.5576441779453027,0.2380468518589134,8
2.163502623186897,False,32,1.7956910298042161,0.3678115933826809,8
2.3095205105670433,False,33,2.163502623186897,0.14601788738014632,8
1.9308552167259734,False,34,2.3095205105670433,-0.37866529384106995,8
2.2501317175802233,False,35,1.9308552167259734,0.31927650085424997,8
1.6859560476566289,False,36,2.2501317175802233,-0.5641756699235945,8
2.0999851704545307,False,37,1.6859560476566289,0.4140291227979018,8
2.3840963890488016,False,38,2.0999851704545307,0.2841112185942709,8
1.955918502414535,False,39,2.3840963890488016,-0.4281778866342667,8
1.5290342744770802,False,40,1.955918502414535,-0.42688422793745473,8
1.5044033530062797,False,41,1.5290342744770802,-0.024630921470800482,8
1.9410272964436381,False,42,1.5044033530062797,0.43662394343735844,8
2.4946176447351482,False,43,1.9410272964436381,0.5535903482915101,8
1.9396574662363237,False,44,2.4946176447351482,-0.5549601784988245,8
2.321929549996225,False,45,1.9396574662363237,0.3822720837599012,8
1.7374247526021773,False,46,2.321929549996225,-0.5845047973940476,8
1.5480869997991995,False,47,1.7374247526021773,-0.18933775280297782,8
1.772934032940117,False,48,1.5480869997991995,0.22484703314091758,8
1.5509967965775073,False,49,1.772934032940117,-0.22193723636260976,8
2.324280045262178,False,50,1.5509967965775073,0.7732832486846706,8
2.026303537188262,False,51,2.324280045262178,-0.29797650807391607,8
2.074093070163528,False,52,2.026303537188262,0.047789532975266,8
2.3253144744680725,False,53,2.074093070163528,0.25122140430454465,8
1.5427148132325272,False,54,2.3253144744680725,-0.7825996612355453,8
2.4941541424137883,False,55,1.5427148132325272,0.9514393291812611,8
1.6649200332582712,False,56,2.4941541424137883,-0.8292341091555171,8
2.3676362182231974,False,57,1.6649200332582712,0.7027161849649262,8
2.2839486909485354,False,58,2.3676362182231974,-0.083687527274662,8
1.63141429286124,False,59,2.2839486909485354,-0.6525343980872953,8
2.246548110007694,False,60,1.63141429286124,0.6151338171464538,8
2.079530352681999,False,61,2.246548110007694,-0.16701775732569502,8
1.9398272570837491,False,62,2.079530352681999,-0.13970309559824967,8
2.452159668761822,False,63,1.9398272570837491,0.5123324116780728,8
1.6602817638572775,False,64,2.452159668761822,-0.7918779049045443,8
2.235259040220755,False,65,1.6602817638572775,0.5749772763634773,8
1.9047852093136295,False,66,2.235259040220755,-0.33047383090712534,8
1.7883263832921537,False,67,1.9047852093136295,-0.11645882602147584,8
1.8263980413368075,False,68,1.7883263832921537,0.038071658044653844,8
2.1604264344596142,False,69,1.8263980413368075,0.33402839312280674,8
1.7766439140186976,False,70,2.1604264344596142,-0.38378252044091665,8
2.4613145775854273,False,71,1.7766439140186976,0.6846706635667297,8
2.127538073261895,False,72,2.4613145775854273,-0.3337765043235321,8
2.0447989221097647,False,73,2.127538073261895,-0.08273915115213049,8
1.6421134532303316,False,74,2.0447989221097647,-0.402685468879433,8
1.6737718773378893,False,75,1.6421134532303316,0.0316584241075577,8
1.9336242961105465,False,76,1.6737718773378893,0.2598524187726572,8
2.2643427495188364,False,77,1.9336242961105465,0.33071845340828987,8
1.914977235517596,False,78,2.2643427495188364,-0.3493655140012404,8
1.8544708041622822,False,79,1.914977235517596,-0.06050643135531386,8
1.7059292196771074,False,80,1.8544708041622822,-0.14854158448517474,8
1.508057450165758,False,81,1.7059292196771074,-0.19787176951134944,8
2.113732172708455,False,82,1.508057450165758,0.6056747225426968,8
2.013201718222768,False,83,2.113732172708455,-0.10053045448568687,8
1.8691257673562551,False,84,2.013201718222768,-0.14407595086651281,8
2.077324012949045,False,85,1.8691257673562551,0.20819824559278977,8
2.144031353782272,False,86,2.077324012949045,0.06670734083322705,8
1.9652271849346887,False,87,2.144031353782272,-0.1788041688475832,8
2.273720928863392,False,88,1.9652271849346887,0.3084937439287032,8
1.6551647794826874,False,89,2.273720928863392,-0.6185561493807046,8
2.3951192184899948,False,90,1.6551647794826874,0.7399544390073074,8
2.305320315175342,False,91,2.3951192184899948,-0.0897989033146529,8
2.0817891095641508,False,92,2.305320315175342,-0.2235312056111911,8
2.173985003037963,False,93,2.0817891095641508,0.09219589347381207,8
2.3359899741805767,False,94,2.173985003037963,0.16200497114261392,8
2.0045419502353568,False,95,2.3359899741805767,-0.33144802394522,8
1.9345414525619251,False,96,2.0045419502353568,-0.07000049767343164,8
2.1221548050258123,False,97,1.9345414525619251,0.18761335246388722,8
1.8253399180487289,False,98,2.1221548050258123,-0.29681488697708347,8
2.269028351863001,False,99,1.8253399180487289,0.44368843381427214,8
2.2356748364357553,True,100,2.269028351863001,-0.03335351542724574,8
2.669712958396075,True,101,2.2356748364357553,0.43403812196031977,8
3.0194512588146165,True,102,2.669712958396075,0.3497383004185415,8
3.318755748251378,True,103,3.0194512588146165,0.2993044894367616,8
3.6133211639361393,True,104,3.318755748251378,0.29456541568476124,8
4.096272453049763,True,105,3.6133211639361393,0.4829512891136236,8
4.293142878341803,True,106,4.096272453049763,0.19687042529204035,8
4.532960562471416,True,107,4.293142878341803,0.2398176841296129,8
4.872322151976191,True,108,4.532960562471416,0.339361589504775,8
5.1547266978881465,True,109,4.872322151976191,0.2824045459119553,8
5.496992861191971,True,110,5.1547266978881465,0.3422661633038242,8
5.902759449219641,True,111,5.496992861191971,0.40576658802766996,8
6.2791492306339,True,112,5.902759449219641,0.37638978141425916,8
6.501620579192186,True,113,6.2791492306339,0.22247134855828588,8
6.759764431130313,True,114,6.501620579192186,0.2581438519381276,8
7.051269076348797,True,115,6.759764431130313,0.29150464521848374,8
7.561632861689716,True,116,7.051269076348797,0.5103637853409193,8
7.804791935531133,True,117,7.561632861689716,0.24315907384141688,8
8.117015476134455,True,118,7.804791935531133,0.3122235406033216,8
8.535940205449837,True,119,8.117015476134455,0.41892472931538194,8
8.73091763370706,True,120,8.535940205449837,0.1949774282572232,8
9.160584054408941,True,121,8.73091763370706,0.42966642070188144,8
9.462238245664297,True,122,9.160584054408941,0.30165419125535564,8
9.691035622511894,True,123,9.462238245664297,0.22879737684759682,8
10.140925804061016,True,124,9.691035622511894,0.4498901815491223,8
10.364332110235246,True,125,10.140925804061016,0.22340630617422974,8
10.744419939446585,True,126,10.364332110235246,0.3800878292113392,8
11.15920895435948,True,127,10.744419939446585,0.41478901491289477,8
11.40662865457888,True,128,11.15920895435948,0.24741970021939963,8
11.781294917325942,True,129,11.40662865457888,0.3746662627470627,8
12.110410697658864,True,130,11.781294917325942,0.32911578033292166,8
12.352325329920829,True,131,12.110410697658864,0.24191463226196497,8
12.709181321084797,True,132,12.352325329920829,0.35685599116396816,8
12.974696938969029,True,133,12.709181321084797,0.2655156178842315,8
13.445573059655048,True,134,12.974696938969029,0.4708761206860199,8
13.789768991761646,True,135,13.445573059655048,0.34419593210659727,8
14.011740890201498,True,136,13.789768991761646,0.2219718984398522,8
14.49821364869447,True,137,14.011740890201498,0.48647275849297245,8
14.64138516897159,True,138,14.49821364869447,0.14317152027711977,8
15.135560846610979,True,139,14.64138516897159,0.4941756776393884,8
15.344664870287621,True,140,15.135560846610979,0.20910402367664283,8
15.73530061153725,True,141,15.344664870287621,0.3906357412496284,8
16.065508982974272,True,142,15.73530061153725,0.3302083714370223,8
16.421872243819607,True,143,16.065508982974272,0.35636326084533465,8
16.631451529386258,True,144,16.421872243819607,0.20957928556665095,8
17.128290342542343,True,145,16.631451529386258,0.496838813156085,8
17.359475969887104,True,146,17.128290342542343,0.231185627344761,8
17.65033943995414,True,147,17.359475969887104,0.2908634700670376,8
18.062445577087345,True,148,17.65033943995414,0.412106137133204,8
18.305188839629697,True,149,18.062445577087345,0.24274326254235135,8
18.672919568919095,True,150,18.305188839629697,0.36773072928939854,8
18.996554963478683,True,151,18.672919568919095,0.323635394559588,8
19.32296422127084,True,152,18.996554963478683,0.32640925779215735,8
19.589357539493175,True,153,19.32296422127084,0.2663933182223346,8
19.942036486885005,True,154,19.589357539493175,0.3526789473918299,8
20.0,False,155,19.942036486885005,0.057963513114994925,8
20.0,False,156,20.0,0.0,8
20.0,False,157,20.0,0.0,8
20.0,False,158,20.0,0.0,8
20.0,False,159,20.0,0.0,8
20.0,False,160,20.0,0.0,8
20.0,False,161,20.0,0.0,8
20.0,False,162,20.0,0.0,8
20.0,False,163,20.0,0.0,8
20.0,False,164,20.0,0.0,8
20.0,False,165,20.0,0.0,8
20.0,False,166,20.0,0.0,8
20.0,False,167,20.0,0.0,8
20.0,False,168,20.0,0.0,8
20.0,False,169,20.0,0.0,8
20.0,False,170,20.0,0.0,8
20.0,False,171,20.0,0.0,8
20.0,False,172,20.0,0.0,8
20.0,False,173,20.0,0.0,8
20.0,False,174,20.0,0.0,8
20.0,False,175,20.0,0.0,8
20.0,False,176,20.0,0.0,8
20.0,False,177,20.0,0.0,8
20.0,False,178,20.0,0.0,8
20.0,False,179,20.0,0.0,8
20.0,False,180,20.0,0.0,8
20.0,False,181,20.0,0.0,8
20.0,False,182,20.0,0.0,8
20.0,False,183,20.0,0.0,8
20.0,False,184,20.0,0.0,8
20.0,False,185,20.0,0.0,8
20.0,False,186,20.0,0.0,8
20.0,False,187,20.0,0.0,8
20.0,False,188,20.0,0.0,8
20.0,False,189,20.0,0.0,8
20.0,False,190,20.0,0.0,8
20.0,False,191,20.0,0.0,8
20.0,False,192,20.0,0.0,8
20.0,False,193,20.0,0.0,8
20.0,False,194,20.0,0.0,8
20.0,False,195,20.0,0.0,8
20.0,False,196,20.0,0.0,8
20.0,False,197,20.0,0.0,8
20.0,False,198,20.0,0.0,8
20.0,False,199,20.0,0.0,8
20.0,False,200,20.0,0.0,8
20.0,False,201,20.0,0.0,8
20.0,False,202,20.0,0.0,8
20.0,False,203,20.0,0.0,8
20.0,False,204,20.0,0.0,8
19.97762790623674,False,205,20.0,-0.022372093763259215,8
20.0,False,206,19.97762790623674,0.022372093763259215,8
20.0,False,207,20.0,0.0,8
20.0,False,208,20.0,0.0,8
19.965515990042913,False,209,20.0,-0.03448400995708667,8
20.0,False,210,19.965515990042913,0.03448400995708667,8
20.0,False,211,20.0,0.0,8
19.93024102570277,False,212,20.0,-0.06975897429722977,8
20.0,False,213,19.93024102570277,0.06975897429722977,8
19.98593297691709,False,214,20.0,-0.014067023082908747,8
19.907863064874952,False,215,19.98593297691709,-0.07806991204213887,8
20.0,False,216,19.907863064874952,0.09213693512504761,8
19.962457938331163,False,217,20.0,-0.037542061668837334,8
20.0,False,218,19.962457938331163,0.037542061668837334,8
20.0,False,219,20.0,0.0,8
20.0,False,220,20.0,0.0,8
20.0,False,221,20.0,0.0,8
19.920374136963584,False,222,20.0,-0.07962586303641572,8
20.0,False,223,19.920374136963584,0.07962586303641572,8
20.0,False,224,20.0,0.0,8
19.941507818672346,False,225,20.0,-0.058492181327654436,8
20.0,False,226,19.941507818672346,0.058492181327654436,8
19.907831911961235,False,227,20.0,-0.09216808803876475,8
19.935803369570493,False,228,19.907831911961235,0.02797145760925801,8
20.0,False,229,19.935803369570493,0.06419663042950674,8
20.0,False,230,20.0,0.0,8
19.93585820933015,False,231,20.0,-0.0641417906698507,8
20.0,False,232,19.93585820933015,0.0641417906698507,8
20.0,False,233,20.0,0.0,8
19.992312201930755,False,234,20.0,-0.007687798069245133,8
19.923248592072735,False,235,19.992312201930755,-0.06906360985801996,8
20.0,False,236,19.923248592072735,0.07675140792726509,8
19.93115516618352,False,237,20.0,-0.0688448338164811,8
19.958033541108577,False,238,19.93115516618352,0.02687837492505807,8
20.0,False,239,19.958033541108577,0.04196645889142303,8
20.0,False,240,20.0,0.0,8
20.0,False,241,20.0,0.0,8
20.0,False,242,20.0,0.0,8
19.920524787487324,False,243,20.0,-0.07947521251267631,8
20.0,False,244,19.920524787487324,0.07947521251267631,8
19.967586231243253,False,245,20.0,-0.032413768756747174,8
20.0,False,246,19.967586231243253,0.032413768756747174,8
19.984921471076944,False,247,20.0,-0.0150785289230555,8
20.0,False,248,19.984921471076944,0.0150785289230555,8
19.95122103903226,False,249,20.0,-0.04877896096774137,8
19.93290543958666,False,250,19.95122103903226,-0.018315599445600128,8
20.0,False,251,19.93290543958666,0.0670945604133415,8
20.0,False,252,20.0,0.0,8
19.902212869182335,False,253,20.0,-0.09778713081766455,8
19.97657444731588,False,254,19.902212869182335,0.07436157813354427,8
19.948618730044036,False,255,19.97657444731588,-0.027955717271844094,8
19.91927154980249,False,256,19.948618730044036,-0.029347180241543924,8
19.996531021330927,False,257,19.91927154980249,0.0772594715284356,8
20.0,False,258,19.996531021330927,0.0034689786690726976,8
20.0,False,259,20.0,0.0,8
20.0,False,260,20.0,0.0,8
19.912391248182505,False,261,20.0,-0.08760875181749483,8
19.98281409444182,False,262,19.912391248182505,0.07042284625931572,8
20.0,False,263,19.98281409444182,0.017185905558179115,8
20.0,False,264,20.0,0.0,8
20.0,False,265,20.0,0.0,8
19.91458218098324,False,266,20.0,-0.0854178190167616,8
19.9083844998217,False,267,19.91458218098324,-0.006197681161538071,8
20.0,False,268,19.9083844998217,0.09161550017829967,8
20.0,False,269,20.0,0.0,8
20.0,False,270,20.0,0.0,8
19.960331628311543,False,271,20.0,-0.039668371688456716,8
20.0,False,272,19.960331628311543,0.039668371688456716,8
20.0,False,273,20.0,0.0,8
19.957840222399618,False,274,20.0,-0.04215977760038214,8
20.0,False,275,19.957840222399618,0.04215977760038214,8
19.99619890813191,False,276,20.0,-0.0038010918680910777,8
19.905115897431088,False,277,19.99619890813191,-0.09108301070082092,8
19.92426136479824,False,278,19.905115897431088,0.019145467367152946,8
19.9540607537239,False,279,19.92426136479824,0.029799388925660253,8
20.0,False,280,19.9540607537239,0.0459392462760988,8
20.0,False,281,20.0,0.0,8
20.0,False,282,20.0,0.0,8
19.918913356386458,False,283,20.0,-0.08108664361354201,8
19.924074075277975,False,284,19.918913356386458,0.0051607188915170354,8
20.0,False,285,19.924074075277975,0.07592592472202497,8
20.0,False,286,20.0,0.0,8
20.0,False,287,20.0,0.0,8
20.0,False,288,20.0,0.0,8
19.95330293476859,False,289,20.0,-0.046697065231409596,8
19.989529428523923,False,290,19.95330293476859,0.03622649375533271,8
20.0,False,291,19.989529428523923,0.010470571476076884,8
20.0,False,292,20.0,0.0,8
20.0,False,293,20.0,0.0,8
19.97354287571731,False,294,20.0,-0.026457124282689648,8
19.9919029059412,False,295,19.97354287571731,0.018360030223888657,8
20.0,False,296,19.9919029059412,0.008097094058800991,8
19.960779023267104,False,297,20.0,-0.03922097673289571,8
19.992466455612593,False,298,19.960779023267104,0.031687432345488986,8
19.92324444581066,False,299,19.992466455612593,-0.06922200980193338,8
1.6908167351467287,False,0,0.0,0.0,9
1.9151895273469814,False,1,1.6908167351467287,0.22437279220025275,9
2.051855735905501,False,2,1.9151895273469814,0.13666620855851974,9
1.706174185772387,False,3,2.051855735905501,-0.3456815501331141,9
2.203353651386203,False,4,1.706174185772387,0.497179465613816,9
1.7020549213797354,False,5,2.203353651386203,-0.5012987300064677,9
1.8934737820602365,False,6,1.7020549213797354,0.19141886068050118,9
2.0652384968448203,False,7,1.8934737820602365,0.17176471478458377,9
1.914485138502621,False,8,2.0652384968448203,-0.15075335834219938,9
2.085767266993705,False,9,1.914485138502621,0.17128212849108415,9
2.136527711851347,False,10,2.085767266993705,0.05076044485764175,9
2.057318179993952,False,11,2.136527711851347,-0.07920953185739465,9
2.114109674537329,False,12,2.057318179993952,0.05679149454337695,9
1.69768970344012,False,13,2.114109674537329,-0.4164199710972092,9
2.4457772070111212,False,14,1.69768970344012,0.7480875035710013,9
2.0173116595600273,False,15,2.4457772070111212,-0.4284655474510939,9
1.5516077353863509,False,16,2.0173116595600273,-0.46570392417367645,9
2.4396787699686997,False,17,1.5516077353863509,0.8880710345823488,9
1.9139584988751224,False,18,2.4396787699686997,-0.5257202710935773,9
2.2545834875474395,False,19,1.9139584988751224,0.34062498867231716,9
1.6194237179914706,False,20,2.2545834875474395,-0.635159769555969,9
2.1549892077594146,False,21,1.6194237179914706,0.535565489767944,9
1.9522021406359649,False,22,2.1549892077594146,-0.20278706712344974,9
1.5927760876704635,False,23,1.9522021406359649,-0.35942605296550134,9
2.4682770169114647,False,24,1.5927760876704635,0.8755009292410012,9
1.665586386135391,False,25,2.4682770169114647,-0.8026906307760737,9
2.2558595149644334,False,26,1.665586386135391,0.5902731288290424,9
1.7271482323025427,False,27,2.2558595149644334,-0.5287112826618907,9
1.7192658514103512,False,28,1.7271482323025427,-0.00788238089219151,9
1.990595916448004,False,29,1.7192658514103512,0.2713300650376529,9
2.118074417746624,False,30,1.990595916448004,0.12747850129861993,9
1.63517497133985,False,31,2.118074417746624,-0.48289944640677396,9
1.9943891201340058,False,32,1.63517497133985,0.3592141487941558,9
2.209517048532736,False,33,1.9943891201340058,0.21512792839873018,9
2.3470130921126717,False,34,2.209517048532736,0.13749604357993572,9
2.3320746151206206,False,35,2.3470130921126717,-0.014938476992051086,9
2.403487750520331,False,36,2.3320746151206206,0.07141313539971028,9
1.8161202615713345,False,37,2.403487750520331,-0.5873674889489964,9
2.040814482014258,False,38,1.8161202615713345,0.22469422044292342,9
1.8385534206444318,False,39,2.040814482014258,-0.20226106136982613,9
2.0252476966375546,False,40,1.8385534206444318,0.18669427599312272,9
2.2250367609107653,False,41,2.0252476966375546,0.19978906427321075,9
1.7041361899780705,False,42,2.2250367609107653,-0.5209005709326948,9
1.8524930043753138,False,43,1.7041361899780705,0.14835681439724335,9
2.402259929651986,False,44,1.8524930043753138,0.5497669252766721,9
2.284472509415492,False,45,2.402259929651986,-0.11778742023649391,9
1.8468272957676444,False,46,2.284472509415492,-0.4376452136478477,9
1.623131240848961,False,47,1.8468272957676444,-0.22369605491868327,9
2.004986964230192,False,48,1.623131240848961,0.38185572338123075,9
1.7080980907268746,False,49,2.004986964230192,-0.2968888735033173,9
2.1013864041177857,False,50,1.7080980907268746,0.3932883133909111,9
2.357931151026362,False,51,2.1013864041177857,0.2565447469085762,9
1.7274356096142207,False,52,2.357931151026362,-0.6304955414121411,9
2.0359403900897295,False,53,1.7274356096142207,0.3085047804755088,9
2.0161206485805248,False,54,2.0359403900897295,-0.019819741509204736,9
2.009744181015621,False,55,2.0161206485805248,-0.006376467564903621,9
1.6331596613641406,False,56,2.009744181015621,-0.37658451965148054,9
1.9135704018620598,False,57,1.6331596613641406,0.28041074049791925,9
1.6620913779569448,False,58,1.9135704018620598,-0.251479023905115,9
1.5278683151307901,False,59,1.6620913779569448,-0.1342230628261547,9
1.7258555697773525,False,60,1.5278683151307901,0.19798725464656242,9
2.0772635709567164,False,61,1.7258555697773525,0.3514080011793639,9
1.9779240843785395,False,62,2.0772635709567164,-0.09933948657817693,9
2.3834703062267364,False,63,1.9779240843785395,0.4055462218481969,9
1.5540196373340818,False,64,2.3834703062267364,-0.8294506688926546,9
2.0048692279303335,False,65,1.5540196373340818,0.45084959059625174,9
2.2920968251321345,False,66,2.0048692279303335,0.287227597201801,9
1.848416243811144,False,67,2.2920968251321345,-0.44368058132099053,9
1.724085903391015,False,68,1.848416243811144,-0.12433034042012903,9
1.8427670955155069,False,69,1.724085903391015,0.11868119212449191,9
2.2743562691784045,False,70,1.8427670955155069,0.4315891736628976,9
2.326650880020981,False,71,2.2743562691784045,0.05229461084257636,9
2.221585083998704,False,72,2.326650880020981,-0.10506579602227673,9
2.2451458750552398,False,73,2.221585083998704,0.023560791056535635,9
2.246536336790391,False,74,2.2451458750552398,0.0013904617351512272,9
1.7738412221351856,False,75,2.246536336790391,-0.4726951146552054,9
2.355172422404644,False,76,1.7738412221351856,0.5813312002694586,9
1.6374897955550267,False,77,2.355172422404644,-0.7176826268496175,9
2.2272463105471623,False,78,1.6374897955550267,0.5897565149921355,9
1.5416980720377182,False,79,2.2272463105471623,-0.685548238509444,9
2.011033388437367,False,80,1.5416980720377182,0.46933531639964876,9
2.068196048822898,False,81,2.011033388437367,0.05716266038553108,9
2.031973826516521,False,82,2.068196048822898,-0.03622222230637728,9
2.0307214111869127,False,83,2.031973826516521,-0.0012524153296080698,9
1.5117671999574152,False,84,2.0307214111869127,-0.5189542112294976,9
1.6194236107936677,False,85,1.5117671999574152,0.10765641083625255,9
1.618601723422616,False,86,1.6194236107936677,-0.0008218873710517105,9
2.310683615216177,False,87,1.618601723422616,0.6920818917935612,9
2.4404130135132194,False,88,2.310683615216177,0.12972939829704222,9
1.557211862215718,False,89,2.4404130135132194,-0.8832011512975013,9
1.6195396764670855,False,90,1.557211862215718,0.062327814251367464,9
1.6708176716839194,False,91,1.6195396764670855,0.05127799521683385,9
2.493862860017489,False,92,1.6708176716839194,0.8230451883335694,9
1.929474636823982,False,93,2.493862860017489,-0.5643882231935069,9
1.8594381216905553,False,94,1.929474636823982,-0.07003651513342657,9
1.8546328741075326,False,95,1.8594381216905553,-0.004805247583022698,9
1.9365519635233364,False,96,1.8546328741075326,0.08191908941580373,9
2.094737110058136,False,97,1.9365519635233364,0.15818514653479943,9
1.5646760891897364,False,98,2.094737110058136,-0.5300610208683993,9
1.918696687581385,False,99,1.5646760891897364,0.35402059839164846,9
2.254706484077307,True,100,1.918696687581385,0.3360097964959219,9
2.6014555741255507,True,101,2.254706484077307,0.34674909004824395,9
2.88230742055825,True,102,2.6014555741255507,0.2808518464326992,9
3.174008091695161,True,103,2.88230742055825,0.291700671136911,9
3.4640137222915803,True,104,3.174008091695161,0.2900056305964194,9
3.786907481912585,True,105,3.4640137222915803,0.32289375962100486,9
4.168036745846224,True,106,3.786907481912585,0.38112926393363855,9
4.474470414137324,True,107,4.168036745846224,0.30643366829109997,9
4.724968982630695,True,108,4.474470414137324,0.25049856849337093,9
5.156448083603564,True,109,4.724968982630695,0.43147910097286957,9
5.407052615533553,True,110,5.156448083603564,0.250604531929989,9
5.628132128005554,True,111,5.407052615533553,0.22107951247200042,9
6.034675508324093,True,112,5.628132128005554,0.4065433803185394,9
6.329260495574167,True,113,6.034675508324093,0.2945849872500741,9
6.655774414972041,True,114,6.329260495574167,0.32651391939787366,9
6.8904253167815925,True,115,6.655774414972041,0.23465090180955173,9
7.284737292250628,True,116,6.8904253167815925,0.3943119754690354,9
7.446536775180167,True,117,7.284737292250628,0.16179948292953927,9
7.892898414274272,True,118,7.446536775180167,0.4463616390941052,9
8.186822931872317,True,119,7.892898414274272,0.29392451759804494,9
8.43524443964103,True,120,8.186822931872317,0.24842150776871286,9
8.641157945059247,True,121,8.43524443964103,0.2059135054182164,9
8.990089533799429,True,122,8.641157945059247,0.34893158874018226,9
9.319823375520572,True,123,8.990089533799429,0.3297338417211435,9
9.551729942481222,True,124,9.319823375520572,0.23190656696064949,9
9.973761853785312,True,125,9.551729942481222,0.42203191130409046,9
10.29270138223737,True,126,9.973761853785312,0.31893952845205753,9
10.528381859520191,True,127,10.29270138223737,0.2356804772828216,9
10.880504761673587,True,128,10.528381859520191,0.35212290215339515,9
11.168097266631435,True,129,10.880504761673587,0.28759250495784805,9
11.5346740202311,True,130,11.168097266631435,0.3665767535996647,9
11.817828524262703,True,131,11.5346740202311,0.2831545040316037,9
11.9625985220972,True,132,11.817828524262703,0.14476999783449784,9
12.448818414095731,True,133,11.9625985220972,0.48621989199853033,9
12.650429154133736,True,134,12.448818414095731,0.20161074003800472,9
13.067077391637355,True,135,12.650429154133736,0.4166482375036189,9
13.317475654850197,True,136,13.067077391637355,0.2503982632128423,9
13.52019552093475,True,137,13.317475654850197,0.2027198660845535,9
13.809257568702844,True,138,13.52019552093475,0.28906204776809297,9
14.151793700531684,True,139,13.809257568702844,0.34253613182884024,9
14.403258625403177,True,140,14.151793700531684,0.2514649248714935,9
14.852518293704277,True,141,14.403258625403177,0.4492596683010994,9
15.139253348159352,True,142,14.852518293704277,0.2867350544550753,9
15.284640237108844,True,143,15.139253348159352,0.14538688894949203,9
15.71847457356541,True,144,15.284640237108844,0.43383433645656666,9
16.050631963126367,True,145,15.71847457356541,0.3321573895609564,9
16.308300164759757,True,146,16.050631963126367,0.25766820163338977,9
16.579206583297264,True,147,16.308300164759757,0.27090641853750697,9
16.987813223351907,True,148,16.579206583297264,0.40860664005464287,9
17.106720157355195,True,149,16.987813223351907,0.118906934003288,9
17.41275562842053,True,150,17.106720157355195,0.3060354710653357,9
17.831694566411667,True,151,17.41275562842053,0.41893893799113613,9
17.99948693982304,True,152,17.831694566411667,0.16779237341137332,9
18.460421281919032,True,153,17.99948693982304,0.4609343420959924,9
18.70405030173281,True,154,18.460421281919032,0.2436290198137776,9
18.96390426593944,True,155,18.70405030173281,0.25985396420663065,9
19.30709880723754,True,156,18.96390426593944,0.3431945412981001,9
19.67805201329257,True,157,19.30709880723754,0.3709532060550309,9
19.975265092099896,True,158,19.67805201329257,0.2972130788073244,9
20.0,False,159,19.975265092099896,0.02473490790010402,9
20.0,False,160,20.0,0.0,9
20.0,False,161,20.0,0.0,9
20.0,False,162,20.0,0.0,9
20.0,False,163,20.0,0.0,9
20.0,False,164,20.0,0.0,9
20.0,False,165,20.0,0.0,9
20.0,False,166,20.0,0.0,9
20.0,False,167,20.0,0.0,9
20.0,False,168,20.0,0.0,9
20.0,False,169,20.0,0.0,9
20.0,False,170,20.0,0.0,9
20.0,False,171,20.0,0.0,9
20.0,False,172,20.0,0.0,9
20.0,False,173,20.0,0.0,9
20.0,False,174,20.0,0.0,9
20.0,False,175,20.0,0.0,9
20.0,False,176,20.0,0.0,9
20.0,False,177,20.0,0.0,9
20.0,False,178,20.0,0.0,9
20.0,False,179,20.0,0.0,9
20.0,False,180,20.0,0.0,9
20.0,False,181,20.0,0.0,9
20.0,False,182,20.0,0.0,9
20.0,False,183,20.0,0.0,9
20.0,False,184,20.0,0.0,9
20.0,False,185,20.0,0.0,9
20.0,False,186,20.0,0.0,9
20.0,False,187,20.0,0.0,9
20.0,False,188,20.0,0.0,9
20.0,False,189,20.0,0.0,9
20.0,False,190,20.0,0.0,9
20.0,False,191,20.0,0.0,9
20.0,False,192,20.0,0.0,9
20.0,False,193,20.0,0.0,9
20.0,False,194,20.0,0.0,9
20.0,False,195,20.0,0.0,9
20.0,False,196,20.0,0.0,9
20.0,False,197,20.0,0.0,9
20.0,False,198,20.0,0.0,9
20.0,False,199,20.0,0.0,9
19.957299928545474,False,200,20.0,-0.04270007145452581,9
19.911092423826226,False,201,19.957299928545474,-0.046207504719248504,9
20.0,False,202,19.911092423826226,0.08890757617377432,9
20.0,False,203,20.0,0.0,9
20.0,False,204,20.0,0.0,9
20.0,False,205,20.0,0.0,9
19.924547881268726,False,206,20.0,-0.075452118731274,9
20.0,False,207,19.924547881268726,0.075452118731274,9
19.997148360805397,False,208,20.0,-0.0028516391946027397,9
20.0,False,209,19.997148360805397,0.0028516391946027397,9
20.0,False,210,20.0,0.0,9
20.0,False,211,20.0,0.0,9
19.96991259297916,False,212,20.0,-0.030087407020840118,9
20.0,False,213,19.96991259297916,0.030087407020840118,9
19.996924675189046,False,214,20.0,-0.003075324810954072,9
20.0,False,215,19.996924675189046,0.003075324810954072,9
19.996381747643458,False,216,20.0,-0.0036182523565422287,9
19.9895156204427,False,217,19.996381747643458,-0.006866127200758854,9
19.974237411073386,False,218,19.9895156204427,-0.015278209369313345,9
20.0,False,219,19.974237411073386,0.025762588926614427,9
20.0,False,220,20.0,0.0,9
19.943155847916863,False,221,20.0,-0.05684415208313709,9
20.0,False,222,19.943155847916863,0.05684415208313709,9
20.0,False,223,20.0,0.0,9
20.0,False,224,20.0,0.0,9
20.0,False,225,20.0,0.0,9
20.0,False,226,20.0,0.0,9
19.90125384391883,False,227,20.0,-0.09874615608116954,9
19.90217958112337,False,228,19.90125384391883,0.0009257372045397005,9
19.925872299497495,False,229,19.90217958112337,0.02369271837412512,9
20.0,False,230,19.925872299497495,0.07412770050250472,9
20.0,False,231,20.0,0.0,9
20.0,False,232,20.0,0.0,9
20.0,False,233,20.0,0.0,9
19.943952313218155,False,234,20.0,-0.05604768678184513,9
20.0,False,235,19.943952313218155,0.05604768678184513,9
20.0,False,236,20.0,0.0,9
20.0,False,237,20.0,0.0,9
20.0,False,238,20.0,0.0,9
20.0,False,239,20.0,0.0,9
20.0,False,240,20.0,0.0,9
20.0,False,241,20.0,0.0,9
19.967231267550112,False,242,20.0,-0.032768732449888205,9
19.960198981071823,False,243,19.967231267550112,-0.007032286478288796,9
19.99528312440162,False,244,19.960198981071823,0.03508414332979726,9
19.961484735274265,False,245,19.99528312440162,-0.03379838912735522,9
20.0,False,246,19.961484735274265,0.038515264725734966,9
20.0,False,247,20.0,0.0,9
19.91724114021153,False,248,20.0,-0.08275885978846986,9
19.904041680552428,False,249,19.91724114021153,-0.013199459659102075,9
20.0,False,250,19.904041680552428,0.09595831944757194,9
20.0,False,251,20.0,0.0,9
19.938485183995883,False,252,20.0,-0.06151481600411657,9
19.99454894682709,False,253,19.938485183995883,0.05606376283120795,9
19.95744853951287,False,254,19.99454894682709,-0.03710040731422026,9
19.902873898139052,False,255,19.95744853951287,-0.05457464137381862,9
19.952511670299558,False,256,19.902873898139052,0.04963777216050502,9
20.0,False,257,19.952511670299558,0.04748832970044248,9
19.922909732471954,False,258,20.0,-0.07709026752804604,9
19.91646603894528,False,259,19.922909732471954,-0.0064436935266734,9
20.0,False,260,19.91646603894528,0.08353396105471944,9
20.0,False,261,20.0,0.0,9
20.0,False,262,20.0,0.0,9
19.907902122976274,False,263,20.0,-0.09209787702372552,9
19.938465061835068,False,264,19.907902122976274,0.03056293885879313,9
20.0,False,265,19.938465061835068,0.061534938164932385,9
19.93219317422523,False,266,20.0,-0.06780682577477037,9
20.0,False,267,19.93219317422523,0.06780682577477037,9
20.0,False,268,20.0,0.0,9
19.9127232325486,False,269,20.0,-0.08727676745139945,9
19.998374904101354,False,270,19.9127232325486,0.08565167155275333,9
20.0,False,271,19.998374904101354,0.0016250958986461228,9
20.0,False,272,20.0,0.0,9
19.955339741924416,False,273,20.0,-0.04466025807558438,9
20.0,False,274,19.955339741924416,0.04466025807558438,9
20.0,False,275,20.0,0.0,9
19.948408608287206,False,276,20.0,-0.05159139171279392,9
19.970441121174435,False,277,19.948408608287206,0.02203251288722896,9
20.0,False,278,19.970441121174435,0.02955887882556496,9
20.0,False,279,20.0,0.0,9
20.0,False,280,20.0,0.0,9
19.963385946827113,False,281,20.0,-0.036614053172886685,9
20.0,False,282,19.963385946827113,0.036614053172886685,9
20.0,False,283,20.0,0.0,9
19.900985619377757,False,284,20.0,-0.09901438062224344,9
20.0,False,285,19.900985619377757,0.09901438062224344,9
19.914354534093395,False,286,20.0,-0.08564546590660527,9
20.0,False,287,19.914354534093395,0.08564546590660527,9
20.0,False,288,20.0,0.0,9
20.0,False,289,20.0,0.0,9
20.0,False,290,20.0,0.0,9
20.0,False,291,20.0,0.0,9
19.90983734991342,False,292,20.0,-0.09016265008657953,9
20.0,False,293,19.90983734991342,0.09016265008657953,9
19.934279712296217,False,294,20.0,-0.06572028770378324,9
19.911922242997548,False,295,19.934279712296217,-0.022357469298668775,9
20.0,False,296,19.911922242997548,0.08807775700245202,9
19.959743003571305,False,297,20.0,-0.0402569964286954,9
20.0,False,298,19.959743003571305,0.0402569964286954,9
19.982951485909958,False,299,20.0,-0.017048514090042488,9
2.33587770436326,False,0,0.0,0.0,10
2.2227905551022316,False,1,2.33587770436326,-0.11308714926102859,10
1.9768290686237675,False,2,2.2227905551022316,-0.24596148647846405,10
1.802723119142052,False,3,1.9768290686237675,-0.17410594948171543,10
2.2844916748128723,False,4,1.802723119142052,0.4817685556708202,10
2.3756993298571834,False,5,2.2844916748128723,0.09120765504431105,10
1.917760928984007,False,6,2.3756993298571834,-0.4579384008731764,10
1.644900036768529,False,7,1.917760928984007,-0.27286089221547805,10
1.607877571786702,False,8,1.644900036768529,-0.03702246498182693,10
1.924647653971062,False,9,1.607877571786702,0.31677008218436,10
1.8371652386525736,False,10,1.924647653971062,-0.08748241531848833,10
2.027731457708489,False,11,1.8371652386525736,0.19056621905591542,10
1.708380895915238,False,12,2.027731457708489,-0.31935056179325105,10
1.7166577169193364,False,13,1.708380895915238,0.008276821004098434,10
2.4927438246080107,False,14,1.7166577169193364,0.7760861076886743,10
2.150948556781668,False,15,2.4927438246080107,-0.34179526782634273,10
1.7944266994956908,False,16,2.150948556781668,-0.3565218572859772,10
2.062867107703329,False,17,1.7944266994956908,0.26844040820763837,10
2.25599551400078,False,18,2.062867107703329,0.19312840629745098,10
2.0618034046425593,False,19,2.25599551400078,-0.19419210935822084,10
2.035405620532546,False,20,2.0618034046425593,-0.026397784110013145,10
1.8760005432525535,False,21,2.035405620532546,-0.15940507727999265,10
2.486319724227878,False,22,1.8760005432525535,0.6103191809753246,10
1.9483924120628497,False,23,2.486319724227878,-0.5379273121650283,10
1.5153993081724346,False,24,1.9483924120628497,-0.4329931038904151,10
2.0405005131768807,False,25,1.5153993081724346,0.5251012050044461,10
2.1985237182158373,False,26,2.0405005131768807,0.1580232050389565,10
1.9624232500673595,False,27,2.1985237182158373,-0.23610046814847774,10
2.0960782659063253,False,28,1.9624232500673595,0.13365501583896577,10
2.1551804879806484,False,29,2.0960782659063253,0.05910222207432314,10
2.2113158608267867,False,30,2.1551804879806484,0.05613537284613823,10
1.7917366890461448,False,31,2.2113158608267867,-0.41957917178064186,10
2.1363745689417306,False,32,1.7917366890461448,0.3446378798955858,10
2.130331972673581,False,33,2.1363745689417306,-0.006042596268149403,10
2.10687020243039,False,34,2.130331972673581,-0.023461770243191182,10
2.085049987080972,False,35,2.10687020243039,-0.021820215349418248,10
1.8265953070584247,False,36,2.085049987080972,-0.2584546800225471,10
2.4893986344367014,False,37,1.8265953070584247,0.6628033273782767,10
1.9946659903384811,False,38,2.4893986344367014,-0.49473264409822026,10
1.6551652941965078,False,39,1.9946659903384811,-0.3395006961419733,10
1.605009471532159,False,40,1.6551652941965078,-0.050155822664348815,10
1.6156570794065301,False,41,1.605009471532159,0.010647607874371134,10
1.6513906185515452,False,42,1.6156570794065301,0.03573353914501509,10
2.4042708899114213,False,43,1.6513906185515452,0.7528802713598761,10
1.9727110742900793,False,44,2.4042708899114213,-0.43155981562134205,10
2.3791147100790653,False,45,1.9727110742900793,0.406403635788986,10
1.6019133965298646,False,46,2.3791147100790653,-0.7772013135492006,10
2.1574613332845862,False,47,1.6019133965298646,0.5555479367547216,10
1.773443305946615,False,48,2.1574613332845862,-0.3840180273379712,10
2.037733137696415,False,49,1.773443305946615,0.2642898317497999,10
2.4825395479647656,False,50,2.037733137696415,0.44480641026835066,10
2.0859073974782505,False,51,2.4825395479647656,-0.3966321504865151,10
1.7165246974818715,False,52,2.0859073974782505,-0.36938269999637896,10
2.3211678989223357,False,53,1.7165246974818715,0.6046432014404641,10
1.5590203831525902,False,54,2.3211678989223357,-0.7621475157697455,10
2.236495306319462,False,55,1.5590203831525902,0.6774749231668717,10
2.3696963460304827,False,56,2.236495306319462,0.13320103971102082,10
1.520965761261356,False,57,2.3696963460304827,-0.8487305847691267,10
2.4521697814676693,False,58,1.520965761261356,0.9312040202063132,10
1.8608426569245444,False,59,2.4521697814676693,-0.5913271245431249,10
2.2280505047848256,False,60,1.8608426569245444,0.36720784786028116,10
1.8082972036196696,False,61,2.2280505047848256,-0.41975330116515597,10
2.0665164687305553,False,62,1.8082972036196696,0.25821926511088567,10
2.162653083152499,False,63,2.0665164687305553,0.09613661442194354,10
1.6788101801862716,False,64,2.162653083152499,-0.48384290296622723,10
2.195466855939975,False,65,1.6788101801862716,0.5166566757537034,10
2.443182223034869,False,66,2.195466855939975,0.24771536709489395,10
2.1926167458361654,False,67,2.443182223034869,-0.2505654771987036,10
1.8277386728043892,False,68,2.1926167458361654,-0.3648780730317762,10
1.9701853775621103,False,69,1.8277386728043892,0.14244670475772114,10
2.2209401231548926,False,70,1.9701853775621103,0.2507547455927823,10
2.1405347684636555,False,71,2.2209401231548926,-0.08040535469123711,10
1.7749299325176031,False,72,2.1405347684636555,-0.3656048359460524,10
1.9638593695177948,False,73,1.7749299325176031,0.1889294370001917,10
1.924653122635358,False,74,1.9638593695177948,-0.03920624688243679,10
1.997480585770541,False,75,1.924653122635358,0.07282746313518307,10
1.9138026938890105,False,76,1.997480585770541,-0.08367789188153063,10
1.751023616290667,False,77,1.9138026938890105,-0.16277907759834354,10
2.0527787541406832,False,78,1.751023616290667,0.3017551378500163,10
1.5492294945994805,False,79,2.0527787541406832,-0.5035492595412028,10
1.8364373482216125,False,80,1.5492294945994805,0.2872078536221321,10
1.747536803994942,False,81,1.8364373482216125,-0.0889005442266706,10
2.013680899874838,False,82,1.747536803994942,0.2661440958798962,10
2.423791762862961,False,83,2.013680899874838,0.4101108629881227,10
1.7378085933135279,False,84,2.423791762862961,-0.685983169549433,10
2.3091580092579513,False,85,1.7378085933135279,0.5713494159444235,10
2.4564015792196896,False,86,2.3091580092579513,0.14724356996173826,10
1.9112145966875027,False,87,2.4564015792196896,-0.5451869825321869,10
2.422438762120148,False,88,1.9112145966875027,0.5112241654326453,10
2.1763606282072976,False,89,2.422438762120148,-0.24607813391285038,10
1.5986281256998653,False,90,2.1763606282072976,-0.5777325025074322,10
1.5418522960284304,False,91,1.5986281256998653,-0.05677582967143491,10
2.0330953711046136,False,92,1.5418522960284304,0.49124307507618314,10
1.801749067992777,False,93,2.0330953711046136,-0.23134630311183657,10
1.829954444092769,False,94,1.801749067992777,0.028205376099992074,10
2.094534346879701,False,95,1.829954444092769,0.2645799027869318,10
1.761015797660214,False,96,2.094534346879701,-0.33351854921948676,10
1.9329440816451582,False,97,1.761015797660214,0.17192828398494409,10
1.9650126741246305,False,98,1.9329440816451582,0.03206859247947236,10
1.5568354967477762,False,99,1.9650126741246305,-0.4081771773768543,10
2.181080295167975,True,100,1.5568354967477762,0.6242447984201989,10
2.2156343566345673,True,101,2.181080295167975,0.034554061466592234,10
2.2924511637867964,True,102,2.2156343566345673,0.07681680715222905,10
2.4995808420721164,True,103,2.2924511637867964,0.20712967828532003,10
2.7145969294565115,True,104,2.4995808420721164,0.21501608738439515,10
2.728042055413159,True,105,2.7145969294565115,0.013445125956647264,10
2.9151533217032313,True,106,2.728042055413159,0.18711126629007246,10
2.9512931691416764,True,107,2.9151533217032313,0.036139847438445116,10
3.1541366206360166,True,108,2.9512931691416764,0.20284345149434024,10
3.086165334514909,True,109,3.1541366206360166,-0.0679712861211077,10
3.3452793415340976,True,110,3.086165334514909,0.25911400701918863,10
3.425238302147368,True,111,3.3452793415340976,0.07995896061327024,10
3.5222499768783826,True,112,3.425238302147368,0.0970116747310148,10
3.676953319817247,True,113,3.5222499768783826,0.15470334293886445,10
3.653458673509147,True,114,3.676953319817247,-0.02349464630809983,10
3.852898534489505,True,115,3.653458673509147,0.1994398609803576,10
3.914057394762164,True,116,3.852898534489505,0.061158860272659155,10
4.050100291517144,True,117,3.914057394762164,0.13604289675498027,10
4.161739127379379,True,118,4.050100291517144,0.11163883586223466,10
4.309618610158274,True,119,4.161739127379379,0.14787948277889473,10
4.429240731432141,True,120,4.309618610158274,0.11962212127386707,10
4.5188296190146025,True,121,4.429240731432141,0.08958888758246175,10
4.69849740629317,True,122,4.5188296190146025,0.17966778727856791,10
4.668556597052952,True,123,4.69849740629317,-0.02994080924021869,10
4.906048387036387,True,124,4.668556597052952,0.23749178998343545,10
4.976889137405792,True,125,4.906048387036387,0.07084075036940529,10
5.172042598635374,True,126,4.976889137405792,0.195153461229582,10
5.277781848722619,True,127,5.172042598635374,0.10573925008724494,10
5.388810335057973,True,128,5.277781848722619,0.11102848633535345,10
5.388297214090903,True,129,5.388810335057973,-0.0005131209670699022,10
5.661576750216547,True,130,5.388297214090903,0.27327953612564393,10
5.6166627670897284,True,131,5.661576750216547,-0.04491398312681838,10
5.796627884477442,True,132,5.6166627670897284,0.17996511738771392,10
5.898206790843729,True,133,5.796627884477442,0.10157890636628686,10
6.132287319415352,True,134,5.898206790843729,0.23408052857162254,10
6.062373822158208,True,135,6.132287319415352,-0.06991349725714358,10
6.186616921761396,True,136,6.062373822158208,0.1242430996031878,10
6.251528532286448,True,137,6.186616921761396,0.06491161052505223,10
6.38873469109722,True,138,6.251528532286448,0.13720615881077158,10
6.624466001699243,True,139,6.38873469109722,0.23573131060202357,10
6.689292165165073,True,140,6.624466001699243,0.06482616346582937,10
6.840666511777274,True,141,6.689292165165073,0.15137434661220084,10
6.889551962117189,True,142,6.840666511777274,0.04888545033991498,10
7.069752178437347,True,143,6.889551962117189,0.18020021632015837,10
7.160737633002617,True,144,7.069752178437347,0.09098545456526974,10
7.224783491485436,True,145,7.160737633002617,0.06404585848281918,10
7.436618564732048,True,146,7.224783491485436,0.2118350732466121,10
7.6167099250728985,True,147,7.436618564732048,0.1800913603408505,10
7.721373166330841,True,148,7.6167099250728985,0.10466324125794291,10
7.763833395762538,True,149,7.721373166330841,0.042460229431696916,10
7.8752990289484375,True,150,7.763833395762538,0.1114656331858992,10
8.006208220440199,True,151,7.8752990289484375,0.13090919149176106,10
8.117499181746805,True,152,8.006208220440199,0.1112909613066062,10
8.168748879066834,True,153,8.117499181746805,0.0512496973200296,10
8.291373369312364,True,154,8.168748879066834,0.12262449024552957,10
8.554207207637578,True,155,8.291373369312364,0.26283383832521423,10
8.635916066104672,True,156,8.554207207637578,0.08170885846709375,10
8.72527278669027,True,157,8.635916066104672,0.08935672058559874,10
8.82754162025777,True,158,8.72527278669027,0.10226883356749994,10
8.950314876178826,True,159,8.82754162025777,0.12277325592105548,10
8.96751734789827,True,160,8.950314876178826,0.017202471719443224,10
9.025327641141132,True,161,8.96751734789827,0.0578102932428628,10
9.248094987259195,True,162,9.025327641141132,0.22276734611806326,10
9.286560319325913,True,163,9.248094987259195,0.03846533206671765,10
9.375335969173554,True,164,9.286560319325913,0.08877564984764064,10
9.624006613997691,True,165,9.375335969173554,0.2486706448241378,10
9.572770224846249,True,166,9.624006613997691,-0.05123638915144291,10
9.851946115300587,True,167,9.572770224846249,0.2791758904543382,10
9.786285705774766,True,168,9.851946115300587,-0.06566040952582064,10
9.93823046804856,True,169,9.786285705774766,0.1519447622737946,10
10.05988507368449,True,170,9.93823046804856,0.12165460563592845,10
10.316151080582891,True,171,10.05988507368449,0.25626600689840195,10
10.393348304311752,True,172,10.316151080582891,0.07719722372886118,10
10.443434245208946,True,173,10.393348304311752,0.05008594089719409,10
10.68979898369816,True,174,10.443434245208946,0.24636473848921447,10
10.724211601808758,True,175,10.68979898369816,0.03441261811059704,10
10.807437117364419,True,176,10.724211601808758,0.08322551555566093,10
11.055685112186715,True,177,10.807437117364419,0.24824799482229665,10
11.113293928415711,True,178,11.055685112186715,0.05760881622899561,10
11.23952739145307,True,179,11.113293928415711,0.12623346303735872,10
11.374176651596311,True,180,11.23952739145307,0.13464926014324163,10
11.544632323498824,True,181,11.374176651596311,0.17045567190251276,10
11.535200747709046,True,182,11.544632323498824,-0.009431575789777824,10
11.71685843447969,True,183,11.535200747709046,0.18165768677064342,10
11.789110987637157,True,184,11.71685843447969,0.07225255315746715,10
11.83398482501753,True,185,11.789110987637157,0.04487383738037387,10
12.069263210037503,True,186,11.83398482501753,0.23527838501997245,10
12.181985964184912,True,187,12.069263210037503,0.11272275414740918,10
12.232900281927227,True,188,12.181985964184912,0.05091431774231481,10
12.400321993581622,True,189,12.232900281927227,0.167421711654395,10
12.457808058574928,True,190,12.400321993581622,0.057486064993305774,10
12.607248657222428,True,191,12.457808058574928,0.1494405986474998,10
12.693482653885273,True,192,12.607248657222428,0.0862339966628447,10
12.811120808149258,True,193,12.693482653885273,0.11763815426398594,10
12.897552390132539,True,194,12.811120808149258,0.08643158198328038,10
12.992687531114148,True,195,12.897552390132539,0.09513514098160947,10
13.260080054935079,True,196,12.992687531114148,0.2673925238209307,10
13.300543879286979,True,197,13.260080054935079,0.04046382435189955,10
13.492104701461827,True,198,13.300543879286979,0.19156082217484816,10
13.570844741253998,True,199,13.492104701461827,0.07874003979217115,10
13.595620789326635,False,200,13.570844741253998,0.02477604807263667,10
13.555473991295411,False,201,13.595620789326635,-0.04014679803122334,10
13.617531560650535,False,202,13.555473991295411,0.06205756935512419,10
13.467907005711238,False,203,13.617531560650535,-0.14962455493929738,10
13.581505927508733,False,204,13.467907005711238,0.11359892179749487,10
13.482035806053366,False,205,13.581505927508733,-0.09947012145536682,10
13.632640695963238,False,206,13.482035806053366,0.15060488990987153,10
13.578941305052188,False,207,13.632640695963238,-0.05369939091104925,10
13.489797094943443,False,208,13.578941305052188,-0.08914421010874563,10
13.461239719733092,False,209,13.489797094943443,-0.028557375210350955,10
13.557683898736187,False,210,13.461239719733092,0.09644417900309499,10
13.507774416526889,False,211,13.557683898736187,-0.049909482209297806,10
13.565756325712243,False,212,13.507774416526889,0.0579819091853544,10
13.633888398849885,False,213,13.565756325712243,0.06813207313764202,10
13.487869122951167,False,214,13.633888398849885,-0.146019275898718,10
13.64324240576596,False,215,13.487869122951167,0.1553732828147929,10
13.498110426162825,False,216,13.64324240576596,-0.14513197960313562,10
13.515057947678173,False,217,13.498110426162825,0.016947521515348285,10
13.467582342751895,False,218,13.515057947678173,-0.047475604926278336,10
13.448225238471634,False,219,13.467582342751895,-0.019357104280260273,10
13.495720647116157,False,220,13.448225238471634,0.047495408644522286,10
13.534246463005363,False,221,13.495720647116157,0.03852581588920678,10
13.633556237696926,False,222,13.534246463005363,0.09930977469156232,10
13.542058245530395,False,223,13.633556237696926,-0.09149799216653065,10
13.574225241664493,False,224,13.542058245530395,0.032166996134098014,10
13.61761574644565,False,225,13.574225241664493,0.0433905047811578,10
13.557004105108552,False,226,13.61761574644565,-0.06061164133709873,10
13.527992481621474,False,227,13.557004105108552,-0.029011623487077642,10
13.568981944479399,False,228,13.527992481621474,0.04098946285792415,10
13.456044089390677,False,229,13.568981944479399,-0.11293785508872212,10
13.625997092536165,False,230,13.456044089390677,0.16995300314548878,10
13.585163965353981,False,231,13.625997092536165,-0.040833127182184015,10
13.451374185877835,False,232,13.585163965353981,-0.133789779476146,10
13.46549541108125,False,233,13.451374185877835,0.014121225203414411,10
13.582491506274154,False,234,13.46549541108125,0.11699609519290455,10
13.571630590002288,False,235,13.582491506274154,-0.010860916271866472,10
13.5282952098865,False,236,13.571630590002288,-0.043335380115788524,10
13.569913936508323,False,237,13.5282952098865,0.041618726621823754,10
13.488614020754456,False,238,13.569913936508323,-0.08129991575386697,10
13.527323341722756,False,239,13.488614020754456,0.03870932096829982,10
13.542724980650563,False,240,13.527323341722756,0.015401638927807326,10
13.475156934342358,False,241,13.542724980650563,-0.0675680463082049,10
13.475950248355932,False,242,13.475156934342358,0.0007933140135740757,10
13.586035645479146,False,243,13.475950248355932,0.11008539712321408,10
13.525862071056261,False,244,13.586035645479146,-0.06017357442288507,10
13.599294470193755,False,245,13.525862071056261,0.07343239913749322,10
13.614324120526264,False,246,13.599294470193755,0.015029650332509803,10
13.60955292781179,False,247,13.614324120526264,-0.004771192714473571,10
13.555158619237822,False,248,13.60955292781179,-0.05439430857396843,10
13.453258252319957,False,249,13.555158619237822,-0.10190036691786553,10
13.588877161280616,False,250,13.453258252319957,0.13561890896065876,10
13.454889591170751,False,251,13.588877161280616,-0.1339875701098645,10
13.611630090337622,False,252,13.454889591170751,0.1567404991668706,10
13.471128537536844,False,253,13.611630090337622,-0.14050155280077803,10
13.540286740091386,False,254,13.471128537536844,0.06915820255454186,10
13.565583464923387,False,255,13.540286740091386,0.025296724832001516,10
13.514710300532817,False,256,13.565583464923387,-0.05087316439056977,10
13.527908665687619,False,257,13.514710300532817,0.01319836515480155,10
13.617062535247163,False,258,13.527908665687619,0.08915386955954396,10
13.497361735529937,False,259,13.617062535247163,-0.11970079971722569,10
13.624767585725266,False,260,13.497361735529937,0.1274058501953288,10
13.628383164267774,False,261,13.624767585725266,0.0036155785425080467,10
13.552445110141742,False,262,13.628383164267774,-0.07593805412603238,10
13.589293663693775,False,263,13.552445110141742,0.036848553552033536,10
13.534815712423933,False,264,13.589293663693775,-0.054477951269841896,10
13.523105241448082,False,265,13.534815712423933,-0.011710470975851095,10
13.549840068608137,False,266,13.523105241448082,0.026734827160055374,10
13.512931969175348,False,267,13.549840068608137,-0.0369080994327895,10
13.61551103326503,False,268,13.512931969175348,0.10257906408968154,10
13.591997852389866,False,269,13.61551103326503,-0.023513180875163187,10
13.460689971542152,False,270,13.591997852389866,-0.1313078808477144,10
13.55323432537746,False,271,13.460689971542152,0.0925443538353079,10
13.580330529393638,False,272,13.55323432537746,0.027096204016178405,10
13.462922193010597,False,273,13.580330529393638,-0.1174083363830416,10
13.60920819144149,False,274,13.462922193010597,0.14628599843089418,10
13.57107576160789,False,275,13.60920819144149,-0.03813242983360077,10
13.613232111929571,False,276,13.57107576160789,0.0421563503216813,10
13.450615357126152,False,277,13.613232111929571,-0.16261675480341964,10
13.525927237812718,False,278,13.450615357126152,0.07531188068656647,10
13.535714848429812,False,279,13.525927237812718,0.00978761061709399,10
13.596432972002386,False,280,13.535714848429812,0.060718123572574,10
13.54515192576403,False,281,13.596432972002386,-0.05128104623835661,10
13.594659753456627,False,282,13.54515192576403,0.04950782769259732,10
13.46418603126981,False,283,13.594659753456627,-0.1304737221868173,10
13.580449736276435,False,284,13.46418603126981,0.11626370500662553,10
13.580465157239116,False,285,13.580449736276435,1.542096268103421e-05,10
13.482010120655753,False,286,13.580465157239116,-0.09845503658336341,10
13.548084105264312,False,287,13.482010120655753,0.0660739846085594,10
13.56979595329386,False,288,13.548084105264312,0.02171184802954862,10
13.448360453259548,False,289,13.56979595329386,-0.12143550003431258,10
13.544703207030938,False,290,13.448360453259548,0.09634275377139012,10
13.616791105162777,False,291,13.544703207030938,0.07208789813183891,10
13.553012015578961,False,292,13.616791105162777,-0.06377908958381617,10
13.627782660412654,False,293,13.553012015578961,0.07477064483369311,10
13.456091662124411,False,294,13.627782660412654,-0.17169099828824308,10
13.454331832826188,False,295,13.456091662124411,-0.0017598292982228259,10
13.625270469709678,False,296,13.454331832826188,0.17093863688348954,10
13.473205386816693,False,297,13.625270469709678,-0.15206508289298526,10
13.539147006781407,False,298,13.473205386816693,0.0659416199647147,10
13.46814359570247,False,299,13.539147006781407,-0.07100341107893726,10
1.683792751416874,False,0,0.0,0.0,11
2.243090147085754,False,1,1.683792751416874,0.5592973956688798,11
2.218152116802651,False,2,2.243090147085754,-0.02493803028310282,11
2.2493450993271664,False,3,2.218152116802651,0.03119298252451541,11
2.0414463116178188,False,4,2.2493450993271664,-0.20789878770934767,11
1.9430991394692074,False,5,2.0414463116178188,-0.09834717214861133,11
2.25285367487659,False,6,1.9430991394692074,0.30975453540738274,11
2.1134610967786553,False,7,2.25285367487659,-0.13939257809793482,11
2.4914981128142397,False,8,2.1134610967786553,0.3780370160355844,11
2.4849929396439308,False,9,2.4914981128142397,-0.006505173170308964,11
1.8335271422969557,False,10,2.4849929396439308,-0.6514657973469751,11
1.9446274779747554,False,11,1.8335271422969557,0.11110033567779976,11
1.938937003420805,False,12,1.9446274779747554,-0.005690474553950331,11
1.7708067624205464,False,13,1.938937003420805,-0.16813024100025875,11
2.3033758277234906,False,14,1.7708067624205464,0.5325690653029442,11
1.574215444807724,False,15,2.3033758277234906,-0.7291603829157667,11
1.760452055808155,False,16,1.574215444807724,0.18623661100043098,11
2.100311616674075,False,17,1.760452055808155,0.33985956086592006,11
2.4916003142951912,False,18,2.100311616674075,0.3912886976211163,11
1.5227162816256365,False,19,2.4916003142951912,-0.9688840326695547,11
1.9738453007822727,False,20,1.5227162816256365,0.45112901915663617,11
1.5068619048970588,False,21,1.9738453007822727,-0.46698339588521387,11
1.5856824406083208,False,22,1.5068619048970588,0.07882053571126191,11
2.1885208565820813,False,23,1.5856824406083208,0.6028384159737605,11
2.172004063531522,False,24,2.1885208565820813,-0.016516793050559198,11
2.396597283185113,False,25,2.172004063531522,0.22459321965359091,11
1.6038092962585169,False,26,2.396597283185113,-0.7927879869265961,11
1.9158977025044748,False,27,1.6038092962585169,0.3120884062459579,11
1.9829115641349615,False,28,1.9158977025044748,0.06701386163048673,11
2.176023138423373,False,29,1.9829115641349615,0.19311157428841152,11
1.6792947311635706,False,30,2.176023138423373,-0.4967284072598024,11
1.6697307244037312,False,31,1.6792947311635706,-0.009564006759839483,11
2.247546013257403,False,32,1.6697307244037312,0.5778152888536718,11
1.5631479832886295,False,33,2.247546013257403,-0.6843980299687735,11
1.6674661239016542,False,34,1.5631479832886295,0.10431814061302469,11
1.7160053904473531,False,35,1.6674661239016542,0.048539266545698956,11
1.598177791071331,False,36,1.7160053904473531,-0.11782759937602205,11
2.1047268268332155,False,37,1.598177791071331,0.5065490357618845,11
1.8342497880936186,False,38,2.1047268268332155,-0.27047703873959694,11
1.7482193413498681,False,39,1.8342497880936186,-0.08603044674375049,11
2.2117131341002634,False,40,1.7482193413498681,0.46349379275039526,11
2.2333801751323543,False,41,2.2117131341002634,0.02166704103209094,11
1.7572846503681543,False,42,2.2333801751323543,-0.47609552476420003,11
2.4334510522884942,False,43,1.7572846503681543,0.6761664019203399,11
2.2325376430589814,False,44,2.4334510522884942,-0.20091340922951284,11
1.927083901591209,False,45,2.2325376430589814,-0.3054537414677725,11
2.199721435887355,False,46,1.927083901591209,0.272637534296146,11
1.9660466048578324,False,47,2.199721435887355,-0.23367483102952247,11
2.092490436607767,False,48,1.9660466048578324,0.12644383174993457,11
1.770452980893983,False,49,2.092490436607767,-0.32203745571378395,11
2.4645759678079466,False,50,1.770452980893983,0.6941229869139636,11
1.5941900784835157,False,51,2.4645759678079466,-0.870385889324431,11
2.20203938436511,False,52,1.5941900784835157,0.6078493058815944,11
2.4339153653463237,False,53,2.20203938436511,0.23187598098121365,11
2.4300760057827744,False,54,2.4339153653463237,-0.003839359563549305,11
1.727151516065397,False,55,2.4300760057827744,-0.7029244897173774,11
2.224560330793154,False,56,1.727151516065397,0.4974088147277571,11
2.0671161161929015,False,57,2.224560330793154,-0.1574442146002526,11
1.7623390759723567,False,58,2.0671161161929015,-0.30477704022054475,11
2.2571967820062504,False,59,1.7623390759723567,0.4948577060338937,11
2.1339281229193263,False,60,2.2571967820062504,-0.12326865908692408,11
1.6162981047285743,False,61,2.1339281229193263,-0.517630018190752,11
1.7558966428019733,False,62,1.6162981047285743,0.13959853807339906,11
2.4031690220836768,False,63,1.7558966428019733,0.6472723792817034,11
1.898222069242004,False,64,2.4031690220836768,-0.5049469528416728,11
2.2479711691365405,False,65,1.898222069242004,0.3497490998945365,11
2.3340711397357734,False,66,2.2479711691365405,0.08609997059923291,11
1.9669366684598963,False,67,2.3340711397357734,-0.36713447127587706,11
2.1248353882677087,False,68,1.9669366684598963,0.15789871980781234,11
1.653566348787596,False,69,2.1248353882677087,-0.4712690394801127,11
1.5175847477020616,False,70,1.653566348787596,-0.13598160108553436,11
1.8146493042721041,False,71,1.5175847477020616,0.2970645565700425,11
2.1169074159930763,False,72,1.8146493042721041,0.30225811172097217,11
1.9114946305458536,False,73,2.1169074159930763,-0.20541278544722275,11
1.6847944806850896,False,74,1.9114946305458536,-0.22670014986076392,11
2.430285963464037,False,75,1.6847944806850896,0.7454914827789474,11
1.6751337872538983,False,76,2.430285963464037,-0.7551521762101387,11
1.9973370342103447,False,77,1.6751337872538983,0.3222032469564464,11
2.251539220532334,False,78,1.9973370342103447,0.2542021863219892,11
2.1763341655379813,False,79,2.251539220532334,-0.0752050549943526,11
1.6937293958429596,False,80,2.1763341655379813,-0.48260476969502175,11
1.7505080521432261,False,81,1.6937293958429596,0.05677865630026657,11
1.6824807857224982,False,82,1.7505080521432261,-0.06802726642072798,11
2.284213648605731,False,83,1.6824807857224982,0.601732862883233,11
2.117696155988952,False,84,2.284213648605731,-0.16651749261677917,11
1.5856605484283532,False,85,2.117696155988952,-0.5320356075605988,11
2.120121245013525,False,86,1.5856605484283532,0.5344606965851719,11
1.730248070600882,False,87,2.120121245013525,-0.38987317441264313,11
1.9843412653122403,False,88,1.730248070600882,0.2540931947113583,11
2.3463616950619555,False,89,1.9843412653122403,0.36202042974971516,11
1.8329946661887586,False,90,2.3463616950619555,-0.5133670288731969,11
1.8406022313465955,False,91,1.8329946661887586,0.007607565157836893,11
2.094317275584576,False,92,1.8406022313465955,0.2537150442379803,11
1.6616543657522298,False,93,2.094317275584576,-0.432662909832346,11
2.2611771270561265,False,94,1.6616543657522298,0.5995227613038967,11
2.0951895412417496,False,95,2.2611771270561265,-0.1659875858143769,11
1.88710591822728,False,96,2.0951895412417496,-0.2080836230144696,11
1.5284279813483428,False,97,1.88710591822728,-0.35867793687893723,11
2.187320245554674,False,98,1.5284279813483428,0.6588922642063313,11
1.728191089548702,False,99,2.187320245554674,-0.45912915600597204,11
2.218992845699933,True,100,1.728191089548702,0.4908017561512308,11
2.344143542353353,True,101,2.218992845699933,0.12515069665342038,11
2.58604522748211,True,102,2.344143542353353,0.24190168512875676,11
2.919952383931277,True,103,2.58604522748211,0.3339071564491669,11
3.0342454616401406,True,104,2.919952383931277,0.11429307770886377,11
3.2050047830252026,True,105,3.0342454616401406,0.170759321385062,11
3.3930645858203192,True,106,3.2050047830252026,0.18805980279511658,11
3.7118241615407452,True,107,3.3930645858203192,0.318759575720426,11
3.852965843106443,True,108,3.7118241615407452,0.14114168156569784,11
4.178261348083756,True,109,3.852965843106443,0.3252955049773125,11
4.3566209669662985,True,110,4.178261348083756,0.17835961888254293,11
4.4681620866331455,True,111,4.3566209669662985,0.11154111966684699,11
4.739878713002193,True,112,4.4681620866331455,0.2717166263690478,11
4.835920350473594,True,113,4.739878713002193,0.0960416374714006,11
4.999435898156049,True,114,4.835920350473594,0.16351554768245524,11
5.360587351909634,True,115,4.999435898156049,0.3611514537535845,11
5.481655861231799,True,116,5.360587351909634,0.12106850932216506,11
5.65076846143719,True,117,5.481655861231799,0.16911260020539132,11
5.931473283645578,True,118,5.65076846143719,0.28070482220838766,11
6.093459886820364,True,119,5.931473283645578,0.1619866031747863,11
6.343559525134876,True,120,6.093459886820364,0.250099638314512,11
6.540090405762353,True,121,6.343559525134876,0.1965308806274768,11
6.84023436921303,True,122,6.540090405762353,0.30014396345067684,11
7.014540560365804,True,123,6.84023436921303,0.17430619115277413,11
7.1159305564835655,True,124,7.014540560365804,0.10138999611776178,11
7.440491395277999,True,125,7.1159305564835655,0.32456083879443387,11
7.618122771674961,True,126,7.440491395277999,0.17763137639696147,11
7.796383465364074,True,127,7.618122771674961,0.17826069368911313,11
8.040239862360467,True,128,7.796383465364074,0.24385639699639317,11
8.356862584490692,True,129,8.040239862360467,0.3166227221302247,11
8.524466526176845,True,130,8.356862584490692,0.16760394168615278,11
8.749595906232924,True,131,8.524466526176845,0.22512938005607985,11
8.898917237682893,True,132,8.749595906232924,0.1493213314499684,11
9.100931712272256,True,133,8.898917237682893,0.2020144745893635,11
9.240688521140669,True,134,9.100931712272256,0.13975680886841246,11
9.525814829503155,True,135,9.240688521140669,0.28512630836248576,11
9.770724793637553,True,136,9.525814829503155,0.2449099641343988,11
9.899205235219108,True,137,9.770724793637553,0.12848044158155503,11
10.110269092112713,True,138,9.899205235219108,0.2110638568936043,11
10.341388385936359,True,139,10.110269092112713,0.23111929382364593,11
10.468913109936706,True,140,10.341388385936359,0.12752472400034698,11
10.7572460694108,True,141,10.468913109936706,0.28833295947409354,11
10.923671059019537,True,142,10.7572460694108,0.1664249896087373,11
11.181246056847263,True,143,10.923671059019537,0.2575749978277262,11
11.328234159096127,True,144,11.181246056847263,0.14698810224886394,11
11.563754565255746,True,145,11.328234159096127,0.235520406159619,11
11.743799742313696,True,146,11.563754565255746,0.1800451770579503,11
11.928637470107274,True,147,11.743799742313696,0.1848377277935782,11
12.263629313565092,True,148,11.928637470107274,0.33499184345781785,11
12.489215149844025,True,149,12.263629313565092,0.22558583627893292,11
12.632828639371489,True,150,12.489215149844025,0.1436134895274641,11
12.910671475615164,True,151,12.632828639371489,0.2778428362436749,11
13.102287797843735,True,152,12.910671475615164,0.19161632222857072,11
13.342578644073722,True,153,13.102287797843735,0.2402908462299873,11
13.422350376205449,True,154,13.342578644073722,0.07977173213172684,11
13.763897981849581,True,155,13.422350376205449,0.34154760564413245,11
13.948388284081455,True,156,13.763897981849581,0.18449030223187357,11
14.032646779432271,True,157,13.948388284081455,0.08425849535081653,11
14.24048840948771,True,158,14.032646779432271,0.2078416300554391,11
14.572484468050982,True,159,14.24048840948771,0.33199605856327175,11
14.724184140680244,True,160,14.572484468050982,0.15169967262926143,11
14.887914382533916,True,161,14.724184140680244,0.16373024185367235,11
15.136884955506666,True,162,14.887914382533916,0.24897057297275005,11
15.401481512334707,True,163,15.136884955506666,0.2645965568280406,11
15.411312707646045,True,164,15.401481512334707,0.009831195311338803,11
15.788811996961238,True,165,15.411312707646045,0.3774992893151925,11
16.000186398362935,True,166,15.788811996961238,0.21137440140169694,11
16.05237605873811,True,167,16.000186398362935,0.052189660375173474,11
16.24967897569506,True,168,16.05237605873811,0.19730291695695001,11
16.45426699796186,True,169,16.24967897569506,0.20458802226680106,11
16.796418725568735,True,170,16.45426699796186,0.3421517276068755,11
16.936963911142392,True,171,16.796418725568735,0.14054518557365725,11
17.097613265390066,True,172,16.936963911142392,0.16064935424767413,11
17.41679022912841,True,173,17.097613265390066,0.31917696373834303,11
17.512359249813517,True,174,17.41679022912841,0.09556902068510809,11
17.893890637991625,True,175,17.512359249813517,0.3815313881781073,11
17.988664951141516,True,176,17.893890637991625,0.09477431314989104,11
18.24386616592896,True,177,17.988664951141516,0.2552012147874443,11
18.48168491548064,True,178,18.24386616592896,0.23781874955167837,11
18.580949487522897,True,179,18.48168491548064,0.09926457204225869,11
18.72672260581207,True,180,18.580949487522897,0.14577311828917416,11
18.94100333557577,True,181,18.72672260581207,0.21428072976369705,11
19.308201179324534,True,182,18.94100333557577,0.36719784374876596,11
19.495743499037935,True,183,19.308201179324534,0.18754231971340118,11
19.626804607770605,True,184,19.495743499037935,0.13106110873266985,11
19.849499091128884,True,185,19.626804607770605,0.22269448335827846,11
20.0,False,186,19.849499091128884,0.15050090887111622,11
20.0,False,187,20.0,0.0,11
20.0,False,188,20.0,0.0,11
20.0,False,189,20.0,0.0,11
20.0,False,190,20.0,0.0,11
20.0,False,191,20.0,0.0,11
20.0,False,192,20.0,0.0,11
20.0,False,193,20.0,0.0,11
20.0,False,194,20.0,0.0,11
20.0,False,195,20.0,0.0,11
20.0,False,196,20.0,0.0,11
20.0,False,197,20.0,0.0,11
20.0,False,198,20.0,0.0,11
20.0,False,199,20.0,0.0,11
20.0,False,200,20.0,0.0,11
20.0,False,201,20.0,0.0,11
20.0,False,202,20.0,0.0,11
20.0,False,203,20.0,0.0,11
20.0,False,204,20.0,0.0,11
19.988492958258952,False,205,20.0,-0.011507041741047885,11
19.92025090263276,False,206,19.988492958258952,-0.06824205562619312,11
20.0,False,207,19.92025090263276,0.079749097367241,11
19.971995857538122,False,208,20.0,-0.02800414246187799,11
20.0,False,209,19.971995857538122,0.02800414246187799,11
20.0,False,210,20.0,0.0,11
19.940636907721107,False,211,20.0,-0.05936309227889325,11
19.92209326320346,False,212,19.940636907721107,-0.018543644517645674,11
20.0,False,213,19.92209326320346,0.07790673679653892,11
19.988207566718668,False,214,20.0,-0.011792433281332393,11
20.0,False,215,19.988207566718668,0.011792433281332393,11
19.926418194495447,False,216,20.0,-0.07358180550455273,11
19.92910031373958,False,217,19.926418194495447,0.002682119244131087,11
20.0,False,218,19.92910031373958,0.07089968626042165,11
20.0,False,219,20.0,0.0,11
20.0,False,220,20.0,0.0,11
20.0,False,221,20.0,0.0,11
19.91980537206692,False,222,20.0,-0.08019462793307852,11
20.0,False,223,19.91980537206692,0.08019462793307852,11
20.0,False,224,20.0,0.0,11
19.969965962330594,False,225,20.0,-0.030034037669405933,11
19.91249970100477,False,226,19.969965962330594,-0.057466261325824775,11
20.0,False,227,19.91249970100477,0.08750029899523071,11
19.9723607592095,False,228,20.0,-0.027639240790499287,11
19.99663189756398,False,229,19.9723607592095,0.024271138354478694,11
20.0,False,230,19.99663189756398,0.0033681024360205924,11
20.0,False,231,20.0,0.0,11
20.0,False,232,20.0,0.0,11
19.984482249262523,False,233,20.0,-0.015517750737476632,11
19.930418113525164,False,234,19.984482249262523,-0.054064135737359464,11
19.908457142220183,False,235,19.930418113525164,-0.021960971304981314,11
19.9025484110958,False,236,19.908457142220183,-0.005908731124382172,11
20.0,False,237,19.9025484110958,0.09745158890419958,11
20.0,False,238,20.0,0.0,11
20.0,False,239,20.0,0.0,11
19.994332221620272,False,240,20.0,-0.00566777837972765,11
20.0,False,241,19.994332221620272,0.00566777837972765,11
19.99776974494962,False,242,20.0,-0.0022302550503816576,11
19.907928208013058,False,243,19.99776974494962,-0.08984153693656083,11
20.0,False,244,19.907928208013058,0.09207179198694249,11
19.921632988689492,False,245,20.0,-0.07836701131050816,11
19.917260615396877,False,246,19.921632988689492,-0.00437237329261464,11
20.0,False,247,19.917260615396877,0.0827393846031228,11
19.919819751907184,False,248,20.0,-0.08018024809281599,11
19.90357285542824,False,249,19.919819751907184,-0.016246896478943285,11
20.0,False,250,19.90357285542824,0.09642714457175927,11
20.0,False,251,20.0,0.0,11
20.0,False,252,20.0,0.0,11
19.92698566532262,False,253,20.0,-0.0730143346773815,11
20.0,False,254,19.92698566532262,0.0730143346773815,11
20.0,False,255,20.0,0.0,11
19.925748527145945,False,256,20.0,-0.07425147285405487,11
19.90663401591238,False,257,19.925748527145945,-0.019114511233564002,11
20.0,False,258,19.90663401591238,0.09336598408761887,11
19.942718993580094,False,259,20.0,-0.05728100641990608,11
20.0,False,260,19.942718993580094,0.05728100641990608,11
20.0,False,261,20.0,0.0,11
19.958999295675678,False,262,20.0,-0.0410007043243219,11
20.0,False,263,19.958999295675678,0.0410007043243219,11
20.0,False,264,20.0,0.0,11
20.0,False,265,20.0,0.0,11
20.0,False,266,20.0,0.0,11
20.0,False,267,20.0,0.0,11
19.988663976075536,False,268,20.0,-0.0113360239244642,11
20.0,False,269,19.988663976075536,0.0113360239244642,11
20.0,False,270,20.0,0.0,11
20.0,False,271,20.0,0.0,11
20.0,False,272,20.0,0.0,11
20.0,False,273,20.0,0.0,11
19.946182180234203,False,274,20.0,-0.053817819765797026,11
20.0,False,275,19.946182180234203,0.053817819765797026,11
20.0,False,276,20.0,0.0,11
20.0,False,277,20.0,0.0,11
20.0,False,278,20.0,0.0,11
20.0,False,279,20.0,0.0,11
19.911931560266474,False,280,20.0,-0.08806843973352585,11
20.0,False,281,19.911931560266474,0.08806843973352585,11
19.947170639638593,False,282,20.0,-0.052829360361407396,11
19.917038743171688,False,283,19.947170639638593,-0.03013189646690506,11
20.0,False,284,19.917038743171688,0.08296125682831246,11
20.0,False,285,20.0,0.0,11
20.0,False,286,20.0,0.0,11
20.0,False,287,20.0,0.0,11
19.914875562300278,False,288,20.0,-0.08512443769972222,11
19.938958971109432,False,289,19.914875562300278,0.024083408809154605,11
19.920655302077797,False,290,19.938958971109432,-0.01830366903163494,11
20.0,False,291,19.920655302077797,0.07934469792220256,11
20.0,False,292,20.0,0.0,11
19.936750375251194,False,293,20.0,-0.06324962474880635,11
19.93613990869981,False,294,19.936750375251194,-0.0006104665513824159,11
19.96748209574154,False,295,19.93613990869981,0.031342187041730085,11
19.990751869138997,False,296,19.96748209574154,0.023269773397455396,11
19.947147385250634,False,297,19.990751869138997,-0.043604483888362466,11
19.92199499733952,False,298,19.947147385250634,-0.025152387911113294,11
19.957092162167612,False,299,19.92199499733952,0.03509716482809111,11
1.5686934148825102,False,0,0.0,0.0,12
1.6574883884324056,False,1,1.5686934148825102,0.0887949735498954,12
1.786364053410759,False,2,1.6574883884324056,0.12887566497835334,12
1.552119440783023,False,3,1.786364053410759,-0.234244612627736,12
1.6265812414902983,False,4,1.552119440783023,0.07446180070727526,12
1.8481407267947456,False,5,1.6265812414902983,0.22155948530444736,12
1.5584822919530024,False,6,1.8481407267947456,-0.28965843484174325,12
2.2980403659330717,False,7,1.5584822919530024,0.7395580739800693,12
2.1393799142255423,False,8,2.2980403659330717,-0.1586604517075294,12
2.448903070643146,False,9,2.1393799142255423,0.30952315641760375,12
2.3214570538972445,False,10,2.448903070643146,-0.1274460167459015,12
1.5578840230614146,False,11,2.3214570538972445,-0.76357303083583,12
1.5110462493543166,False,12,1.5578840230614146,-0.04683777370709796,12
2.344743175092945,False,13,1.5110462493543166,0.8336969257386282,12
1.963285258476015,False,14,2.344743175092945,-0.38145791661692985,12
1.9714475806973868,False,15,1.963285258476015,0.00816232222137181,12
1.5935429066519022,False,16,1.9714475806973868,-0.37790467404548456,12
2.153102724103625,False,17,1.5935429066519022,0.5595598174517229,12
1.9318335854710427,False,18,2.153102724103625,-0.22126913863258246,12
2.1190795226526404,False,19,1.9318335854710427,0.18724593718159777,12
2.1836470587293895,False,20,2.1190795226526404,0.06456753607674903,12
1.6200829194191502,False,21,2.1836470587293895,-0.5635641393102393,12
1.9307530725190447,False,22,1.6200829194191502,0.31067015309989454,12
2.4917470017561314,False,23,1.9307530725190447,0.5609939292370867,12
1.652344222066279,False,24,2.4917470017561314,-0.8394027796898524,12
1.7832609871738518,False,25,1.652344222066279,0.13091676510757289,12
1.7715880038602507,False,26,1.7832609871738518,-0.011672983313601115,12
2.3066893577422514,False,27,1.7715880038602507,0.5351013538820006,12
1.7189861891193423,False,28,2.3066893577422514,-0.5877031686229091,12
2.3079477899572867,False,29,1.7189861891193423,0.5889616008379444,12
2.486541812884779,False,30,2.3079477899572867,0.17859402292749227,12
2.268362204614626,False,31,2.486541812884779,-0.21817960827015304,12
1.9427879625170261,False,32,2.268362204614626,-0.3255742420975998,12
1.51359154353208,False,33,1.9427879625170261,-0.4291964189849462,12
1.7844138742257634,False,34,1.51359154353208,0.27082233069368344,12
1.9583860613230044,False,35,1.7844138742257634,0.17397218709724105,12
2.481191620054674,False,36,1.9583860613230044,0.5228055587316698,12
2.081110524019928,False,37,2.481191620054674,-0.40008109603474606,12
1.7507208400455878,False,38,2.081110524019928,-0.3303896839743403,12
2.0485052445615772,False,39,1.7507208400455878,0.2977844045159894,12
1.630620159118807,False,40,2.0485052445615772,-0.41788508544277025,12
2.0733840707663793,False,41,1.630620159118807,0.44276391164757234,12
1.8523756391147177,False,42,2.0733840707663793,-0.22100843165166162,12
1.752065265172876,False,43,1.8523756391147177,-0.10031037394184161,12
2.3604254691411803,False,44,1.752065265172876,0.6083602039683043,12
1.7630827784205734,False,45,2.3604254691411803,-0.597342690720607,12
1.9232249505306651,False,46,1.7630827784205734,0.16014217211009174,12
2.34666978744777,False,47,1.9232249505306651,0.4234448369171049,12
2.2179729560902692,False,48,2.34666978744777,-0.12869683135750076,12
1.6774154841235591,False,49,2.2179729560902692,-0.5405574719667101,12
2.270788834505519,False,50,1.6774154841235591,0.5933733503819598,12
2.4710030505856446,False,51,2.270788834505519,0.20021421608012568,12
2.0018692728820024,False,52,2.4710030505856446,-0.4691337777036422,12
2.4810132969174212,False,53,2.0018692728820024,0.4791440240354188,12
1.7542863804764988,False,54,2.4810132969174212,-0.7267269164409225,12
1.762206894539569,False,55,1.7542863804764988,0.00792051406307026,12
2.1275527985926126,False,56,1.762206894539569,0.36534590405304357,12
2.0739091307719564,False,57,2.1275527985926126,-0.053643667820656216,12
2.1390442515734276,False,58,2.0739091307719564,0.06513512080147121,12
2.132133996488823,False,59,2.1390442515734276,-0.006910255084604522,12
2.1939578155431905,False,60,2.132133996488823,0.0618238190543674,12
1.8542467402489655,False,61,2.1939578155431905,-0.33971107529422495,12
2.158907774389991,False,62,1.8542467402489655,0.3046610341410254,12
1.628578108224464,False,63,2.158907774389991,-0.530329666165527,12
1.6794321954908997,False,64,1.628578108224464,0.05085408726643581,12
1.708268124460255,False,65,1.6794321954908997,0.028835928969355384,12
2.489071574735458,False,66,1.708268124460255,0.7808034502752028,12
2.485151515501522,False,67,2.489071574735458,-0.003920059233935902,12
2.1011894722890956,False,68,2.485151515501522,-0.38396204321242644,12
2.205492076678046,False,69,2.1011894722890956,0.10430260438895056,12
2.119978024861582,False,70,2.205492076678046,-0.08551405181646432,12
1.5299288512306686,False,71,2.119978024861582,-0.5900491736309132,12
1.599835227225927,False,72,1.5299288512306686,0.06990637599525851,12
1.6096444057714279,False,73,1.599835227225927,0.009809178545500785,12
1.633378309026043,False,74,1.6096444057714279,0.023733903254615107,12
1.9004397769689785,False,75,1.633378309026043,0.2670614679429355,12
1.9480024811593024,False,76,1.9004397769689785,0.047562704190323934,12
1.5546504772734044,False,77,1.9480024811593024,-0.39335200388589797,12
2.2795396888338377,False,78,1.5546504772734044,0.7248892115604333,12
1.937916491819584,False,79,2.2795396888338377,-0.3416231970142538,12
1.6205464145174011,False,80,1.937916491819584,-0.3173700773021828,12
2.3589217588181466,False,81,1.6205464145174011,0.7383753443007455,12
2.3491694897131072,False,82,2.3589217588181466,-0.009752269105039346,12
2.170217294666612,False,83,2.3491694897131072,-0.17895219504649518,12
1.9784455933128122,False,84,2.170217294666612,-0.19177170135379984,12
2.112603537051647,False,85,1.9784455933128122,0.13415794373883494,12
1.5659848209892417,False,86,2.112603537051647,-0.5466187160624054,12
1.644056057160145,False,87,1.5659848209892417,0.07807123617090328,12
2.1356235847608884,False,88,1.644056057160145,0.4915675276007434,12
2.4688759613800566,False,89,2.1356235847608884,0.3332523766191682,12
1.985645234347706,False,90,2.4688759613800566,-0.4832307270323506,12
2.3262069806901615,False,91,1.985645234347706,0.3405617463424555,12
1.9696766657095615,False,92,2.3262069806901615,-0.35653031498060006,12
2.4339928997021554,False,93,1.9696766657095615,0.4643162339925939,12
2.042015720382365,False,94,2.4339928997021554,-0.39197717931979037,12
2.1652669750099807,False,95,2.042015720382365,0.12325125462761566,12
1.9200619065618323,False,96,2.1652669750099807,-0.24520506844814838,12
1.750058063143538,False,97,1.9200619065618323,-0.17000384341829422,12
2.3029689887082583,False,98,1.750058063143538,0.5529109255647202,12
1.610164735615717,False,99,2.3029689887082583,-0.6928042530925413,12
2.3773567496356844,True,100,1.610164735615717,0.7671920140199675,12
3.023219333503387,True,101,2.3773567496356844,0.6458625838677023,12
3.4993230158579327,True,102,3.023219333503387,0.4761036823545459,12
3.8278340532844606,True,103,3.4993230158579327,0.3285110374265279,12
4.411539255854573,True,104,3.8278340532844606,0.5837052025701128,12
4.850086510627178,True,105,4.411539255854573,0.4385472547726046,12
5.393680044158104,True,106,4.850086510627178,0.5435935335309257,12
5.750771125318781,True,107,5.393680044158104,0.3570910811606778,12
6.15914879179529,True,108,5.750771125318781,0.4083776664765084,12
6.684171923126869,True,109,6.15914879179529,0.5250231313315794,12
7.1922951053864885,True,110,6.684171923126869,0.5081231822596193,12
7.732082522088027,True,111,7.1922951053864885,0.5397874167015386,12
8.203023027830596,True,112,7.732082522088027,0.4709405057425693,12
8.513214882003249,True,113,8.203023027830596,0.31019185417265227,12
9.082267196532595,True,114,8.513214882003249,0.5690523145293458,12
9.63826479125102,True,115,9.082267196532595,0.5559975947184252,12
10.11983362128904,True,116,9.63826479125102,0.48156883003801987,12
10.529671302573723,True,117,10.11983362128904,0.40983768128468334,12
10.928075320720406,True,118,10.529671302573723,0.39840401814668347,12
11.404139941509403,True,119,10.928075320720406,0.47606462078899625,12
11.979375408481975,True,120,11.404139941509403,0.5752354669725719,12
12.324254757448484,True,121,11.979375408481975,0.3448793489665096,12
12.800222911387552,True,122,12.324254757448484,0.47596815393906766,12
13.361436403303061,True,123,12.800222911387552,0.5612134919155096,12
13.896177148409024,True,124,13.361436403303061,0.534740745105962,12
14.1821041760599,True,125,13.896177148409024,0.2859270276508763,12
14.816716527646834,True,126,14.1821041760599,0.6346123515869344,12
15.16561457077078,True,127,14.816716527646834,0.34889804312394546,12
15.612598888181711,True,128,15.16561457077078,0.4469843174109318,12
16.15057892168358,True,129,15.612598888181711,0.5379800335018672,12
16.65971634252494,True,130,16.15057892168358,0.5091374208413626,12
17.01819648758579,True,131,16.65971634252494,0.3584801450608488,12
17.55662007124066,True,132,17.01819648758579,0.5384235836548683,12
18.04585703282277,True,133,17.55662007124066,0.4892369615821117,12
18.393025303490475,True,134,18.04585703282277,0.34716827066770506,12
18.891743802809845,True,135,18.393025303490475,0.49871849931937007,12
19.2650506464132,True,136,18.891743802809845,0.37330684360335553,12
19.728774003506064,True,137,19.2650506464132,0.4637233570928636,12
20.0,False,138,19.728774003506064,0.27122599649393564,12
20.0,False,139,20.0,0.0,12
20.0,False,140,20.0,0.0,12
20.0,False,141,20.0,0.0,12
20.0,False,142,20.0,0.0,12
20.0,False,143,20.0,0.0,12
20.0,False,144,20.0,0.0,12
20.0,False,145,20.0,0.0,12
20.0,False,146,20.0,0.0,12
20.0,False,147,20.0,0.0,12
20.0,False,148,20.0,0.0,12
20.0,False,149,20.0,0.0,12
20.0,False,150,20.0,0.0,12
20.0,False,151,20.0,0.0,12
20.0,False,152,20.0,0.0,12
20.0,False,153,20.0,0.0,12
20.0,False,154,20.0,0.0,12
20.0,False,155,20.0,0.0,12
20.0,False,156,20.0,0.0,12
20.0,False,157,20.0,0.0,12
20.0,False,158,20.0,0.0,12
20.0,False,159,20.0,0.0,12
20.0,False,160,20.0,0.0,12
20.0,False,161,20.0,0.0,12
20.0,False,162,20.0,0.0,12
20.0,False,163,20.0,0.0,12
20.0,False,164,20.0,0.0,12
20.0,False,165,20.0,0.0,12
20.0,False,166,20.0,0.0,12
20.0,False,167,20.0,0.0,12
20.0,False,168,20.0,0.0,12
20.0,False,169,20.0,0.0,12
20.0,False,170,20.0,0.0,12
20.0,False,171,20.0,0.0,12
20.0,False,172,20.0,0.0,12
20.0,False,173,20.0,0.0,12
20.0,False,174,20.0,0.0,12
20.0,False,175,20.0,0.0,12
20.0,False,176,20.0,0.0,12
20.0,False,177,20.0,0.0,12
20.0,False,178,20.0,0.0,12
20.0,False,179,20.0,0.0,12
20.0,False,180,20.0,0.0,12
20.0,False,181,20.0,0.0,12
20.0,False,182,20.0,0.0,12
20.0,False,183,20.0,0.0,12
20.0,False,184,20.0,0.0,12
20.0,False,185,20.0,0.0,12
20.0,False,186,20.0,0.0,12
20.0,False,187,20.0,0.0,12
20.0,False,188,20.0,0.0,12
20.0,False,189,20.0,0.0,12
20.0,False,190,20.0,0.0,12
20.0,False,191,20.0,0.0,12
20.0,False,192,20.0,0.0,12
20.0,False,193,20.0,0.0,12
20.0,False,194,20.0,0.0,12
20.0,False,195,20.0,0.0,12
20.0,False,196,20.0,0.0,12
20.0,False,197,20.0,0.0,12
20.0,False,198,20.0,0.0,12
20.0,False,199,20.0,0.0,12
20.0,False,200,20.0,0.0,12
19.99650694647239,False,201,20.0,-0.0034930535276096464,12
19.9513230097808,False,202,19.99650694647239,-0.04518393669158982,12
19.966172082403105,False,203,19.9513230097808,0.014849072622304504,12
20.0,False,204,19.966172082403105,0.03382791759689496,12
20.0,False,205,20.0,0.0,12
19.94624947956768,False,206,20.0,-0.053750520432320315,12
19.95302042641846,False,207,19.94624947956768,0.006770946850778614,12
19.989591782861876,False,208,19.95302042641846,0.03657135644341736,12
19.932566136072758,False,209,19.989591782861876,-0.0570256467891177,12
19.987094088517832,False,210,19.932566136072758,0.054527952445074135,12
19.984133595292526,False,211,19.987094088517832,-0.0029604932253057825,12
19.946173137304694,False,212,19.984133595292526,-0.03796045798783254,12
19.984762931787262,False,213,19.946173137304694,0.03858979448256861,12
19.95150234473757,False,214,19.984762931787262,-0.0332605870496927,12
19.903479369506677,False,215,19.95150234473757,-0.04802297523089294,12
20.0,False,216,19.903479369506677,0.09652063049332327,12
19.95483464898223,False,217,20.0,-0.04516535101776853,12
19.985312620638645,False,218,19.95483464898223,0.030477971656413416,12
20.0,False,219,19.985312620638645,0.014687379361355113,12
20.0,False,220,20.0,0.0,12
20.0,False,221,20.0,0.0,12
19.991153780786128,False,222,20.0,-0.008846219213872075,12
20.0,False,223,19.991153780786128,0.008846219213872075,12
19.9597112765265,False,224,20.0,-0.04028872347349832,12
20.0,False,225,19.9597112765265,0.04028872347349832,12
19.922710397952297,False,226,20.0,-0.07728960204770274,12
20.0,False,227,19.922710397952297,0.07728960204770274,12
19.965372705112202,False,228,20.0,-0.03462729488779814,12
19.994549908739383,False,229,19.965372705112202,0.02917720362718157,12
19.97117609056204,False,230,19.994549908739383,-0.023373818177343963,12
20.0,False,231,19.97117609056204,0.028823909437960538,12
20.0,False,232,20.0,0.0,12
19.907883856743048,False,233,20.0,-0.09211614325695194,12
20.0,False,234,19.907883856743048,0.09211614325695194,12
20.0,False,235,20.0,0.0,12
20.0,False,236,20.0,0.0,12
20.0,False,237,20.0,0.0,12
19.994561137994594,False,238,20.0,-0.005438862005405554,12
19.919922162221624,False,239,19.994561137994594,-0.07463897577297018,12
19.90392899116569,False,240,19.919922162221624,-0.015993171055935562,12
19.942161587248666,False,241,19.90392899116569,0.038232596082977466,12
19.951964222083337,False,242,19.942161587248666,0.009802634834670698,12
19.984493204440806,False,243,19.951964222083337,0.03252898235746926,12
19.966581773920396,False,244,19.984493204440806,-0.01791143052041022,12
20.0,False,245,19.966581773920396,0.033418226079604096,12
20.0,False,246,20.0,0.0,12
19.900531768827047,False,247,20.0,-0.09946823117295267,12
19.926880362610557,False,248,19.900531768827047,0.026348593783509955,12
19.912463580878136,False,249,19.926880362610557,-0.014416781732421668,12
20.0,False,250,19.912463580878136,0.08753641912186438,12
20.0,False,251,20.0,0.0,12
20.0,False,252,20.0,0.0,12
20.0,False,253,20.0,0.0,12
19.9168768971079,False,254,20.0,-0.0831231028920989,12
20.0,False,255,19.9168768971079,0.0831231028920989,12
20.0,False,256,20.0,0.0,12
19.945042054552502,False,257,20.0,-0.05495794544749799,12
19.994112317229874,False,258,19.945042054552502,0.0490702626773718,12
19.94762796538901,False,259,19.994112317229874,-0.046484351840863525,12
20.0,False,260,19.94762796538901,0.052372034610989715,12
19.94814294825567,False,261,20.0,-0.05185705174433153,12
20.0,False,262,19.94814294825567,0.05185705174433153,12
20.0,False,263,20.0,0.0,12
19.956410472042958,False,264,20.0,-0.04358952795704241,12
20.0,False,265,19.956410472042958,0.04358952795704241,12
20.0,False,266,20.0,0.0,12
20.0,False,267,20.0,0.0,12
20.0,False,268,20.0,0.0,12
19.911715740325157,False,269,20.0,-0.08828425967484321,12
20.0,False,270,19.911715740325157,0.08828425967484321,12
19.976051987827212,False,271,20.0,-0.02394801217278797,12
19.90047596182049,False,272,19.976051987827212,-0.07557602600672197,12
19.971706012102263,False,273,19.90047596182049,0.07123005028177332,12
19.95850602822462,False,274,19.971706012102263,-0.013199983877644428,12
19.936270086149882,False,275,19.95850602822462,-0.02223594207473667,12
20.0,False,276,19.936270086149882,0.06372991385011773,12
19.95861396718425,False,277,20.0,-0.04138603281575115,12
19.926558229907236,False,278,19.95861396718425,-0.0320557372770125,12
20.0,False,279,19.926558229907236,0.07344177009276365,12
20.0,False,280,20.0,0.0,12
20.0,False,281,20.0,0.0,12
20.0,False,282,20.0,0.0,12
19.97061292811456,False,283,20.0,-0.02938707188544143,12
19.99061683208834,False,284,19.97061292811456,0.020003903973780268,12
20.0,False,285,19.99061683208834,0.009383167911661161,12
20.0,False,286,20.0,0.0,12
20.0,False,287,20.0,0.0,12
19.989982157473204,False,288,20.0,-0.010017842526796272,12
20.0,False,289,19.989982157473204,0.010017842526796272,12
20.0,False,290,20.0,0.0,12
20.0,False,291,20.0,0.0,12
19.996533319829478,False,292,20.0,-0.003466680170522096,12
19.97522517066525,False,293,19.996533319829478,-0.021308149164227075,12
20.0,False,294,19.97522517066525,0.02477482933474917,12
20.0,False,295,20.0,0.0,12
20.0,False,296,20.0,0.0,12
20.0,False,297,20.0,0.0,12
20.0,False,298,20.0,0.0,12
19.93895492553311,False,299,20.0,-0.06104507446688956,12
1.6695887159385683,False,0,0.0,0.0,13
1.6045800240943295,False,1,1.6695887159385683,-0.06500869184423874,13
2.31229063997631,False,2,1.6045800240943295,0.7077106158819806,13
1.9759673806257503,False,3,2.31229063997631,-0.33632325935055984,13
1.5041673897342733,False,4,1.9759673806257503,-0.47179999089147695,13
2.4898158920535995,False,5,1.5041673897342733,0.9856485023193262,13
1.5410608314414804,False,6,2.4898158920535995,-0.9487550606121191,13
1.821378340294052,False,7,1.5410608314414804,0.28031750885257156,13
2.205118749538372,False,8,1.821378340294052,0.38374040924431996,13
2.368617840279274,False,9,2.205118749538372,0.1634990907409022,13
1.577718863503322,False,10,2.368617840279274,-0.7908989767759522,13
2.14143456389596,False,11,1.577718863503322,0.5637157003926381,13
2.175583344985312,False,12,2.14143456389596,0.03414878108935193,13
2.300384173683058,False,13,2.175583344985312,0.124800828697746,13
2.4711062283362266,False,14,2.300384173683058,0.1707220546531687,13
1.6743235566545425,False,15,2.4711062283362266,-0.7967826716816842,13
2.0527136682846523,False,16,1.6743235566545425,0.3783901116301098,13
1.721725642672345,False,17,2.0527136682846523,-0.3309880256123072,13
1.747891956960611,False,18,1.721725642672345,0.02616631428826599,13
1.9147643950425004,False,19,1.747891956960611,0.16687243808188934,13
1.890324076612596,False,20,1.9147643950425004,-0.024440318429904462,13
1.9126573330019987,False,21,1.890324076612596,0.022333256389402756,13
1.9834689741271023,False,22,1.9126573330019987,0.07081164112510363,13
1.6712928184900975,False,23,1.9834689741271023,-0.31217615563700485,13
2.3802412760933866,False,24,1.6712928184900975,0.7089484576032892,13
1.933930713411046,False,25,2.3802412760933866,-0.4463105626823407,13
1.8975105526785994,False,26,1.933930713411046,-0.03642016073244658,13
2.0690521712775727,False,27,1.8975105526785994,0.17154161859897332,13
1.6132354687110424,False,28,2.0690521712775727,-0.4558167025665303,13
2.2943687539798883,False,29,1.6132354687110424,0.6811332852688459,13
2.154797633578641,False,30,2.2943687539798883,-0.1395711204012473,13
2.4501280922492934,False,31,2.154797633578641,0.29533045867065244,13
1.842575633144417,False,32,2.4501280922492934,-0.6075524591048764,13
1.9367458296386189,False,33,1.842575633144417,0.09417019649420189,13
1.8474940495680512,False,34,1.9367458296386189,-0.08925178007056767,13
2.3416944668373048,False,35,1.8474940495680512,0.49420041726925357,13
2.474647368039,False,36,2.3416944668373048,0.13295290120169545,13
1.5509945901423299,False,37,2.474647368039,-0.9236527778966703,13
1.9511992340549629,False,38,1.5509945901423299,0.400204643912633,13
2.004596503388772,False,39,1.9511992340549629,0.05339726933380895,13
2.2934961638365667,False,40,2.004596503388772,0.2888996604477949,13
1.5056708579693105,False,41,2.2934961638365667,-0.7878253058672562,13
1.8604893674337477,False,42,1.5056708579693105,0.35481850946443716,13
1.9364284472194289,False,43,1.8604893674337477,0.07593907978568115,13
1.963514324470908,False,44,1.9364284472194289,0.02708587725147904,13
2.0050961701344816,False,45,1.963514324470908,0.0415818456635737,13
1.7856315644388996,False,46,2.0050961701344816,-0.21946460569558202,13
1.598114759112065,False,47,1.7856315644388996,-0.18751680532683457,13
1.5424490245564362,False,48,1.598114759112065,-0.05566573455562884,13
1.7395214928501046,False,49,1.5424490245564362,0.19707246829366842,13
1.980617831259528,False,50,1.7395214928501046,0.24109633840942335,13
1.5063911094026463,False,51,1.980617831259528,-0.47422672185688164,13
2.161168038737558,False,52,1.5063911094026463,0.6547769293349117,13
1.884501929987417,False,53,2.161168038737558,-0.27666610875014097,13
1.9566299315962403,False,54,1.884501929987417,0.07212800160882327,13
2.282168483095664,False,55,1.9566299315962403,0.32553855149942357,13
2.3028852051889674,False,56,2.282168483095664,0.020716722093303552,13
2.047216188469688,False,57,2.3028852051889674,-0.25566901671927944,13
1.5710365119398246,False,58,2.047216188469688,-0.47617967652986337,13
1.6153327327055484,False,59,1.5710365119398246,0.044296220765723815,13
2.2284378869309807,False,60,1.6153327327055484,0.6131051542254322,13
1.758988648859343,False,61,2.2284378869309807,-0.46944923807163774,13
1.8055317598180878,False,62,1.758988648859343,0.04654311095874486,13
2.290808602595555,False,63,1.8055317598180878,0.4852768427774672,13
1.99183729420049,False,64,2.290808602595555,-0.2989713083950649,13
1.5975434515532307,False,65,1.99183729420049,-0.3942938426472593,13
1.9612683512235947,False,66,1.5975434515532307,0.3637248996703639,13
2.2293756894554857,False,67,1.9612683512235947,0.26810733823189103,13
2.047717763248497,False,68,2.2293756894554857,-0.18165792620698884,13
1.9576501350159232,False,69,2.047717763248497,-0.09006762823257364,13
2.3372130364197607,False,70,1.9576501350159232,0.3795629014038375,13
1.7121140612306869,False,71,2.3372130364197607,-0.6250989751890739,13
2.4424027321801263,False,72,1.7121140612306869,0.7302886709494394,13
1.638033199820335,False,73,2.4424027321801263,-0.8043695323597913,13
2.390362219878356,False,74,1.638033199820335,0.752329020058021,13
2.3147361770210675,False,75,2.390362219878356,-0.07562604285728858,13
2.038603794332589,False,76,2.3147361770210675,-0.2761323826884783,13
1.8530012375403973,False,77,2.038603794332589,-0.18560255679219195,13
1.571303323845454,False,78,1.8530012375403973,-0.28169791369494335,13
2.080685785149046,False,79,1.571303323845454,0.5093824613035922,13
1.7775696849571339,False,80,2.080685785149046,-0.30311610019191226,13
2.4397146738097217,False,81,1.7775696849571339,0.6621449888525879,13
1.5233550347748008,False,82,2.4397146738097217,-0.9163596390349209,13
1.8803368616041012,False,83,1.5233550347748008,0.35698182682930035,13
1.7974737899308986,False,84,1.8803368616041012,-0.08286307167320262,13
1.7450841482421238,False,85,1.7974737899308986,-0.0523896416887748,13
2.228070645698726,False,86,1.7450841482421238,0.48298649745660205,13
1.9367001065698943,False,87,2.228070645698726,-0.2913705391288315,13
2.3231419397977855,False,88,1.9367001065698943,0.38644183322789116,13
1.5665876505296272,False,89,2.3231419397977855,-0.7565542892681583,13
1.515677754157811,False,90,1.5665876505296272,-0.0509098963718162,13
2.462644053512156,False,91,1.515677754157811,0.9469662993543451,13
2.058392447511091,False,92,2.462644053512156,-0.40425160600106524,13
1.8829453267736218,False,93,2.058392447511091,-0.17544712073746904,13
1.9193889483137527,False,94,1.8829453267736218,0.03644362154013092,13
2.3070838463931,False,95,1.9193889483137527,0.3876948980793473,13
2.1634818037399355,False,96,2.3070838463931,-0.14360204265316456,13
1.7710658140851139,False,97,2.1634818037399355,-0.3924159896548216,13
1.7381969557484491,False,98,1.7710658140851139,-0.03286885833666475,13
2.322131462324986,False,99,1.7381969557484491,0.5839345065765369,13
2.2847364927922134,True,100,2.322131462324986,-0.03739496953277266,13
2.471899940566802,True,101,2.2847364927922134,0.1871634477745885,13
2.75852870419984,True,102,2.471899940566802,0.286628763633038,13
3.1847979033105953,True,103,2.75852870419984,0.42626919911075545,13
3.427431989844466,True,104,3.1847979033105953,0.24263408653387053,13
3.5991986426074662,True,105,3.427431989844466,0.1717666527630004,13
3.8976724440721218,True,106,3.5991986426074662,0.2984738014646555,13
4.295103445140205,True,107,3.8976724440721218,0.39743100106808305,13
4.528137165568223,True,108,4.295103445140205,0.2330337204280184,13
4.898182880236386,True,109,4.528137165568223,0.37004571466816305,13
5.124398915930505,True,110,4.898182880236386,0.22621603569411874,13
5.46661126656728,True,111,5.124398915930505,0.3422123506367747,13
5.723113289521937,True,112,5.46661126656728,0.25650202295465707,13
6.007251683148526,True,113,5.723113289521937,0.28413839362658955,13
6.124208241206039,True,114,6.007251683148526,0.11695655805751226,13
6.398124288697593,True,115,6.124208241206039,0.2739160474915545,13
6.756752231556239,True,116,6.398124288697593,0.35862794285864563,13
7.0900823259240715,True,117,6.756752231556239,0.3333300943678328,13
7.274835460613331,True,118,7.0900823259240715,0.18475313468925947,13
7.6358758857230695,True,119,7.274835460613331,0.36104042510973855,13
7.817457369705834,True,120,7.6358758857230695,0.18158148398276452,13
8.124617833425635,True,121,7.817457369705834,0.3071604637198009,13
8.366327442984014,True,122,8.124617833425635,0.24170960955837906,13
8.609562810849711,True,123,8.366327442984014,0.24323536786569733,13
8.925786986397005,True,124,8.609562810849711,0.3162241755472941,13
9.282473153038332,True,125,8.925786986397005,0.35668616664132635,13
9.47380955316123,True,126,9.282473153038332,0.1913364001228981,13
9.788356233766596,True,127,9.47380955316123,0.31454668060536584,13
10.07972406513241,True,128,9.788356233766596,0.29136783136581457,13
10.412117500184804,True,129,10.07972406513241,0.3323934350523938,13
10.555211447760556,True,130,10.412117500184804,0.14309394757575156,13
10.913952603086198,True,131,10.555211447760556,0.3587411553256423,13
11.188168877243902,True,132,10.913952603086198,0.27421627415770367,13
11.350263380762902,True,133,11.188168877243902,0.16209450351900045,13
11.678557039628732,True,134,11.350263380762902,0.32829365886582984,13
11.983204010553328,True,135,11.678557039628732,0.3046469709245958,13
12.224752018653746,True,136,11.983204010553328,0.241548008100418,13
12.483053009887342,True,137,12.224752018653746,0.25830099123359673,13
12.729289591978773,True,138,12.483053009887342,0.24623658209143073,13
13.049060222289947,True,139,12.729289591978773,0.31977063031117403,13
13.289864493281206,True,140,13.049060222289947,0.24080427099125856,13
13.62991947680273,True,141,13.289864493281206,0.3400549835215241,13
13.801601478550483,True,142,13.62991947680273,0.17168200174775272,13
14.049594515071098,True,143,13.801601478550483,0.2479930365206151,13
14.396267699769576,True,144,14.049594515071098,0.34667318469847785,13
14.601444981455234,True,145,14.396267699769576,0.20517728168565874,13
14.880024771593794,True,146,14.601444981455234,0.2785797901385596,13
15.165551775466005,True,147,14.880024771593794,0.2855270038722111,13
15.43313314351085,True,148,15.165551775466005,0.2675813680448442,13
15.818396230075432,True,149,15.43313314351085,0.3852630865645832,13
16.124643008648047,True,150,15.818396230075432,0.3062467785726142,13
16.447216255891092,True,151,16.124643008648047,0.3225732472430458,13
16.53830919081189,True,152,16.447216255891092,0.09109293492079829,13
16.972921928317746,True,153,16.53830919081189,0.43461273750585505,13
17.26873986045654,True,154,16.972921928317746,0.2958179321387959,13
17.356257028146583,True,155,17.26873986045654,0.08751716769004148,13
17.79645578365023,True,156,17.356257028146583,0.44019875550364773,13
18.096209301456362,True,157,17.79645578365023,0.29975351780613124,13
18.361876592614056,True,158,18.096209301456362,0.26566729115769405,13
18.473114358041144,True,159,18.361876592614056,0.11123776542708796,13
18.740611904256205,True,160,18.473114358041144,0.2674975462150613,13
19.1032692197464,True,161,18.740611904256205,0.3626573154901962,13
19.311266086260133,True,162,19.1032692197464,0.2079968665137315,13
19.760230292478074,True,163,19.311266086260133,0.44896420621794064,13
19.96711763147461,True,164,19.760230292478074,0.20688733899653755,13
20.0,False,165,19.96711763147461,0.03288236852538873,13
20.0,False,166,20.0,0.0,13
20.0,False,167,20.0,0.0,13
20.0,False,168,20.0,0.0,13
20.0,False,169,20.0,0.0,13
20.0,False,170,20.0,0.0,13
20.0,False,171,20.0,0.0,13
20.0,False,172,20.0,0.0,13
20.0,False,173,20.0,0.0,13
20.0,False,174,20.0,0.0,13
20.0,False,175,20.0,0.0,13
20.0,False,176,20.0,0.0,13
20.0,False,177,20.0,0.0,13
20.0,False,178,20.0,0.0,13
20.0,False,179,20.0,0.0,13
20.0,False,180,20.0,0.0,13
20.0,False,181,20.0,0.0,13
20.0,False,182,20.0,0.0,13
20.0,False,183,20.0,0.0,13
20.0,False,184,20.0,0.0,13
20.0,False,185,20.0,0.0,13
20.0,False,186,20.0,0.0,13
20.0,False,187,20.0,0.0,13
20.0,False,188,20.0,0.0,13
20.0,False,189,20.0,0.0,13
20.0,False,190,20.0,0.0,13
20.0,False,191,20.0,0.0,13
20.0,False,192,20.0,0.0,13
20.0,False,193,20.0,0.0,13
20.0,False,194,20.0,0.0,13
20.0,False,195,20.0,0.0,13
20.0,False,196,20.0,0.0,13
20.0,False,197,20.0,0.0,13
20.0,False,198,20.0,0.0,13
20.0,False,199,20.0,0.0,13
20.0,False,200,20.0,0.0,13
19.90330794290221,False,201,20.0,-0.0966920570977905,13
20.0,False,202,19.90330794290221,0.0966920570977905,13
20.0,False,203,20.0,0.0,13
19.952127066202213,False,204,20.0,-0.047872933797787454,13
19.981124848039826,False,205,19.952127066202213,0.0289977818376137,13
20.0,False,206,19.981124848039826,0.018875151960173753,13
20.0,False,207,20.0,0.0,13
19.917423217157605,False,208,20.0,-0.08257678284239489,13
20.0,False,209,19.917423217157605,0.08257678284239489,13
20.0,False,210,20.0,0.0,13
19.982559541579597,False,211,20.0,-0.01744045842040265,13
19.971799229760943,False,212,19.982559541579597,-0.01076031181865389,13
20.0,False,213,19.971799229760943,0.02820077023905654,13
19.974272270663477,False,214,20.0,-0.025727729336523453,13
19.973728486386733,False,215,19.974272270663477,-0.0005437842767435086,13
19.98081626491773,False,216,19.973728486386733,0.007087778530998179,13
20.0,False,217,19.98081626491773,0.019183735082268782,13
19.963580327448785,False,218,20.0,-0.03641967255121514,13
20.0,False,219,19.963580327448785,0.03641967255121514,13
19.985152338022594,False,220,20.0,-0.014847661977405835,13
19.99633279230427,False,221,19.985152338022594,0.011180454281674912,13
20.0,False,222,19.99633279230427,0.003667207695730923,13
19.951398313356947,False,223,20.0,-0.0486016866430532,13
20.0,False,224,19.951398313356947,0.0486016866430532,13
19.911440949518514,False,225,20.0,-0.08855905048148571,13
19.979449637983627,False,226,19.911440949518514,0.06800868846511321,13
20.0,False,227,19.979449637983627,0.020550362016372503,13
19.90140621816451,False,228,20.0,-0.09859378183548984,13
19.927934015308367,False,229,19.90140621816451,0.026527797143856446,13
20.0,False,230,19.927934015308367,0.07206598469163339,13
19.976170271290503,False,231,20.0,-0.02382972870949729,13
19.941009371444544,False,232,19.976170271290503,-0.03516089984595894,13
19.91591903696281,False,233,19.941009371444544,-0.025090334481735255,13
19.916011250441713,False,234,19.91591903696281,9.221347890431275e-05,13
20.0,False,235,19.916011250441713,0.08398874955828717,13
19.986502244586017,False,236,20.0,-0.013497755413983015,13
20.0,False,237,19.986502244586017,0.013497755413983015,13
20.0,False,238,20.0,0.0,13
19.988512895231324,False,239,20.0,-0.011487104768676204,13
19.904199525806014,False,240,19.988512895231324,-0.08431336942530976,13
20.0,False,241,19.904199525806014,0.09580047419398596,13
20.0,False,242,20.0,0.0,13
19.916814966429282,False,243,20.0,-0.08318503357071805,13
19.969183373948272,False,244,19.916814966429282,0.05236840751899052,13
20.0,False,245,19.969183373948272,0.030816626051727525,13
20.0,False,246,20.0,0.0,13
20.0,False,247,20.0,0.0,13
20.0,False,248,20.0,0.0,13
20.0,False,249,20.0,0.0,13
20.0,False,250,20.0,0.0,13
19.99299176720014,False,251,20.0,-0.007008232799858405,13
19.9087875954542,False,252,19.99299176720014,-0.08420417174594164,13
19.924385355961327,False,253,19.9087875954542,0.015597760507127134,13
20.0,False,254,19.924385355961327,0.0756146440386729,13
20.0,False,255,20.0,0.0,13
19.956683342309553,False,256,20.0,-0.0433166576904469,13
20.0,False,257,19.956683342309553,0.0433166576904469,13
20.0,False,258,20.0,0.0,13
20.0,False,259,20.0,0.0,13
19.981976207289936,False,260,20.0,-0.018023792710064157,13
20.0,False,261,19.981976207289936,0.018023792710064157,13
20.0,False,262,20.0,0.0,13
19.96235745072434,False,263,20.0,-0.037642549275659576,13
19.920540829548163,False,264,19.96235745072434,-0.041816621176177904,13
19.917814360832132,False,265,19.920540829548163,-0.002726468716030439,13
19.962156384132097,False,266,19.917814360832132,0.04434202329996495,13
19.988145583739875,False,267,19.962156384132097,0.025989199607778346,13
20.0,False,268,19.988145583739875,0.011854416260124623,13
20.0,False,269,20.0,0.0,13
20.0,False,270,20.0,0.0,13
19.92040901789742,False,271,20.0,-0.0795909821025802,13
19.90323834482359,False,272,19.92040901789742,-0.017170673073831466,13
20.0,False,273,19.90323834482359,0.09676165517641167,13
20.0,False,274,20.0,0.0,13
20.0,False,275,20.0,0.0,13
19.970713354333203,False,276,20.0,-0.029286645666797284,13
20.0,False,277,19.970713354333203,0.029286645666797284,13
20.0,False,278,20.0,0.0,13
19.92103238083315,False,279,20.0,-0.0789676191668498,13
19.91297999342154,False,280,19.92103238083315,-0.00805238741160963,13
19.98886853394643,False,281,19.91297999342154,0.07588854052488969,13
20.0,False,282,19.98886853394643,0.011131466053569739,13
19.950553468175503,False,283,20.0,-0.049446531824496986,13
20.0,False,284,19.950553468175503,0.049446531824496986,13
19.905651753459246,False,285,20.0,-0.09434824654075413,13
20.0,False,286,19.905651753459246,0.09434824654075413,13
20.0,False,287,20.0,0.0,13
19.95847491197854,False,288,20.0,-0.0415250880214586,13
20.0,False,289,19.95847491197854,0.0415250880214586,13
20.0,False,290,20.0,0.0,13
20.0,False,291,20.0,0.0,13
19.938197515254874,False,292,20.0,-0.06180248474512595,13
19.916140665203148,False,293,19.938197515254874,-0.022056850051725974,13
20.0,False,294,19.916140665203148,0.08385933479685193,13
19.92905967125925,False,295,20.0,-0.0709403287407504,13
20.0,False,296,19.92905967125925,0.0709403287407504,13
19.988447158109135,False,297,20.0,-0.011552841890864585,13
19.9080009845607,False,298,19.988447158109135,-0.08044617354843453,13
19.920233898289176,False,299,19.9080009845607,0.012232913728475125,13
2.4475400246680996,False,0,0.0,0.0,14
2.3824617456704047,False,1,2.4475400246680996,-0.06507827899769492,14
1.7679512504408692,False,2,2.3824617456704047,-0.6145104952295355,14
2.202156448665913,False,3,1.7679512504408692,0.43420519822504366,14
1.703243068755166,False,4,2.202156448665913,-0.4989133799107468,14
1.6875812069920348,False,5,1.703243068755166,-0.015661861763131224,14
1.7564158363698932,False,6,1.6875812069920348,0.06883462937785834,14
2.0861073851292065,False,7,1.7564158363698932,0.3296915487593133,14
1.5488817090316886,False,8,2.0861073851292065,-0.5372256760975178,14
2.2684077080298044,False,9,1.5488817090316886,0.7195259989981158,14
1.7030995523683687,False,10,2.2684077080298044,-0.5653081556614357,14
1.5221161849056402,False,11,1.7030995523683687,-0.18098336746272858,14
1.813546434478764,False,12,1.5221161849056402,0.2914302495731238,14
2.223121238528818,False,13,1.813546434478764,0.409574804050054,14
1.5333151746883604,False,14,2.223121238528818,-0.6898060638404575,14
2.270714332571588,False,15,1.5333151746883604,0.7373991578832275,14
2.0418771464797114,False,16,2.270714332571588,-0.22883718609187653,14
2.473180671006846,False,17,2.0418771464797114,0.4313035245271344,14
2.158740144821009,False,18,2.473180671006846,-0.31444052618583695,14
2.0391827002654668,False,19,2.158740144821009,-0.11955744455554207,14
2.1408397907459418,False,20,2.0391827002654668,0.101657090480475,14
1.8271006439372184,False,21,2.1408397907459418,-0.3137391468087234,14
1.5008563057464,False,22,1.8271006439372184,-0.32624433819081844,14
1.8197231134190939,False,23,1.5008563057464,0.31886680767269393,14
1.8150286699194238,False,24,1.8197231134190939,-0.004694443499670076,14
1.78231303734358,False,25,1.8150286699194238,-0.032715632575843756,14
1.5780568795688676,False,26,1.78231303734358,-0.2042561577747124,14
2.263363324463998,False,27,1.5780568795688676,0.6853064448951303,14
1.9035869506722118,False,28,2.263363324463998,-0.35977637379178606,14
1.7630806215984247,False,29,1.9035869506722118,-0.14050632907378713,14
2.395041774322169,False,30,1.7630806215984247,0.6319611527237443,14
1.7546351531290225,False,31,2.395041774322169,-0.6404066211931465,14
1.6151348897378162,False,32,1.7546351531290225,-0.13950026339120636,14
2.322694026461273,False,33,1.6151348897378162,0.7075591367234568,14
2.0289714277970434,False,34,2.322694026461273,-0.29372259866422956,14
2.0469268867430084,False,35,2.0289714277970434,0.017955458945964953,14
2.4202950368723677,False,36,2.0469268867430084,0.3733681501293593,14
1.6093289089443021,False,37,2.4202950368723677,-0.8109661279280655,14
1.706688017008871,False,38,1.6093289089443021,0.09735910806456882,14
1.685851984384782,False,39,1.706688017008871,-0.020836032624089063,14
1.5128540222440514,False,40,1.685851984384782,-0.1729979621407305,14
2.2542195780749164,False,41,1.5128540222440514,0.7413655558308649,14
1.5819748619426712,False,42,2.2542195780749164,-0.6722447161322451,14
2.363335771122174,False,43,1.5819748619426712,0.7813609091795026,14
2.4591675476234687,False,44,2.363335771122174,0.09583177650129482,14
1.8833672750544257,False,45,2.4591675476234687,-0.575800272569043,14
2.168259654974285,False,46,1.8833672750544257,0.2848923799198593,14
1.589723674488341,False,47,2.168259654974285,-0.578535980485944,14
1.7396642882486475,False,48,1.589723674488341,0.14994061376030654,14
2.4442379628480215,False,49,1.7396642882486475,0.704573674599374,14
2.2847539806674693,False,50,2.4442379628480215,-0.15948398218055226,14
2.268885022242075,False,51,2.2847539806674693,-0.015868958425394375,14
1.6831837169282422,False,52,2.268885022242075,-0.5857013053138327,14
2.0849502493203294,False,53,1.6831837169282422,0.40176653239208715,14
1.682128893314684,False,54,2.0849502493203294,-0.4028213560056453,14
2.0034202382819877,False,55,1.682128893314684,0.3212913449673036,14
1.756803715197357,False,56,2.0034202382819877,-0.24661652308463067,14
1.9040687850852285,False,57,1.756803715197357,0.14726506988787147,14
2.322774340518148,False,58,1.9040687850852285,0.4187055554329193,14
1.5486416897921784,False,59,2.322774340518148,-0.7741326507259694,14
2.1779011239390984,False,60,1.5486416897921784,0.62925943414692,14
1.850650243725596,False,61,2.1779011239390984,-0.32725088021350235,14
1.9363517089175675,False,62,1.850650243725596,0.08570146519197142,14
1.676887101085549,False,63,1.9363517089175675,-0.2594646078320184,14
1.5777450557435122,False,64,1.676887101085549,-0.09914204534203686,14
2.1209542314287804,False,65,1.5777450557435122,0.5432091756852682,14
2.156212904739525,False,66,2.1209542314287804,0.035258673310744726,14
2.3562376030393364,False,67,2.156212904739525,0.2000246982998113,14
2.4377714064213674,False,68,2.3562376030393364,0.08153380338203098,14
2.4706760039942908,False,69,2.4377714064213674,0.03290459757292341,14
2.0544160144742225,False,70,2.4706760039942908,-0.41625998952006826,14
2.0340470135640145,False,71,2.0544160144742225,-0.02036900091020799,14
1.736175570093221,False,72,2.0340470135640145,-0.2978714434707934,14
2.3614980490832487,False,73,1.736175570093221,0.6253224789900276,14
1.9699783065038625,False,74,2.3614980490832487,-0.39151974257938615,14
2.3286038058729366,False,75,1.9699783065038625,0.35862549936907406,14
2.2274677265854295,False,76,2.3286038058729366,-0.10113607928750712,14
2.155652535671252,False,77,2.2274677265854295,-0.07181519091417732,14
1.6407331100957145,False,78,2.155652535671252,-0.5149194255755376,14
2.400986758099317,False,79,1.6407331100957145,0.7602536480036026,14
1.6290779654436434,False,80,2.400986758099317,-0.7719087926556738,14
2.451803466484062,False,81,1.6290779654436434,0.8227255010404186,14
2.401568409606874,False,82,2.451803466484062,-0.0502350568771881,14
1.862571913283317,False,83,2.401568409606874,-0.538996496323557,14
2.2978271834715693,False,84,1.862571913283317,0.4352552701882524,14
1.8399370058640754,False,85,2.2978271834715693,-0.45789017760749395,14
1.8883027394096787,False,86,1.8399370058640754,0.04836573354560336,14
2.1930073148825224,False,87,1.8883027394096787,0.3047045754728437,14
2.377068173111068,False,88,2.1930073148825224,0.18406085822854568,14
2.4793191710946707,False,89,2.377068173111068,0.1022509979836026,14
1.9116206073676743,False,90,2.4793191710946707,-0.5676985637269965,14
1.831817971084249,False,91,1.9116206073676743,-0.07980263628342521,14
1.8631837913553793,False,92,1.831817971084249,0.03136582027113022,14
1.845863542109963,False,93,1.8631837913553793,-0.017320249245416308,14
1.87129634281,False,94,1.845863542109963,0.02543280070003706,14
1.7541579395426323,False,95,1.87129634281,-0.11713840326736769,14
1.9394924348493756,False,96,1.7541579395426323,0.18533449530674329,14
2.28997713827747,False,97,1.9394924348493756,0.35048470342809424,14
1.816541075299934,False,98,2.28997713827747,-0.4734360629775358,14
1.9131115860709889,False,99,1.816541075299934,0.09657051077105483,14
1.9900975099448488,True,100,1.9131115860709889,0.07698592387385994,14
2.190045023717125,True,101,1.9900975099448488,0.19994751377227638,14
2.223123586478677,True,102,2.190045023717125,0.033078562761551744,14
2.349301200450195,True,103,2.223123586478677,0.12617761397151828,14
2.4318854450507787,True,104,2.349301200450195,0.08258424460058356,14
2.5153793607537334,True,105,2.4318854450507787,0.08349391570295461,14
2.381680670184073,True,106,2.5153793607537334,-0.13369869056966044,14
2.5992622533530527,True,107,2.381680670184073,0.2175815831689798,14
2.6160399605664146,True,108,2.5992622533530527,0.016777707213361914,14
2.588011239321822,True,109,2.6160399605664146,-0.028028721244592436,14
2.6906063725055436,True,110,2.588011239321822,0.10259513318372138,14
2.8332801075480947,True,111,2.6906063725055436,0.1426737350425511,14
2.893827622648495,True,112,2.8332801075480947,0.06054751510040024,14
2.9595896242525304,True,113,2.893827622648495,0.06576200160403545,14
2.9672950466151247,True,114,2.9595896242525304,0.007705422362594305,14
2.9966446660012944,True,115,2.9672950466151247,0.029349619386169756,14
3.146059310747024,True,116,2.9966446660012944,0.1494146447457294,14
3.2381037490188014,True,117,3.146059310747024,0.09204443827177755,14
3.2989226786149732,True,118,3.2381037490188014,0.060818929596171856,14
3.321763114905784,True,119,3.2989226786149732,0.022840436290810562,14
3.2938063878111046,True,120,3.321763114905784,-0.027956727094679223,14
3.303971448494513,True,121,3.2938063878111046,0.010165060683408278,14
3.337885741931368,True,122,3.303971448494513,0.033914293436855036,14
3.527138396890787,True,123,3.337885741931368,0.1892526549594189,14
3.6132478612816366,True,124,3.527138396890787,0.08610946439084977,14
3.7293747672461994,True,125,3.6132478612816366,0.11612690596456288,14
3.689945395671201,True,126,3.7293747672461994,-0.039429371574998484,14
3.7881332026303993,True,127,3.689945395671201,0.09818780695919838,14
3.7057542737719733,True,128,3.7881332026303993,-0.08237892885842601,14
3.7977005652138693,True,129,3.7057542737719733,0.09194629144189603,14
3.8937570248205633,True,130,3.7977005652138693,0.09605645960669396,14
3.9115349621851356,True,131,3.8937570248205633,0.017777937364572338,14
4.073882335354504,True,132,3.9115349621851356,0.16234737316936876,14
4.1152423006359475,True,133,4.073882335354504,0.041359965281443145,14
4.134595155835209,True,134,4.1152423006359475,0.01935285519926122,14
4.112729503965209,True,135,4.134595155835209,-0.02186565186999978,14
4.179967972613855,True,136,4.112729503965209,0.0672384686486458,14
4.294401812399613,True,137,4.179967972613855,0.11443383978575827,14
4.437898806074624,True,138,4.294401812399613,0.14349699367501056,14
4.412186585593718,True,139,4.437898806074624,-0.025712220480905934,14
4.426013974966119,True,140,4.412186585593718,0.013827389372401022,14
4.591591233642649,True,141,4.426013974966119,0.16557725867653073,14
4.663667066567921,True,142,4.591591233642649,0.07207583292527175,14
4.726609182739067,True,143,4.663667066567921,0.06294211617114609,14
4.815972871564223,True,144,4.726609182739067,0.08936368882515566,14
4.730358866499609,True,145,4.815972871564223,-0.08561400506461414,14
4.7415919840608,True,146,4.730358866499609,0.01123311756119083,14
4.880495251411687,True,147,4.7415919840608,0.1389032673508872,14
4.883251155725066,True,148,4.880495251411687,0.0027559043133793537,14
4.995588703869075,True,149,4.883251155725066,0.11233754814400854,14
5.099607895358431,True,150,4.995588703869075,0.10401919148935601,14
5.15145880308088,True,151,5.099607895358431,0.05185090772244916,14
5.128223715114295,True,152,5.15145880308088,-0.0232350879665848,14
5.3522987653911995,True,153,5.128223715114295,0.22407505027690444,14
5.35759472670121,True,154,5.3522987653911995,0.005295961310010533,14
5.36354464639982,True,155,5.35759472670121,0.005949919698609918,14
5.463152794723056,True,156,5.36354464639982,0.09960814832323628,14
5.494160450478203,True,157,5.463152794723056,0.031007655755146857,14
5.6014792522887715,True,158,5.494160450478203,0.10731880181056841,14
5.591837910524912,True,159,5.6014792522887715,-0.009641341763859224,14
5.651647400340638,True,160,5.591837910524912,0.059809489815725314,14
5.742673270898976,True,161,5.651647400340638,0.09102587055833844,14
5.812423541264335,True,162,5.742673270898976,0.06975027036535852,14
5.932019100286446,True,163,5.812423541264335,0.11959555902211161,14
5.9836569783677716,True,164,5.932019100286446,0.05163787808132536,14
5.992230086971941,True,165,5.9836569783677716,0.008573108604169377,14
6.106431951400378,True,166,5.992230086971941,0.11420186442843683,14
6.131992166219091,True,167,6.106431951400378,0.02556021481871351,14
6.262445868698873,True,168,6.131992166219091,0.13045370247978205,14
6.366975046081198,True,169,6.262445868698873,0.10452917738232426,14
6.267183980123098,True,170,6.366975046081198,-0.09979106595809917,14
6.437849178772933,True,171,6.267183980123098,0.17066519864983487,14
6.5445351083036485,True,172,6.437849178772933,0.1066859295307152,14
6.493360927579831,True,173,6.5445351083036485,-0.05117418072381774,14
6.491404079613317,True,174,6.493360927579831,-0.0019568479665137417,14
6.642776171892435,True,175,6.491404079613317,0.15137209227911796,14
6.758795297968546,True,176,6.642776171892435,0.11601912607611098,14
6.681149325149212,True,177,6.758795297968546,-0.07764597281933394,14
6.902586981332901,True,178,6.681149325149212,0.2214376561836886,14
6.816608836355728,True,179,6.902586981332901,-0.08597814497717238,14
7.019803566961585,True,180,6.816608836355728,0.20319473060585658,14
6.924009256343408,True,181,7.019803566961585,-0.09579431061817711,14
7.0903793408145805,True,182,6.924009256343408,0.16637008447117285,14
7.099007031700678,True,183,7.0903793408145805,0.008627690886097383,14
7.26521362621955,True,184,7.099007031700678,0.1662065945188722,14
7.333009402977707,True,185,7.26521362621955,0.06779577675815673,14
7.233184312608794,True,186,7.333009402977707,-0.0998250903689133,14
7.345375154055381,True,187,7.233184312608794,0.11219084144658709,14
7.380364555531238,True,188,7.345375154055381,0.034989401475857385,14
7.494709339358142,True,189,7.380364555531238,0.11434478382690383,14
7.593561233163581,True,190,7.494709339358142,0.09885189380543924,14
7.678451474677676,True,191,7.593561233163581,0.08489024151409463,14
7.6557928303254315,True,192,7.678451474677676,-0.022658644352244295,14
7.744699337405609,True,193,7.6557928303254315,0.08890650708017755,14
7.692836806034177,True,194,7.744699337405609,-0.05186253137143204,14
7.7789372783202175,True,195,7.692836806034177,0.08610047228604056,14
7.952818295080785,True,196,7.7789372783202175,0.17388101676056777,14
7.863626308670176,True,197,7.952818295080785,-0.08919198641060966,14
8.06184203746349,True,198,7.863626308670176,0.19821572879331484,14
8.127413392803604,True,199,8.06184203746349,0.06557135534011316,14
8.160050081840609,False,200,8.127413392803604,0.03263668903700534,14
8.109393345684774,False,201,8.160050081840609,-0.05065673615583499,14
7.995876029348305,False,202,8.109393345684774,-0.11351731633646889,14
8.08852219091363,False,203,7.995876029348305,0.09264616156532401,14
8.033178611572598,False,204,8.08852219091363,-0.055343579341030846,14
8.129723600799908,False,205,8.033178611572598,0.09654498922730959,14
8.118923290817904,False,206,8.129723600799908,-0.010800309982004208,14
8.023382921687155,False,207,8.118923290817904,-0.09554036913074881,14
8.143566879297643,False,208,8.023382921687155,0.12018395761048772,14
7.998156745091217,False,209,8.143566879297643,-0.14541013420642557,14
8.002038960099192,False,210,7.998156745091217,0.0038822150079749207,14
8.118581047706574,False,211,8.002038960099192,0.11654208760738172,14
7.996601747406263,False,212,8.118581047706574,-0.12197930030031046,14
8.173019561655849,False,213,7.996601747406263,0.1764178142495858,14
8.087130296024622,False,214,8.173019561655849,-0.08588926563122712,14
8.117749392039002,False,215,8.087130296024622,0.030619096014380176,14
8.070633509750184,False,216,8.117749392039002,-0.0471158822888178,14
8.098896951787468,False,217,8.070633509750184,0.028263442037284037,14
8.135814068913026,False,218,8.098896951787468,0.03691711712555801,14
8.15744134325524,False,219,8.135814068913026,0.021627274342213454,14
8.07830143999871,False,220,8.15744134325524,-0.07913990325653053,14
7.996700579855198,False,221,8.07830143999871,-0.08160086014351098,14
8.060446412343685,False,222,7.996700579855198,0.06374583248848698,14
8.057743918152882,False,223,8.060446412343685,-0.002702494190803151,14
8.018295251633244,False,224,8.057743918152882,-0.039448666519637854,14
8.040501703603677,False,225,8.018295251633244,0.02220645197043325,14
8.136101379994638,False,226,8.040501703603677,0.09559967639096101,14
8.131301874170946,False,227,8.136101379994638,-0.004799505823692485,14
8.026883672985685,False,228,8.131301874170946,-0.10441820118526124,14
8.117250315674362,False,229,8.026883672985685,0.09036664268867689,14
8.09740530314587,False,230,8.117250315674362,-0.019845012528492134,14
8.17977498720573,False,231,8.09740530314587,0.08236968405986111,14
8.009889070269727,False,232,8.17977498720573,-0.1698859169360034,14
8.155051534375724,False,233,8.009889070269727,0.1451624641059972,14
8.09327321707445,False,234,8.155051534375724,-0.06177831730127359,14
8.163314856973424,False,235,8.09327321707445,0.07004163989897272,14
8.166480580178874,False,236,8.163314856973424,0.003165723205450277,14
8.122074575403607,False,237,8.166480580178874,-0.044406004775266794,14
8.114172503158214,False,238,8.122074575403607,-0.007902072245393299,14
8.036395910231493,False,239,8.114172503158214,-0.07777659292672112,14
8.000954519476023,False,240,8.036395910231493,-0.03544139075546937,14
8.150047625651633,False,241,8.000954519476023,0.14909310617560934,14
8.098413630585197,False,242,8.150047625651633,-0.05163399506643529,14
8.025976076850867,False,243,8.098413630585197,-0.07243755373433025,14
8.087532741101207,False,244,8.025976076850867,0.061556664250339566,14
8.046000743341619,False,245,8.087532741101207,-0.041531997759587824,14
8.015102678794328,False,246,8.046000743341619,-0.030898064547290716,14
8.099190817302844,False,247,8.015102678794328,0.08408813850851615,14
8.032492894945795,False,248,8.099190817302844,-0.06669792235704897,14
8.04105803663362,False,249,8.032492894945795,0.008565141687824962,14
8.178267156524045,False,250,8.04105803663362,0.13720911989042506,14
8.174461147901553,False,251,8.178267156524045,-0.0038060086224920298,14
8.024190783024787,False,252,8.174461147901553,-0.15027036487676604,14
8.087352271107314,False,253,8.024190783024787,0.06316148808252642,14
8.056056976713178,False,254,8.087352271107314,-0.03129529439413581,14
8.055379307662415,False,255,8.056056976713178,-0.0006776690507628302,14
8.120757749706547,False,256,8.055379307662415,0.0653784420441319,14
8.041359649807115,False,257,8.120757749706547,-0.07939809989943214,14
8.049566215086847,False,258,8.041359649807115,0.008206565279731848,14
8.177139538747564,False,259,8.049566215086847,0.12757332366071772,14
8.050017947495515,False,260,8.177139538747564,-0.12712159125204892,14
8.141780263480346,False,261,8.050017947495515,0.09176231598483042,14
8.016260090999662,False,262,8.141780263480346,-0.1255201724806838,14
8.01768991131106,False,263,8.016260090999662,0.0014298203113973784,14
8.126999758666576,False,264,8.01768991131106,0.10930984735551696,14
8.027493931944468,False,265,8.126999758666576,-0.09950582672210828,14
8.179209612604513,False,266,8.027493931944468,0.15171568066004504,14
8.095528832373622,False,267,8.179209612604513,-0.08368078023089076,14
8.067876483386708,False,268,8.095528832373622,-0.02765234898691382,14
8.108783252609525,False,269,8.067876483386708,0.040906769222816664,14
8.118527582925687,False,270,8.108783252609525,0.009744330316161509,14
8.090003352015344,False,271,8.118527582925687,-0.028524230910342396,14
8.106578714508439,False,272,8.090003352015344,0.01657536249309466,14
8.02264150627197,False,273,8.106578714508439,-0.08393720823646866,14
8.069006966243931,False,274,8.02264150627197,0.04636545997196073,14
8.123589416675365,False,275,8.069006966243931,0.05458245043143428,14
8.102094578541548,False,276,8.123589416675365,-0.02149483813381714,14
8.00956203040565,False,277,8.102094578541548,-0.09253254813589784,14
8.096858658349928,False,278,8.00956203040565,0.08729662794427817,14
8.113668428847157,False,279,8.096858658349928,0.016809770497228982,14
8.077113400115634,False,280,8.113668428847157,-0.03655502873152372,14
8.04407976591842,False,281,8.077113400115634,-0.0330336341972135,14
8.118487972085374,False,282,8.04407976591842,0.07440820616695376,14
8.048846543298886,False,283,8.118487972085374,-0.06964142878648794,14
7.997255577614426,False,284,8.048846543298886,-0.05159096568446042,14
8.103148666087735,False,285,7.997255577614426,0.10589308847330958,14
8.060162248406138,False,286,8.103148666087735,-0.042986417681596834,14
8.108502699543319,False,287,8.060162248406138,0.04834045113718055,14
8.182856682797814,False,288,8.108502699543319,0.07435398325449505,14
8.066089067849997,False,289,8.182856682797814,-0.11676761494781651,14
8.13081811711866,False,290,8.066089067849997,0.06472904926866185,14
8.175626648649626,False,291,8.13081811711866,0.04480853153096653,14
8.15144569783343,False,292,8.175626648649626,-0.02418095081619498,14
7.995287876009886,False,293,8.15144569783343,-0.15615782182354465,14
8.038271971950087,False,294,7.995287876009886,0.04298409594020036,14
8.110532749876228,False,295,8.038271971950087,0.07226077792614127,14
8.17371551915011,False,296,8.110532749876228,0.06318276927388133,14
8.131644506314188,False,297,8.17371551915011,-0.04207101283592074,14
8.06162558620919,False,298,8.131644506314188,-0.07001892010499766,14
8.126028358564767,False,299,8.06162558620919,0.06440277235557623,14
2.0135813787474657,False,0,0.0,0.0,15
2.079631321771344,False,1,2.0135813787474657,0.06604994302387812,15
1.6772918548130717,False,2,2.079631321771344,-0.40233946695827205,15
1.7542465970388936,False,3,1.6772918548130717,0.07695474222582188,15
1.8147706998147837,False,4,1.7542465970388936,0.06052410277589004,15
1.984480948690584,False,5,1.8147706998147837,0.16971024887580022,15
2.187191479708697,False,6,1.984480948690584,0.2027105310181132,15
1.8532114992882507,False,7,2.187191479708697,-0.3339799804204464,15
1.90809823113318,False,8,1.8532114992882507,0.054886731844929315,15
2.466472464434869,False,9,1.90809823113318,0.5583742333016888,15
1.560823463573509,False,10,2.466472464434869,-0.9056490008613598,15
1.5209482467089004,False,11,1.560823463573509,-0.0398752168646086,15
1.8830068416702441,False,12,1.5209482467089004,0.36205859496134374,15
1.6596220831379616,False,13,1.8830068416702441,-0.22338475853228257,15
1.6257738143091571,False,14,1.6596220831379616,-0.03384826882880443,15
2.4712778618744435,False,15,1.6257738143091571,0.8455040475652864,15
1.5630865588744072,False,16,2.4712778618744435,-0.9081913030000364,15
1.710394582562169,False,17,1.5630865588744072,0.14730802368776175,15
1.8841439548132852,False,18,1.710394582562169,0.1737493722511163,15
2.3562652356441873,False,19,1.8841439548132852,0.4721212808309021,15
1.7933281400145393,False,20,2.3562652356441873,-0.562937095629648,15
1.5516649399229956,False,21,1.7933281400145393,-0.24166320009154374,15
2.0005639429636486,False,22,1.5516649399229956,0.448899003040653,15
2.338689529011817,False,23,2.0005639429636486,0.33812558604816845,15
2.128518989437237,False,24,2.338689529011817,-0.21017053957457987,15
1.8221218249229874,False,25,2.128518989437237,-0.3063971645142498,15
2.4886293695914046,False,26,1.8221218249229874,0.6665075446684172,15
1.6903447590707614,False,27,2.4886293695914046,-0.7982846105206431,15
1.6902095860640178,False,28,1.6903447590707614,-0.00013517300674359412,15
1.52210002996967,False,29,1.6902095860640178,-0.16810955609434775,15
1.8658093595179737,False,30,1.52210002996967,0.3437093295483036,15
1.749169173882561,False,31,1.8658093595179737,-0.11664018563541267,15
2.476154152004848,False,32,1.749169173882561,0.726984978122287,15
1.9150333511850568,False,33,2.476154152004848,-0.5611208008197912,15
1.7831959716374723,False,34,1.9150333511850568,-0.13183737954758445,15
2.4624380870359213,False,35,1.7831959716374723,0.6792421153984489,15
2.37682270943304,False,36,2.4624380870359213,-0.08561537760288118,15
1.902003456586679,False,37,2.37682270943304,-0.47481925284636106,15
1.637959045768787,False,38,1.902003456586679,-0.2640444108178921,15
1.7082711856170039,False,39,1.637959045768787,0.07031213984821694,15
2.300899479923115,False,40,1.7082711856170039,0.592628294306111,15
1.6526903840767684,False,41,2.300899479923115,-0.6482090958463465,15
2.455872935048727,False,42,1.6526903840767684,0.8031825509719588,15
1.7756199578356164,False,43,2.455872935048727,-0.6802529772131107,15
1.9116128649990691,False,44,1.7756199578356164,0.1359929071634527,15
1.70152365592755,False,45,1.9116128649990691,-0.21008920907151918,15
2.1948679103241,False,46,1.70152365592755,0.49334425439655005,15
2.416789081686012,False,47,2.1948679103241,0.2219211713619118,15
1.679353540851786,False,48,2.416789081686012,-0.7374355408342259,15
1.6638108165260506,False,49,1.679353540851786,-0.015542724325735335,15
2.21893715120357,False,50,1.6638108165260506,0.5551263346775195,15
2.238054450598894,False,51,2.21893715120357,0.01911729939532414,15
2.4601613655532883,False,52,2.238054450598894,0.22210691495439416,15
2.174011213864212,False,53,2.4601613655532883,-0.28615015168907654,15
1.5743332358430324,False,54,2.174011213864212,-0.5996779780211794,15
2.3325035480168816,False,55,1.5743332358430324,0.7581703121738492,15
2.378327267155801,False,56,2.3325035480168816,0.04582371913891947,15
1.6513667890907806,False,57,2.378327267155801,-0.7269604780650205,15
1.8655819547246775,False,58,1.6513667890907806,0.21421516563389686,15
1.851854773933333,False,59,1.8655819547246775,-0.013727180791344384,15
2.4803801093999334,False,60,1.851854773933333,0.6285253354666003,15
2.0365798492309812,False,61,2.4803801093999334,-0.44380026016895213,15
2.0278245707670273,False,62,2.0365798492309812,-0.008755278463953964,15
2.1851910489356268,False,63,2.0278245707670273,0.1573664781685995,15
2.0640729885628546,False,64,2.1851910489356268,-0.12111806037277217,15
2.11552182454554,False,65,2.0640729885628546,0.05144883598268546,15
1.7551178375240308,False,66,2.11552182454554,-0.3604039870215092,15
2.355827487322611,False,67,1.7551178375240308,0.60070964979858,15
1.6783508600369992,False,68,2.355827487322611,-0.6774766272856116,15
1.5539128230977775,False,69,1.6783508600369992,-0.12443803693922173,15
2.2704517004232097,False,70,1.5539128230977775,0.7165388773254322,15
2.4625198517964515,False,71,2.2704517004232097,0.19206815137324185,15
2.493279212341345,False,72,2.4625198517964515,0.0307593605448937,15
2.372750824785665,False,73,2.493279212341345,-0.12052838755568018,15
1.6608284084957154,False,74,2.372750824785665,-0.7119224162899496,15
1.709875313136412,False,75,1.6608284084957154,0.0490469046406965,15
1.8659771588305594,False,76,1.709875313136412,0.15610184569414742,15
2.372912145329442,False,77,1.8659771588305594,0.5069349864988828,15
1.5984199709748252,False,78,2.372912145329442,-0.7744921743546169,15
1.6766076792508167,False,79,1.5984199709748252,0.07818770827599142,15
1.9355965416574505,False,80,1.6766076792508167,0.2589888624066339,15
1.7938136806484057,False,81,1.9355965416574505,-0.1417828610090448,15
1.5235403573554145,False,82,1.7938136806484057,-0.27027332329299125,15
1.6635500449477836,False,83,1.5235403573554145,0.1400096875923691,15
1.5130899716305177,False,84,1.6635500449477836,-0.15046007331726585,15
1.6330216207863595,False,85,1.5130899716305177,0.11993164915584176,15
2.4099448176435327,False,86,1.6330216207863595,0.7769231968571733,15
2.1756485529753875,False,87,2.4099448176435327,-0.23429626466814524,15
1.7280700084308687,False,88,2.1756485529753875,-0.44757854454451884,15
2.3853772152851382,False,89,1.7280700084308687,0.6573072068542696,15
1.7978884446507897,False,90,2.3853772152851382,-0.5874887706343486,15
1.5803332826718335,False,91,1.7978884446507897,-0.2175551619789562,15
2.1940364328107895,False,92,1.5803332826718335,0.613703150138956,15
2.3306413342469012,False,93,2.1940364328107895,0.1366049014361117,15
2.3159241071037484,False,94,2.3306413342469012,-0.014717227143152822,15
2.168939399525764,False,95,2.3159241071037484,-0.14698470757798443,15
2.483699646913757,False,96,2.168939399525764,0.3147602473879929,15
1.870537034865487,False,97,2.483699646913757,-0.6131626120482698,15
1.8209274050524522,False,98,1.870537034865487,-0.04960962981303485,15
2.441491921655476,False,99,1.8209274050524522,0.6205645166030238,15
2.0961383928751522,True,100,2.441491921655476,-0.34535352878032377,15
2.380314694141015,True,101,2.0961383928751522,0.2841763012658629,15
2.5686845470426043,True,102,2.380314694141015,0.18836985290158914,15
2.709250278151163,True,103,2.5686845470426043,0.14056573110855863,15
2.814246583980961,True,104,2.709250278151163,0.10499630582979824,15
3.0583968350180157,True,105,2.814246583980961,0.24415025103705457,15
3.197158705527064,True,106,3.0583968350180157,0.1387618705090481,15
3.37739737379277,True,107,3.197158705527064,0.180238668265706,15
3.6275581235502465,True,108,3.37739737379277,0.2501607497574767,15
3.7536458232942485,True,109,3.6275581235502465,0.1260876997440019,15
3.980092837184493,True,110,3.7536458232942485,0.22644701389024435,15
4.128976792583293,True,111,3.980092837184493,0.14888395539880017,15
4.272467524886801,True,112,4.128976792583293,0.1434907323035084,15
4.439163152178557,True,113,4.272467524886801,0.16669562729175524,15
4.592754448090518,True,114,4.439163152178557,0.1535912959119612,15
4.700985245385244,True,115,4.592754448090518,0.10823079729472607,15
5.033868563672761,True,116,4.700985245385244,0.33288331828751705,15
5.162460917601035,True,117,5.033868563672761,0.1285923539282745,15
5.254087632171041,True,118,5.162460917601035,0.0916267145700056,15
5.510294657682838,True,119,5.254087632171041,0.25620702551179697,15
5.620034285766943,True,120,5.510294657682838,0.10973962808410498,15
5.941721070844404,True,121,5.620034285766943,0.3216867850774614,15
6.038020352945316,True,122,5.941721070844404,0.09629928210091165,15
6.196659778302813,True,123,6.038020352945316,0.15863942535749675,15
6.4283077992785564,True,124,6.196659778302813,0.23164802097574366,15
6.499664863909714,True,125,6.4283077992785564,0.07135706463115721,15
6.818801426255201,True,126,6.499664863909714,0.31913656234548693,15
6.967810243098427,True,127,6.818801426255201,0.1490088168432262,15
7.0600801812344685,True,128,6.967810243098427,0.09226993813604167,15
7.257971122463584,True,129,7.0600801812344685,0.1978909412291152,15
7.502488914796878,True,130,7.257971122463584,0.24451779233329418,15
7.621858616418486,True,131,7.502488914796878,0.11936970162160776,15
7.743682391966438,True,132,7.621858616418486,0.1218237755479521,15
8.0699120902001,True,133,7.743682391966438,0.32622969823366255,15
8.191147670257628,True,134,8.0699120902001,0.12123558005752777,15
8.316200100496014,True,135,8.191147670257628,0.12505243023838553,15
8.554267491254901,True,136,8.316200100496014,0.2380673907588875,15
8.625811947087563,True,137,8.554267491254901,0.07154445583266167,15
8.770727031818039,True,138,8.625811947087563,0.1449150847304761,15
8.97243007639421,True,139,8.770727031818039,0.2017030445761705,15
9.201257606235952,True,140,8.97243007639421,0.22882752984174282,15
9.418525247643187,True,141,9.201257606235952,0.21726764140723454,15
9.521520103454053,True,142,9.418525247643187,0.10299485581086643,15
9.681802641233396,True,143,9.521520103454053,0.16028253777934331,15
9.999609495276042,True,144,9.681802641233396,0.3178068540426455,15
10.039784848518874,True,145,9.999609495276042,0.040175353242831946,15
10.219440923971165,True,146,10.039784848518874,0.17965607545229112,15
10.400028271995387,True,147,10.219440923971165,0.18058734802422194,15
10.721001752990366,True,148,10.400028271995387,0.32097348099497935,15
10.795593626757766,True,149,10.721001752990366,0.07459187376739962,15
11.001321806021318,True,150,10.795593626757766,0.20572817926355214,15
11.100604044994613,True,151,11.001321806021318,0.09928223897329502,15
11.275226269298336,True,152,11.100604044994613,0.17462222430372343,15
11.404523004095108,True,153,11.275226269298336,0.12929673479677106,15
11.709562439257777,True,154,11.404523004095108,0.3050394351626693,15
11.81793413607625,True,155,11.709562439257777,0.10837169681847314,15
12.015310460266166,True,156,11.81793413607625,0.19737632418991602,15
12.115522692580418,True,157,12.015310460266166,0.10021223231425225,15
12.41704700498132,True,158,12.115522692580418,0.30152431240090216,15
12.528894852673181,True,159,12.41704700498132,0.11184784769186074,15
12.755921183669589,True,160,12.528894852673181,0.22702633099640757,15
12.892965728708882,True,161,12.755921183669589,0.1370445450392932,15
13.08449562869829,True,162,12.892965728708882,0.1915298999894084,15
13.36752077587972,True,163,13.08449562869829,0.28302514718143,15
13.510379607356581,True,164,13.36752077587972,0.14285883147686107,15
13.599229217103781,True,165,13.510379607356581,0.08884960974720002,15
13.74374397879393,True,166,13.599229217103781,0.14451476169014832,15
13.96200528471509,True,167,13.74374397879393,0.21826130592116044,15
14.115214415252268,True,168,13.96200528471509,0.15320913053717788,15
14.435618740326065,True,169,14.115214415252268,0.3204043250737971,15
14.498727640577478,True,170,14.435618740326065,0.06310890025141269,15
14.767109091075165,True,171,14.498727640577478,0.2683814504976869,15
14.882721913215308,True,172,14.767109091075165,0.11561282214014312,15
15.013348624301328,True,173,14.882721913215308,0.13062671108601975,15
15.215256466375978,True,174,15.013348624301328,0.2019078420746503,15
15.495745355688154,True,175,15.215256466375978,0.28048888931217597,15
15.539686421440438,True,176,15.495745355688154,0.04394106575228385,15
15.839164295281401,True,177,15.539686421440438,0.2994778738409636,15
15.93296909261061,True,178,15.839164295281401,0.09380479732920932,15
16.168592628876286,True,179,15.93296909261061,0.23562353626567578,15
16.39857840475566,True,180,16.168592628876286,0.2299857758793742,15
16.44077691252325,True,181,16.39857840475566,0.0421985077675906,15
16.75002904750849,True,182,16.44077691252325,0.30925213498523973,15
16.78823428792433,True,183,16.75002904750849,0.03820524041583795,15
16.986186254857277,True,184,16.78823428792433,0.1979519669329477,15
17.16251315419877,True,185,16.986186254857277,0.17632689934149326,15
17.403622884535718,True,186,17.16251315419877,0.24110973033694805,15
17.625779214438474,True,187,17.403622884535718,0.2221563299027558,15
17.718222065552954,True,188,17.625779214438474,0.09244285111448036,15
17.894384873831225,True,189,17.718222065552954,0.1761628082782707,15
18.10561763386992,True,190,17.894384873831225,0.21123276003869407,15
18.255063186739314,True,191,18.10561763386992,0.14944555286939476,15
18.514984414498578,True,192,18.255063186739314,0.2599212277592642,15
18.621327138287974,True,193,18.514984414498578,0.10634272378939613,15
18.797705527530244,True,194,18.621327138287974,0.17637838924227012,15
18.948718308168534,True,195,18.797705527530244,0.1510127806382897,15
19.065120072814697,True,196,18.948718308168534,0.11640176464616303,15
19.302460023625496,True,197,19.065120072814697,0.2373399508107994,15
19.5048786808725,True,198,19.302460023625496,0.20241865724700503,15
19.73160654197103,True,199,19.5048786808725,0.22672786109852794,15
19.671755011214238,False,200,19.73160654197103,-0.059851530756791504,15
19.59864254450405,False,201,19.671755011214238,-0.07311246671018878,15
19.604875119751068,False,202,19.59864254450405,0.006232575247018701,15
19.577363088582025,False,203,19.604875119751068,-0.027512031169042217,15
19.656109235032822,False,204,19.577363088582025,0.07874614645079703,15
19.65702217547893,False,205,19.656109235032822,0.0009129404461063473,15
19.644785803491164,False,206,19.65702217547893,-0.012236371987764727,15
19.673016398110818,False,207,19.644785803491164,0.028230594619653715,15
19.65105102905665,False,208,19.673016398110818,-0.02196536905416835,15
19.564942363191317,False,209,19.65105102905665,-0.08610866586533206,15
19.56238079447492,False,210,19.564942363191317,-0.0025615687163984546,15
19.5317896338675,False,211,19.56238079447492,-0.03059116060741829,15
19.644442479750722,False,212,19.5317896338675,0.11265284588322189,15
19.574715001889814,False,213,19.644442479750722,-0.0697274778609085,15
19.53373770734814,False,214,19.574715001889814,-0.04097729454167265,15
19.656382216922626,False,215,19.53373770734814,0.12264450957448503,15
19.62201382338381,False,216,19.656382216922626,-0.03436839353881638,15
19.569231639672573,False,217,19.62201382338381,-0.052782183711236996,15
19.64950762447186,False,218,19.569231639672573,0.080275984799286,15
19.54998978306612,False,219,19.64950762447186,-0.0995178414057385,15
19.70402151548462,False,220,19.54998978306612,0.154031732418499,15
19.666145268172762,False,221,19.70402151548462,-0.037876247311857014,15
19.609050697963955,False,222,19.666145268172762,-0.05709457020880748,15
19.5480655940563,False,223,19.609050697963955,-0.06098510390765455,15
19.549403913207858,False,224,19.5480655940563,0.0013383191515572435,15
19.607979719445957,False,225,19.549403913207858,0.05857580623809966,15
19.612743095318734,False,226,19.607979719445957,0.004763375872776976,15
19.580358214550632,False,227,19.612743095318734,-0.03238488076810242,15
19.61527223696754,False,228,19.580358214550632,0.034914022416909773,15
19.684782825814356,False,229,19.61527223696754,0.06951058884681416,15
19.642187195502387,False,230,19.684782825814356,-0.042595630311968335,15
19.65672660976674,False,231,19.642187195502387,0.014539414264351791,15
19.53744202207814,False,232,19.65672660976674,-0.1192845876886004,15
19.648532350371866,False,233,19.53744202207814,0.11109032829372723,15
19.65261192874145,False,234,19.648532350371866,0.004079578369584169,15
19.59993883331255,False,235,19.65261192874145,-0.05267309542890075,15
19.687325586385164,False,236,19.59993883331255,0.08738675307261445,15
19.666243684718808,False,237,19.687325586385164,-0.021081901666356373,15
19.69248727141715,False,238,19.666243684718808,0.02624358669834237,15
19.644882399821526,False,239,19.69248727141715,-0.04760487159562388,15
19.657712968264182,False,240,19.644882399821526,0.012830568442655732,15
19.58541109867321,False,241,19.657712968264182,-0.07230186959097296,15
19.60836068460259,False,242,19.58541109867321,0.02294958592938201,15
19.650645280431966,False,243,19.60836068460259,0.042284595829375604,15
19.71751884214893,False,244,19.650645280431966,0.06687356171696379,15
19.66661225270177,False,245,19.71751884214893,-0.05090658944715898,15
19.618658052342315,False,246,19.66661225270177,-0.04795420035945597,15
19.580089017010803,False,247,19.618658052342315,-0.03856903533151268,15
19.6390034356298,False,248,19.580089017010803,0.05891441861899693,15
19.532862231041612,False,249,19.6390034356298,-0.10614120458818732,15
19.563894738750154,False,250,19.532862231041612,0.0310325077085416,15
19.73112894284255,False,251,19.563894738750154,0.1672342040923951,15
19.588103881092678,False,252,19.73112894284255,-0.14302506174987073,15
19.58745012883037,False,253,19.588103881092678,-0.0006537522623091263,15
19.665917006539402,False,254,19.58745012883037,0.07846687770903316,15
19.663103361479887,False,255,19.665917006539402,-0.0028136450595148688,15
19.67011627503684,False,256,19.663103361479887,0.007012913556952327,15
19.596444789643368,False,257,19.67011627503684,-0.07367148539347212,15
19.540455232908805,False,258,19.596444789643368,-0.05598955673456274,15
19.700337978892065,False,259,19.540455232908805,0.15988274598326058,15
19.657070084241724,False,260,19.700337978892065,-0.04326789465034153,15
19.678654627236554,False,261,19.657070084241724,0.021584542994830258,15
19.580221486566753,False,262,19.678654627236554,-0.09843314066980113,15
19.664850783106086,False,263,19.580221486566753,0.08462929653933315,15
19.641159382918335,False,264,19.664850783106086,-0.023691400187750844,15
19.580385030724962,False,265,19.641159382918335,-0.06077435219337346,15
19.53577135417915,False,266,19.580385030724962,-0.04461367654581139,15
19.54491669491146,False,267,19.53577135417915,0.009145340732310103,15
19.60371182030643,False,268,19.54491669491146,0.058795125394969006,15
19.729916561687528,False,269,19.60371182030643,0.12620474138109827,15
19.61163716450924,False,270,19.729916561687528,-0.11827939717828784,15
19.57726461981702,False,271,19.61163716450924,-0.034372544692221396,15
19.66359785036533,False,272,19.57726461981702,0.08633323054831266,15
19.616351576015298,False,273,19.66359785036533,-0.0472462743500337,15
19.636675038862325,False,274,19.616351576015298,0.020323462847027685,15
19.696328654250426,False,275,19.636675038862325,0.059653615388100434,15
19.68182963417647,False,276,19.696328654250426,-0.014499020073955649,15
19.68611956517796,False,277,19.68182963417647,0.004289931001490999,15
19.601776836041008,False,278,19.68611956517796,-0.08434272913695295,15
19.71088448556912,False,279,19.601776836041008,0.10910764952811292,15
19.659325627620923,False,280,19.71088448556912,-0.05155885794819781,15
19.674190994370186,False,281,19.659325627620923,0.01486536674926242,15
19.623759300489347,False,282,19.674190994370186,-0.05043169388083868,15
19.563166066526307,False,283,19.623759300489347,-0.06059323396303995,15
19.71436450700802,False,284,19.563166066526307,0.15119844048171416,15
19.538748019079243,False,285,19.71436450700802,-0.17561648792877804,15
19.578124911661412,False,286,19.538748019079243,0.03937689258216892,15
19.557560578969944,False,287,19.578124911661412,-0.020564332691467513,15
19.537649479978473,False,288,19.557560578969944,-0.019911098991471476,15
19.672037720171193,False,289,19.537649479978473,0.13438824019272033,15
19.647007522236752,False,290,19.672037720171193,-0.02503019793444139,15
19.574175335158778,False,291,19.647007522236752,-0.07283218707797445,15
19.647002344524537,False,292,19.574175335158778,0.07282700936575992,15
19.71572831950925,False,293,19.647002344524537,0.06872597498471222,15
19.571232679445924,False,294,19.71572831950925,-0.14449564006332594,15
19.605569413646077,False,295,19.571232679445924,0.03433673420015282,15
19.677403273266812,False,296,19.605569413646077,0.0718338596207353,15
19.611482701993108,False,297,19.677403273266812,-0.0659205712737041,15
19.547508161282103,False,298,19.611482701993108,-0.06397454071100483,15
19.711410852516593,False,299,19.547508161282103,0.1639026912344903,15
2.467168288510315,False,0,0.0,0.0,16
2.388532802147912,False,1,2.467168288510315,-0.07863548636240303,16
2.2116360196805958,False,2,2.388532802147912,-0.17689678246731644,16
2.123182608265572,False,3,2.2116360196805958,-0.08845341141502372,16
2.302134555277179,False,4,2.123182608265572,0.178951947011607,16
2.359414575925542,False,5,2.302134555277179,0.05728002064836302,16
2.3507960430746353,False,6,2.359414575925542,-0.008618532850906746,16
2.4064336653436897,False,7,2.3507960430746353,0.05563762226905444,16
1.6811861974676368,False,8,2.4064336653436897,-0.725247467876053,16
1.5802076747522427,False,9,1.6811861974676368,-0.10097852271539409,16
2.0023841715861463,False,10,1.5802076747522427,0.4221764968339037,16
2.106737054172299,False,11,2.0023841715861463,0.1043528825861526,16
1.9324495206741532,False,12,2.106737054172299,-0.17428753349814574,16
2.495164361080809,False,13,1.9324495206741532,0.562714840406656,16
1.9602094382311273,False,14,2.495164361080809,-0.5349549228496819,16
2.0343581473480095,False,15,1.9602094382311273,0.0741487091168822,16
2.2718242539076656,False,16,2.0343581473480095,0.23746610655965616,16
2.1906079524988753,False,17,2.2718242539076656,-0.08121630140879033,16
2.1705141477673897,False,18,2.1906079524988753,-0.020093804731485587,16
2.3375190702514486,False,19,2.1705141477673897,0.16700492248405885,16
2.1727840208566254,False,20,2.3375190702514486,-0.1647350493948232,16
2.221805901433549,False,21,2.1727840208566254,0.04902188057692358,16
2.0210578119918132,False,22,2.221805901433549,-0.20074808944173572,16
1.6084883523799673,False,23,2.0210578119918132,-0.4125694596118459,16
2.1648321215310786,False,24,1.6084883523799673,0.5563437691511113,16
2.291996417415638,False,25,2.1648321215310786,0.12716429588455958,16
2.276601169749136,False,26,2.291996417415638,-0.015395247666502243,16
2.065417747216682,False,27,2.276601169749136,-0.21118342253245403,16
1.6863245595239995,False,28,2.065417747216682,-0.3790931876926824,16
1.8106746056587495,False,29,1.6863245595239995,0.12435004613474998,16
1.9204909983938898,False,30,1.8106746056587495,0.10981639273514032,16
2.4147962170645934,False,31,1.9204909983938898,0.49430521867070354,16
1.6388802629755164,False,32,2.4147962170645934,-0.775915954089077,16
2.256984267358581,False,33,1.6388802629755164,0.6181040043830648,16
2.005065802259101,False,34,2.256984267358581,-0.2519184650994801,16
1.7129365300771238,False,35,2.005065802259101,-0.29212927218197726,16
1.6444261139496432,False,36,1.7129365300771238,-0.06851041612748054,16
1.9606261321967149,False,37,1.6444261139496432,0.31620001824707167,16
2.3168349519764133,False,38,1.9606261321967149,0.3562088197796984,16
2.4306173380784406,False,39,2.3168349519764133,0.11378238610202729,16
1.8241900632107384,False,40,2.4306173380784406,-0.6064272748677022,16
1.826681374153741,False,41,1.8241900632107384,0.0024913109430027003,16
1.7012558002823273,False,42,1.826681374153741,-0.12542557387141384,16
1.7798772488401702,False,43,1.7012558002823273,0.07862144855784292,16
2.085295824814813,False,44,1.7798772488401702,0.3054185759746426,16
1.8401080917087054,False,45,2.085295824814813,-0.24518773310610742,16
2.382903601524132,False,46,1.8401080917087054,0.5427955098154267,16
1.5286864003456886,False,47,2.382903601524132,-0.8542172011784435,16
1.6983892468554243,False,48,1.5286864003456886,0.16970284650973566,16
2.398971839007146,False,49,1.6983892468554243,0.7005825921517217,16
2.0824962959078706,False,50,2.398971839007146,-0.3164755430992754,16
2.238467687200114,False,51,2.0824962959078706,0.15597139129224358,16
2.202139017291274,False,52,2.238467687200114,-0.036328669908840094,16
2.0331875455671047,False,53,2.202139017291274,-0.16895147172416936,16
1.7848600744498526,False,54,2.0331875455671047,-0.24832747111725206,16
2.334759040616464,False,55,1.7848600744498526,0.5498989661666114,16
2.006704475074354,False,56,2.334759040616464,-0.3280545655421099,16
2.420678115382262,False,57,2.006704475074354,0.41397364030790795,16
1.616689910754125,False,58,2.420678115382262,-0.803988204628137,16
2.1238330411412085,False,59,1.616689910754125,0.5071431303870835,16
2.465526336602993,False,60,2.1238330411412085,0.3416932954617846,16
2.4099506900566485,False,61,2.465526336602993,-0.055575646546344615,16
2.4850307553112168,False,62,2.4099506900566485,0.07508006525456823,16
2.2491435563214495,False,63,2.4850307553112168,-0.2358871989897673,16
1.7259229780022003,False,64,2.2491435563214495,-0.5232205783192492,16
1.5792238422846023,False,65,1.7259229780022003,-0.14669913571759796,16
2.111264606233712,False,66,1.5792238422846023,0.5320407639491096,16
1.6139581232508429,False,67,2.111264606233712,-0.49730648298286906,16
2.2474138482211843,False,68,1.6139581232508429,0.6334557249703414,16
2.0893675512533907,False,69,2.2474138482211843,-0.1580462969677936,16
2.0687879725807496,False,70,2.0893675512533907,-0.02057957867264104,16
2.416618817407033,False,71,2.0687879725807496,0.34783084482628324,16
1.8367224495276622,False,72,2.416618817407033,-0.5798963678793707,16
2.163896161005345,False,73,1.8367224495276622,0.3271737114776827,16
2.1549387096587758,False,74,2.163896161005345,-0.008957451346569112,16
2.1122723462665545,False,75,2.1549387096587758,-0.042666363392221296,16
2.2039616444316463,False,76,2.1122723462665545,0.09168929816509186,16
2.4291940588265546,False,77,2.2039616444316463,0.22523241439490826,16
1.964626371847246,False,78,2.4291940588265546,-0.4645676869793085,16
1.7485828470763631,False,79,1.964626371847246,-0.21604352477088296,16
1.8336511732974023,False,80,1.7485828470763631,0.08506832622103921,16
1.7942468574469208,False,81,1.8336511732974023,-0.03940431585048154,16
2.240624522437693,False,82,1.7942468574469208,0.44637766499077225,16
2.0975881554640687,False,83,2.240624522437693,-0.14303636697362432,16
1.803122038548652,False,84,2.0975881554640687,-0.2944661169154168,16
1.5187379456732852,False,85,1.803122038548652,-0.2843840928753667,16
2.2570991880418574,False,86,1.5187379456732852,0.7383612423685721,16
2.25560891778441,False,87,2.2570991880418574,-0.0014902702574475235,16
1.7877932859601966,False,88,2.25560891778441,-0.46781563182421326,16
2.2882585233277126,False,89,1.7877932859601966,0.500465237367516,16
1.8090181642603456,False,90,2.2882585233277126,-0.47924035906736706,16
2.3836711160988893,False,91,1.8090181642603456,0.5746529518385437,16
1.732775525469917,False,92,2.3836711160988893,-0.6508955906289722,16
2.4541991996233525,False,93,1.732775525469917,0.7214236741534354,16
2.359104395297037,False,94,2.4541991996233525,-0.09509480432631534,16
1.7862728771038787,False,95,2.359104395297037,-0.5728315181931585,16
1.8572523707818869,False,96,1.7862728771038787,0.07097949367800815,16
2.376595745622254,False,97,1.8572523707818869,0.5193433748403673,16
2.20831094743007,False,98,2.376595745622254,-0.16828479819218423,16
1.9794358086270663,False,99,2.20831094743007,-0.2288751388030037,16
2.3272187071227872,True,100,1.9794358086270663,0.34778289849572097,16
2.552462365017064,True,101,2.3272187071227872,0.2252436578942767,16
2.6998715671643567,True,102,2.552462365017064,0.1474092021472928,16
2.9525479849881147,True,103,2.6998715671643567,0.25267641782375794,16
3.160795838114601,True,104,2.9525479849881147,0.20824785312648642,16
3.414525170375567,True,105,3.160795838114601,0.2537293322609657,16
3.745684292186505,True,106,3.414525170375567,0.3311591218109382,16
3.994894038558431,True,107,3.745684292186505,0.24920974637192606,16
4.17210612482382,True,108,3.994894038558431,0.17721208626538898,16
4.378093918677774,True,109,4.17210612482382,0.2059877938539536,16
4.681662957456938,True,110,4.378093918677774,0.3035690387791643,16
5.046326141562271,True,111,4.681662957456938,0.36466318410533294,16
5.278023242212574,True,112,5.046326141562271,0.2316971006503028,16
5.501049067987426,True,113,5.278023242212574,0.22302582577485275,16
5.732881393360957,True,114,5.501049067987426,0.2318323253735306,16
5.878521779187708,True,115,5.732881393360957,0.1456403858267512,16
6.183426332658434,True,116,5.878521779187708,0.30490455347072576,16
6.43515574847499,True,117,6.183426332658434,0.2517294158165564,16
6.64409417178125,True,118,6.43515574847499,0.20893842330625922,16
6.833303248081423,True,119,6.64409417178125,0.18920907630017325,16
7.182478390926055,True,120,6.833303248081423,0.3491751428446319,16
7.481269603312402,True,121,7.182478390926055,0.2987912123863472,16
7.651129931477643,True,122,7.481269603312402,0.16986032816524066,16
7.962844941040065,True,123,7.651129931477643,0.3117150095624224,16
8.183122179637325,True,124,7.962844941040065,0.22027723859725956,16
8.360346645572529,True,125,8.183122179637325,0.17722446593520402,16
8.6523493899256,True,126,8.360346645572529,0.2920027443530717,16
8.920863520994825,True,127,8.6523493899256,0.2685141310692245,16
9.130751217274188,True,128,8.920863520994825,0.2098876962793632,16
9.360412572771201,True,129,9.130751217274188,0.22966135549701328,16
9.614381258840611,True,130,9.360412572771201,0.2539686860694097,16
9.883352087755538,True,131,9.614381258840611,0.2689708289149273,16
10.119975905663305,True,132,9.883352087755538,0.2366238179077662,16
10.386693455500808,True,133,10.119975905663305,0.2667175498375034,16
10.606418439219278,True,134,10.386693455500808,0.2197249837184696,16
10.92426318404104,True,135,10.606418439219278,0.3178447448217625,16
11.239628775031907,True,136,10.92426318404104,0.3153655909908668,16
11.510080780288723,True,137,11.239628775031907,0.270452005256816,16
11.744010575622577,True,138,11.510080780288723,0.23392979533385372,16
11.830303360160782,True,139,11.744010575622577,0.08629278453820532,16
12.196203116130679,True,140,11.830303360160782,0.3658997559698971,16
12.374213079384669,True,141,12.196203116130679,0.17800996325398977,16
12.673644694731998,True,142,12.374213079384669,0.29943161534732887,16
12.970599966822132,True,143,12.673644694731998,0.29695527209013406,16
13.100883770646876,True,144,12.970599966822132,0.13028380382474403,16
13.462581057386526,True,145,13.100883770646876,0.3616972867396502,16
13.56171983607022,True,146,13.462581057386526,0.09913877868369347,16
13.84522067460738,True,147,13.56171983607022,0.2835008385371598,16
14.160104964894881,True,148,13.84522067460738,0.31488429028750176,16
14.395537214179408,True,149,14.160104964894881,0.23543224928452666,16
14.559630576606772,True,150,14.395537214179408,0.16409336242736394,16
14.847970626635345,True,151,14.559630576606772,0.2883400500285731,16
15.106325529527494,True,152,14.847970626635345,0.25835490289214924,16
15.37031011742803,True,153,15.106325529527494,0.263984587900536,16
15.580016643934181,True,154,15.37031011742803,0.2097065265061513,16
15.98265429029067,True,155,15.580016643934181,0.4026376463564887,16
16.251847980444307,True,156,15.98265429029067,0.2691936901536369,16
16.463326050039228,True,157,16.251847980444307,0.21147806959492144,16
16.601969220728297,True,158,16.463326050039228,0.13864317068906828,16
16.970699584011264,True,159,16.601969220728297,0.3687303632829675,16
17.189286448337835,True,160,16.970699584011264,0.21858686432657137,16
17.417453020795623,True,161,17.189286448337835,0.2281665724577877,16
17.62602356371559,True,162,17.417453020795623,0.20857054291996846,16
17.97741818690267,True,163,17.62602356371559,0.3513946231870797,16
18.105476485871346,True,164,17.97741818690267,0.12805829896867493,16
18.341301494901753,True,165,18.105476485871346,0.23582500903040682,16
18.60046042875533,True,166,18.341301494901753,0.2591589338535769,16
18.90457119425181,True,167,18.60046042875533,0.30411076549648186,16
19.009347931609064,True,168,18.90457119425181,0.1047767373572519,16
19.29010281392566,True,169,19.009347931609064,0.2807548823165966,16
19.66489419854944,True,170,19.29010281392566,0.37479138462378003,16
19.78566059284023,True,171,19.66489419854944,0.12076639429078995,16
20.0,False,172,19.78566059284023,0.21433940715976973,16
20.0,False,173,20.0,0.0,16
20.0,False,174,20.0,0.0,16
20.0,False,175,20.0,0.0,16
20.0,False,176,20.0,0.0,16
20.0,False,177,20.0,0.0,16
20.0,False,178,20.0,0.0,16
20.0,False,179,20.0,0.0,16
20.0,False,180,20.0,0.0,16
20.0,False,181,20.0,0.0,16
20.0,False,182,20.0,0.0,16
20.0,False,183,20.0,0.0,16
20.0,False,184,20.0,0.0,16
20.0,False,185,20.0,0.0,16
20.0,False,186,20.0,0.0,16
20.0,False,187,20.0,0.0,16
20.0,False,188,20.0,0.0,16
20.0,False,189,20.0,0.0,16
20.0,False,190,20.0,0.0,16
20.0,False,191,20.0,0.0,16
20.0,False,192,20.0,0.0,16
20.0,False,193,20.0,0.0,16
20.0,False,194,20.0,0.0,16
20.0,False,195,20.0,0.0,16
20.0,False,196,20.0,0.0,16
20.0,False,197,20.0,0.0,16
20.0,False,198,20.0,0.0,16
20.0,False,199,20.0,0.0,16
20.0,False,200,20.0,0.0,16
19.995528670650412,False,201,20.0,-0.00447132934958816,16
19.9137343080983,False,202,19.995528670650412,-0.08179436255211314,16
20.0,False,203,19.9137343080983,0.0862656919017013,16
20.0,False,204,20.0,0.0,16
19.95260245710067,False,205,20.0,-0.04739754289932918,16
19.92404940430664,False,206,19.95260245710067,-0.028553052794030975,16
19.905720690023916,False,207,19.92404940430664,-0.01832871428272398,16
20.0,False,208,19.905720690023916,0.09427930997608414,16
20.0,False,209,20.0,0.0,16
19.924336768890267,False,210,20.0,-0.07566323110973272,16
19.96930958636405,False,211,19.924336768890267,0.04497281747378423,16
19.95067934963104,False,212,19.96930958636405,-0.01863023673301001,16
20.0,False,213,19.95067934963104,0.049320650368958496,16
20.0,False,214,20.0,0.0,16
20.0,False,215,20.0,0.0,16
20.0,False,216,20.0,0.0,16
19.93773121849111,False,217,20.0,-0.062268781508890925,16
19.94773520956299,False,218,19.93773121849111,0.01000399107187988,16
19.91457219201083,False,219,19.94773520956299,-0.03316301755215889,16
20.0,False,220,19.91457219201083,0.08542780798916993,16
19.975272556811852,False,221,20.0,-0.024727443188147902,16
19.96176969346732,False,222,19.975272556811852,-0.01350286334453088,16
19.996047069497074,False,223,19.96176969346732,0.03427737602975256,16
19.952215527405503,False,224,19.996047069497074,-0.0438315420915707,16
19.968210056415508,False,225,19.952215527405503,0.015994529010004754,16
19.980455582313702,False,226,19.968210056415508,0.012245525898194387,16
20.0,False,227,19.980455582313702,0.019544417686297777,16
20.0,False,228,20.0,0.0,16
20.0,False,229,20.0,0.0,16
19.96681927422303,False,230,20.0,-0.033180725776968956,16
20.0,False,231,19.96681927422303,0.033180725776968956,16
19.98969796943938,False,232,20.0,-0.010302030560620068,16
19.987892342638144,False,233,19.98969796943938,-0.00180562680123586,16
20.0,False,234,19.987892342638144,0.012107657361855928,16
19.93764110026627,False,235,20.0,-0.062358899733730766,16
20.0,False,236,19.93764110026627,0.062358899733730766,16
19.97720373365459,False,237,20.0,-0.02279626634540932,16
19.91560882845041,False,238,19.97720373365459,-0.061594905204181316,16
20.0,False,239,19.91560882845041,0.08439117154959064,16
20.0,False,240,20.0,0.0,16
19.93720488216769,False,241,20.0,-0.06279511783230873,16
20.0,False,242,19.93720488216769,0.06279511783230873,16
20.0,False,243,20.0,0.0,16
19.980867051688854,False,244,20.0,-0.01913294831114598,16
20.0,False,245,19.980867051688854,0.01913294831114598,16
20.0,False,246,20.0,0.0,16
20.0,False,247,20.0,0.0,16
19.957548024792583,False,248,20.0,-0.04245197520741684,16
20.0,False,249,19.957548024792583,0.04245197520741684,16
20.0,False,250,20.0,0.0,16
20.0,False,251,20.0,0.0,16
19.927047062851162,False,252,20.0,-0.07295293714883755,16
19.990292517114554,False,253,19.927047062851162,0.06324545426339157,16
20.0,False,254,19.990292517114554,0.009707482885445984,16
20.0,False,255,20.0,0.0,16
19.989515137588164,False,256,20.0,-0.010484862411836104,16
19.922344733166447,False,257,19.989515137588164,-0.06717040442171651,16
20.0,False,258,19.922344733166447,0.07765526683355262,16
19.955237600781487,False,259,20.0,-0.04476239921851288,16
20.0,False,260,19.955237600781487,0.04476239921851288,16
20.0,False,261,20.0,0.0,16
19.998312482733233,False,262,20.0,-0.001687517266766747,16
20.0,False,263,19.998312482733233,0.001687517266766747,16
20.0,False,264,20.0,0.0,16
19.957331049211287,False,265,20.0,-0.04266895078871258,16
19.976924186073163,False,266,19.957331049211287,0.019593136861875138,16
19.9940240567652,False,267,19.976924186073163,0.01709987069203578,16
19.995956155902835,False,268,19.9940240567652,0.0019320991376368113,16
19.901731293383023,False,269,19.995956155902835,-0.09422486251981255,16
20.0,False,270,19.901731293383023,0.0982687066169774,16
19.96835110857707,False,271,20.0,-0.031648891422928926,16
19.973472994976294,False,272,19.96835110857707,0.0051218863992232855,16
19.977169844735425,False,273,19.973472994976294,0.003696849759130316,16
20.0,False,274,19.977169844735425,0.022830155264575325,16
19.952837071689423,False,275,20.0,-0.047162928310577,16
19.946176663712667,False,276,19.952837071689423,-0.006660407976756488,16
19.99013853650586,False,277,19.946176663712667,0.043961872793193635,16
19.988375189793665,False,278,19.99013853650586,-0.0017633467121953572,16
19.955308651957566,False,279,19.988375189793665,-0.03306653783609903,16
19.95810874516633,False,280,19.955308651957566,0.0028000932087657304,16
20.0,False,281,19.95810874516633,0.04189125483366851,16
19.943016484755844,False,282,20.0,-0.05698351524415557,16
20.0,False,283,19.943016484755844,0.05698351524415557,16
19.997835055027355,False,284,20.0,-0.0021649449726446335,16
20.0,False,285,19.997835055027355,0.0021649449726446335,16
20.0,False,286,20.0,0.0,16
20.0,False,287,20.0,0.0,16
20.0,False,288,20.0,0.0,16
20.0,False,289,20.0,0.0,16
20.0,False,290,20.0,0.0,16
19.908793770463923,False,291,20.0,-0.09120622953607693,16
20.0,False,292,19.908793770463923,0.09120622953607693,16
20.0,False,293,20.0,0.0,16
19.905328143801047,False,294,20.0,-0.09467185619895346,16
19.975247688541813,False,295,19.905328143801047,0.06991954474076678,16
19.982097180522086,False,296,19.975247688541813,0.006849491980272404,16
20.0,False,297,19.982097180522086,0.017902819477914278,16
20.0,False,298,20.0,0.0,16
19.958661485296478,False,299,20.0,-0.04133851470352212,16
1.5416017228302548,False,0,0.0,0.0,17
1.975628796801935,False,1,1.5416017228302548,0.4340270739716803,17
1.8884107675368398,False,2,1.975628796801935,-0.08721802926509525,17
2.0752572771657736,False,3,1.8884107675368398,0.1868465096289338,17
1.751532315190929,False,4,2.0752572771657736,-0.32372496197484457,17
1.822680405229114,False,5,1.751532315190929,0.0711480900381849,17
1.9826625372232232,False,6,1.822680405229114,0.15998213199410927,17
1.6472784937109317,False,7,1.9826625372232232,-0.33538404351229145,17
2.031220976510467,False,8,1.6472784937109317,0.38394248279953525,17
2.101738804481238,False,9,2.031220976510467,0.07051782797077122,17
1.799487461113606,False,10,2.101738804481238,-0.30225134336763215,17
1.5829628551227386,False,11,1.799487461113606,-0.21652460599086742,17
2.4409351854166688,False,12,1.5829628551227386,0.8579723302939302,17
1.8540159375380818,False,13,2.4409351854166688,-0.586919247878587,17
2.3326403044611506,False,14,1.8540159375380818,0.47862436692306876,17
1.665986632938501,False,15,2.3326403044611506,-0.6666536715226496,17
1.964286477755167,False,16,1.665986632938501,0.29829984481666605,17
1.7908007619116093,False,17,1.964286477755167,-0.17348571584355765,17
2.2938559478407017,False,18,1.7908007619116093,0.5030551859290924,17
1.7697685739766134,False,19,2.2938559478407017,-0.5240873738640883,17
2.400048467668781,False,20,1.7697685739766134,0.6302798936921676,17
1.9151677957996829,False,21,2.400048467668781,-0.4848806718690981,17
2.123412970238249,False,22,1.9151677957996829,0.20824517443856605,17
1.8327925239442893,False,23,2.123412970238249,-0.29062044629395967,17
1.9750162606887582,False,24,1.8327925239442893,0.14222373674446898,17
2.4667895757711555,False,25,1.9750162606887582,0.4917733150823973,17
2.0308979265604434,False,26,2.4667895757711555,-0.4358916492107121,17
2.140645210606352,False,27,2.0308979265604434,0.10974728404590861,17
2.233820867789242,False,28,2.140645210606352,0.09317565718288989,17
1.8957453129013666,False,29,2.233820867789242,-0.33807555488787533,17
1.508802653735652,False,30,1.8957453129013666,-0.3869426591657146,17
2.193805068278566,False,31,1.508802653735652,0.6850024145429141,17
1.8085304218585754,False,32,2.193805068278566,-0.38527464641999076,17
2.4955685537416263,False,33,1.8085304218585754,0.687038131883051,17
1.7144938108138712,False,34,2.4955685537416263,-0.7810747429277551,17
2.337959873529904,False,35,1.7144938108138712,0.6234660627160329,17
1.7263737073507046,False,36,2.337959873529904,-0.6115861661791995,17
2.2481022936693966,False,37,1.7263737073507046,0.521728586318692,17
2.0361852481039513,False,38,2.2481022936693966,-0.21191704556544533,17
1.9281336254736732,False,39,2.0361852481039513,-0.10805162263027812,17
2.382641870656527,False,40,1.9281336254736732,0.4545082451828537,17
1.6058838239671536,False,41,2.382641870656527,-0.7767580466893733,17
1.8484710476285109,False,42,1.6058838239671536,0.24258722366135732,17
1.5163738244865623,False,43,1.8484710476285109,-0.33209722314194856,17
2.2025227886906484,False,44,1.5163738244865623,0.6861489642040861,17
1.9031415516995587,False,45,2.2025227886906484,-0.29938123699108976,17
2.4521746780846074,False,46,1.9031415516995587,0.5490331263850488,17
1.51655953653255,False,47,2.4521746780846074,-0.9356151415520575,17
1.6669066446851581,False,48,1.51655953653255,0.1503471081526082,17
1.8569883381914765,False,49,1.6669066446851581,0.19008169350631832,17
2.348436268443694,False,50,1.8569883381914765,0.49144793025221745,17
1.7894425229493156,False,51,2.348436268443694,-0.5589937454943783,17
1.5174528330302348,False,52,1.7894425229493156,-0.2719896899190808,17
2.005753544420388,False,53,1.5174528330302348,0.48830071139015296,17
1.696360435253699,False,54,2.005753544420388,-0.30939310916668883,17
1.6584575924179539,False,55,1.696360435253699,-0.037902842835745076,17
2.0446525414988965,False,56,1.6584575924179539,0.38619494908094265,17
1.90519624680146,False,57,2.0446525414988965,-0.13945629469743648,17
1.656664099585706,False,58,1.90519624680146,-0.248532147215754,17
2.4900093548709648,False,59,1.656664099585706,0.8333452552852587,17
2.2403540525754204,False,60,2.4900093548709648,-0.24965530229554433,17
1.9742535232837555,False,61,2.2403540525754204,-0.26610052929166494,17
1.96156580839946,False,62,1.9742535232837555,-0.012687714884295431,17
2.219143003632629,False,63,1.96156580839946,0.25757719523316913,17
1.601507897507082,False,64,2.219143003632629,-0.6176351061255472,17
2.0312222925672887,False,65,1.601507897507082,0.4297143950602067,17
2.1736438705487164,False,66,2.0312222925672887,0.14242157798142774,17
1.6028921611070412,False,67,2.1736438705487164,-0.5707517094416752,17
2.2051913825184233,False,68,1.6028921611070412,0.602299221411382,17
1.8578719392208454,False,69,2.2051913825184233,-0.3473194432975779,17
1.8542727877031084,False,70,1.8578719392208454,-0.0035991515177369315,17
2.078868154043225,False,71,1.8542727877031084,0.22459536634011634,17
1.9030461534055858,False,72,2.078868154043225,-0.17582200063763898,17
2.479871093406914,False,73,1.9030461534055858,0.5768249400013281,17
1.8531996207550372,False,74,2.479871093406914,-0.6266714726518767,17
1.7235421078113857,False,75,1.8531996207550372,-0.12965751294365147,17
1.53321296749756,False,76,1.7235421078113857,-0.19032914031382564,17
2.3245847898653316,False,77,1.53321296749756,0.7913718223677715,17
1.565895535371073,False,78,2.3245847898653316,-0.7586892544942585,17
2.3817104769072572,False,79,1.565895535371073,0.8158149415361842,17
2.4759531471763414,False,80,2.3817104769072572,0.09424267026908417,17
2.1878563816935794,False,81,2.4759531471763414,-0.288096765482762,17
2.3953659390840216,False,82,2.1878563816935794,0.2075095573904422,17
2.1253433506149806,False,83,2.3953659390840216,-0.27002258846904104,17
1.9796864010570814,False,84,2.1253433506149806,-0.1456569495578992,17
1.5022030867032767,False,85,1.9796864010570814,-0.47748331435380464,17
2.224623424382206,False,86,1.5022030867032767,0.7224203376789293,17
1.9590163221210206,False,87,2.224623424382206,-0.26560710226118545,17
2.0770999687208143,False,88,1.9590163221210206,0.11808364659979365,17
2.1042366432200623,False,89,2.0770999687208143,0.02713667449924806,17
2.0601364221475382,False,90,2.1042366432200623,-0.04410022107252409,17
1.9414714195815743,False,91,2.0601364221475382,-0.1186650025659639,17
2.143155568062978,False,92,1.9414714195815743,0.2016841484814038,17
2.0292291377144327,False,93,2.143155568062978,-0.11392643034854544,17
2.3810620706736447,False,94,2.0292291377144327,0.35183293295921203,17
1.5768882286193504,False,95,2.3810620706736447,-0.8041738420542943,17
1.811220510239206,False,96,1.5768882286193504,0.23433228161985564,17
1.9150640385523396,False,97,1.811220510239206,0.10384352831313359,17
1.7377207786812043,False,98,1.9150640385523396,-0.1773432598711353,17
1.5899668006926388,False,99,1.7377207786812043,-0.1477539779885655,17
2.0690505066881255,True,100,1.5899668006926388,0.47908370599548666,17
2.3553287382612713,True,101,2.0690505066881255,0.2862782315731458,17
2.4881932229064114,True,102,2.3553287382612713,0.1328644846451401,17
2.691026794903989,True,103,2.4881932229064114,0.2028335719975778,17
2.687221296848622,True,104,2.691026794903989,-0.003805498055367007,17
2.8772931510935735,True,105,2.687221296848622,0.19007185424495132,17
3.0556388269584147,True,106,2.8772931510935735,0.17834567586484118,17
3.1557426895860234,True,107,3.0556388269584147,0.10010386262760873,17
3.3689438413894672,True,108,3.1557426895860234,0.2132011518034438,17
3.5205437047374777,True,109,3.3689438413894672,0.15159986334801046,17
3.743858179919723,True,110,3.5205437047374777,0.22331447518224534,17
3.813814924436463,True,111,3.743858179919723,0.06995674451674017,17
4.039980391945982,True,112,3.813814924436463,0.22616546750951905,17
4.015748300928723,True,113,4.039980391945982,-0.024232091017259094,17
4.278300928121784,True,114,4.015748300928723,0.2625526271930605,17
4.296813315155205,True,115,4.278300928121784,0.018512387033421618,17
4.592839478073775,True,116,4.296813315155205,0.29602616291856965,17
4.662973396299739,True,117,4.592839478073775,0.07013391822596393,17
4.816261184596258,True,118,4.662973396299739,0.15328778829651935,17
4.978077646851971,True,119,4.816261184596258,0.16181646225571278,17
4.987043585389508,True,120,4.978077646851971,0.008965938537537355,17
5.185805351584536,True,121,4.987043585389508,0.1987617661950276,17
5.349575806210983,True,122,5.185805351584536,0.16377045462644713,17
5.502914779542554,True,123,5.349575806210983,0.15333897333157065,17
5.653200877218691,True,124,5.502914779542554,0.15028609767613688,17
5.734146011185854,True,125,5.653200877218691,0.08094513396716341,17
5.8214296766535405,True,126,5.734146011185854,0.08728366546768651,17
5.961601162308241,True,127,5.8214296766535405,0.14017148565470094,17
6.171519355425051,True,128,5.961601162308241,0.2099181931168097,17
6.311114055504859,True,129,6.171519355425051,0.13959470007980812,17
6.522772784584495,True,130,6.311114055504859,0.21165872907963568,17
6.560524268964946,True,131,6.522772784584495,0.037751484380451394,17
6.838821134377286,True,132,6.560524268964946,0.2782968654123392,17
6.902263173456692,True,133,6.838821134377286,0.0634420390794066,17
7.042312180428881,True,134,6.902263173456692,0.14004900697218847,17
7.189209333710499,True,135,7.042312180428881,0.14689715328161856,17
7.323401261413597,True,136,7.189209333710499,0.13419192770309785,17
7.551355625221804,True,137,7.323401261413597,0.2279543638082071,17
7.696398428359563,True,138,7.551355625221804,0.14504280313775908,17
7.846697869568425,True,139,7.696398428359563,0.15029944120886185,17
7.935747270268631,True,140,7.846697869568425,0.08904940070020562,17
8.003601393704452,True,141,7.935747270268631,0.0678541234358212,17
8.101676703777494,True,142,8.003601393704452,0.09807531007304249,17
8.421807628081565,True,143,8.101676703777494,0.3201309243040704,17
8.567530818094017,True,144,8.421807628081565,0.14572319001245226,17
8.535014209312417,True,145,8.567530818094017,-0.03251660878160045,17
8.710452929034375,True,146,8.535014209312417,0.17543871972195824,17
8.826095573989772,True,147,8.710452929034375,0.11564264495539689,17
9.13522421968665,True,148,8.826095573989772,0.3091286456968785,17
9.110380563504526,True,149,9.13522421968665,-0.024843656182124363,17
9.25174515201273,True,150,9.110380563504526,0.14136458850820333,17
9.467424756333092,True,151,9.25174515201273,0.21567960432036237,17
9.561741386118193,True,152,9.467424756333092,0.09431662978510147,17
9.793767726464923,True,153,9.561741386118193,0.23202634034672975,17
9.802637296807685,True,154,9.793767726464923,0.008869570342762145,17
10.049366254124,True,155,9.802637296807685,0.24672895731631428,17
10.177711834714353,True,156,10.049366254124,0.12834558059035395,17
10.252967003087875,True,157,10.177711834714353,0.07525516837352164,17
10.362811635056966,True,158,10.252967003087875,0.10984463196909111,17
10.54114901971435,True,159,10.362811635056966,0.17833738465738413,17
10.795174705729902,True,160,10.54114901971435,0.2540256860155523,17
10.910496266300736,True,161,10.795174705729902,0.11532156057083398,17
11.139858146007557,True,162,10.910496266300736,0.2293618797068202,17
11.079536739317724,True,163,11.139858146007557,-0.0603214066898321,17
11.385590393365762,True,164,11.079536739317724,0.3060536540480374,17
11.446929685234556,True,165,11.385590393365762,0.06133929186879428,17
11.624924798237954,True,166,11.446929685234556,0.17799511300339788,17
11.764842868033439,True,167,11.624924798237954,0.1399180697954847,17
11.80453475385728,True,168,11.764842868033439,0.03969188582384042,17
12.049955467142468,True,169,11.80453475385728,0.24542071328518844,17
12.256851904438474,True,170,12.049955467142468,0.20689643729600604,17
12.375286100540904,True,171,12.256851904438474,0.11843419610243089,17
12.418702020377205,True,172,12.375286100540904,0.04341591983630089,17
12.659168092059451,True,173,12.418702020377205,0.24046607168224554,17
12.715259284726702,True,174,12.659168092059451,0.05609119266725138,17
12.922068592107728,True,175,12.715259284726702,0.20680930738102532,17
13.063192956024173,True,176,12.922068592107728,0.141124363916445,17
13.080311352244744,True,177,13.063192956024173,0.017118396220570986,17
13.32006376063104,True,178,13.080311352244744,0.23975240838629652,17
13.344172087815325,True,179,13.32006376063104,0.024108327184285017,17
13.542169084316978,True,180,13.344172087815325,0.1979969965016526,17
13.703000956516133,True,181,13.542169084316978,0.1608318721991555,17
13.951229683046202,True,182,13.703000956516133,0.2482287265300691,17
14.001723983366588,True,183,13.951229683046202,0.05049430032038593,17
14.10378610634249,True,184,14.001723983366588,0.10206212297590156,17
14.408450231962227,True,185,14.10378610634249,0.30466412561973755,17
14.431734929443131,True,186,14.408450231962227,0.02328469748090356,17
14.506504072772314,True,187,14.431734929443131,0.07476914332918305,17
14.727786473383913,True,188,14.506504072772314,0.22128240061159943,17
14.87953390693638,True,189,14.727786473383913,0.15174743355246711,17
15.028373285887382,True,190,14.87953390693638,0.14883937895100097,17
15.171506728967604,True,191,15.028373285887382,0.14313344308022202,17
15.415209930348784,True,192,15.171506728967604,0.24370320138118018,17
15.501100786948628,True,193,15.415209930348784,0.08589085659984441,17
15.616515711712808,True,194,15.501100786948628,0.11541492476417936,17
15.745043298660638,True,195,15.616515711712808,0.12852758694783084,17
15.88178919163654,True,196,15.745043298660638,0.13674589297590245,17
16.065411100746648,True,197,15.88178919163654,0.18362190911010678,17
16.25756834550731,True,198,16.065411100746648,0.19215724476066143,17
16.463021800634785,True,199,16.25756834550731,0.2054534551274756,17
16.448739563363702,False,200,16.463021800634785,-0.014282237271082465,17
16.500344843621708,False,201,16.448739563363702,0.05160528025800559,17
16.345472333262663,False,202,16.500344843621708,-0.15487251035904492,17
16.486149143516613,False,203,16.345472333262663,0.14067681025395018,17
16.513598776653755,False,204,16.486149143516613,0.02744963313714166,17
16.43246863867505,False,205,16.513598776653755,-0.08113013797870394,17
16.49541973913126,False,206,16.43246863867505,0.06295110045621044,17
16.385797977641275,False,207,16.49541973913126,-0.10962176148998637,17
16.357666793714664,False,208,16.385797977641275,-0.02813118392661096,17
16.374405102523646,False,209,16.357666793714664,0.016738308808982083,17
16.507973811018307,False,210,16.374405102523646,0.13356870849466063,17
16.41575504633287,False,211,16.507973811018307,-0.09221876468543755,17
16.514002031371863,False,212,16.41575504633287,0.09824698503899398,17
16.48441608126818,False,213,16.514002031371863,-0.0295859501036837,17
16.461245349899027,False,214,16.48441608126818,-0.023170731369152264,17
16.473187435523496,False,215,16.461245349899027,0.011942085624468746,17
16.361376171176182,False,216,16.473187435523496,-0.11181126434731326,17
16.384558801691597,False,217,16.361376171176182,0.02318263051541436,17
16.344014928449017,False,218,16.384558801691597,-0.04054387324258002,17
16.362632143066882,False,219,16.344014928449017,0.018617214617865585,17
16.393826849807503,False,220,16.362632143066882,0.03119470674062086,17
16.35185796955484,False,221,16.393826849807503,-0.04196888025266432,17
16.33840492252483,False,222,16.35185796955484,-0.013453047030008491,17
16.40190485179955,False,223,16.33840492252483,0.06349992927471959,17
16.462776208004897,False,224,16.40190485179955,0.06087135620534667,17
16.397763770590572,False,225,16.462776208004897,-0.06501243741432461,17
16.32830173239507,False,226,16.397763770590572,-0.06946203819550334,17
16.340216824350076,False,227,16.32830173239507,0.011915091955007284,17
16.434692472394488,False,228,16.340216824350076,0.094475648044412,17
16.417609043816718,False,229,16.434692472394488,-0.01708342857777012,17
16.3405504825447,False,230,16.417609043816718,-0.07705856127201827,17
16.3302404470514,False,231,16.3405504825447,-0.010310035493301228,17
16.391390159762746,False,232,16.3302404470514,0.06114971271134806,17
16.44178845077625,False,233,16.391390159762746,0.05039829101350435,17
16.33058302851399,False,234,16.44178845077625,-0.11120542226226249,17
16.417972549833735,False,235,16.33058302851399,0.08738952131974642,17
16.398201274541776,False,236,16.417972549833735,-0.019771275291958545,17
16.374842544976744,False,237,16.398201274541776,-0.023358729565032377,17
16.51542628532701,False,238,16.374842544976744,0.14058374035026588,17
16.36026084545992,False,239,16.51542628532701,-0.15516543986709053,17
16.33605068844443,False,240,16.36026084545992,-0.024210157015488676,17
16.38695245491342,False,241,16.33605068844443,0.05090176646898925,17
16.49563698633877,False,242,16.38695245491342,0.10868453142535017,17
16.464825773411533,False,243,16.49563698633877,-0.030811212927236653,17
16.495049513374063,False,244,16.464825773411533,0.030223739962529805,17
16.51225135535227,False,245,16.495049513374063,0.01720184197820629,17
16.372456561452147,False,246,16.51225135535227,-0.13979479390012273,17
16.49737437214286,False,247,16.372456561452147,0.1249178106907145,17
16.47281774982286,False,248,16.49737437214286,-0.02455662232000222,17
16.366756955626165,False,249,16.47281774982286,-0.10606079419669356,17
16.41550916277604,False,250,16.366756955626165,0.048752207149874494,17
16.335429734987965,False,251,16.41550916277604,-0.08007942778807475,17
16.374549908889627,False,252,16.335429734987965,0.03912017390166156,17
16.490226315216084,False,253,16.374549908889627,0.11567640632645748,17
16.410308582746296,False,254,16.490226315216084,-0.07991773246978795,17
16.33001561299467,False,255,16.410308582746296,-0.08029296975162481,17
16.34643762759317,False,256,16.33001561299467,0.016422014598497015,17
16.34006311853743,False,257,16.34643762759317,-0.006374509055738997,17
16.446104640995472,False,258,16.34006311853743,0.10604152245804244,17
16.380970535281612,False,259,16.446104640995472,-0.06513410571385947,17
16.337964186503456,False,260,16.380970535281612,-0.04300634877815668,17
16.370101851206705,False,261,16.337964186503456,0.03213766470324941,17
16.33391682202836,False,262,16.370101851206705,-0.03618502917834476,17
16.349478173033305,False,263,16.33391682202836,0.015561351004944157,17
16.433481454857812,False,264,16.349478173033305,0.08400328182450778,17
16.328056692806424,False,265,16.433481454857812,-0.1054247620513884,17
16.33825751664884,False,266,16.328056692806424,0.010200823842417606,17
16.323652351561858,False,267,16.33825751664884,-0.014605165086983618,17
16.41758116020619,False,268,16.323652351561858,0.09392880864433195,17
16.49090167120433,False,269,16.41758116020619,0.07332051099814052,17
16.324420693221914,False,270,16.49090167120433,-0.1664809779824168,17
16.441555699795536,False,271,16.324420693221914,0.11713500657362275,17
16.318205848952786,False,272,16.441555699795536,-0.12334985084275019,17
16.393795618909454,False,273,16.318205848952786,0.07558976995666811,17
16.49811131650539,False,274,16.393795618909454,0.10431569759593629,17
16.468167126808495,False,275,16.49811131650539,-0.02994418969689505,17
16.357167271234754,False,276,16.468167126808495,-0.11099985557374126,17
16.48701825020517,False,277,16.357167271234754,0.12985097897041697,17
16.46101209792377,False,278,16.48701825020517,-0.026006152281400574,17
16.390947104990307,False,279,16.46101209792377,-0.0700649929334638,17
16.45824693411606,False,280,16.390947104990307,0.06729982912575494,17
16.438494262824847,False,281,16.45824693411606,-0.01975267129121505,17
16.32311053339482,False,282,16.438494262824847,-0.11538372943002528,17
16.487063647684863,False,283,16.32311053339482,0.16395311429004167,17
16.51757612457941,False,284,16.487063647684863,0.030512476894546836,17
16.472916207935054,False,285,16.51757612457941,-0.0446599166443562,17
16.49663321012121,False,286,16.472916207935054,0.023717002186156577,17
16.360068917731343,False,287,16.49663321012121,-0.1365642923898669,17
16.383790962302502,False,288,16.360068917731343,0.023722044571158563,17
16.515015167373022,False,289,16.383790962302502,0.13122420507052013,17
16.428174887617722,False,290,16.515015167373022,-0.08684027975530029,17
16.488664345278675,False,291,16.428174887617722,0.06048945766095315,17
16.45718668289565,False,292,16.488664345278675,-0.03147766238302552,17
16.49491627000134,False,293,16.45718668289565,0.037729587105690854,17
16.345213783775822,False,294,16.49491627000134,-0.14970248622551807,17
16.49963283305681,False,295,16.345213783775822,0.15441904928098893,17
16.346578336492364,False,296,16.49963283305681,-0.15305449656444736,17
16.476844813887052,False,297,16.346578336492364,0.130266477394688,17
16.352337071113134,False,298,16.476844813887052,-0.1245077427739183,17
16.36121091974324,False,299,16.352337071113134,0.008873848630106096,17
1.5442906582267206,False,0,0.0,0.0,18
2.455908514245335,False,1,1.5442906582267206,0.9116178560186146,18
1.7722917290002294,False,2,2.455908514245335,-0.6836167852451058,18
2.305203578174468,False,3,1.7722917290002294,0.5329118491742386,18
2.2618199145481386,False,4,2.305203578174468,-0.043383663626329394,18
1.520166392457095,False,5,2.2618199145481386,-0.7416535220910436,18
2.3267172743756506,False,6,1.520166392457095,0.8065508819185556,18
2.280560173359059,False,7,2.3267172743756506,-0.04615710101659154,18
2.0667000104599604,False,8,2.280560173359059,-0.2138601628990986,18
1.649302630700833,False,9,2.0667000104599604,-0.4173973797591275,18
2.3448274457787655,False,10,1.649302630700833,0.6955248150779325,18
1.6504452815119826,False,11,2.3448274457787655,-0.6943821642667829,18
1.6714872623926524,False,12,1.6504452815119826,0.021041980880669886,18
2.1861726713996186,False,13,1.6714872623926524,0.5146854090069661,18
1.7595750489612199,False,14,2.1861726713996186,-0.4265976224383987,18
1.8380002608892558,False,15,1.7595750489612199,0.07842521192803598,18
1.7613167222120474,False,16,1.8380002608892558,-0.07668353867720845,18
2.1672973766719545,False,17,1.7613167222120474,0.40598065445990716,18
1.9412840177430788,False,18,2.1672973766719545,-0.22601335892887575,18
2.4134313734704804,False,19,1.9412840177430788,0.47214735572740163,18
2.0845987285321526,False,20,2.4134313734704804,-0.32883264493832787,18
1.7154162997420042,False,21,2.0845987285321526,-0.3691824287901484,18
1.534223986882333,False,22,1.7154162997420042,-0.18119231285967108,18
2.451043859193598,False,23,1.534223986882333,0.9168198723112648,18
1.617418602261706,False,24,2.451043859193598,-0.8336252569318918,18
2.377305316780423,False,25,1.617418602261706,0.7598867145187169,18
1.5210939167753423,False,26,2.377305316780423,-0.8562114000050807,18
2.4298250107006956,False,27,1.5210939167753423,0.9087310939253532,18
2.0497499774736707,False,28,2.4298250107006956,-0.38007503322702485,18
2.10343181512525,False,29,2.0497499774736707,0.0536818376515793,18
2.089941472480744,False,30,2.10343181512525,-0.013490342644506104,18
2.1074219745273846,False,31,2.089941472480744,0.017480502046640645,18
1.982478819917067,False,32,2.1074219745273846,-0.12494315461031746,18
1.7938229067557754,False,33,1.982478819917067,-0.1886559131612917,18
2.49194976404361,False,34,1.7938229067557754,0.6981268572878347,18
2.022993562748716,False,35,2.49194976404361,-0.468956201294894,18
2.2181994940957845,False,36,2.022993562748716,0.19520593134706843,18
2.090493884421497,False,37,2.2181994940957845,-0.12770560967428768,18
1.7372285255617852,False,38,2.090493884421497,-0.35326535885971166,18
1.647844668630357,False,39,1.7372285255617852,-0.08938385693142825,18
2.2516544050657035,False,40,1.647844668630357,0.6038097364353465,18
1.8463379403076285,False,41,2.2516544050657035,-0.4053164647580749,18
1.6309287712944789,False,42,1.8463379403076285,-0.21540916901314966,18
2.497259986836059,False,43,1.6309287712944789,0.8663312155415803,18
2.126124227940084,False,44,2.497259986836059,-0.37113575889597517,18
1.927405934767094,False,45,2.126124227940084,-0.19871829317299006,18
2.1742279300773055,False,46,1.927405934767094,0.24682199531021154,18
2.3566632872719824,False,47,2.1742279300773055,0.18243535719467685,18
2.287861010313631,False,48,2.3566632872719824,-0.06880227695835117,18
2.2821406060284395,False,49,2.287861010313631,-0.005720404285191716,18
2.48520993950966,False,50,2.2821406060284395,0.20306933348122058,18
2.281612367582899,False,51,2.48520993950966,-0.20359757192676087,18
1.8274828849841636,False,52,2.281612367582899,-0.45412948259873565,18
2.180258535035202,False,53,1.8274828849841636,0.3527756500510386,18
2.2143317815577745,False,54,2.180258535035202,0.034073246522572376,18
2.24968047119012,False,55,2.2143317815577745,0.03534868963234539,18
1.5798591287420374,False,56,2.24968047119012,-0.6698213424480826,18
1.8072897205021112,False,57,1.5798591287420374,0.22743059176007385,18
2.280469365282686,False,58,1.8072897205021112,0.4731796447805747,18
1.6085945547014844,False,59,2.280469365282686,-0.6718748105812016,18
1.653672467164542,False,60,1.6085945547014844,0.04507791246305759,18
2.4215613736520902,False,61,1.653672467164542,0.7678889064875483,18
1.8114034515546655,False,62,2.4215613736520902,-0.6101579220974247,18
2.494890207873187,False,63,1.8114034515546655,0.6834867563185214,18
1.957443068437301,False,64,2.494890207873187,-0.537447139435886,18
1.576630669148583,False,65,1.957443068437301,-0.380812399288718,18
1.7587678164872298,False,66,1.576630669148583,0.18213714733864683,18
1.6448419919210235,False,67,1.7587678164872298,-0.11392582456620626,18
1.8570154170533513,False,68,1.6448419919210235,0.21217342513232773,18
1.7644738844527648,False,69,1.8570154170533513,-0.0925415326005865,18
1.928046377279109,False,70,1.7644738844527648,0.16357249282634423,18
2.385862806013269,False,71,1.928046377279109,0.45781642873415995,18
2.4356890445402346,False,72,2.385862806013269,0.04982623852696566,18
1.9575459378238458,False,73,2.4356890445402346,-0.4781431067163888,18
1.8555395065048716,False,74,1.9575459378238458,-0.10200643131897413,18
1.7428447008566086,False,75,1.8555395065048716,-0.11269480564826306,18
2.1836552724497125,False,76,1.7428447008566086,0.4408105715931039,18
2.1885656650496497,False,77,2.1836552724497125,0.004910392599937197,18
2.367507695834713,False,78,2.1885656650496497,0.17894203078506354,18
1.8761461490846374,False,79,2.367507695834713,-0.4913615467500758,18
2.391789283087538,False,80,1.8761461490846374,0.5156431340029006,18
1.98475096206298,False,81,2.391789283087538,-0.40703832102455806,18
2.0210908813184534,False,82,1.98475096206298,0.03633991925547342,18
1.8793602924363317,False,83,2.0210908813184534,-0.14173058888212164,18
1.9150320330309434,False,84,1.8793602924363317,0.035671740594611645,18
1.8478715461997266,False,85,1.9150320330309434,-0.06716048683121678,18
2.1706428349673432,False,86,1.8478715461997266,0.3227712887676166,18
1.775308643867421,False,87,2.1706428349673432,-0.3953341910999222,18
1.88388902185287,False,88,1.775308643867421,0.10858037798544906,18
1.9978815038191948,False,89,1.88388902185287,0.11399248196632472,18
1.597779205459626,False,90,1.9978815038191948,-0.4001022983595688,18
2.4865295356551558,False,91,1.597779205459626,0.8887503301955297,18
2.189034135383453,False,92,2.4865295356551558,-0.29749540027170296,18
1.521524572454911,False,93,2.189034135383453,-0.6675095629285419,18
1.6479779961435694,False,94,1.521524572454911,0.12645342368865853,18
2.0438803808895996,False,95,1.6479779961435694,0.3959023847460301,18
1.6798552444076944,False,96,2.0438803808895996,-0.36402513648190515,18
2.2810038264867147,False,97,1.6798552444076944,0.6011485820790203,18
1.8433054735328964,False,98,2.2810038264867147,-0.4376983529538183,18
1.6380891654038998,False,99,1.8433054735328964,-0.2052163081289966,18
1.9850814736095135,True,100,1.6380891654038998,0.34699230820561366,18
2.131221315748992,True,101,1.9850814736095135,0.1461398421394784,18
2.2319966710034094,True,102,2.131221315748992,0.1007753552544175,18
2.24518278142707,True,103,2.2319966710034094,0.01318611042366058,18
2.3871349223190266,True,104,2.24518278142707,0.14195214089195662,18
2.4020103935519974,True,105,2.3871349223190266,0.014875471232970838,18
2.489977364804508,True,106,2.4020103935519974,0.08796697125251063,18
2.4556057938967877,True,107,2.489977364804508,-0.03437157090772036,18
2.6321617081213002,True,108,2.4556057938967877,0.17655591422451256,18
2.5479131047339423,True,109,2.6321617081213002,-0.08424860338735796,18
2.7406868905085124,True,110,2.5479131047339423,0.19277378577457016,18
2.7225510168289584,True,111,2.7406868905085124,-0.01813587367955405,18
2.722345524301445,True,112,2.7225510168289584,-0.0002054925275132291,18
2.86003978064653,True,113,2.722345524301445,0.13769425634508492,18
2.8669699796447796,True,114,2.86003978064653,0.006930198998249537,18
2.9173961139106503,True,115,2.8669699796447796,0.050426134265870726,18
3.1251081197043775,True,116,2.9173961139106503,0.20771200579372717,18
3.1590543250950454,True,117,3.1251081197043775,0.03394620539066784,18
3.113447317443732,True,118,3.1590543250950454,-0.045607007651313314,18
3.2050454659559175,True,119,3.113447317443732,0.0915981485121855,18
3.2439147940197044,True,120,3.2050454659559175,0.038869328063786845,18
3.2786867757238896,True,121,3.2439147940197044,0.03477198170418516,18
3.4101272871597907,True,122,3.2786867757238896,0.1314405114359012,18
3.3752885156952157,True,123,3.4101272871597907,-0.034838771464575036,18
3.601263820599539,True,124,3.3752885156952157,0.22597530490432316,18
3.4587946600992714,True,125,3.601263820599539,-0.14246916050026748,18
3.5571890442660514,True,126,3.4587946600992714,0.09839438416678004,18
3.6199192051836717,True,127,3.5571890442660514,0.06273016091762029,18
3.6576962375582474,True,128,3.6199192051836717,0.037777032374575636,18
3.804875382632955,True,129,3.6576962375582474,0.14717914507470775,18
3.9280516542650417,True,130,3.804875382632955,0.12317627163208655,18
4.014271095900314,True,131,3.9280516542650417,0.08621944163527262,18
4.010779076798662,True,132,4.014271095900314,-0.0034920191016523106,18
4.020774310235039,True,133,4.010779076798662,0.009995233436376871,18
4.031013253158856,True,134,4.020774310235039,0.01023894292381744,18
4.1301455143427,True,135,4.031013253158856,0.09913226118384344,18
4.206621621783746,True,136,4.1301455143427,0.07647610744104671,18
4.288741761076977,True,137,4.206621621783746,0.08212013929323092,18
4.355853430125078,True,138,4.288741761076977,0.06711166904810106,18
4.325330136302486,True,139,4.355853430125078,-0.030523293822592557,18
4.3920789074099105,True,140,4.325330136302486,0.06674877110742461,18
4.435221308875622,True,141,4.3920789074099105,0.0431424014657118,18
4.524769626877019,True,142,4.435221308875622,0.08954831800139651,18
4.666744733739885,True,143,4.524769626877019,0.14197510686286652,18
4.7031012074703575,True,144,4.666744733739885,0.03635647373047224,18
4.770571649536652,True,145,4.7031012074703575,0.06747044206629482,18
4.857543088411853,True,146,4.770571649536652,0.08697143887520031,18
4.799423665309957,True,147,4.857543088411853,-0.05811942310189533,18
4.885743464816891,True,148,4.799423665309957,0.08631979950693403,18
4.9407943721482805,True,149,4.885743464816891,0.055050907331389176,18
5.010427771130886,True,150,4.9407943721482805,0.06963339898260568,18
5.024855964557337,True,151,5.010427771130886,0.01442819342645052,18
5.109704290092122,True,152,5.024855964557337,0.08484832553478494,18
5.2221786155813135,True,153,5.109704290092122,0.11247432548919178,18
5.232441257628449,True,154,5.2221786155813135,0.01026264204713545,18
5.43163012446879,True,155,5.232441257628449,0.1991888668403412,18
5.403232365604591,True,156,5.43163012446879,-0.02839775886419904,18
5.34232252522059,True,157,5.403232365604591,-0.06090984038400116,18
5.45669542188862,True,158,5.34232252522059,0.11437289666802997,18
5.600736516141627,True,159,5.45669542188862,0.14404109425300682,18
5.611029739156205,True,160,5.600736516141627,0.010293223014578246,18
5.56048359093625,True,161,5.611029739156205,-0.05054614821995518,18
5.648329463585157,True,162,5.56048359093625,0.08784587264890753,18
5.767688856511689,True,163,5.648329463585157,0.11935939292653153,18
5.906715724826509,True,164,5.767688856511689,0.13902686831482036,18
5.849597830415723,True,165,5.906715724826509,-0.057117894410786185,18
5.972169156424611,True,166,5.849597830415723,0.12257132600888809,18
5.928739030309096,True,167,5.972169156424611,-0.04343012611551522,18
6.021461921271152,True,168,5.928739030309096,0.09272289096205633,18
6.225740314413442,True,169,6.021461921271152,0.2042783931422898,18
6.2408205543755075,True,170,6.225740314413442,0.015080239962065534,18
6.170773714057403,True,171,6.2408205543755075,-0.07004684031810449,18
6.318550002247982,True,172,6.170773714057403,0.1477762881905793,18
6.2716595480896755,True,173,6.318550002247982,-0.04689045415830684,18
6.470996550302557,True,174,6.2716595480896755,0.1993370022128813,18
6.489507518159263,True,175,6.470996550302557,0.018510967856705918,18
6.443654977042437,True,176,6.489507518159263,-0.04585254111682602,18
6.560903368713456,True,177,6.443654977042437,0.11724839167101919,18
6.752586692947125,True,178,6.560903368713456,0.19168332423366952,18
6.797038469919025,True,179,6.752586692947125,0.044451776971899726,18
6.831930928083581,True,180,6.797038469919025,0.03489245816455622,18
6.830938439978973,True,181,6.831930928083581,-0.000992488104608391,18
6.979768087267981,True,182,6.830938439978973,0.14882964728900827,18
7.055672245865863,True,183,6.979768087267981,0.07590415859788191,18
7.018942174483929,True,184,7.055672245865863,-0.036730071381934515,18
7.104721202333454,True,185,7.018942174483929,0.08577902784952496,18
7.099570661148608,True,186,7.104721202333454,-0.005150541184845814,18
7.299905303614328,True,187,7.099570661148608,0.20033464246572041,18
7.379853625473767,True,188,7.299905303614328,0.07994832185943856,18
7.39439955183978,True,189,7.379853625473767,0.014545926366013262,18
7.436117755256776,True,190,7.39439955183978,0.041718203416995614,18
7.379393148304761,True,191,7.436117755256776,-0.05672460695201487,18
7.554855891978293,True,192,7.379393148304761,0.1754627436735321,18
7.596224983253077,True,193,7.554855891978293,0.04136909127478372,18
7.743389020859408,True,194,7.596224983253077,0.14716403760633145,18
7.680005069288223,True,195,7.743389020859408,-0.06338395157118537,18
7.750460779169102,True,196,7.680005069288223,0.07045570988087935,18
7.794815009151299,True,197,7.750460779169102,0.04435422998219707,18
8.018693798485993,True,198,7.794815009151299,0.22387878933469363,18
8.096415056760904,True,199,8.018693798485993,0.07772125827491116,18
7.988778306529003,False,200,8.096415056760904,-0.10763675023190089,18
7.961626892509378,False,201,7.988778306529003,-0.02715141401962473,18
8.012339491650305,False,202,7.961626892509378,0.05071259914092696,18
7.911402720044844,False,203,8.012339491650305,-0.10093677160546122,18
7.972934267096073,False,204,7.911402720044844,0.06153154705122876,18
7.930503933660966,False,205,7.972934267096073,-0.042430333435106604,18
7.985690399383407,False,206,7.930503933660966,0.055186465722441014,18
8.08474600342869,False,207,7.985690399383407,0.09905560404528213,18
7.979525474162703,False,208,8.08474600342869,-0.10522052926598668,18
7.921376252761315,False,209,7.979525474162703,-0.05814922140138723,18
8.028209881810849,False,210,7.921376252761315,0.10683362904953331,18
8.085917841537311,False,211,8.028209881810849,0.05770795972646248,18
7.971138331348305,False,212,8.085917841537311,-0.11477951018900612,18
7.946433843910331,False,213,7.971138331348305,-0.024704487437974265,18
7.907396103203255,False,214,7.946433843910331,-0.03903774070707566,18
8.005390870234057,False,215,7.907396103203255,0.09799476703080234,18
8.088633334669185,False,216,8.005390870234057,0.08324246443512706,18
8.005574230422802,False,217,8.088633334669185,-0.08305910424638263,18
8.013344617791182,False,218,8.005574230422802,0.007770387368379872,18
8.066843871314193,False,219,8.013344617791182,0.05349925352301099,18
7.973387096113027,False,220,8.066843871314193,-0.09345677520116613,18
8.030803794195444,False,221,7.973387096113027,0.05741669808241756,18
8.075961674799252,False,222,8.030803794195444,0.04515788060380821,18
7.958693729539875,False,223,8.075961674799252,-0.11726794525937745,18
8.000898907602393,False,224,7.958693729539875,0.04220517806251767,18
7.965883737113198,False,225,8.000898907602393,-0.03501517048919478,18
8.085505526704333,False,226,7.965883737113198,0.11962178959113512,18
8.101229737092133,False,227,8.085505526704333,0.01572421038780014,18
8.052720683869403,False,228,8.101229737092133,-0.04850905322273036,18
7.9253487653808845,False,229,8.052720683869403,-0.12737191848851825,18
8.035941028403757,False,230,7.9253487653808845,0.1105922630228724,18
7.990784563528571,False,231,8.035941028403757,-0.045156464875185875,18
7.93313588971515,False,232,7.990784563528571,-0.057648673813421425,18
7.955506353164427,False,233,7.93313588971515,0.022370463449277622,18
7.924905961223731,False,234,7.955506353164427,-0.030600391940696525,18
7.994344624751694,False,235,7.924905961223731,0.06943866352796313,18
8.094048039182965,False,236,7.994344624751694,0.0997034144312714,18
7.934724351066989,False,237,8.094048039182965,-0.1593236881159763,18
8.05515430234933,False,238,7.934724351066989,0.12042995128234057,18
8.088660868011354,False,239,8.05515430234933,0.03350656566202481,18
8.026670201262721,False,240,8.088660868011354,-0.06199066674863296,18
8.019580538868336,False,241,8.026670201262721,-0.007089662394385243,18
8.046296144665709,False,242,8.019580538868336,0.026715605797372532,18
8.067726151525983,False,243,8.046296144665709,0.02143000686027463,18
7.953027267334807,False,244,8.067726151525983,-0.11469888419117602,18
7.913907118438729,False,245,7.953027267334807,-0.03912014889607818,18
7.914197805226827,False,246,7.913907118438729,0.00029068678809807125,18
7.909091547748954,False,247,7.914197805226827,-0.005106257477873299,18
7.948210978239199,False,248,7.909091547748954,0.03911943049024558,18
7.97634451156498,False,249,7.948210978239199,0.02813353332578039,18
7.9542985853376145,False,250,7.97634451156498,-0.022045926227365342,18
8.062005969312871,False,251,7.9542985853376145,0.10770738397525648,18
8.029024057390911,False,252,8.062005969312871,-0.03298191192195965,18
7.9267515243460185,False,253,8.029024057390911,-0.10227253304489281,18
8.091830321087786,False,254,7.9267515243460185,0.16507879674176706,18
8.035594066254552,False,255,8.091830321087786,-0.0562362548332338,18
7.935198159475605,False,256,8.035594066254552,-0.10039590677894683,18
8.080426152617644,False,257,7.935198159475605,0.14522799314203905,18
7.981886733221331,False,258,8.080426152617644,-0.09853941939631294,18
7.9727339205672525,False,259,7.981886733221331,-0.009152812654078524,18
8.039596885738197,False,260,7.9727339205672525,0.06686296517094448,18
7.969026369744853,False,261,8.039596885738197,-0.07057051599334407,18
7.9421129602467975,False,262,7.969026369744853,-0.02691340949805543,18
8.022060597849745,False,263,7.9421129602467975,0.0799476376029471,18
7.993895480316463,False,264,8.022060597849745,-0.028165117533281325,18
8.045707159421255,False,265,7.993895480316463,0.051811679104791786,18
7.983108214481696,False,266,8.045707159421255,-0.06259894493955898,18
7.9495923176464585,False,267,7.983108214481696,-0.03351589683523759,18
8.00418961673243,False,268,7.9495923176464585,0.05459729908597222,18
7.959614070698454,False,269,8.00418961673243,-0.04457554603397629,18
7.984922674571793,False,270,7.959614070698454,0.025308603873338775,18
8.087655069716623,False,271,7.984922674571793,0.10273239514483024,18
8.054015884681785,False,272,8.087655069716623,-0.03363918503483809,18
7.958736910836322,False,273,8.054015884681785,-0.09527897384546336,18
8.09705562565445,False,274,7.958736910836322,0.13831871481812819,18
7.914251161172442,False,275,8.09705562565445,-0.18280446448200838,18
7.994594614773123,False,276,7.914251161172442,0.08034345360068151,18
8.007748998186477,False,277,7.994594614773123,0.01315438341335362,18
7.942063282932585,False,278,8.007748998186477,-0.06568571525389189,18
7.928457170703858,False,279,7.942063282932585,-0.013606112228726985,18
8.03417208503964,False,280,7.928457170703858,0.10571491433578117,18
8.05374692057749,False,281,8.03417208503964,0.019574835537850888,18
7.9031649417436824,False,282,8.05374692057749,-0.15058197883380764,18
8.100224871771266,False,283,7.9031649417436824,0.19705993002758326,18
8.006946027760593,False,284,8.100224871771266,-0.09327884401067266,18
7.987633232706863,False,285,8.006946027760593,-0.019312795053729737,18
8.031975771391469,False,286,7.987633232706863,0.04434253868460569,18
7.908383915509142,False,287,8.031975771391469,-0.12359185588232702,18
7.91380147234018,False,288,7.908383915509142,0.005417556831037729,18
7.981365541227075,False,289,7.91380147234018,0.06756406888689526,18
8.005466817799299,False,290,7.981365541227075,0.024101276572223718,18
8.055340106411599,False,291,8.005466817799299,0.049873288612300115,18
7.985470344681982,False,292,8.055340106411599,-0.0698697617296169,18
8.048197506532334,False,293,7.985470344681982,0.06272716185035243,18
8.050644065295986,False,294,8.048197506532334,0.0024465587636512964,18
7.951205563699997,False,295,8.050644065295986,-0.09943850159598888,18
8.099638666765333,False,296,7.951205563699997,0.14843310306533652,18
7.923546688094987,False,297,8.099638666765333,-0.1760919786703461,18
8.02634342456519,False,298,7.923546688094987,0.1027967364702036,18
8.045510127800188,False,299,8.02634342456519,0.019166703234997584,18
2.1782395632560787,False,0,0.0,0.0,19
1.8133964392909085,False,1,2.1782395632560787,-0.36484312396517016,19
2.075381710277257,False,2,1.8133964392909085,0.2619852709863486,19
1.9562578740355292,False,3,2.075381710277257,-0.11912383624172795,19
2.0740864262731873,False,4,1.9562578740355292,0.11782855223765809,19
2.1088756131444164,False,5,2.0740864262731873,0.034789186871229116,19
1.6333578682366698,False,6,2.1088756131444164,-0.47551774490774656,19
1.5451158609969178,False,7,1.6333578682366698,-0.08824200723975206,19
2.3332186146520613,False,8,1.5451158609969178,0.7881027536551435,19
1.8656697761348067,False,9,2.3332186146520613,-0.4675488385172546,19
1.5648832352050448,False,10,1.8656697761348067,-0.30078654092976187,19
2.336353786635654,False,11,1.5648832352050448,0.771470551430609,19
1.7348986023551287,False,12,2.336353786635654,-0.6014551842805251,19
1.8974054805680434,False,13,1.7348986023551287,0.16250687821291465,19
2.2338875203949238,False,14,1.8974054805680434,0.3364820398268804,19
1.5814662858135315,False,15,2.2338875203949238,-0.6524212345813922,19
2.4158320373677227,False,16,1.5814662858135315,0.8343657515541911,19
1.7197163890657072,False,17,2.4158320373677227,-0.6961156483020154,19
1.7982396836742198,False,18,1.7197163890657072,0.0785232946085126,19
2.1739069944639313,False,19,1.7982396836742198,0.3756673107897115,19
1.6811022714769037,False,20,2.1739069944639313,-0.4928047229870276,19
1.751494250304792,False,21,1.6811022714769037,0.07039197882788839,19
1.6716799782634908,False,22,1.751494250304792,-0.07981427204130132,19
1.807232719813767,False,23,1.6716799782634908,0.1355527415502762,19
1.5820491634635334,False,24,1.807232719813767,-0.22518355635023357,19
1.5311549129067212,False,25,1.5820491634635334,-0.05089425055681218,19
1.8229859673982491,False,26,1.5311549129067212,0.2918310544915279,19
1.8429104515095656,False,27,1.8229859673982491,0.01992448411131642,19
2.4058380959604553,False,28,1.8429104515095656,0.5629276444508897,19
1.5700995587025062,False,29,2.4058380959604553,-0.8357385372579491,19
1.888773341646347,False,30,1.5700995587025062,0.31867378294384086,19
1.5078094381911806,False,31,1.888773341646347,-0.3809639034551664,19
2.295247537371467,False,32,1.5078094381911806,0.7874380991802865,19
2.324144149903068,False,33,2.295247537371467,0.02889661253160103,19
2.3941250791180706,False,34,2.324144149903068,0.06998092921500243,19
2.3929367948072136,False,35,2.3941250791180706,-0.0011882843108570462,19
2.4518003499173826,False,36,2.3929367948072136,0.05886355511016905,19
2.3956805034567767,False,37,2.4518003499173826,-0.05611984646060586,19
2.0421064749667615,False,38,2.3956805034567767,-0.3535740284900153,19
1.7776662141064634,False,39,2.0421064749667615,-0.26444026086029804,19
1.938179137065367,False,40,1.7776662141064634,0.16051292295890351,19
2.1894812719502004,False,41,1.938179137065367,0.25130213488483344,19
2.2071815455396484,False,42,2.1894812719502004,0.017700273589448035,19
2.378913718464788,False,43,2.2071815455396484,0.17173217292513954,19
1.7408076646320012,False,44,2.378913718464788,-0.6381060538327867,19
1.7080775100117176,False,45,1.7408076646320012,-0.032730154620283614,19
2.278912199013978,False,46,1.7080775100117176,0.5708346890022602,19
1.8004414718506268,False,47,2.278912199013978,-0.47847072716335104,19
2.253966611459561,False,48,1.8004414718506268,0.45352513960893415,19
2.470727871762107,False,49,2.253966611459561,0.21676126030254617,19
1.591371860660332,False,50,2.470727871762107,-0.8793560111017751,19
2.1323303663067676,False,51,1.591371860660332,0.5409585056464357,19
2.0260981506385605,False,52,2.1323303663067676,-0.10623221566820717,19
1.6124833488104504,False,53,2.0260981506385605,-0.41361480182811006,19
1.8210821446795746,False,54,1.6124833488104504,0.20859879586912422,19
1.5376929773664294,False,55,1.8210821446795746,-0.28338916731314523,19
1.6008247929937078,False,56,1.5376929773664294,0.06313181562727843,19
2.1097361835294555,False,57,1.6008247929937078,0.5089113905357476,19
2.062337196283341,False,58,2.1097361835294555,-0.047398987246114466,19
2.126167193933993,False,59,2.062337196283341,0.063829997650652,19
2.096408527802253,False,60,2.126167193933993,-0.029758666131740164,19
2.0585979564622243,False,61,2.096408527802253,-0.03781057134002852,19
1.6284055613686115,False,62,2.0585979564622243,-0.43019239509361284,19
1.655757231648367,False,63,1.6284055613686115,0.027351670279755602,19
1.9773809636561643,False,64,1.655757231648367,0.32162373200779726,19
2.242994550158015,False,65,1.9773809636561643,0.26561358650185074,19
1.8141395225717378,False,66,2.242994550158015,-0.42885502758627725,19
1.8469084086148024,False,67,1.8141395225717378,0.032768886043064605,19
1.6120221127898429,False,68,1.8469084086148024,-0.23488629582495957,19
1.7107453469707954,False,69,1.6120221127898429,0.09872323418095252,19
2.3550436311204064,False,70,1.7107453469707954,0.644298284149611,19
2.061613665151005,False,71,2.3550436311204064,-0.2934299659694015,19
1.548548365824233,False,72,2.061613665151005,-0.5130652993267719,19
1.7613440955685133,False,73,1.548548365824233,0.2127957297442804,19
2.372387488456568,False,74,1.7613440955685133,0.6110433928880545,19
2.20903737759944,False,75,2.372387488456568,-0.1633501108571278,19
1.9653060627109715,False,76,2.20903737759944,-0.24373131488846855,19
2.3430967868881765,False,77,1.9653060627109715,0.37779072417720494,19
2.2268351526997456,False,78,2.3430967868881765,-0.11626163418843083,19
1.880373707040699,False,79,2.2268351526997456,-0.3464614456590467,19
2.0410295919819585,False,80,1.880373707040699,0.1606558849412596,19
2.4101951543020914,False,81,2.0410295919819585,0.36916556232013287,19
2.3997085822131723,False,82,2.4101951543020914,-0.010486572088919122,19
2.3419613707720455,False,83,2.3997085822131723,-0.05774721144112682,19
1.6924894872401561,False,84,2.3419613707720455,-0.6494718835318893,19
1.5663329705458238,False,85,1.6924894872401561,-0.12615651669433237,19
2.082685965051418,False,86,1.5663329705458238,0.5163529945055942,19
2.137510797547394,False,87,2.082685965051418,0.05482483249597614,19
1.7823437252744854,False,88,2.137510797547394,-0.3551670722729088,19
2.0708123419664397,False,89,1.7823437252744854,0.28846861669195434,19
2.4327346797447866,False,90,2.0708123419664397,0.3619223377783469,19
1.5461172760941089,False,91,2.4327346797447866,-0.8866174036506778,19
1.524837355283642,False,92,1.5461172760941089,-0.021279920810466812,19
2.2076960282574407,False,93,1.524837355283642,0.6828586729737987,19
2.4439163111408067,False,94,2.2076960282574407,0.23622028288336594,19
2.288833919806779,False,95,2.4439163111408067,-0.15508239133402757,19
1.8939765741509937,False,96,2.288833919806779,-0.39485734565578534,19
2.240712194454565,False,97,1.8939765741509937,0.3467356203035714,19
1.6249050768675621,False,98,2.240712194454565,-0.615807117587003,19
1.9810083514330428,False,99,1.6249050768675621,0.35610327456548063,19
2.228730850078127,True,100,1.9810083514330428,0.24772249864508433,19
2.352647635514799,True,101,2.228730850078127,0.12391678543667206,19
2.6942358593857016,True,102,2.352647635514799,0.3415882238709025,19
2.9153558050451087,True,103,2.6942358593857016,0.22111994565940707,19
3.1330957039361955,True,104,2.9153558050451087,0.2177398988910868,19
3.3132049034598743,True,105,3.1330957039361955,0.18010919952367876,19
3.5729376480042987,True,106,3.3132049034598743,0.2597327445444244,19
3.7326193902019065,True,107,3.5729376480042987,0.15968174219760778,19
4.023683203212035,True,108,3.7326193902019065,0.2910638130101284,19
4.227355022128838,True,109,4.023683203212035,0.20367181891680275,19
4.413869891977226,True,110,4.227355022128838,0.18651486984838872,19
4.463899576570201,True,111,4.413869891977226,0.05002968459297463,19
4.837120367720353,True,112,4.463899576570201,0.3732207911501524,19
4.985966995536416,True,113,4.837120367720353,0.14884662781606295,19
5.12140087725119,True,114,4.985966995536416,0.135433881714774,19
5.409900028762464,True,115,5.12140087725119,0.2884991515112736,19
5.57059221009006,True,116,5.409900028762464,0.16069218132759566,19
5.872768500686553,True,117,5.57059221009006,0.30217629059649376,19
5.930298310261051,True,118,5.872768500686553,0.057529809574497826,19
6.16433843264141,True,119,5.930298310261051,0.23404012238035854,19
6.484882226104273,True,120,6.16433843264141,0.3205437934628632,19
6.580509040283099,True,121,6.484882226104273,0.0956268141788259,19
6.747100639350501,True,122,6.580509040283099,0.16659159906740229,19
7.015269309587866,True,123,6.747100639350501,0.26816867023736535,19
7.144217722257778,True,124,7.015269309587866,0.12894841266991186,19
7.40110590504264,True,125,7.144217722257778,0.2568881827848619,19
7.6842168176437395,True,126,7.40110590504264,0.28311091260109933,19
7.813022103101497,True,127,7.6842168176437395,0.1288052854577577,19
7.9745482205528395,True,128,7.813022103101497,0.16152611745134227,19
8.247573332554378,True,129,7.9745482205528395,0.27302511200153834,19
8.394783425993474,True,130,8.247573332554378,0.14721009343909586,19
8.714805046826772,True,131,8.394783425993474,0.3200216208332982,19
8.898107195412074,True,132,8.714805046826772,0.1833021485853017,19
8.99819117033568,True,133,8.898107195412074,0.10008397492360643,19
9.288249418066314,True,134,8.99819117033568,0.2900582477306344,19
9.427176939224083,True,135,9.288249418066314,0.1389275211577683,19
9.613758407005172,True,136,9.427176939224083,0.18658146778108886,19
9.851939850861866,True,137,9.613758407005172,0.23818144385669449,19
10.092166686115926,True,138,9.851939850861866,0.24022683525405952,19
10.24985258105948,True,139,10.092166686115926,0.15768589494355467,19
10.560914363827045,True,140,10.24985258105948,0.311061782767565,19
10.673548104979847,True,141,10.560914363827045,0.112633741152802,19
10.875379818447222,True,142,10.673548104979847,0.20183171346737439,19
11.092512461644295,True,143,10.875379818447222,0.2171326431970737,19
11.290150495193048,True,144,11.092512461644295,0.19763803354875265,19
11.500285086837927,True,145,11.290150495193048,0.2101345916448789,19
11.75776100235685,True,146,11.500285086837927,0.25747591551892235,19
11.955355230551046,True,147,11.75776100235685,0.19759422819419648,19
12.095592487412059,True,148,11.955355230551046,0.1402372568610133,19
12.43811352267367,True,149,12.095592487412059,0.34252103526161015,19
12.56981293988282,True,150,12.43811352267367,0.13169941720915013,19
12.874522943501702,True,151,12.56981293988282,0.304710003618883,19
12.970371963022908,True,152,12.874522943501702,0.09584901952120539,19
13.31749201149923,True,153,12.970371963022908,0.34712004847632194,19
13.432672692388197,True,154,13.31749201149923,0.11518068088896705,19
13.753990867079272,True,155,13.432672692388197,0.3213181746910756,19
13.85025829277834,True,156,13.753990867079272,0.0962674256990681,19
14.135216155163812,True,157,13.85025829277834,0.2849578623854718,19
14.249606296398156,True,158,14.135216155163812,0.11439014123434355,19
14.439834299801896,True,159,14.249606296398156,0.1902280034037407,19
14.747759187131402,True,160,14.439834299801896,0.30792488732950574,19
14.813937759506768,True,161,14.747759187131402,0.06617857237536562,19
15.14893219845321,True,162,14.813937759506768,0.3349944389464419,19
15.278402473227583,True,163,15.14893219845321,0.12947027477437345,19
15.444274289717663,True,164,15.278402473227583,0.1658718164900801,19
15.747019540029418,True,165,15.444274289717663,0.30274525031175514,19
15.974524539470488,True,166,15.747019540029418,0.22750499944107005,19
16.21459641090243,True,167,15.974524539470488,0.24007187143194209,19
16.296953227066293,True,168,16.21459641090243,0.08235681616386259,19
16.504576650656734,True,169,16.296953227066293,0.20762342359044084,19
16.824082276294764,True,170,16.504576650656734,0.31950562563802976,19
17.005877518191294,True,171,16.824082276294764,0.1817952418965305,19
17.159604415161073,True,172,17.005877518191294,0.15372689696977915,19
17.360840265717997,True,173,17.159604415161073,0.20123585055692317,19
17.66284583663699,True,174,17.360840265717997,0.30200557091899327,19
17.866295728983474,True,175,17.66284583663699,0.2034498923464838,19
18.113452358266755,True,176,17.866295728983474,0.24715662928328186,19
18.32394412485244,True,177,18.113452358266755,0.21049176658568314,19
18.431690831672544,True,178,18.32394412485244,0.10774670682010523,19
18.61104976504059,True,179,18.431690831672544,0.17935893336804654,19
18.82563607468765,True,180,18.61104976504059,0.2145863096470606,19
19.121377723675153,True,181,18.82563607468765,0.29574164898750155,19
19.157943459441704,True,182,19.121377723675153,0.0365657357665512,19
19.40822473353501,True,183,19.157943459441704,0.25028127409330736,19
19.599385804244612,True,184,19.40822473353501,0.19116107070960098,19
19.833824712851076,True,185,19.599385804244612,0.23443890860646377,19
20.0,False,186,19.833824712851076,0.16617528714892416,19
20.0,False,187,20.0,0.0,19
20.0,False,188,20.0,0.0,19
20.0,False,189,20.0,0.0,19
20.0,False,190,20.0,0.0,19
20.0,False,191,20.0,0.0,19
20.0,False,192,20.0,0.0,19
20.0,False,193,20.0,0.0,19
20.0,False,194,20.0,0.0,19
20.0,False,195,20.0,0.0,19
20.0,False,196,20.0,0.0,19
20.0,False,197,20.0,0.0,19
20.0,False,198,20.0,0.0,19
20.0,False,199,20.0,0.0,19
19.995835823362505,False,200,20.0,-0.004164176637495132,19
19.978602031447426,False,201,19.995835823362505,-0.017233791915078456,19
20.0,False,202,19.978602031447426,0.021397968552573587,19
20.0,False,203,20.0,0.0,19
20.0,False,204,20.0,0.0,19
20.0,False,205,20.0,0.0,19
20.0,False,206,20.0,0.0,19
19.922642168702584,False,207,20.0,-0.07735783129741591,19
19.94757411414258,False,208,19.922642168702584,0.024931945439995218,19
19.91243998683701,False,209,19.94757411414258,-0.035134127305568086,19
19.900874791658794,False,210,19.91243998683701,-0.011565195178217635,19
19.90397257031151,False,211,19.900874791658794,0.003097778652715988,19
19.900541249913037,False,212,19.90397257031151,-0.003431320398473048,19
19.924580179525478,False,213,19.900541249913037,0.02403892961244125,19
20.0,False,214,19.924580179525478,0.07541982047452223,19
19.93320338740733,False,215,20.0,-0.06679661259266823,19
20.0,False,216,19.93320338740733,0.06679661259266823,19
20.0,False,217,20.0,0.0,19
20.0,False,218,20.0,0.0,19
20.0,False,219,20.0,0.0,19
19.94246869226849,False,220,20.0,-0.05753130773150872,19
19.962398368205854,False,221,19.94246869226849,0.01992967593736239,19
20.0,False,222,19.962398368205854,0.03760163179414633,19
20.0,False,223,20.0,0.0,19
19.944962203955196,False,224,20.0,-0.055037796044803855,19
19.994185285449518,False,225,19.944962203955196,0.049223081494321974,19
20.0,False,226,19.994185285449518,0.005814714550481881,19
19.998236176616018,False,227,20.0,-0.001763823383981844,19
20.0,False,228,19.998236176616018,0.001763823383981844,19
20.0,False,229,20.0,0.0,19
19.951589303632808,False,230,20.0,-0.048410696367191974,19
20.0,False,231,19.951589303632808,0.048410696367191974,19
20.0,False,232,20.0,0.0,19
19.92491183689258,False,233,20.0,-0.07508816310742006,19
19.93368436668461,False,234,19.92491183689258,0.00877252979202936,19
20.0,False,235,19.93368436668461,0.0663156333153907,19
19.956208566891387,False,236,20.0,-0.043791433108612665,19
19.932424099623574,False,237,19.956208566891387,-0.023784467267812914,19
20.0,False,238,19.932424099623574,0.06757590037642558,19
20.0,False,239,20.0,0.0,19
20.0,False,240,20.0,0.0,19
19.985457891790407,False,241,20.0,-0.014542108209592897,19
20.0,False,242,19.985457891790407,0.014542108209592897,19
19.963208755859757,False,243,20.0,-0.03679124414024315,19
19.98069716501247,False,244,19.963208755859757,0.01748840915271188,19
19.905782067490808,False,245,19.98069716501247,-0.07491509752166081,19
20.0,False,246,19.905782067490808,0.09421793250919208,19
19.936471216610805,False,247,20.0,-0.0635287833891951,19
20.0,False,248,19.936471216610805,0.0635287833891951,19
20.0,False,249,20.0,0.0,19
20.0,False,250,20.0,0.0,19
19.940116247916343,False,251,20.0,-0.059883752083656816,19
20.0,False,252,19.940116247916343,0.059883752083656816,19
19.94246339165614,False,253,20.0,-0.05753660834385954,19
20.0,False,254,19.94246339165614,0.05753660834385954,19
20.0,False,255,20.0,0.0,19
20.0,False,256,20.0,0.0,19
19.96486894966492,False,257,20.0,-0.03513105033508168,19
20.0,False,258,19.96486894966492,0.03513105033508168,19
19.908660153142367,False,259,20.0,-0.09133984685763252,19
19.95981702257649,False,260,19.908660153142367,0.051156869434123564,19
20.0,False,261,19.95981702257649,0.04018297742350896,19
19.91553028349744,False,262,20.0,-0.08446971650256074,19
20.0,False,263,19.91553028349744,0.08446971650256074,19
20.0,False,264,20.0,0.0,19
20.0,False,265,20.0,0.0,19
19.90033384150758,False,266,20.0,-0.09966615849241833,19
20.0,False,267,19.90033384150758,0.09966615849241833,19
20.0,False,268,20.0,0.0,19
19.96406471990306,False,269,20.0,-0.03593528009693969,19
19.94250200596432,False,270,19.96406471990306,-0.021562713938738653,19
20.0,False,271,19.94250200596432,0.057497994035678346,19
19.929453988473874,False,272,20.0,-0.07054601152612605,19
20.0,False,273,19.929453988473874,0.07054601152612605,19
19.96760637102081,False,274,20.0,-0.032393628979189515,19
19.964673715484064,False,275,19.96760637102081,-0.0029326555367461538,19
20.0,False,276,19.964673715484064,0.03532628451593567,19
20.0,False,277,20.0,0.0,19
20.0,False,278,20.0,0.0,19
20.0,False,279,20.0,0.0,19
20.0,False,280,20.0,0.0,19
19.951171838550945,False,281,20.0,-0.04882816144905533,19
19.960062081645678,False,282,19.951171838550945,0.008890243094732853,19
19.967598014685393,False,283,19.960062081645678,0.007535933039715559,19
19.927342677845925,False,284,19.967598014685393,-0.04025533683946847,19
20.0,False,285,19.927342677845925,0.07265732215407539,19
20.0,False,286,20.0,0.0,19
19.915499213213195,False,287,20.0,-0.08450078678680484,19
19.92617210060264,False,288,19.915499213213195,0.010672887389443275,19
20.0,False,289,19.92617210060264,0.07382789939736156,19
20.0,False,290,20.0,0.0,19
19.901418180902372,False,291,20.0,-0.0985818190976282,19
20.0,False,292,19.901418180902372,0.0985818190976282,19
20.0,False,293,20.0,0.0,19
20.0,False,294,20.0,0.0,19
19.95823539577891,False,295,20.0,-0.04176460422108974,19
19.900903835604083,False,296,19.95823539577891,-0.05733156017482699,19
19.94948970332034,False,297,19.900903835604083,0.04858586771625539,19
20.0,False,298,19.94948970332034,0.05051029667966134,19
20.0,False,299,20.0,0.0,19
2.4131333247398885,False,0,0.0,0.0,20
1.5757570907102472,False,1,2.4131333247398885,-0.8373762340296413,20
1.502355852947006,False,2,1.5757570907102472,-0.07340123776324115,20
1.5248169038116206,False,3,1.502355852947006,0.022461050864614585,20
1.9915950506856155,False,4,1.5248169038116206,0.4667781468739949,20
1.6391249727634656,False,5,1.9915950506856155,-0.3524700779221499,20
1.5456042321871966,False,6,1.6391249727634656,-0.09352074057626902,20
2.3619875892700906,False,7,1.5456042321871966,0.816383357082894,20
2.436194997662002,False,8,2.3619875892700906,0.07420740839191131,20
1.5058674979123148,False,9,2.436194997662002,-0.9303274997496871,20
1.9203621836651181,False,10,1.5058674979123148,0.41449468575280335,20
2.4817344662417655,False,11,1.9203621836651181,0.5613722825766474,20
2.333215271344081,False,12,2.4817344662417655,-0.1485191948976845,20
1.9745615922895805,False,13,2.333215271344081,-0.3586536790545005,20
1.9735044376003512,False,14,1.9745615922895805,-0.0010571546892292893,20
2.264769448366529,False,15,1.9735044376003512,0.29126501076617783,20
2.43867193146629,False,16,2.264769448366529,0.17390248309976108,20
2.130737958742279,False,17,2.43867193146629,-0.30793397272401135,20
2.2571826485065745,False,18,2.130737958742279,0.12644468976429568,20
2.2383955860549323,False,19,2.2571826485065745,-0.01878706245164219,20
2.246737610577042,False,20,2.2383955860549323,0.008342024522109526,20
1.778646828151412,False,21,2.246737610577042,-0.46809078242562974,20
1.7240336064983435,False,22,1.778646828151412,-0.05461322165306859,20
2.404975476253081,False,23,1.7240336064983435,0.6809418697547374,20
1.7105332635130388,False,24,2.404975476253081,-0.694442212740042,20
2.4176036672763583,False,25,1.7105332635130388,0.7070704037633195,20
2.1699321190071386,False,26,2.4176036672763583,-0.24767154826921978,20
1.7240573342720122,False,27,2.1699321190071386,-0.4458747847351263,20
1.8922091792132287,False,28,1.7240573342720122,0.1681518449412165,20
2.3031511650234298,False,29,1.8922091792132287,0.410941985810201,20
1.8807359709659002,False,30,2.3031511650234298,-0.4224151940575296,20
2.315576327089582,False,31,1.8807359709659002,0.434840356123682,20
1.8825541422895102,False,32,2.315576327089582,-0.43302218480007193,20
1.6776141316237254,False,33,1.8825541422895102,-0.20494001066578482,20
2.3666956187419315,False,34,1.6776141316237254,0.689081487118206,20
2.177150731823535,False,35,2.3666956187419315,-0.18954488691839666,20
1.5777929374150612,False,36,2.177150731823535,-0.5993577944084736,20
2.321036889019447,False,37,1.5777929374150612,0.7432439516043856,20
1.7523261337588534,False,38,2.321036889019447,-0.5687107552605934,20
1.7907747874920332,False,39,1.7523261337588534,0.03844865373317985,20
2.4281355238980717,False,40,1.7907747874920332,0.6373607364060385,20
2.2425977194283884,False,41,2.4281355238980717,-0.18553780446968338,20
2.149525099654168,False,42,2.2425977194283884,-0.09307261977422021,20
1.8211916574392477,False,43,2.149525099654168,-0.32833344221492045,20
1.8532985153960282,False,44,1.8211916574392477,0.03210685795678048,20
1.5625275254005235,False,45,1.8532985153960282,-0.29077098999550466,20
2.1054492105266034,False,46,1.5625275254005235,0.5429216851260799,20
1.7212065517820674,False,47,2.1054492105266034,-0.384242658744536,20
1.9632439691265593,False,48,1.7212065517820674,0.2420374173444919,20
1.6481584299220522,False,49,1.9632439691265593,-0.3150855392045071,20
2.384031639704208,False,50,1.6481584299220522,0.7358732097821559,20
1.5003103795849324,False,51,2.384031639704208,-0.8837212601192757,20
2.212477548020573,False,52,1.5003103795849324,0.7121671684356408,20
1.801380785884139,False,53,2.212477548020573,-0.4110967621364341,20
2.3166033551442173,False,54,1.801380785884139,0.5152225692600783,20
2.306105134888106,False,55,2.3166033551442173,-0.010498220256111246,20
2.067117568670782,False,56,2.306105134888106,-0.23898756621732398,20
1.935395519586988,False,57,2.067117568670782,-0.13172204908379403,20
1.5565246536023818,False,58,1.935395519586988,-0.3788708659846063,20
1.7492454210509132,False,59,1.5565246536023818,0.1927207674485314,20
2.286731107365903,False,60,1.7492454210509132,0.5374856863149897,20
2.128023698234972,False,61,2.286731107365903,-0.15870740913093107,20
2.0191464962081715,False,62,2.128023698234972,-0.10887720202680029,20
2.463451592315228,False,63,2.0191464962081715,0.4443050961070565,20
2.1585372963613905,False,64,2.463451592315228,-0.30491429595383757,20
1.5856230362684054,False,65,2.1585372963613905,-0.5729142600929851,20
1.8340741589851572,False,66,1.5856230362684054,0.24845112271675185,20
1.5609258620021518,False,67,1.8340741589851572,-0.27314829698300547,20
2.416134338082567,False,68,1.5609258620021518,0.8552084760804151,20
2.467740333426981,False,69,2.416134338082567,0.051605995344414346,20
1.954758331500941,False,70,2.467740333426981,-0.5129820019260403,20
1.7532874954126054,False,71,1.954758331500941,-0.2014708360883355,20
2.489250319222351,False,72,1.7532874954126054,0.7359628238097455,20
1.6350814517642225,False,73,2.489250319222351,-0.8541688674581285,20
2.3859920864301136,False,74,1.6350814517642225,0.7509106346658911,20
1.844847819278628,False,75,2.3859920864301136,-0.5411442671514857,20
2.1328465866215085,False,76,1.844847819278628,0.28799876734288055,20
2.301253454973612,False,77,2.1328465866215085,0.1684068683521036,20
1.6183060619726768,False,78,2.301253454973612,-0.6829473930009353,20
1.8801851291920095,False,79,1.6183060619726768,0.26187906721933274,20
1.7653920419737883,False,80,1.8801851291920095,-0.11479308721822123,20
1.6990615933616633,False,81,1.7653920419737883,-0.066330448612125,20
2.417897078871956,False,82,1.6990615933616633,0.7188354855102927,20
2.198654470725501,False,83,2.417897078871956,-0.2192426081464549,20
2.4098091868100244,False,84,2.198654470725501,0.2111547160845233,20
2.3805912406451326,False,85,2.4098091868100244,-0.029217946164891817,20
2.3027403700716067,False,86,2.3805912406451326,-0.07785087057352591,20
1.6288577448738817,False,87,2.3027403700716067,-0.673882625197725,20
2.3600926908612494,False,88,1.6288577448738817,0.7312349459873677,20
1.807251600932833,False,89,2.3600926908612494,-0.5528410899284164,20
2.378741075973884,False,90,1.807251600932833,0.5714894750410509,20
2.1505176194044267,False,91,2.378741075973884,-0.2282234565694572,20
1.7990245184559592,False,92,2.1505176194044267,-0.3514931009484674,20
2.4539846971789507,False,93,1.7990245184559592,0.6549601787229915,20
2.145425281051779,False,94,2.4539846971789507,-0.30855941612717164,20
2.0672460484075494,False,95,2.145425281051779,-0.07817923264422966,20
2.1923634760634734,False,96,2.0672460484075494,0.12511742765592393,20
2.014591973186923,False,97,2.1923634760634734,-0.17777150287655052,20
1.892274572851611,False,98,2.014591973186923,-0.1223174003353118,20
2.4594817570692333,False,99,1.892274572851611,0.5672071842176223,20
2.1970741410244696,True,100,2.4594817570692333,-0.2624076160447637,20
2.162116186480192,True,101,2.1970741410244696,-0.03495795454427775,20
2.2100797049456036,True,102,2.162116186480192,0.04796351846541169,20
2.4100631668077375,True,103,2.2100797049456036,0.1999834618621339,20
2.558675647267813,True,104,2.4100631668077375,0.1486124804600757,20
2.579050963503507,True,105,2.558675647267813,0.020375316235693663,20
2.7105115028958298,True,106,2.579050963503507,0.13146053939232294,20
2.726225593101897,True,107,2.7105115028958298,0.015714090206067066,20
2.764392017251967,True,108,2.726225593101897,0.0381664241500701,20
2.9871162981228836,True,109,2.764392017251967,0.22272428087091667,20
3.024027832737773,True,110,2.9871162981228836,0.03691153461488961,20
3.01029954918897,True,111,3.024027832737773,-0.013728283548803066,20
3.2807820004633843,True,112,3.01029954918897,0.27048245127441417,20
3.363784699996074,True,113,3.2807820004633843,0.08300269953268957,20
3.4624668855694827,True,114,3.363784699996074,0.0986821855734088,20
3.423094867355568,True,115,3.4624668855694827,-0.03937201821391456,20
3.53646160887354,True,116,3.423094867355568,0.11336674151797199,20
3.6251842656602378,True,117,3.53646160887354,0.08872265678669766,20
3.637430564953618,True,118,3.6251842656602378,0.012246299293380059,20
3.789188208097822,True,119,3.637430564953618,0.15175764314420404,20
3.8240323233368883,True,120,3.789188208097822,0.03484411523906639,20
4.106204325104601,True,121,3.8240323233368883,0.28217200176771273,20
4.128173357521946,True,122,4.106204325104601,0.021969032417344714,20
4.259027569625769,True,123,4.128173357521946,0.13085421210382364,20
4.4244011063025,True,124,4.259027569625769,0.16537353667673038,20
4.411037259817988,True,125,4.4244011063025,-0.013363846484511832,20
4.552226228670805,True,126,4.411037259817988,0.14118896885281718,20
4.732856978037438,True,127,4.552226228670805,0.1806307493666326,20
4.642189426812975,True,128,4.732856978037438,-0.09066755122446235,20
4.864176294235364,True,129,4.642189426812975,0.22198686742238838,20
4.882076981938083,True,130,4.864176294235364,0.017900687702719686,20
5.049418430999815,True,131,4.882076981938083,0.16734144906173132,20
5.06121618049342,True,132,5.049418430999815,0.011797749493605458,20
5.304988339539621,True,133,5.06121618049342,0.24377215904620098,20
5.291329171773425,True,134,5.304988339539621,-0.013659167766196134,20
5.461961185504648,True,135,5.291329171773425,0.17063201373122272,20
5.480709062602053,True,136,5.461961185504648,0.018747877097405663,20
5.58824514254421,True,137,5.480709062602053,0.10753607994215653,20
5.648317627457274,True,138,5.58824514254421,0.06007248491306427,20
5.892683864875053,True,139,5.648317627457274,0.24436623741777908,20
5.907061624639922,True,140,5.892683864875053,0.014377759764868436,20
5.93923600776424,True,141,5.907061624639922,0.03217438312431842,20
6.036138364062008,True,142,5.93923600776424,0.09690235629776822,20
6.202342110490245,True,143,6.036138364062008,0.16620374642823688,20
6.211899147560947,True,144,6.202342110490245,0.009557037070702101,20
6.423176053274533,True,145,6.211899147560947,0.2112769057135857,20
6.542244429023052,True,146,6.423176053274533,0.11906837574851892,20
6.655297999551568,True,147,6.542244429023052,0.11305357052851583,20
6.767444463306719,True,148,6.655297999551568,0.1121464637551508,20
6.822863549894744,True,149,6.767444463306719,0.0554190865880253,20
6.814549395166303,True,150,6.822863549894744,-0.008314154728441103,20
6.9169585239842455,True,151,6.814549395166303,0.10240912881794273,20
6.983212524989895,True,152,6.9169585239842455,0.0662540010056496,20
7.064095422649393,True,153,6.983212524989895,0.08088289765949774,20
7.280864056960321,True,154,7.064095422649393,0.2167686343109283,20
7.357098166013883,True,155,7.280864056960321,0.0762341090535621,20
7.347239898767476,True,156,7.357098166013883,-0.009858267246407593,20
7.492342376461366,True,157,7.347239898767476,0.14510247769389029,20
7.55691469777557,True,158,7.492342376461366,0.06457232131420376,20
7.781100077157848,True,159,7.55691469777557,0.2241853793822779,20
7.77696310233502,True,160,7.781100077157848,-0.00413697482282771,20
7.813563889186265,True,161,7.77696310233502,0.03660078685124546,20
8.063812880413975,True,162,7.813563889186265,0.2502489912277097,20
8.034491893983951,True,163,8.063812880413975,-0.02932098643002412,20
8.205767662235248,True,164,8.034491893983951,0.17127576825129687,20
8.355409865198856,True,165,8.205767662235248,0.14964220296360864,20
8.438630408967382,True,166,8.355409865198856,0.08322054376852606,20
8.363552086356666,True,167,8.438630408967382,-0.07507832261071634,20
8.49433533042048,True,168,8.363552086356666,0.1307832440638137,20
8.618389539025461,True,169,8.49433533042048,0.1240542086049814,20
8.634049982428285,True,170,8.618389539025461,0.015660443402824242,20
8.721061910618854,True,171,8.634049982428285,0.08701192819056836,20
8.988885477422468,True,172,8.721061910618854,0.26782356680361374,20
9.112624541825774,True,173,8.988885477422468,0.12373906440330629,20
9.132194584884033,True,174,9.112624541825774,0.019570043058259046,20
9.180722232000546,True,175,9.132194584884033,0.04852764711651325,20
9.386740423921701,True,176,9.180722232000546,0.20601819192115478,20
9.309782050070346,True,177,9.386740423921701,-0.07695837385135462,20
9.517914386626824,True,178,9.309782050070346,0.20813233655647778,20
9.660208775100179,True,179,9.517914386626824,0.14229438847335452,20
9.75502750102653,True,180,9.660208775100179,0.09481872592635199,20
9.804095940372395,True,181,9.75502750102653,0.04906843934586469,20
9.818293403876462,True,182,9.804095940372395,0.014197463504066477,20
9.887782144639571,True,183,9.818293403876462,0.06948874076310929,20
10.076896436691582,True,184,9.887782144639571,0.18911429205201102,20
10.166161308799072,True,185,10.076896436691582,0.08926487210749023,20
10.318885400303826,True,186,10.166161308799072,0.1527240915047532,20
10.41696029037641,True,187,10.318885400303826,0.09807489007258496,20
10.382205550204317,True,188,10.41696029037641,-0.03475474017209379,20
10.544007630453407,True,189,10.382205550204317,0.1618020802490907,20
10.690257899770339,True,190,10.544007630453407,0.14625026931693164,20
10.62370870521962,True,191,10.690257899770339,-0.06654919455071884,20
10.820125030125997,True,192,10.62370870521962,0.19641632490637662,20
10.833390883509065,True,193,10.820125030125997,0.01326585338306785,20
11.00021236390116,True,194,10.833390883509065,0.16682148039209466,20
11.025688126674526,True,195,11.00021236390116,0.025475762773366384,20
11.180908563801628,True,196,11.025688126674526,0.15522043712710243,20
11.379313858561481,True,197,11.180908563801628,0.19840529475985313,20
11.39440133516897,True,198,11.379313858561481,0.015087476607488881,20
11.448175022939049,True,199,11.39440133516897,0.05377368777007874,20
11.37707304250671,False,200,11.448175022939049,-0.07110198043233851,20
11.423628218174901,False,201,11.37707304250671,0.046555175668190785,20
11.492617709862328,False,202,11.423628218174901,0.06898949168742696,20
11.423442166516093,False,203,11.492617709862328,-0.0691755433462351,20
11.427119741744047,False,204,11.423442166516093,0.0036775752279538665,20
11.431929319225006,False,205,11.427119741744047,0.004809577480958893,20
11.401043199917106,False,206,11.431929319225006,-0.030886119307899307,20
11.44512640624921,False,207,11.401043199917106,0.04408320633210394,20
11.408475381089994,False,208,11.44512640624921,-0.03665102515921603,20
11.389692691848737,False,209,11.408475381089994,-0.0187826892412577,20
11.523253129260606,False,210,11.389692691848737,0.13356043741186951,20
11.489595759333689,False,211,11.523253129260606,-0.03365736992691737,20
11.493983062669418,False,212,11.489595759333689,0.004387303335729342,20
11.487503678692939,False,213,11.493983062669418,-0.006479383976479625,20
11.364751407142851,False,214,11.487503678692939,-0.1227522715500875,20
11.438972578740067,False,215,11.364751407142851,0.07422117159721608,20
11.410453834653838,False,216,11.438972578740067,-0.02851874408622912,20
11.46393397951855,False,217,11.410453834653838,0.05348014486471264,20
11.442887863464513,False,218,11.46393397951855,-0.02104611605403761,20
11.451104842424938,False,219,11.442887863464513,0.008216978960424726,20
11.490506862450069,False,220,11.451104842424938,0.039402020025130824,20
11.436024146150888,False,221,11.490506862450069,-0.05448271629918011,20
11.501345438514813,False,222,11.436024146150888,0.06532129236392414,20
11.542233555272324,False,223,11.501345438514813,0.04088811675751103,20
11.477481989792109,False,224,11.542233555272324,-0.06475156548021488,20
11.388687223568263,False,225,11.477481989792109,-0.0887947662238453,20
11.495936553831775,False,226,11.388687223568263,0.10724933026351202,20
11.376512442915928,False,227,11.495936553831775,-0.11942411091584759,20
11.499692234469153,False,228,11.376512442915928,0.12317979155322512,20
11.415398089255433,False,229,11.499692234469153,-0.08429414521372003,20
11.54804876738449,False,230,11.415398089255433,0.13265067812905684,20
11.386224290534082,False,231,11.54804876738449,-0.16182447685040735,20
11.4338113908249,False,232,11.386224290534082,0.047587100290817475,20
11.477561560353148,False,233,11.4338113908249,0.043750169528248506,20
11.464802123895314,False,234,11.477561560353148,-0.012759436457834283,20
11.436689219929407,False,235,11.464802123895314,-0.02811290396590671,20
11.367273910975912,False,236,11.436689219929407,-0.06941530895349501,20
11.376950056580684,False,237,11.367273910975912,0.009676145604771591,20
11.374772505179417,False,238,11.376950056580684,-0.002177551401267408,20
11.399427935004656,False,239,11.374772505179417,0.024655429825239494,20
11.453812396573397,False,240,11.399427935004656,0.054384461568741216,20
11.375186697547049,False,241,11.453812396573397,-0.07862569902634853,20
11.488586837795154,False,242,11.375186697547049,0.11340014024810507,20
11.505180656912794,False,243,11.488586837795154,0.016593819117639796,20
11.444393127389572,False,244,11.505180656912794,-0.060787529523221195,20
11.434849588021242,False,245,11.444393127389572,-0.0095435393683303,20
11.543017728693323,False,246,11.434849588021242,0.10816814067208114,20
11.395683075969536,False,247,11.543017728693323,-0.14733465272378687,20
11.416536005422131,False,248,11.395683075969536,0.020852929452594537,20
11.444926050785265,False,249,11.416536005422131,0.02839004536313361,20
11.512767329099892,False,250,11.444926050785265,0.06784127831462783,20
11.371140478656164,False,251,11.512767329099892,-0.14162685044372836,20
11.452742003523175,False,252,11.371140478656164,0.08160152486701122,20
11.461603518300688,False,253,11.452742003523175,0.008861514777512625,20
11.48605213188004,False,254,11.461603518300688,0.02444861357935224,20
11.489965146412684,False,255,11.48605213188004,0.0039130145326442545,20
11.540959366939797,False,256,11.489965146412684,0.05099422052711233,20
11.494673325282266,False,257,11.540959366939797,-0.04628604165753103,20
11.386177127696818,False,258,11.494673325282266,-0.10849619758544726,20
11.429079158643091,False,259,11.386177127696818,0.04290203094627287,20
11.423156562367422,False,260,11.429079158643091,-0.005922596275668823,20
11.39768388925113,False,261,11.423156562367422,-0.0254726731162922,20
11.435661560639932,False,262,11.39768388925113,0.03797767138880204,20
11.498124784942817,False,263,11.435661560639932,0.06246322430288487,20
11.432565642718542,False,264,11.498124784942817,-0.06555914222427539,20
11.478679411562991,False,265,11.432565642718542,0.04611376884444951,20
11.400530698998267,False,266,11.478679411562991,-0.07814871256472422,20
11.455274408331352,False,267,11.400530698998267,0.05474370933308492,20
11.561567841103523,False,268,11.455274408331352,0.10629343277217096,20
11.520323929683327,False,269,11.561567841103523,-0.0412439114201959,20
11.365315825408967,False,270,11.520323929683327,-0.1550081042743603,20
11.497465476900638,False,271,11.365315825408967,0.13214965149167135,20
11.38149130411275,False,272,11.497465476900638,-0.11597417278788846,20
11.369041323618928,False,273,11.38149130411275,-0.0124499804938214,20
11.386794262365491,False,274,11.369041323618928,0.01775293874656292,20
11.546240292090603,False,275,11.386794262365491,0.15944602972511213,20
11.527416687251973,False,276,11.546240292090603,-0.018823604838630104,20
11.472607338065743,False,277,11.527416687251973,-0.054809349186230705,20
11.49646534482944,False,278,11.472607338065743,0.02385800676369776,20
11.5603171568509,False,279,11.49646534482944,0.06385181202145951,20
11.52994108578073,False,280,11.5603171568509,-0.030376071070170596,20
11.51663816026905,False,281,11.52994108578073,-0.01330292551167922,20
11.425122071050568,False,282,11.51663816026905,-0.09151608921848187,20
11.373827443071995,False,283,11.425122071050568,-0.05129462797857265,20
11.520955968349448,False,284,11.373827443071995,0.14712852527745213,20
11.51506077179955,False,285,11.520955968349448,-0.005895196549897008,20
11.466127785114068,False,286,11.51506077179955,-0.048932986685482405,20
11.555174697157815,False,287,11.466127785114068,0.08904691204374693,20
11.415687954612709,False,288,11.555174697157815,-0.13948674254510607,20
11.41183249606032,False,289,11.415687954612709,-0.0038554585523886686,20
11.401233852259338,False,290,11.41183249606032,-0.010598643800982188,20
11.502611544132415,False,291,11.401233852259338,0.10137769187307732,20
11.455949292459797,False,292,11.502611544132415,-0.04666225167261828,20
11.524846723941442,False,293,11.455949292459797,0.06889743148164484,20
11.522417346159724,False,294,11.524846723941442,-0.002429377781718145,20
11.529847817627907,False,295,11.522417346159724,0.007430471468182986,20
11.478705442126953,False,296,11.529847817627907,-0.05114237550095346,20
11.557356724670065,False,297,11.478705442126953,0.07865128254311138,20
11.543227111239727,False,298,11.557356724670065,-0.01412961343033814,20
11.510863203928212,False,299,11.543227111239727,-0.03236390731151495,20
1.5859168641804033,False,0,0.0,0.0,21
2.410339560498426,False,1,1.5859168641804033,0.8244226963180226,21
1.7032724118863443,False,2,2.410339560498426,-0.7070671486120816,21
2.0331427325504308,False,3,1.7032724118863443,0.3298703206640865,21
1.59664268115006,False,4,2.0331427325504308,-0.43650005140037074,21
1.6851784903821438,False,5,1.59664268115006,0.08853580923208382,21
2.3633931894393596,False,6,1.6851784903821438,0.6782146990572158,21
2.2002362331660645,False,7,2.3633931894393596,-0.16315695627329507,21
2.4972195536693516,False,8,2.2002362331660645,0.296983320503287,21
2.151585853746782,False,9,2.4972195536693516,-0.34563369992256954,21
2.235205055750524,False,10,2.151585853746782,0.08361920200374184,21
2.410705667206994,False,11,2.235205055750524,0.17550061145647033,21
1.9295568569760428,False,12,2.410705667206994,-0.48114881023095135,21
1.9031348305870237,False,13,1.9295568569760428,-0.026422026389019138,21
1.5313425688528537,False,14,1.9031348305870237,-0.37179226173417,21
2.177691821526396,False,15,1.5313425688528537,0.6463492526735424,21
1.6063550382070044,False,16,2.177691821526396,-0.5713367833193916,21
1.5552219392404438,False,17,1.6063550382070044,-0.0511330989665606,21
2.051700513463219,False,18,1.5552219392404438,0.4964785742227751,21
1.8697707689594711,False,19,2.051700513463219,-0.18192974450374777,21
2.02149989689698,False,20,1.8697707689594711,0.15172912793750903,21
1.8250371457640129,False,21,2.02149989689698,-0.1964627511329673,21
2.064426745323303,False,22,1.8250371457640129,0.2393895995592903,21
1.7460740069001335,False,23,2.064426745323303,-0.3183527384231697,21
1.543249127452798,False,24,1.7460740069001335,-0.20282487944733552,21
1.8855020101810476,False,25,1.543249127452798,0.3422528827282496,21
1.5196573428634943,False,26,1.8855020101810476,-0.3658446673175533,21
2.2342978475089366,False,27,1.5196573428634943,0.7146405046454423,21
2.4062317150935746,False,28,2.2342978475089366,0.17193386758463802,21
1.5949304660055246,False,29,2.4062317150935746,-0.81130124908805,21
1.9363040926007904,False,30,1.5949304660055246,0.3413736265952658,21
1.6791534401140442,False,31,1.9363040926007904,-0.2571506524867462,21
2.187303882674812,False,32,1.6791534401140442,0.5081504425607677,21
1.5620525724903795,False,33,2.187303882674812,-0.6252513101844324,21
2.328240325131974,False,34,1.5620525724903795,0.7661877526415943,21
1.5593447978985409,False,35,2.328240325131974,-0.768895527233433,21
1.9897027999390124,False,36,1.5593447978985409,0.4303580020404716,21
1.6639055001388892,False,37,1.9897027999390124,-0.3257972998001233,21
1.6190620872237789,False,38,1.6639055001388892,-0.04484341291511029,21
2.297210136870903,False,39,1.6190620872237789,0.6781480496471239,21
2.3224739402676686,False,40,2.297210136870903,0.025263803396765816,21
2.449092855581205,False,41,2.3224739402676686,0.1266189153135362,21
2.3343315831040132,False,42,2.449092855581205,-0.11476127247719159,21
2.3459617340561953,False,43,2.3343315831040132,0.011630150952182117,21
2.2803355679936343,False,44,2.3459617340561953,-0.065626166062561,21
1.5733593401867338,False,45,2.2803355679936343,-0.7069762278069005,21
1.7449178844077649,False,46,1.5733593401867338,0.171558544221031,21
1.8371961542614605,False,47,1.7449178844077649,0.0922782698536957,21
1.6425501032063636,False,48,1.8371961542614605,-0.1946460510550969,21
1.625935578306552,False,49,1.6425501032063636,-0.016614524899811522,21
1.8547276220947826,False,50,1.625935578306552,0.22879204378823048,21
2.0939451330743335,False,51,1.8547276220947826,0.2392175109795509,21
1.8785052756589395,False,52,2.0939451330743335,-0.21543985741539395,21
2.2523270537690627,False,53,1.8785052756589395,0.3738217781101232,21
1.8357116947535281,False,54,2.2523270537690627,-0.4166153590155346,21
2.3140334636745736,False,55,1.8357116947535281,0.4783217689210455,21
1.8259046006390238,False,56,2.3140334636745736,-0.4881288630355498,21
1.5370707433034088,False,57,1.8259046006390238,-0.28883385733561506,21
2.3064070855576824,False,58,1.5370707433034088,0.7693363422542736,21
1.859630519819028,False,59,2.3064070855576824,-0.44677656573865443,21
1.876411266375238,False,60,1.859630519819028,0.01678074655620998,21
1.810148895821039,False,61,1.876411266375238,-0.06626237055419892,21
2.0726570624222895,False,62,1.810148895821039,0.26250816660125054,21
2.4001878860397743,False,63,2.0726570624222895,0.32753082361748476,21
1.8804156550730498,False,64,2.4001878860397743,-0.5197722309667245,21
2.4904143840593926,False,65,1.8804156550730498,0.6099987289863429,21
2.4986573398790797,False,66,2.4904143840593926,0.008242955819687037,21
2.176145160556827,False,67,2.4986573398790797,-0.32251217932225273,21
2.115087885118218,False,68,2.176145160556827,-0.06105727543860873,21
1.834685634419012,False,69,2.115087885118218,-0.2804022506992063,21
2.3969034740110424,False,70,1.834685634419012,0.5622178395920305,21
2.331110370056632,False,71,2.3969034740110424,-0.06579310395441063,21
2.491092753505094,False,72,2.331110370056632,0.15998238344846216,21
2.3155287689047954,False,73,2.491092753505094,-0.17556398460029854,21
2.3878693520905347,False,74,2.3155287689047954,0.07234058318573933,21
2.0306429792192775,False,75,2.3878693520905347,-0.35722637287125725,21
1.6768907846973011,False,76,2.0306429792192775,-0.35375219452197637,21
2.118840544719449,False,77,1.6768907846973011,0.44194976002214803,21
2.415975978952436,False,78,2.118840544719449,0.29713543423298683,21
2.19457734175651,False,79,2.415975978952436,-0.221398637195926,21
1.7810791028023205,False,80,2.19457734175651,-0.41349823895418947,21
1.6978243528100643,False,81,1.7810791028023205,-0.08325474999225624,21
1.8101292936676927,False,82,1.6978243528100643,0.11230494085762843,21
2.454415027006187,False,83,1.8101292936676927,0.6442857333384944,21
1.8885652751297015,False,84,2.454415027006187,-0.5658497518764856,21
1.8868073690119274,False,85,1.8885652751297015,-0.001757906117774155,21
2.3364096076360243,False,86,1.8868073690119274,0.449602238624097,21
1.787377058824302,False,87,2.3364096076360243,-0.5490325488117223,21
1.9212536960166287,False,88,1.787377058824302,0.13387663719232656,21
2.3951476527331734,False,89,1.9212536960166287,0.4738939567165448,21
1.9299754804745124,False,90,2.3951476527331734,-0.46517217225866103,21
2.026601967688304,False,91,1.9299754804745124,0.09662648721379163,21
2.1821001327303065,False,92,2.026601967688304,0.15549816504200242,21
2.2486570955943046,False,93,2.1821001327303065,0.06655696286399815,21
2.3509436108980593,False,94,2.2486570955943046,0.10228651530375465,21
2.1456483320500066,False,95,2.3509436108980593,-0.20529527884805265,21
2.230690785852554,False,96,2.1456483320500066,0.0850424538025476,21
2.281099438062349,False,97,2.230690785852554,0.050408652209794624,21
2.342424992659358,False,98,2.281099438062349,0.06132555459700928,21
1.7251622390062686,False,99,2.342424992659358,-0.6172627536530895,21
2.411071388737361,True,100,1.7251622390062686,0.6859091497310925,21
2.690369890538691,True,101,2.411071388737361,0.27929850180132965,21
3.0929834342623983,True,102,2.690369890538691,0.4026135437237075,21
3.4232338206822024,True,103,3.0929834342623983,0.3302503864198041,21
3.703590869918194,True,104,3.4232338206822024,0.2803570492359917,21
4.148480241152258,True,105,3.703590869918194,0.44488937123406425,21
4.402802188659879,True,106,4.148480241152258,0.2543219475076208,21
4.791252283700644,True,107,4.402802188659879,0.3884500950407652,21
5.225183580519511,True,108,4.791252283700644,0.43393129681886666,21
5.447862753089939,True,109,5.225183580519511,0.22267917257042757,21
5.897317016432809,True,110,5.447862753089939,0.4494542633428704,21
6.205185601389762,True,111,5.897317016432809,0.30786858495695313,21
6.466872313081007,True,112,6.205185601389762,0.2616867116912447,21
6.907472244413104,True,113,6.466872313081007,0.4405999313320974,21
7.303395264839165,True,114,6.907472244413104,0.39592302042606065,21
7.5062573204871885,True,115,7.303395264839165,0.20286205564802362,21
7.982008623687514,True,116,7.5062573204871885,0.4757513032003251,21
8.174958685797543,True,117,7.982008623687514,0.19295006211002974,21
8.637092477552276,True,118,8.174958685797543,0.46213379175473257,21
8.963778982157352,True,119,8.637092477552276,0.3266865046050764,21
9.218351711543148,True,120,8.963778982157352,0.2545727293857958,21
9.586741412811838,True,121,9.218351711543148,0.36838970126868986,21
9.996410482851502,True,122,9.586741412811838,0.4096690700396639,21
10.416790006250155,True,123,9.996410482851502,0.4203795233986529,21
10.647882403319322,True,124,10.416790006250155,0.23109239706916718,21
11.000629477872565,True,125,10.647882403319322,0.3527470745532426,21
11.481791466899294,True,126,11.000629477872565,0.48116198902672913,21
11.78381492706632,True,127,11.481791466899294,0.3020234601670264,21
12.032653672471513,True,128,11.78381492706632,0.2488387454051928,21
12.409422922369098,True,129,12.032653672471513,0.37676924989758476,21
12.857741142041679,True,130,12.409422922369098,0.448318219672581,21
13.239113685052489,True,131,12.857741142041679,0.38137254301081036,21
13.580868911872967,True,132,13.239113685052489,0.341755226820478,21
13.828371282714215,True,133,13.580868911872967,0.24750237084124826,21
14.25202888857966,True,134,13.828371282714215,0.4236576058654453,21
14.473621034835169,True,135,14.25202888857966,0.22159214625550838,21
14.95759843474985,True,136,14.473621034835169,0.48397739991468036,21
15.277740833363822,True,137,14.95759843474985,0.32014239861397265,21
15.524000561877589,True,138,15.277740833363822,0.24625972851376687,21
15.854968871866541,True,139,15.524000561877589,0.3309683099889522,21
16.228513349305207,True,140,15.854968871866541,0.37354447743866537,21
16.52125520717025,True,141,16.228513349305207,0.2927418578650425,21
17.02689705174255,True,142,16.52125520717025,0.5056418445723025,21
17.26965773860314,True,143,17.02689705174255,0.2427606868605885,21
17.558635028466778,True,144,17.26965773860314,0.288977289863638,21
18.067579582187644,True,145,17.558635028466778,0.5089445537208661,21
18.42790276834617,True,146,18.067579582187644,0.3603231861585243,21
18.669567221710015,True,147,18.42790276834617,0.24166445336384612,21
18.979196033713734,True,148,18.669567221710015,0.3096288120037194,21
19.37469088840776,True,149,18.979196033713734,0.3954948546940251,21
19.694473218545763,True,150,19.37469088840776,0.31978233013800406,21
20.0,False,151,19.694473218545763,0.30552678145423684,21
20.0,False,152,20.0,0.0,21
20.0,False,153,20.0,0.0,21
20.0,False,154,20.0,0.0,21
20.0,False,155,20.0,0.0,21
20.0,False,156,20.0,0.0,21
20.0,False,157,20.0,0.0,21
20.0,False,158,20.0,0.0,21
20.0,False,159,20.0,0.0,21
20.0,False,160,20.0,0.0,21
20.0,False,161,20.0,0.0,21
20.0,False,162,20.0,0.0,21
20.0,False,163,20.0,0.0,21
20.0,False,164,20.0,0.0,21
20.0,False,165,20.0,0.0,21
20.0,False,166,20.0,0.0,21
20.0,False,167,20.0,0.0,21
20.0,False,168,20.0,0.0,21
20.0,False,169,20.0,0.0,21
20.0,False,170,20.0,0.0,21
20.0,False,171,20.0,0.0,21
20.0,False,172,20.0,0.0,21
20.0,False,173,20.0,0.0,21
20.0,False,174,20.0,0.0,21
20.0,False,175,20.0,0.0,21
20.0,False,176,20.0,0.0,21
20.0,False,177,20.0,0.0,21
20.0,False,178,20.0,0.0,21
20.0,False,179,20.0,0.0,21
20.0,False,180,20.0,0.0,21
20.0,False,181,20.0,0.0,21
20.0,False,182,20.0,0.0,21
20.0,False,183,20.0,0.0,21
20.0,False,184,20.0,0.0,21
20.0,False,185,20.0,0.0,21
20.0,False,186,20.0,0.0,21
20.0,False,187,20.0,0.0,21
20.0,False,188,20.0,0.0,21
20.0,False,189,20.0,0.0,21
20.0,False,190,20.0,0.0,21
20.0,False,191,20.0,0.0,21
20.0,False,192,20.0,0.0,21
20.0,False,193,20.0,0.0,21
20.0,False,194,20.0,0.0,21
20.0,False,195,20.0,0.0,21
20.0,False,196,20.0,0.0,21
20.0,False,197,20.0,0.0,21
20.0,False,198,20.0,0.0,21
20.0,False,199,20.0,0.0,21
20.0,False,200,20.0,0.0,21
20.0,False,201,20.0,0.0,21
20.0,False,202,20.0,0.0,21
20.0,False,203,20.0,0.0,21
19.927801717903378,False,204,20.0,-0.07219828209662182,21
19.943871997405843,False,205,19.927801717903378,0.016070279502464757,21
19.952164779633687,False,206,19.943871997405843,0.008292782227844242,21
19.915182745724,False,207,19.952164779633687,-0.03698203390968757,21
20.0,False,208,19.915182745724,0.0848172542760004,21
19.949637496947727,False,209,20.0,-0.05036250305227341,21
19.977617018856357,False,210,19.949637496947727,0.02797952190863029,21
19.984970987975927,False,211,19.977617018856357,0.007353969119570536,21
20.0,False,212,19.984970987975927,0.015029012024072586,21
20.0,False,213,20.0,0.0,21
19.961371035199537,False,214,20.0,-0.03862896480046274,21
20.0,False,215,19.961371035199537,0.03862896480046274,21
20.0,False,216,20.0,0.0,21
20.0,False,217,20.0,0.0,21
20.0,False,218,20.0,0.0,21
19.95798188538697,False,219,20.0,-0.042018114613028956,21
20.0,False,220,19.95798188538697,0.042018114613028956,21
20.0,False,221,20.0,0.0,21
20.0,False,222,20.0,0.0,21
20.0,False,223,20.0,0.0,21
19.927807005136767,False,224,20.0,-0.07219299486323294,21
20.0,False,225,19.927807005136767,0.07219299486323294,21
20.0,False,226,20.0,0.0,21
19.937618016343006,False,227,20.0,-0.06238198365699432,21
19.958387246368492,False,228,19.937618016343006,0.02076923002548625,21
20.0,False,229,19.958387246368492,0.04161275363150807,21
19.97726779236354,False,230,20.0,-0.022732207636458668,21
19.961998021778435,False,231,19.97726779236354,-0.015269770585106812,21
19.90447035208803,False,232,19.961998021778435,-0.05752766969040479,21
20.0,False,233,19.90447035208803,0.09552964791197027,21
19.948296507359597,False,234,20.0,-0.05170349264040297,21
20.0,False,235,19.948296507359597,0.05170349264040297,21
19.909390181042973,False,236,20.0,-0.09060981895702724,21
20.0,False,237,19.909390181042973,0.09060981895702724,21
20.0,False,238,20.0,0.0,21
19.940041994879405,False,239,20.0,-0.05995800512059546,21
20.0,False,240,19.940041994879405,0.05995800512059546,21
19.95010346668156,False,241,20.0,-0.049896533318438685,21
20.0,False,242,19.95010346668156,0.049896533318438685,21
20.0,False,243,20.0,0.0,21
20.0,False,244,20.0,0.0,21
19.961143024985038,False,245,20.0,-0.0388569750149621,21
19.902942744685582,False,246,19.961143024985038,-0.0582002802994559,21
19.993196980268703,False,247,19.902942744685582,0.09025423558312085,21
20.0,False,248,19.993196980268703,0.006803019731297155,21
19.921603776781424,False,249,20.0,-0.07839622321857576,21
19.930196239309122,False,250,19.921603776781424,0.008592462527698075,21
20.0,False,251,19.930196239309122,0.06980376069087768,21
19.930888364359735,False,252,20.0,-0.06911163564026523,21
19.99962920826523,False,253,19.930888364359735,0.06874084390549484,21
20.0,False,254,19.99962920826523,0.0003707917347703926,21
20.0,False,255,20.0,0.0,21
20.0,False,256,20.0,0.0,21
19.98850214043371,False,257,20.0,-0.011497859566290458,21
19.91611218265705,False,258,19.98850214043371,-0.07238995777666091,21
20.0,False,259,19.91611218265705,0.08388781734295137,21
20.0,False,260,20.0,0.0,21
20.0,False,261,20.0,0.0,21
20.0,False,262,20.0,0.0,21
20.0,False,263,20.0,0.0,21
20.0,False,264,20.0,0.0,21
20.0,False,265,20.0,0.0,21
20.0,False,266,20.0,0.0,21
19.999120700885218,False,267,20.0,-0.0008792991147821283,21
20.0,False,268,19.999120700885218,0.0008792991147821283,21
19.911855371343655,False,269,20.0,-0.08814462865634454,21
20.0,False,270,19.911855371343655,0.08814462865634454,21
20.0,False,271,20.0,0.0,21
20.0,False,272,20.0,0.0,21
20.0,False,273,20.0,0.0,21
20.0,False,274,20.0,0.0,21
19.913960219431868,False,275,20.0,-0.08603978056813233,21
19.987577582647898,False,276,19.913960219431868,0.07361736321603018,21
20.0,False,277,19.987577582647898,0.012422417352102144,21
20.0,False,278,20.0,0.0,21
19.923429707636632,False,279,20.0,-0.07657029236336754,21
19.939951598563308,False,280,19.923429707636632,0.016521890926675553,21
19.963569801882166,False,281,19.939951598563308,0.023618203318857667,21
19.9137613769957,False,282,19.963569801882166,-0.04980842488646431,21
19.988366591843306,False,283,19.9137613769957,0.07460521484760463,21
19.93726258564251,False,284,19.988366591843306,-0.05110400620079503,21
19.928335938601847,False,285,19.93726258564251,-0.008926647040663482,21
19.920166134812337,False,286,19.928335938601847,-0.008169803789510155,21
20.0,False,287,19.920166134812337,0.07983386518766267,21
19.919085553169737,False,288,20.0,-0.08091444683026339,21
20.0,False,289,19.919085553169737,0.08091444683026339,21
20.0,False,290,20.0,0.0,21
19.929827922305968,False,291,20.0,-0.070172077694032,21
20.0,False,292,19.929827922305968,0.070172077694032,21
19.94496884929214,False,293,20.0,-0.055031150707858245,21
20.0,False,294,19.94496884929214,0.055031150707858245,21
19.94260479181569,False,295,20.0,-0.05739520818431032,21
20.0,False,296,19.94260479181569,0.05739520818431032,21
19.912300324305477,False,297,20.0,-0.0876996756945232,21
19.934970788480577,False,298,19.912300324305477,0.02267046417509988,21
20.0,False,299,19.934970788480577,0.06502921151942331,21
2.1766386028452227,False,0,0.0,0.0,22
2.4387823782551696,False,1,2.1766386028452227,0.26214377540994693,22
2.417765114160577,False,2,2.4387823782551696,-0.02101726409459248,22
1.6713401618905488,False,3,2.417765114160577,-0.7464249522700284,22
1.5546644299369563,False,4,1.6713401618905488,-0.11667573195359249,22
2.2998334878200737,False,5,1.5546644299369563,0.7451690578831174,22
1.8872273078297406,False,6,2.2998334878200737,-0.4126061799903331,22
1.950816385291763,False,7,1.8872273078297406,0.06358907746202247,22
2.142750510967157,False,8,1.950816385291763,0.19193412567539392,22
2.432388383149979,False,9,2.142750510967157,0.2896378721828219,22
2.298214713182355,False,10,2.432388383149979,-0.1341736699676237,22
2.144274145254717,False,11,2.298214713182355,-0.15394056792763822,22
2.215766333515027,False,12,2.144274145254717,0.07149218826031012,22
2.0057493877459893,False,13,2.215766333515027,-0.21001694576903773,22
2.2861591343140146,False,14,2.0057493877459893,0.2804097465680253,22
1.7099611308974139,False,15,2.2861591343140146,-0.5761980034166008,22
1.6082559845180902,False,16,1.7099611308974139,-0.10170514637932371,22
2.3615772736183054,False,17,1.6082559845180902,0.7533212891002152,22
1.7783429607104524,False,18,2.3615772736183054,-0.583234312907853,22
2.0630359832992333,False,19,1.7783429607104524,0.28469302258878093,22
1.7946416779186394,False,20,2.0630359832992333,-0.26839430538059394,22
2.413355538413973,False,21,1.7946416779186394,0.6187138604953337,22
2.3665758227966305,False,22,2.413355538413973,-0.04677971561734262,22
1.750544628062135,False,23,2.3665758227966305,-0.6160311947344954,22
2.189216860423887,False,24,1.750544628062135,0.4386722323617518,22
2.1385188240885156,False,25,2.189216860423887,-0.05069803633537129,22
2.478707334594949,False,26,2.1385188240885156,0.3401885105064335,22
2.4364032983460255,False,27,2.478707334594949,-0.04230403624892354,22
2.164835743989545,False,28,2.4364032983460255,-0.2715675543564804,22
2.3479421234612796,False,29,2.164835743989545,0.18310637947173447,22
1.6665891328345817,False,30,2.3479421234612796,-0.681352990626698,22
1.7536810944638481,False,31,1.6665891328345817,0.08709196162926647,22
1.8683882528953544,False,32,1.7536810944638481,0.11470715843150625,22
1.7460970554155972,False,33,1.8683882528953544,-0.12229119747975714,22
1.7931212282207336,False,34,1.7460970554155972,0.04702417280513638,22
2.1037413244833028,False,35,1.7931212282207336,0.31062009626256915,22
1.78094308175629,False,36,2.1037413244833028,-0.32279824272701285,22
1.5913132410676032,False,37,1.78094308175629,-0.1896298406886867,22
2.457041329136124,False,38,1.5913132410676032,0.8657280880685208,22
2.148507935030332,False,39,2.457041329136124,-0.3085333941057917,22
1.738626007012019,False,40,2.148507935030332,-0.40988192801831325,22
1.7740482816265513,False,41,1.738626007012019,0.03542227461453229,22
2.241824445467139,False,42,1.7740482816265513,0.46777616384058773,22
1.9469699420511348,False,43,2.241824445467139,-0.29485450341600417,22
1.5299009725231425,False,44,1.9469699420511348,-0.41706896952799233,22
1.5076028571502265,False,45,1.5299009725231425,-0.02229811537291604,22
2.075007200847585,False,46,1.5076028571502265,0.5674043436973586,22
2.277945125306305,False,47,2.075007200847585,0.20293792445872016,22
2.40360055321055,False,48,2.277945125306305,0.125655427904245,22
2.2265720595780474,False,49,2.40360055321055,-0.17702849363250284,22
2.2736075076082582,False,50,2.2265720595780474,0.04703544803021087,22
2.206910046906656,False,51,2.2736075076082582,-0.06669746070160221,22
2.4837106335426498,False,52,2.206910046906656,0.2768005866359937,22
2.3882280449570135,False,53,2.4837106335426498,-0.0954825885856363,22
1.8842218081113802,False,54,2.3882280449570135,-0.5040062368456333,22
2.2789010029211316,False,55,1.8842218081113802,0.39467919480975144,22
2.169618842993624,False,56,2.2789010029211316,-0.10928215992750756,22
1.9935939661774826,False,57,2.169618842993624,-0.17602487681614143,22
2.2532962868571467,False,58,1.9935939661774826,0.25970232067966403,22
1.5076629649033073,False,59,2.2532962868571467,-0.7456333219538394,22
2.4425483763668163,False,60,1.5076629649033073,0.934885411463509,22
1.8216808955934454,False,61,2.4425483763668163,-0.620867480773371,22
2.3868845923895305,False,62,1.8216808955934454,0.5652036967960852,22
1.7884204495245513,False,63,2.3868845923895305,-0.5984641428649793,22
1.714889939732386,False,64,1.7884204495245513,-0.07353050979216524,22
1.636216964412195,False,65,1.714889939732386,-0.07867297532019091,22
1.7964904772882933,False,66,1.636216964412195,0.16027351287609815,22
2.0381153575087345,False,67,1.7964904772882933,0.24162488022044126,22
1.9869561234381221,False,68,2.0381153575087345,-0.0511592340706124,22
2.4693256491374176,False,69,1.9869561234381221,0.4823695256992955,22
2.3563343039480302,False,70,2.4693256491374176,-0.11299134518938736,22
2.047322672042297,False,71,2.3563343039480302,-0.30901163190573344,22
2.45219406341654,False,72,2.047322672042297,0.4048713913742432,22
2.269653791748853,False,73,2.45219406341654,-0.18254027166768694,22
2.1231135855646364,False,74,2.269653791748853,-0.1465402061842167,22
2.272355683807737,False,75,2.1231135855646364,0.14924209824310042,22
2.4789607375003397,False,76,2.272355683807737,0.20660505369260296,22
2.487265960476779,False,77,2.4789607375003397,0.008305222976439097,22
1.8498121145207438,False,78,2.487265960476779,-0.637453845956035,22
1.885976766980915,False,79,1.8498121145207438,0.03616465246017131,22
2.2455699148599457,False,80,1.885976766980915,0.35959314787903063,22
1.9851765497603637,False,81,2.2455699148599457,-0.260393365099582,22
2.3734808733331088,False,82,1.9851765497603637,0.388304323572745,22
1.7521755749257815,False,83,2.3734808733331088,-0.6213052984073273,22
1.7814413891524556,False,84,1.7521755749257815,0.02926581422667418,22
2.3010482167185202,False,85,1.7814413891524556,0.5196068275660646,22
1.7759087539093055,False,86,2.3010482167185202,-0.5251394628092148,22
2.2136561646096946,False,87,1.7759087539093055,0.43774741070038914,22
2.174582666212852,False,88,2.2136561646096946,-0.0390734983968426,22
1.551500773079995,False,89,2.174582666212852,-0.623081893132857,22
1.9075982075900373,False,90,1.551500773079995,0.3560974345100423,22
1.5714708940331152,False,91,1.9075982075900373,-0.33612731355692205,22
1.7774527304564507,False,92,1.5714708940331152,0.20598183642333545,22
1.7361386645909178,False,93,1.7774527304564507,-0.04131406586553288,22
1.608409551841191,False,94,1.7361386645909178,-0.12772911274972687,22
2.469813981715677,False,95,1.608409551841191,0.8614044298744861,22
2.4680558183995345,False,96,2.469813981715677,-0.0017581633161425358,22
1.8739321159851912,False,97,2.4680558183995345,-0.5941237024143433,22
2.1978263012619355,False,98,1.8739321159851912,0.3238941852767443,22
2.1459835819129793,False,99,2.1978263012619355,-0.05184271934895612,22
2.2580846219191684,True,100,2.1459835819129793,0.11210104000618903,22
2.3504914371559837,True,101,2.2580846219191684,0.09240681523681538,22
2.6501367353835605,True,102,2.3504914371559837,0.2996452982275768,22
2.9379057726575777,True,103,2.6501367353835605,0.28776903727401715,22
3.0510927078698336,True,104,2.9379057726575777,0.11318693521225587,22
3.4098625339205824,True,105,3.0510927078698336,0.3587698260507488,22
3.570228982972556,True,106,3.4098625339205824,0.16036644905197361,22
3.8723549360538674,True,107,3.570228982972556,0.3021259530813114,22
4.02963940393613,True,108,3.8723549360538674,0.1572844678822629,22
4.168647955506042,True,109,4.02963940393613,0.139008551569912,22
4.464767244546278,True,110,4.168647955506042,0.2961192890402353,22
4.753801439692121,True,111,4.464767244546278,0.2890341951458435,22
4.9903531964140395,True,112,4.753801439692121,0.23655175672191842,22
5.1236771810324395,True,113,4.9903531964140395,0.1333239846184,22
5.398411664411774,True,114,5.1236771810324395,0.27473448337933437,22
5.622478676965854,True,115,5.398411664411774,0.22406701255408024,22
5.9718148319674595,True,116,5.622478676965854,0.3493361550016054,22
6.022303175219279,True,117,5.9718148319674595,0.0504883432518195,22
6.295901925518631,True,118,6.022303175219279,0.2735987502993522,22
6.626038416550015,True,119,6.295901925518631,0.330136491031384,22
6.7780393632825975,True,120,6.626038416550015,0.15200094673258224,22
6.939859818524215,True,121,6.7780393632825975,0.16182045524161737,22
7.183647800849059,True,122,6.939859818524215,0.2437879823248439,22
7.512163393599641,True,123,7.183647800849059,0.3285155927505823,22
7.762127503787641,True,124,7.512163393599641,0.24996411018800035,22
7.97587316905805,True,125,7.762127503787641,0.21374566527040884,22
8.16812857467591,True,126,7.97587316905805,0.1922554056178596,22
8.37914004265435,True,127,8.16812857467591,0.21101146797844095,22
8.515870144907954,True,128,8.37914004265435,0.13673010225360294,22
8.838398570039601,True,129,8.515870144907954,0.32252842513164737,22
9.044476556938072,True,130,8.838398570039601,0.206077986898471,22
9.298001405682859,True,131,9.044476556938072,0.253524848744787,22
9.610144105617573,True,132,9.298001405682859,0.31214269993471433,22
9.80554701504965,True,133,9.610144105617573,0.19540290943207594,22
10.008210482395254,True,134,9.80554701504965,0.20266346734560514,22
10.182930561117212,True,135,10.008210482395254,0.1747200787219576,22
10.513547729292462,True,136,10.182930561117212,0.3306171681752499,22
10.697799414245601,True,137,10.513547729292462,0.18425168495313926,22
10.82220754653665,True,138,10.697799414245601,0.12440813229104819,22
11.020186528881734,True,139,10.82220754653665,0.19797898234508438,22
11.389050466736492,True,140,11.020186528881734,0.36886393785475846,22
11.643375835207594,True,141,11.389050466736492,0.2543253684711022,22
11.7419882503413,True,142,11.643375835207594,0.09861241513370622,22
12.047492490092623,True,143,11.7419882503413,0.3055042397513219,22
12.22359037472048,True,144,12.047492490092623,0.17609788462785758,22
12.544807521905083,True,145,12.22359037472048,0.32121714718460304,22
12.706244669941718,True,146,12.544807521905083,0.16143714803663478,22
13.061001435326704,True,147,12.706244669941718,0.3547567653849857,22
13.174151595223453,True,148,13.061001435326704,0.11315015989674926,22
13.31694335222903,True,149,13.174151595223453,0.14279175700557722,22
13.536339995812336,True,150,13.31694335222903,0.21939664358330546,22
13.967639842024898,True,151,13.536339995812336,0.43129984621256234,22
14.143488867158958,True,152,13.967639842024898,0.17584902513405964,22
14.232241377444302,True,153,14.143488867158958,0.08875251028534414,22
14.51342312368942,True,154,14.232241377444302,0.2811817462451174,22
14.840702508829317,True,155,14.51342312368942,0.3272793851398976,22
15.026986231877675,True,156,14.840702508829317,0.1862837230483585,22
15.212432584338394,True,157,15.026986231877675,0.18544635246071905,22
15.500179202595604,True,158,15.212432584338394,0.28774661825720926,22
15.770270648121546,True,159,15.500179202595604,0.2700914455259422,22
15.966655940587062,True,160,15.770270648121546,0.19638529246551606,22
16.25783317767085,True,161,15.966655940587062,0.2911772370837884,22
16.451838686464278,True,162,16.25783317767085,0.1940055087934276,22
16.549846437360515,True,163,16.451838686464278,0.0980077508962367,22
16.87141661989538,True,164,16.549846437360515,0.3215701825348667,22
17.078932229682167,True,165,16.87141661989538,0.2075156097867854,22
17.346352724127424,True,166,17.078932229682167,0.2674204944452576,22
17.45304431998131,True,167,17.346352724127424,0.10669159585388499,22
17.70440391806406,True,168,17.45304431998131,0.2513595980827503,22
17.91909322697226,True,169,17.70440391806406,0.21468930890820204,22
18.232815141226684,True,170,17.91909322697226,0.31372191425442253,22
18.36143226810937,True,171,18.232815141226684,0.12861712688268412,22
18.631646910743225,True,172,18.36143226810937,0.2702146426338565,22
18.802647241663063,True,173,18.631646910743225,0.17100033091983846,22
19.025140618468892,True,174,18.802647241663063,0.22249337680582926,22
19.283165098711436,True,175,19.025140618468892,0.2580244802425433,22
19.603306768090878,True,176,19.283165098711436,0.3201416693794421,22
19.759642261048945,True,177,19.603306768090878,0.1563354929580676,22
20.0,False,178,19.759642261048945,0.2403577389510545,22
20.0,False,179,20.0,0.0,22
20.0,False,180,20.0,0.0,22
20.0,False,181,20.0,0.0,22
20.0,False,182,20.0,0.0,22
20.0,False,183,20.0,0.0,22
20.0,False,184,20.0,0.0,22
20.0,False,185,20.0,0.0,22
20.0,False,186,20.0,0.0,22
20.0,False,187,20.0,0.0,22
20.0,False,188,20.0,0.0,22
20.0,False,189,20.0,0.0,22
20.0,False,190,20.0,0.0,22
20.0,False,191,20.0,0.0,22
20.0,False,192,20.0,0.0,22
20.0,False,193,20.0,0.0,22
20.0,False,194,20.0,0.0,22
20.0,False,195,20.0,0.0,22
20.0,False,196,20.0,0.0,22
20.0,False,197,20.0,0.0,22
20.0,False,198,20.0,0.0,22
20.0,False,199,20.0,0.0,22
20.0,False,200,20.0,0.0,22
19.988818635376575,False,201,20.0,-0.011181364623425338,22
19.919243573704534,False,202,19.988818635376575,-0.0695750616720403,22
20.0,False,203,19.919243573704534,0.08075642629546564,22
20.0,False,204,20.0,0.0,22
20.0,False,205,20.0,0.0,22
20.0,False,206,20.0,0.0,22
20.0,False,207,20.0,0.0,22
20.0,False,208,20.0,0.0,22
20.0,False,209,20.0,0.0,22
20.0,False,210,20.0,0.0,22
20.0,False,211,20.0,0.0,22
20.0,False,212,20.0,0.0,22
19.930803246881723,False,213,20.0,-0.06919675311827689,22
19.928104082447042,False,214,19.930803246881723,-0.0026991644346807675,22
20.0,False,215,19.928104082447042,0.07189591755295766,22
19.949641482243774,False,216,20.0,-0.05035851775622646,22
19.940976083165225,False,217,19.949641482243774,-0.008665399078548575,22
19.98218890266446,False,218,19.940976083165225,0.041212819499236275,22
20.0,False,219,19.98218890266446,0.01781109733553876,22
20.0,False,220,20.0,0.0,22
20.0,False,221,20.0,0.0,22
20.0,False,222,20.0,0.0,22
20.0,False,223,20.0,0.0,22
20.0,False,224,20.0,0.0,22
19.904889937082004,False,225,20.0,-0.09511006291799617,22
19.95220299509278,False,226,19.904889937082004,0.04731305801077568,22
19.93523808674999,False,227,19.95220299509278,-0.016964908342789187,22
19.940837831208757,False,228,19.93523808674999,0.005599744458766764,22
20.0,False,229,19.940837831208757,0.05916216879124292,22
20.0,False,230,20.0,0.0,22
19.93341382859909,False,231,20.0,-0.06658617140091039,22
19.941778884078428,False,232,19.93341382859909,0.008365055479337968,22
20.0,False,233,19.941778884078428,0.05822111592157242,22
20.0,False,234,20.0,0.0,22
19.95960399137512,False,235,20.0,-0.040396008624881574,22
20.0,False,236,19.95960399137512,0.040396008624881574,22
19.950468772356942,False,237,20.0,-0.04953122764305817,22
20.0,False,238,19.950468772356942,0.04953122764305817,22
19.90123686040985,False,239,20.0,-0.09876313959015093,22
19.98765441202787,False,240,19.90123686040985,0.08641755161801967,22
20.0,False,241,19.98765441202787,0.012345587972131256,22
19.942896977766726,False,242,20.0,-0.05710302223327446,22
19.961479621690973,False,243,19.942896977766726,0.018582643924247577,22
19.907262047621717,False,244,19.961479621690973,-0.05421757406925565,22
19.939746752671184,False,245,19.907262047621717,0.0324847050494661,22
19.95777655325169,False,246,19.939746752671184,0.01802980058050707,22
20.0,False,247,19.95777655325169,0.04222344674830936,22
19.952276059371414,False,248,20.0,-0.04772394062858609,22
20.0,False,249,19.952276059371414,0.04772394062858609,22
20.0,False,250,20.0,0.0,22
20.0,False,251,20.0,0.0,22
20.0,False,252,20.0,0.0,22
20.0,False,253,20.0,0.0,22
19.948841006209605,False,254,20.0,-0.0511589937903949,22
20.0,False,255,19.948841006209605,0.0511589937903949,22
19.97822605321979,False,256,20.0,-0.021773946780211162,22
19.953190957646736,False,257,19.97822605321979,-0.0250350955730525,22
20.0,False,258,19.953190957646736,0.046809042353263663,22
20.0,False,259,20.0,0.0,22
19.93128456207158,False,260,20.0,-0.06871543792842161,22
20.0,False,261,19.93128456207158,0.06871543792842161,22
20.0,False,262,20.0,0.0,22
20.0,False,263,20.0,0.0,22
20.0,False,264,20.0,0.0,22
19.977244854731936,False,265,20.0,-0.022755145268064325,22
20.0,False,266,19.977244854731936,0.022755145268064325,22
19.946712244757684,False,267,20.0,-0.05328775524231588,22
19.910001637534865,False,268,19.946712244757684,-0.036710607222818936,22
20.0,False,269,19.910001637534865,0.08999836246513482,22
19.945779531691713,False,270,20.0,-0.054220468308287195,22
20.0,False,271,19.945779531691713,0.054220468308287195,22
19.948739715082336,False,272,20.0,-0.05126028491766377,22
19.98968814828797,False,273,19.948739715082336,0.040948433205635126,22
20.0,False,274,19.98968814828797,0.010311851712028641,22
20.0,False,275,20.0,0.0,22
20.0,False,276,20.0,0.0,22
19.966786165272495,False,277,20.0,-0.03321383472750483,22
19.96972481426203,False,278,19.966786165272495,0.0029386489895344425,22
20.0,False,279,19.96972481426203,0.03027518573797039,22
20.0,False,280,20.0,0.0,22
20.0,False,281,20.0,0.0,22
20.0,False,282,20.0,0.0,22
19.98329337005417,False,283,20.0,-0.016706629945829832,22
19.940428683826863,False,284,19.98329337005417,-0.04286468622730766,22
20.0,False,285,19.940428683826863,0.05957131617313749,22
19.956861731434888,False,286,20.0,-0.04313826856511227,22
19.987186300225005,False,287,19.956861731434888,0.030324568790117468,22
19.954576148465655,False,288,19.987186300225005,-0.03261015175935,22
19.996592213952432,False,289,19.954576148465655,0.042016065486777165,22
19.921393126870186,False,290,19.996592213952432,-0.07519908708224676,22
19.92158728534452,False,291,19.921393126870186,0.0001941584743327951,22
19.911491662279197,False,292,19.92158728534452,-0.010095623065321746,22
20.0,False,293,19.911491662279197,0.08850833772080335,22
19.93502354270094,False,294,20.0,-0.06497645729906054,22
19.91113406858446,False,295,19.93502354270094,-0.023889474116479903,22
20.0,False,296,19.91113406858446,0.08886593141554044,22
19.938864234140816,False,297,20.0,-0.06113576585918423,22
19.97743041682742,False,298,19.938864234140816,0.03856618268660483,22
19.915486930812595,False,299,19.97743041682742,-0.06194348601482602,22
1.7034003775609987,False,0,0.0,0.0,23
2.362833550259878,False,1,1.7034003775609987,0.6594331726988791,23
1.7367377547299765,False,2,2.362833550259878,-0.6260957955299014,23
1.7827946820824407,False,3,1.7367377547299765,0.04605692735246425,23
2.1283313737489076,False,4,1.7827946820824407,0.34553669166646683,23
2.451418768497623,False,5,2.1283313737489076,0.3230873947487156,23
2.2353684246716843,False,6,2.451418768497623,-0.2160503438259389,23
2.2796407985014118,False,7,2.2353684246716843,0.044272373829727485,23
1.500668764997899,False,8,2.2796407985014118,-0.7789720335035129,23
1.8614593226772491,False,9,1.500668764997899,0.3607905576793502,23
2.0955919828756007,False,10,1.8614593226772491,0.23413266019835155,23
2.2995959195943927,False,11,2.0955919828756007,0.20400393671879202,23
1.9806135775049096,False,12,2.2995959195943927,-0.31898234208948306,23
2.1243735088741227,False,13,1.9806135775049096,0.14375993136921306,23
2.3748516296641817,False,14,2.1243735088741227,0.25047812079005904,23
2.257933405112168,False,15,2.3748516296641817,-0.11691822455201395,23
1.9200398265279581,False,16,2.257933405112168,-0.33789357858420965,23
2.365577172894241,False,17,1.9200398265279581,0.44553734636628306,23
2.425735647468502,False,18,2.365577172894241,0.06015847457426071,23
1.9487530028082567,False,19,2.425735647468502,-0.4769826446602452,23
1.838534546550147,False,20,1.9487530028082567,-0.11021845625810966,23
1.5686477385342115,False,21,1.838534546550147,-0.26988680801593556,23
2.306445299054383,False,22,1.5686477385342115,0.7377975605201716,23
1.6848300392755315,False,23,2.306445299054383,-0.6216152597788516,23
2.2992627869831987,False,24,1.6848300392755315,0.6144327477076672,23
2.0615687415185904,False,25,2.2992627869831987,-0.23769404546460837,23
1.7471964793978678,False,26,2.0615687415185904,-0.31437226212072256,23
1.8377687088880599,False,27,1.7471964793978678,0.09057222949019206,23
1.6491507828102852,False,28,1.8377687088880599,-0.18861792607777472,23
1.9198070436160886,False,29,1.6491507828102852,0.2706562608058034,23
1.5873121447172815,False,30,1.9198070436160886,-0.332494898898807,23
2.0804577230976573,False,31,1.5873121447172815,0.49314557838037576,23
1.6995267833749916,False,32,2.0804577230976573,-0.3809309397226657,23
1.8035375662294084,False,33,1.6995267833749916,0.10401078285441678,23
1.6054947084292848,False,34,1.8035375662294084,-0.19804285780012365,23
2.136702769070519,False,35,1.6054947084292848,0.5312080606412342,23
1.656598924165686,False,36,2.136702769070519,-0.48010384490483293,23
1.5635376329734183,False,37,1.656598924165686,-0.09306129119226769,23
2.3395495479014006,False,38,1.5635376329734183,0.7760119149279823,23
2.1311873316945533,False,39,2.3395495479014006,-0.20836221620684725,23
2.20660744970261,False,40,2.1311873316945533,0.07542011800805648,23
2.100348541537513,False,41,2.20660744970261,-0.10625890816509687,23
2.158038823295267,False,42,2.100348541537513,0.057690281757754036,23
1.9547264524981327,False,43,2.158038823295267,-0.20331237079713427,23
2.0321898538618828,False,44,1.9547264524981327,0.07746340136375007,23
1.974626172824855,False,45,2.0321898538618828,-0.05756368103702769,23
2.477333030591599,False,46,1.974626172824855,0.5027068577667437,23
2.052964522834496,False,47,2.477333030591599,-0.4243685077571029,23
1.707782213702865,False,48,2.052964522834496,-0.34518230913163084,23
1.7984159453978237,False,49,1.707782213702865,0.09063373169495859,23
1.5521048531453214,False,50,1.7984159453978237,-0.24631109225250225,23
2.0624797416890543,False,51,1.5521048531453214,0.5103748885437329,23
2.3838762285394797,False,52,2.0624797416890543,0.3213964868504253,23
2.0914819113232,False,53,2.3838762285394797,-0.29239431721627973,23
1.762811172394522,False,54,2.0914819113232,-0.32867073892867804,23
2.005025048469212,False,55,1.762811172394522,0.24221387607469014,23
1.5789800644818468,False,56,2.005025048469212,-0.42604498398736523,23
2.2672555963645276,False,57,1.5789800644818468,0.6882755318826808,23
2.2661813599659375,False,58,2.2672555963645276,-0.001074236398590056,23
1.7788133725363977,False,59,2.2661813599659375,-0.4873679874295398,23
1.6385255526373674,False,60,1.7788133725363977,-0.14028781989903027,23
2.3000696342122686,False,61,1.6385255526373674,0.6615440815749012,23
1.7670938386143078,False,62,2.3000696342122686,-0.5329757955979608,23
2.1635838922919834,False,63,1.7670938386143078,0.39649005367767565,23
2.1677818983213153,False,64,2.1635838922919834,0.004198006029331847,23
1.608571362441273,False,65,2.1677818983213153,-0.5592105358800423,23
2.1815909377369547,False,66,1.608571362441273,0.5730195752956817,23
2.486073062962883,False,67,2.1815909377369547,0.30448212522592843,23
1.6904755363268817,False,68,2.486073062962883,-0.7955975266360014,23
1.7848216116846567,False,69,1.6904755363268817,0.09434607535777495,23
2.0670507677012417,False,70,1.7848216116846567,0.28222915601658505,23
2.4536233755220014,False,71,2.0670507677012417,0.38657260782075964,23
1.6217033555365221,False,72,2.4536233755220014,-0.8319200199854793,23
2.1719321000466376,False,73,1.6217033555365221,0.5502287445101155,23
1.973436190150574,False,74,2.1719321000466376,-0.1984959098960637,23
1.770466375501797,False,75,1.973436190150574,-0.20296981464877684,23
2.3234646143472784,False,76,1.770466375501797,0.5529982388454813,23
2.119066370317748,False,77,2.3234646143472784,-0.20439824402953022,23
1.6577949597073047,False,78,2.119066370317748,-0.4612714106104434,23
2.045756924628336,False,79,1.6577949597073047,0.3879619649210313,23
2.0029964089498287,False,80,2.045756924628336,-0.04276051567850736,23
1.6557362234041557,False,81,2.0029964089498287,-0.34726018554567295,23
2.0402008804670557,False,82,1.6557362234041557,0.3844646570629,23
2.4846982791593795,False,83,2.0402008804670557,0.44449739869232374,23
2.3179544904157154,False,84,2.4846982791593795,-0.16674378874366402,23
2.114087026935766,False,85,2.3179544904157154,-0.20386746347994933,23
1.7840820311613836,False,86,2.114087026935766,-0.33000499577438247,23
1.951567163071354,False,87,1.7840820311613836,0.1674851319099704,23
2.0439385681142714,False,88,1.951567163071354,0.09237140504291741,23
1.857965274468342,False,89,2.0439385681142714,-0.18597329364592952,23
1.5907485519899285,False,90,1.857965274468342,-0.26721672247841344,23
1.8423242748789277,False,91,1.5907485519899285,0.2515757228889992,23
2.422352232756658,False,92,1.8423242748789277,0.5800279578777303,23
2.024323335218267,False,93,2.422352232756658,-0.3980288975383912,23
1.821134417716522,False,94,2.024323335218267,-0.20318891750174473,23
1.5797324462893116,False,95,1.821134417716522,-0.24140197142721043,23
2.216474863720214,False,96,1.5797324462893116,0.6367424174309022,23
2.000271878032151,False,97,2.216474863720214,-0.21620298568806273,23
2.3916525439433336,False,98,2.000271878032151,0.3913806659111825,23
1.6755880231115023,False,99,2.3916525439433336,-0.7160645208318313,23
2.2328474013740673,True,100,1.6755880231115023,0.557259378262565,23
2.418240920155839,True,101,2.2328474013740673,0.18539351878177168,23
2.452291236757857,True,102,2.418240920155839,0.03405031660201807,23
2.585834731570091,True,103,2.452291236757857,0.13354349481223382,23
2.7377395424648507,True,104,2.585834731570091,0.15190481089475982,23
2.931526152089891,True,105,2.7377395424648507,0.19378660962504046,23
3.239770744832475,True,106,2.931526152089891,0.30824459274258365,23
3.4151167782276413,True,107,3.239770744832475,0.1753460333951664,23
3.494454448482676,True,108,3.4151167782276413,0.0793376702550348,23
3.65071493180707,True,109,3.494454448482676,0.1562604833243939,23
3.9067992452427203,True,110,3.65071493180707,0.2560843134356503,23
3.993034209448947,True,111,3.9067992452427203,0.08623496420622656,23
4.199559761010442,True,112,3.993034209448947,0.2065255515614952,23
4.230758098731238,True,113,4.199559761010442,0.031198337720796054,23
4.462215742151861,True,114,4.230758098731238,0.23145764342062325,23
4.590269599730102,True,115,4.462215742151861,0.12805385757824084,23
4.8116215291760325,True,116,4.590269599730102,0.2213519294459303,23
4.925862416089188,True,117,4.8116215291760325,0.11424088691315593,23
5.158657991180368,True,118,4.925862416089188,0.23279557509117943,23
5.317138934898673,True,119,5.158657991180368,0.15848094371830523,23
5.471494638649109,True,120,5.317138934898673,0.1543557037504355,23
5.577000663500623,True,121,5.471494638649109,0.10550602485151472,23
5.763992384364454,True,122,5.577000663500623,0.18699172086383076,23
5.807223031210559,True,123,5.763992384364454,0.043230646846105,23
6.090113489775193,True,124,5.807223031210559,0.28289045856463435,23
6.155616371301073,True,125,6.090113489775193,0.06550288152587935,23
6.327368503829329,True,126,6.155616371301073,0.1717521325282565,23
6.4168636421506,True,127,6.327368503829329,0.08949513832127032,23
6.75237868855238,True,128,6.4168636421506,0.3355150464017802,23
6.776815436394553,True,129,6.75237868855238,0.024436747842173645,23
6.9432647337943205,True,130,6.776815436394553,0.1664492973997671,23
7.100982354878105,True,131,6.9432647337943205,0.1577176210837843,23
7.326538178442142,True,132,7.100982354878105,0.22555582356403736,23
7.4360546912959204,True,133,7.326538178442142,0.10951651285377828,23
7.757019930500709,True,134,7.4360546912959204,0.3209652392047886,23
7.859387100260628,True,135,7.757019930500709,0.10236716975991911,23
7.92971468989542,True,136,7.859387100260628,0.07032758963479147,23
8.162725596148476,True,137,7.92971468989542,0.23301090625305676,23
8.305311366222957,True,138,8.162725596148476,0.14258577007448103,23
8.45080073511745,True,139,8.305311366222957,0.14548936889449315,23
8.625249804699493,True,140,8.45080073511745,0.17444906958204243,23
8.701805537584718,True,141,8.625249804699493,0.07655573288522532,23
8.936853836804502,True,142,8.701805537584718,0.23504829921978398,23
9.061128853982124,True,143,8.936853836804502,0.1242750171776219,23
9.257473715552354,True,144,9.061128853982124,0.19634486157023012,23
9.42327796055989,True,145,9.257473715552354,0.16580424500753566,23
9.615224565095588,True,146,9.42327796055989,0.19194660453569767,23
9.806847730947585,True,147,9.615224565095588,0.1916231658519969,23
9.903569162859652,True,148,9.806847730947585,0.0967214319120675,23
10.142903935744966,True,149,9.903569162859652,0.23933477288531435,23
10.244836972897549,True,150,10.142903935744966,0.10193303715258217,23
10.349430123961932,True,151,10.244836972897549,0.1045931510643836,23
10.54637991152269,True,152,10.349430123961932,0.19694978756075798,23
10.781421610638892,True,153,10.54637991152269,0.2350416991162021,23
10.743581838401973,True,154,10.781421610638892,-0.0378397722369197,23
11.020236699720481,True,155,10.743581838401973,0.2766548613185087,23
11.136938167895485,True,156,11.020236699720481,0.1167014681750036,23
11.313080169830997,True,157,11.136938167895485,0.17614200193551177,23
11.603737753035675,True,158,11.313080169830997,0.2906575832046787,23
11.655015051454582,True,159,11.603737753035675,0.05127729841890627,23
11.8866610888686,True,160,11.655015051454582,0.23164603741401812,23
12.008498211781784,True,161,11.8866610888686,0.12183712291318471,23
12.045428159471754,True,162,12.008498211781784,0.03692994768996982,23
12.260652274520305,True,163,12.045428159471754,0.2152241150485512,23
12.499162288629234,True,164,12.260652274520305,0.2385100141089289,23
12.743594871296885,True,165,12.499162288629234,0.24443258266765078,23
12.823190255251186,True,166,12.743594871296885,0.07959538395430066,23
13.07300781952253,True,167,12.823190255251186,0.2498175642713445,23
13.204237321534038,True,168,13.07300781952253,0.1312295020115073,23
13.20440672388181,True,169,13.204237321534038,0.00016940234777251817,23
13.360417656383907,True,170,13.20440672388181,0.15601093250209708,23
13.586475313738198,True,171,13.360417656383907,0.22605765735429095,23
13.680977690949717,True,172,13.586475313738198,0.09450237721151922,23
13.938288997109298,True,173,13.680977690949717,0.25731130615958087,23
14.044740135438463,True,174,13.938288997109298,0.10645113832916486,23
14.326331309732161,True,175,14.044740135438463,0.2815911742936983,23
14.451362190404462,True,176,14.326331309732161,0.12503088067230017,23
14.631555945761049,True,177,14.451362190404462,0.1801937553565871,23
14.753397047022684,True,178,14.631555945761049,0.12184110126163539,23
14.934613241745778,True,179,14.753397047022684,0.1812161947230937,23
14.978270443260548,True,180,14.934613241745778,0.043657201514770705,23
15.329770757190452,True,181,14.978270443260548,0.351500313929904,23
15.441843852500185,True,182,15.329770757190452,0.1120730953097322,23
15.597067412037601,True,183,15.441843852500185,0.15522355953741673,23
15.639330898376588,True,184,15.597067412037601,0.04226348633898702,23
15.946847211076085,True,185,15.639330898376588,0.3075163126994962,23
16.071235740467625,True,186,15.946847211076085,0.1243885293915401,23
16.18144941287916,True,187,16.071235740467625,0.11021367241153612,23
16.38822974682036,True,188,16.18144941287916,0.2067803339412002,23
16.46311202245923,True,189,16.38822974682036,0.07488227563887051,23
16.65496153602525,True,190,16.46311202245923,0.19184951356601943,23
16.762716095236513,True,191,16.65496153602525,0.10775455921126209,23
16.88984570174276,True,192,16.762716095236513,0.12712960650624794,23
17.133424530167222,True,193,16.88984570174276,0.24357882842446088,23
17.198881663061655,True,194,17.133424530167222,0.06545713289443356,23
17.39826877326833,True,195,17.198881663061655,0.19938711020667554,23
17.568154581559895,True,196,17.39826877326833,0.1698858082915642,23
17.64973190426117,True,197,17.568154581559895,0.08157732270127482,23
17.7926684911498,True,198,17.64973190426117,0.14293658688863076,23
18.00596462875297,True,199,17.7926684911498,0.21329613760316946,23
18.03738355017921,False,200,18.00596462875297,0.03141892142624059,23
18.00176885766346,False,201,18.03738355017921,-0.035614692515750335,23
18.06702073468264,False,202,18.00176885766346,0.065251877019179,23
18.10869710216283,False,203,18.06702073468264,0.041676367480189214,23
17.949875890329494,False,204,18.10869710216283,-0.15882121183333453,23
18.02248871717802,False,205,17.949875890329494,0.07261282684852688,23
18.01212717555823,False,206,18.02248871717802,-0.010361541619790415,23
17.928600730517584,False,207,18.01212717555823,-0.08352644504064699,23
17.940101751813476,False,208,17.928600730517584,0.011501021295892144,23
18.07262358847969,False,209,17.940101751813476,0.1325218366662142,23
17.975617238663453,False,210,18.07262358847969,-0.09700634981623679,23
17.979597874841364,False,211,17.975617238663453,0.003980636177910668,23
17.940312528543764,False,212,17.979597874841364,-0.03928534629759994,23
17.948102858200347,False,213,17.940312528543764,0.007790329656582884,23
17.95510162788973,False,214,17.948102858200347,0.006998769689381845,23
18.031822023916014,False,215,17.95510162788973,0.07672039602628544,23
18.007403971359132,False,216,18.031822023916014,-0.02441805255688223,23
18.05035674793857,False,217,18.007403971359132,0.04295277657943686,23
17.961831066894764,False,218,18.05035674793857,-0.0885256810438051,23
18.039319217428826,False,219,17.961831066894764,0.07748815053406233,23
18.12615977684681,False,220,18.039319217428826,0.08684055941798263,23
17.98204962921231,False,221,18.12615977684681,-0.1441101476344997,23
18.03689765488309,False,222,17.98204962921231,0.05484802567078262,23
18.026552340222718,False,223,18.03689765488309,-0.010345314660373361,23
17.97243108149961,False,224,18.026552340222718,-0.054121258723107246,23
17.98158482660658,False,225,17.97243108149961,0.009153745106967648,23
18.053756272205224,False,226,17.98158482660658,0.07217144559864508,23
17.983384991676463,False,227,18.053756272205224,-0.07037128052876085,23
18.10428571006469,False,228,17.983384991676463,0.1209007183882278,23
18.013670295774812,False,229,18.10428571006469,-0.09061541428987852,23
18.05532685817005,False,230,18.013670295774812,0.041656562395239405,23
18.115247003209472,False,231,18.05532685817005,0.05992014503942045,23
17.991956575088473,False,232,18.115247003209472,-0.123290428120999,23
18.06192855436192,False,233,17.991956575088473,0.069971979273447,23
17.99811857973271,False,234,18.06192855436192,-0.06380997462920845,23
18.081161500210207,False,235,17.99811857973271,0.08304292047749584,23
17.981608700487744,False,236,18.081161500210207,-0.09955279972246345,23
18.125667757101827,False,237,17.981608700487744,0.1440590566140827,23
18.020050796372473,False,238,18.125667757101827,-0.10561696072935334,23
18.05018802961195,False,239,18.020050796372473,0.03013723323947559,23
17.97552706415217,False,240,18.05018802961195,-0.07466096545977763,23
18.100330847647218,False,241,17.97552706415217,0.12480378349504662,23
17.97075039617455,False,242,18.100330847647218,-0.12958045147266617,23
17.976676110016662,False,243,17.97075039617455,0.0059257138421102695,23
18.034197130769492,False,244,17.976676110016662,0.057521020752830054,23
17.983675803537043,False,245,18.034197130769492,-0.050521327232448954,23
18.03625712362402,False,246,17.983675803537043,0.05258132008697558,23
17.952818522181893,False,247,18.03625712362402,-0.08343860144212556,23
18.082705881335592,False,248,17.952818522181893,0.12988735915369887,23
18.042942197371445,False,249,18.082705881335592,-0.039763683964146423,23
18.10706766133838,False,250,18.042942197371445,0.06412546396693486,23
18.010713621660585,False,251,18.10706766133838,-0.0963540396777951,23
17.96912651193853,False,252,18.010713621660585,-0.04158710972205526,23
17.961084750260795,False,253,17.96912651193853,-0.008041761677734627,23
18.056505180640443,False,254,17.961084750260795,0.09542043037964731,23
18.10258208581144,False,255,18.056505180640443,0.04607690517099883,23
18.008634595863327,False,256,18.10258208581144,-0.09394748994811408,23
17.980675515613015,False,257,18.008634595863327,-0.02795908025031224,23
17.947410953668992,False,258,17.980675515613015,-0.03326456194402283,23
17.947361383124647,False,259,17.947410953668992,-4.957054434484576e-05,23
18.050135577963406,False,260,17.947361383124647,0.1027741948387586,23
17.927906158394205,False,261,18.050135577963406,-0.12222941956920153,23
18.04579107522857,False,262,17.927906158394205,0.11788491683436675,23
18.02593740747547,False,263,18.04579107522857,-0.019853667753100268,23
18.037474542353177,False,264,18.02593740747547,0.011537134877706023,23
18.053975606894703,False,265,18.037474542353177,0.01650106454152578,23
18.028238046698743,False,266,18.053975606894703,-0.025737560195960185,23
18.04254431636581,False,267,18.028238046698743,0.014306269667066829,23
18.013753624060154,False,268,18.04254431636581,-0.02879069230565534,23
18.10126875009164,False,269,18.013753624060154,0.08751512603148726,23
18.09513474564672,False,270,18.10126875009164,-0.0061340044449202935,23
17.958378870753275,False,271,18.09513474564672,-0.13675587489344565,23
18.08805722923878,False,272,17.958378870753275,0.1296783584855028,23
18.11696483462074,False,273,18.08805722923878,0.028907605381963464,23
18.071468258342673,False,274,18.11696483462074,-0.0454965762780688,23
17.999971345708982,False,275,18.071468258342673,-0.07149691263369107,23
17.986795329757342,False,276,17.999971345708982,-0.013176015951639641,23
18.08992011799708,False,277,17.986795329757342,0.10312478823973947,23
18.06061071246185,False,278,18.08992011799708,-0.029309405535233424,23
17.958950314364003,False,279,18.06061071246185,-0.10166039809784522,23
17.95834852090509,False,280,17.958950314364003,-0.0006017934589124252,23
18.02050940481268,False,281,17.95834852090509,0.062160883907591113,23
18.091271106262084,False,282,18.02050940481268,0.07076170144940264,23
18.055435611085358,False,283,18.091271106262084,-0.035835495176726795,23
17.970337069461873,False,284,18.055435611085358,-0.08509854162348418,23
17.931148925411204,False,285,17.970337069461873,-0.03918814405066939,23
18.06452658772336,False,286,17.931148925411204,0.13337766231215653,23
17.97438161279845,False,287,18.06452658772336,-0.09014497492491103,23
18.122900048958773,False,288,17.97438161279845,0.14851843616032312,23
18.113962671180513,False,289,18.122900048958773,-0.008937377778259759,23
17.970895120192633,False,290,18.113962671180513,-0.1430675509878796,23
18.0986909291626,False,291,17.970895120192633,0.12779580896996734,23
18.125595224750356,False,292,18.0986909291626,0.0269042955877552,23
18.033647698658054,False,293,18.125595224750356,-0.0919475260923015,23
18.001320179870444,False,294,18.033647698658054,-0.03232751878761064,23
17.957899501416,False,295,18.001320179870444,-0.043420678454442196,23
17.937858938221435,False,296,17.957899501416,-0.020040563194566374,23
18.08298175305248,False,297,17.937858938221435,0.14512281483104417,23
18.091828786024447,False,298,18.08298175305248,0.00884703297196765,23
17.968892873811846,False,299,18.091828786024447,-0.12293591221260058,23
1.8197917885125077,False,0,0.0,0.0,24
2.0424870293928836,False,1,1.8197917885125077,0.22269524088037596,24
2.4551740778928317,False,2,2.0424870293928836,0.4126870484999481,24
1.6364978039103077,False,3,2.4551740778928317,-0.818676273982524,24
1.7294778557791428,False,4,1.6364978039103077,0.09298005186883507,24
1.6263845429140205,False,5,1.7294778557791428,-0.10309331286512236,24
1.712649694737642,False,6,1.6263845429140205,0.08626515182362149,24
2.1508508373381594,False,7,1.712649694737642,0.43820114260051746,24
1.529619599594822,False,8,2.1508508373381594,-0.6212312377433373,24
2.4943558353731357,False,9,1.529619599594822,0.9647362357783136,24
2.185413768916984,False,10,2.4943558353731357,-0.30894206645615174,24
1.7827173689527833,False,11,2.185413768916984,-0.4026963999642006,24
1.8053448600027984,False,12,1.7827173689527833,0.022627491050015047,24
2.4590834969038067,False,13,1.8053448600027984,0.6537386369010083,24
1.9955179403718255,False,14,2.4590834969038067,-0.46356555653198117,24
1.6369006680434564,False,15,1.9955179403718255,-0.35861727232836915,24
1.5858935260893594,False,16,1.6369006680434564,-0.051007141954096946,24
1.7970524940422181,False,17,1.5858935260893594,0.2111589679528587,24
2.0199882056457525,False,18,1.7970524940422181,0.22293571160353443,24
2.1523719554740266,False,19,2.0199882056457525,0.13238374982827406,24
1.8476857909416964,False,20,2.1523719554740266,-0.3046861645323302,24
2.4782353284100553,False,21,1.8476857909416964,0.630549537468359,24
2.4188593039665616,False,22,2.4782353284100553,-0.05937602444349377,24
2.4731278814476343,False,23,2.4188593039665616,0.05426857748107272,24
1.9312668258896593,False,24,2.4731278814476343,-0.541861055557975,24
1.592418956774166,False,25,1.9312668258896593,-0.33884786911549325,24
1.950625415815832,False,26,1.592418956774166,0.35820645904166604,24
2.4371221122938196,False,27,1.950625415815832,0.48649669647798754,24
1.986220223875716,False,28,2.4371221122938196,-0.4509018884181035,24
2.322168791434593,False,29,1.986220223875716,0.3359485675588769,24
2.205226704181456,False,30,2.322168791434593,-0.11694208725313704,24
1.6369097947638935,False,31,2.205226704181456,-0.5683169094175624,24
1.7201756414552822,False,32,1.6369097947638935,0.0832658466913887,24
1.5167033833830796,False,33,1.7201756414552822,-0.2034722580722026,24
2.453726497307023,False,34,1.5167033833830796,0.9370231139239436,24
1.745882809639873,False,35,2.453726497307023,-0.7078436876671501,24
1.8781339226550458,False,36,1.745882809639873,0.13225111301517267,24
1.8905074836566764,False,37,1.8781339226550458,0.012373561001630673,24
1.986822687104562,False,38,1.8905074836566764,0.09631520344788558,24
1.7452720796808103,False,39,1.986822687104562,-0.24155060742375167,24
1.687820352283644,False,40,1.7452720796808103,-0.05745172739716642,24
2.02411013476621,False,41,1.687820352283644,0.33628978248256614,24
1.904976699736832,False,42,2.02411013476621,-0.11913343502937801,24
1.9092701517271737,False,43,1.904976699736832,0.004293451990341701,24
2.3959567137349698,False,44,1.9092701517271737,0.48668656200779603,24
1.5716614205264097,False,45,2.3959567137349698,-0.8242952932085601,24
2.130448807993771,False,46,1.5716614205264097,0.5587873874673612,24
2.0872461620220752,False,47,2.130448807993771,-0.04320264597169565,24
2.23883943634332,False,48,2.0872461620220752,0.15159327432124492,24
2.0816032369492667,False,49,2.23883943634332,-0.15723619939405342,24
1.7024748580495888,False,50,2.0816032369492667,-0.379128378899678,24
1.6143928876544753,False,51,1.7024748580495888,-0.08808197039511345,24
1.5566981791085328,False,52,1.6143928876544753,-0.0576947085459425,24
1.6956012894142907,False,53,1.5566981791085328,0.13890311030575786,24
2.3566971594772284,False,54,1.6956012894142907,0.6610958700629377,24
1.6851237112537953,False,55,2.3566971594772284,-0.671573448223433,24
1.6233690507513496,False,56,1.6851237112537953,-0.06175466050244571,24
1.5319429935131725,False,57,1.6233690507513496,-0.0914260572381771,24
1.9379599910943528,False,58,1.5319429935131725,0.40601699758118026,24
1.7844649022502146,False,59,1.9379599910943528,-0.1534950888441382,24
2.243608423920708,False,60,1.7844649022502146,0.4591435216704933,24
1.8618119551394752,False,61,2.243608423920708,-0.38179646878123275,24
1.7266601216555393,False,62,1.8618119551394752,-0.1351518334839359,24
1.8743172415755618,False,63,1.7266601216555393,0.1476571199200225,24
1.985686159093404,False,64,1.8743172415755618,0.11136891751784228,24
2.2826384997202886,False,65,1.985686159093404,0.2969523406268846,24
2.111368392782119,False,66,2.2826384997202886,-0.17127010693816969,24
1.660819420146213,False,67,2.111368392782119,-0.450548972635906,24
1.831776156542625,False,68,1.660819420146213,0.17095673639641196,24
2.1393692227121988,False,69,1.831776156542625,0.3075930661695738,24
1.729651120397087,False,70,2.1393692227121988,-0.40971810231511174,24
1.5430881248358075,False,71,1.729651120397087,-0.18656299556127953,24
1.680740432143308,False,72,1.5430881248358075,0.13765230730750044,24
2.133228838465575,False,73,1.680740432143308,0.45248840632226717,24
2.0381749782630845,False,74,2.133228838465575,-0.09505386020249063,24
1.7083354164573799,False,75,2.0381749782630845,-0.3298395618057046,24
2.256304575166849,False,76,1.7083354164573799,0.547969158709469,24
1.741021153265928,False,77,2.256304575166849,-0.5152834219009208,24
1.8456927795116291,False,78,1.741021153265928,0.10467162624570103,24
1.612610377622922,False,79,1.8456927795116291,-0.2330824018887072,24
1.8657742598793103,False,80,1.612610377622922,0.2531638822563884,24
2.4415660816269584,False,81,1.8657742598793103,0.5757918217476481,24
1.815635905788655,False,82,2.4415660816269584,-0.6259301758383033,24
2.19162899839132,False,83,1.815635905788655,0.3759930926026649,24
2.0401840350846077,False,84,2.19162899839132,-0.1514449633067123,24
1.6138035081140543,False,85,2.0401840350846077,-0.4263805269705534,24
2.437987262908245,False,86,1.6138035081140543,0.8241837547941908,24
1.8205943057180745,False,87,2.437987262908245,-0.6173929571901706,24
1.5103590330089753,False,88,1.8205943057180745,-0.3102352727090991,24
2.1574382324556565,False,89,1.5103590330089753,0.6470791994466811,24
2.277919489376363,False,90,2.1574382324556565,0.12048125692070633,24
2.132546045529854,False,91,2.277919489376363,-0.14537344384650863,24
2.42948356557335,False,92,2.132546045529854,0.29693752004349605,24
1.8910102147436858,False,93,2.42948356557335,-0.5384733508296644,24
2.243408040535604,False,94,1.8910102147436858,0.35239782579191803,24
1.8554225073343336,False,95,2.243408040535604,-0.38798553320127027,24
1.9045182240361074,False,96,1.8554225073343336,0.04909571670177382,24
2.3790058809695767,False,97,1.9045182240361074,0.4744876569334693,24
1.787908856120104,False,98,2.3790058809695767,-0.5910970248494727,24
2.114152355601774,False,99,1.787908856120104,0.3262434994816701,24
2.0773675114384886,True,100,2.114152355601774,-0.036784844163285424,24
2.245578390059456,True,101,2.0773675114384886,0.16821087862096729,24
2.246942308206865,True,102,2.245578390059456,0.0013639181474092155,24
2.4202696242398503,True,103,2.246942308206865,0.17332731603298512,24
2.453432545452655,True,104,2.4202696242398503,0.03316292121280462,24
2.5628880164771495,True,105,2.453432545452655,0.1094554710244946,24
2.8424288555182056,True,106,2.5628880164771495,0.2795408390410561,24
2.8830672505731303,True,107,2.8424288555182056,0.040638395054924725,24
2.963741412562759,True,108,2.8830672505731303,0.08067416198962851,24
3.1269895960585417,True,109,2.963741412562759,0.16324818349578285,24
3.220742349969691,True,110,3.1269895960585417,0.09375275391114934,24
3.319267860658124,True,111,3.220742349969691,0.09852551068843285,24
3.428634521906564,True,112,3.319267860658124,0.10936666124844008,24
3.5658562914188434,True,113,3.428634521906564,0.1372217695122795,24
3.6384718200600794,True,114,3.5658562914188434,0.072615528641236,24
3.7494299201118673,True,115,3.6384718200600794,0.11095810005178786,24
3.8952800398322265,True,116,3.7494299201118673,0.14585011972035922,24
3.8607249641297,True,117,3.8952800398322265,-0.03455507570252658,24
3.9995812987493293,True,118,3.8607249641297,0.13885633461962943,24
4.101356197682595,True,119,3.9995812987493293,0.10177489893326541,24
4.255646732659174,True,120,4.101356197682595,0.15429053497657907,24
4.374190975088935,True,121,4.255646732659174,0.11854424242976158,24
4.499973209781413,True,122,4.374190975088935,0.12578223469247796,24
4.656980734878846,True,123,4.499973209781413,0.15700752509743232,24
4.671972170827192,True,124,4.656980734878846,0.014991435948346066,24
4.808757108309798,True,125,4.671972170827192,0.13678493748260667,24
5.007022301506144,True,126,4.808757108309798,0.19826519319634528,24
4.9677724994048225,True,127,5.007022301506144,-0.03924980210132123,24
5.216152624372302,True,128,4.9677724994048225,0.24838012496747996,24
5.218244297617397,True,129,5.216152624372302,0.0020916732450944053,24
5.427738413649933,True,130,5.218244297617397,0.20949411603253587,24
5.552086719887376,True,131,5.427738413649933,0.12434830623744286,24
5.718218738715906,True,132,5.552086719887376,0.16613201882853001,24
5.81332680436682,True,133,5.718218738715906,0.09510806565091467,24
5.89624698083603,True,134,5.81332680436682,0.08292017646920957,24
5.96562386067278,True,135,5.89624698083603,0.06937687983675023,24
6.096969396851897,True,136,5.96562386067278,0.1313455361791167,24
6.245556940775004,True,137,6.096969396851897,0.14858754392310747,24
6.309561313173782,True,138,6.245556940775004,0.06400437239877821,24
6.3851682915882435,True,139,6.309561313173782,0.07560697841446107,24
6.44623511471809,True,140,6.3851682915882435,0.06106682312984635,24
6.534079261742849,True,141,6.44623511471809,0.08784414702475907,24
6.718106725518465,True,142,6.534079261742849,0.18402746377561652,24
6.7896374733984866,True,143,6.718106725518465,0.07153074788002112,24
6.900180635263483,True,144,6.7896374733984866,0.1105431618649968,24
7.15263904534256,True,145,6.900180635263483,0.2524584100790763,24
7.128755141170129,True,146,7.15263904534256,-0.023883904172430803,24
7.197361532110242,True,147,7.128755141170129,0.06860639094011312,24
7.440141215921836,True,148,7.197361532110242,0.24277968381159365,24
7.396779818275065,True,149,7.440141215921836,-0.043361397646770605,24
7.598319556771788,True,150,7.396779818275065,0.2015397384967228,24
7.684456753507966,True,151,7.598319556771788,0.08613719673617837,24
7.83109652016383,True,152,7.684456753507966,0.14663976665586365,24
7.926036467395072,True,153,7.83109652016383,0.094939947231242,24
8.012459600070121,True,154,7.926036467395072,0.08642313267504953,24
8.201190585814093,True,155,8.012459600070121,0.1887309857439714,24
8.186773816635295,True,156,8.201190585814093,-0.01441676917879775,24
8.34630810074449,True,157,8.186773816635295,0.15953428410919557,24
8.420548085825914,True,158,8.34630810074449,0.07423998508142304,24
8.548281775501495,True,159,8.420548085825914,0.12773368967558163,24
8.722171945568293,True,160,8.548281775501495,0.17389017006679808,24
8.877307919705176,True,161,8.722171945568293,0.15513597413688274,24
8.926049593373952,True,162,8.877307919705176,0.048741673668775576,24
8.99066517342014,True,163,8.926049593373952,0.06461558004618873,24
9.074037173976707,True,164,8.99066517342014,0.08337200055656702,24
9.29055097620856,True,165,9.074037173976707,0.21651380223185335,24
9.39609396470472,True,166,9.29055097620856,0.1055429884961594,24
9.539684033935044,True,167,9.39609396470472,0.14359006923032425,24
9.585424218443013,True,168,9.539684033935044,0.04574018450796835,24
9.580478898218598,True,169,9.585424218443013,-0.004945320224415184,24
9.675101583372221,True,170,9.580478898218598,0.09462268515362382,24
9.808224454044186,True,171,9.675101583372221,0.13312287067196493,24
9.961780466852922,True,172,9.808224454044186,0.15355601280873543,24
10.06482290517402,True,173,9.961780466852922,0.10304243832109883,24
10.190538571123607,True,174,10.06482290517402,0.1257156659495866,24
10.400141191146801,True,175,10.190538571123607,0.20960262002319396,24
10.476725563417448,True,176,10.400141191146801,0.07658437227064674,24
10.492818316006206,True,177,10.476725563417448,0.016092752588757975,24
10.676052753401605,True,178,10.492818316006206,0.18323443739539869,24
10.856667116931707,True,179,10.676052753401605,0.1806143635301023,24
10.950485801808853,True,180,10.856667116931707,0.09381868487714584,24
10.905162075229663,True,181,10.950485801808853,-0.04532372657918948,24
11.013207254111338,True,182,10.905162075229663,0.10804517888167453,24
11.28818495038489,True,183,11.013207254111338,0.2749776962735524,24
11.236557351064535,True,184,11.28818495038489,-0.05162759932035499,24
11.519255444004719,True,185,11.236557351064535,0.28269809294018344,24
11.462564971352196,True,186,11.519255444004719,-0.05669047265252303,24
11.621012515500952,True,187,11.462564971352196,0.15844754414875695,24
11.80805570874173,True,188,11.621012515500952,0.18704319324077723,24
11.91073493783572,True,189,11.80805570874173,0.10267922909399019,24
12.030077664771477,True,190,11.91073493783572,0.11934272693575743,24
12.124467884502462,True,191,12.030077664771477,0.09439021973098427,24
12.150129458495126,True,192,12.124467884502462,0.025661573992664444,24
12.222623980483162,True,193,12.150129458495126,0.07249452198803574,24
12.541655608193334,True,194,12.222623980483162,0.31903162771017257,24
12.508759292414169,True,195,12.541655608193334,-0.03289631577916552,24
12.746870460401603,True,196,12.508759292414169,0.2381111679874337,24
12.784745317664978,True,197,12.746870460401603,0.03787485726337536,24
12.771178893698194,True,198,12.784745317664978,-0.013566423966784313,24
13.062935216431608,True,199,12.771178893698194,0.29175632273341456,24
12.91960736771612,False,200,13.062935216431608,-0.14332784871548832,24
12.885961296835474,False,201,12.91960736771612,-0.033646070880646306,24
13.030993824143074,False,202,12.885961296835474,0.14503252730760074,24
13.044175462509632,False,203,13.030993824143074,0.01318163836655728,24
13.049155403097119,False,204,13.044175462509632,0.004979940587487519,24
12.971920074262115,False,205,13.049155403097119,-0.07723532883500361,24
12.951070285648296,False,206,12.971920074262115,-0.020849788613819698,24
12.895015239833468,False,207,12.951070285648296,-0.05605504581482812,24
12.893435804856926,False,208,12.895015239833468,-0.0015794349765414495,24
13.013153394854514,False,209,12.893435804856926,0.11971758999758819,24
12.941562494691382,False,210,13.013153394854514,-0.07159090016313208,24
13.061256813448894,False,211,12.941562494691382,0.11969431875751191,24
12.994212064143221,False,212,13.061256813448894,-0.06704474930567272,24
12.924010445087575,False,213,12.994212064143221,-0.0702016190556467,24
12.967713625223974,False,214,12.924010445087575,0.043703180136398956,24
13.031693450767834,False,215,12.967713625223974,0.06397982554386061,24
13.010528725520773,False,216,13.031693450767834,-0.021164725247061256,24
12.950611511924825,False,217,13.010528725520773,-0.05991721359594848,24
13.052579330085361,False,218,12.950611511924825,0.1019678181605368,24
12.956066398603168,False,219,13.052579330085361,-0.09651293148219331,24
12.964943862218274,False,220,12.956066398603168,0.008877463615105441,24
12.878192845271304,False,221,12.964943862218274,-0.08675101694696963,24
12.935952648998688,False,222,12.878192845271304,0.057759803727384096,24
12.895971229667182,False,223,12.935952648998688,-0.03998141933150556,24
12.950031416794737,False,224,12.895971229667182,0.054060187127554116,24
12.886920534571619,False,225,12.950031416794737,-0.06311088222311767,24
13.04947957072388,False,226,12.886920534571619,0.16255903615226153,24
13.039056360582533,False,227,13.04947957072388,-0.010423210141347283,24
12.93794620969483,False,228,13.039056360582533,-0.10111015088770259,24
12.931480631772992,False,229,12.93794620969483,-0.006465577921838772,24
13.021783850991199,False,230,12.931480631772992,0.09030321921820672,24
13.059047510807162,False,231,13.021783850991199,0.037263659815963024,24
13.0244401166047,False,232,13.059047510807162,-0.03460739420246206,24
12.98273389677823,False,233,13.0244401166047,-0.04170621982646949,24
13.006277853536686,False,234,12.98273389677823,0.023543956758455664,24
12.89716068472119,False,235,13.006277853536686,-0.10911716881549616,24
13.049450434297773,False,236,12.89716068472119,0.1522897495765836,24
12.91870333805473,False,237,13.049450434297773,-0.13074709624304326,24
12.881034868214588,False,238,12.91870333805473,-0.03766846984014194,24
12.971162554976052,False,239,12.881034868214588,0.09012768676146443,24
12.867868205065118,False,240,12.971162554976052,-0.103294349910934,24
13.042847072881196,False,241,12.867868205065118,0.17497886781607797,24
12.905291311080306,False,242,13.042847072881196,-0.1375557618008898,24
12.89762828042366,False,243,12.905291311080306,-0.007663030656646086,24
13.042396853350889,False,244,12.89762828042366,0.14476857292722833,24
12.969392623858386,False,245,13.042396853350889,-0.0730042294925024,24
12.8980301850092,False,246,12.969392623858386,-0.07136243884918692,24
12.925386705933835,False,247,12.8980301850092,0.02735652092463603,24
13.054764412894626,False,248,12.925386705933835,0.1293777069607902,24
12.877553990738768,False,249,13.054764412894626,-0.17721042215585747,24
12.89836575675974,False,250,12.877553990738768,0.020811766020971234,24
12.962377496778055,False,251,12.89836575675974,0.06401174001831578,24
12.964776510517472,False,252,12.962377496778055,0.0023990137394171995,24
13.058200218477845,False,253,12.964776510517472,0.09342370796037258,24
13.010411501744013,False,254,13.058200218477845,-0.047788716733832004,24
13.003015965101635,False,255,13.010411501744013,-0.007395536642377465,24
13.035534676232139,False,256,13.003015965101635,0.03251871113050342,24
12.865692782378328,False,257,13.035534676232139,-0.16984189385381043,24
12.990241888575078,False,258,12.865692782378328,0.12454910619674919,24
12.966063524660969,False,259,12.990241888575078,-0.024178363914108658,24
12.936427699234159,False,260,12.966063524660969,-0.029635825426810314,24
12.995736199885819,False,261,12.936427699234159,0.05930850065166027,24
12.9295698604734,False,262,12.995736199885819,-0.066166339412419,24
12.931495404279232,False,263,12.9295698604734,0.0019255438058323193,24
13.042983131652269,False,264,12.931495404279232,0.1114877273730368,24
12.949498479816132,False,265,13.042983131652269,-0.09348465183613719,24
12.971004166374671,False,266,12.949498479816132,0.02150568655853924,24
12.981117102188167,False,267,12.971004166374671,0.010112935813495483,24
13.02582012970042,False,268,12.981117102188167,0.04470302751225397,24
12.957419993590761,False,269,13.02582012970042,-0.06840013610965912,24
13.039543135878938,False,270,12.957419993590761,0.08212314228817696,24
12.976642105557826,False,271,13.039543135878938,-0.06290103032111283,24
12.907190859178387,False,272,12.976642105557826,-0.06945124637943856,24
12.953923559070182,False,273,12.907190859178387,0.04673269989179474,24
13.011035310395274,False,274,12.953923559070182,0.05711175132509183,24
13.036334265273325,False,275,13.011035310395274,0.02529895487805156,24
12.979721315251004,False,276,13.036334265273325,-0.056612950022321584,24
13.035211091816358,False,277,12.979721315251004,0.05548977656535392,24
12.866495920251028,False,278,13.035211091816358,-0.16871517156532967,24
12.999734116246913,False,279,12.866495920251028,0.13323819599588482,24
12.885070958536689,False,280,12.999734116246913,-0.11466315771022373,24
12.922926438535335,False,281,12.885070958536689,0.03785547999864569,24
12.983738776561413,False,282,12.922926438535335,0.06081233802607855,24
12.963802630828457,False,283,12.983738776561413,-0.01993614573295588,24
13.064020221991516,False,284,12.963802630828457,0.10021759116305873,24
13.01176550867536,False,285,13.064020221991516,-0.05225471331615594,24
12.881449453370651,False,286,13.01176550867536,-0.1303160553047089,24
12.87774004885173,False,287,12.881449453370651,-0.003709404518920323,24
13.030743999004748,False,288,12.87774004885173,0.1530039501530176,24
12.904974808723892,False,289,13.030743999004748,-0.12576919028085598,24
13.039674172536152,False,290,12.904974808723892,0.13469936381225978,24
12.968285636601,False,291,13.039674172536152,-0.07138853593515293,24
12.924260118943678,False,292,12.968285636601,-0.04402551765732099,24
12.914665243310154,False,293,12.924260118943678,-0.00959487563352468,24
12.971884717160878,False,294,12.914665243310154,0.0572194738507239,24
12.916734744334036,False,295,12.971884717160878,-0.05514997282684142,24
13.007581118731302,False,296,12.916734744334036,0.09084637439726606,24
12.993153685687602,False,297,13.007581118731302,-0.014427433043699978,24
12.882554194914244,False,298,12.993153685687602,-0.11059949077335851,24
12.954327769661658,False,299,12.882554194914244,0.07177357474741441,24
2.491964681205352,False,0,0.0,0.0,25
1.792893677805809,False,1,2.491964681205352,-0.6990710033995429,25
2.2396302159892034,False,2,1.792893677805809,0.4467365381833943,25
1.757175618111802,False,3,2.2396302159892034,-0.4824545978774015,25
1.8190578621457147,False,4,1.757175618111802,0.06188224403391285,25
2.303877750572991,False,5,1.8190578621457147,0.4848198884272761,25
1.579341294536532,False,6,2.303877750572991,-0.7245364560364589,25
1.997041272787452,False,7,1.579341294536532,0.4176999782509201,25
1.7545438779535814,False,8,1.997041272787452,-0.24249739483387067,25
1.5872536854959316,False,9,1.7545438779535814,-0.16729019245764976,25
1.8007140042997172,False,10,1.5872536854959316,0.21346031880378558,25
1.529982168181847,False,11,1.8007140042997172,-0.2707318361178701,25
2.147314947999448,False,12,1.529982168181847,0.6173327798176009,25
1.6229495326702823,False,13,2.147314947999448,-0.5243654153291657,25
1.686823552079112,False,14,1.6229495326702823,0.06387401940882964,25
2.2240417270654365,False,15,1.686823552079112,0.5372181749863245,25
2.484104776026844,False,16,2.2240417270654365,0.26006304896140753,25
1.876555429228298,False,17,2.484104776026844,-0.607549346798546,25
1.9719293105414495,False,18,1.876555429228298,0.0953738813131515,25
1.6354399073187509,False,19,1.9719293105414495,-0.3364894032226986,25
1.987426555150944,False,20,1.6354399073187509,0.35198664783219313,25
1.9638185557930226,False,21,1.987426555150944,-0.02360799935792146,25
1.7653967987273673,False,22,1.9638185557930226,-0.19842175706565524,25
2.182259374137751,False,23,1.7653967987273673,0.41686257541038385,25
1.9293159828801412,False,24,2.182259374137751,-0.25294339125761,25
2.413472640038427,False,25,1.9293159828801412,0.48415665715828604,25
2.353220884618108,False,26,2.413472640038427,-0.06025175542031924,25
1.5561588264899067,False,27,2.353220884618108,-0.7970620581282013,25
1.654157825342991,False,28,1.5561588264899067,0.09799899885308427,25
2.4788193024913454,False,29,1.654157825342991,0.8246614771483545,25
1.8312544800778268,False,30,2.4788193024913454,-0.6475648224135186,25
2.157524127653546,False,31,1.8312544800778268,0.3262696475757192,25
1.5814725606621955,False,32,2.157524127653546,-0.5760515669913504,25
2.4973394586692286,False,33,1.5814725606621955,0.915866898007033,25
2.1153597585377617,False,34,2.4973394586692286,-0.38197970013146687,25
1.9416731115969539,False,35,2.1153597585377617,-0.17368664694080782,25
2.036533977984547,False,36,1.9416731115969539,0.09486086638759317,25
2.1121958222109773,False,37,2.036533977984547,0.0756618442264303,25
1.54023522231692,False,38,2.1121958222109773,-0.5719605998940573,25
2.310686695203033,False,39,1.54023522231692,0.7704514728861129,25
2.303827991006576,False,40,2.310686695203033,-0.006858704196456955,25
2.245535570220438,False,41,2.303827991006576,-0.058292420786138166,25
1.8723981359407273,False,42,2.245535570220438,-0.37313743427971047,25
2.0676545100296297,False,43,1.8723981359407273,0.1952563740889024,25
2.3841425351094907,False,44,2.0676545100296297,0.31648802507986096,25
1.5989893983062438,False,45,2.3841425351094907,-0.7851531368032469,25
1.997564599413129,False,46,1.5989893983062438,0.39857520110688527,25
2.3401245354406632,False,47,1.997564599413129,0.3425599360275342,25
2.0431867056736226,False,48,2.3401245354406632,-0.29693782976704064,25
1.6051620031007605,False,49,2.0431867056736226,-0.4380247025728621,25
1.9219308388131324,False,50,1.6051620031007605,0.3167688357123719,25
1.89110507666406,False,51,1.9219308388131324,-0.0308257621490724,25
1.7623837126514843,False,52,1.89110507666406,-0.12872136401257572,25
2.4702624932852193,False,53,1.7623837126514843,0.707878780633735,25
2.2234390314612105,False,54,2.4702624932852193,-0.24682346182400883,25
2.0015062837503157,False,55,2.2234390314612105,-0.22193274771089477,25
2.2115596475296906,False,56,2.0015062837503157,0.2100533637793749,25
1.8319355865099243,False,57,2.2115596475296906,-0.3796240610197663,25
1.818477010938233,False,58,1.8319355865099243,-0.013458575571691167,25
2.283183267079554,False,59,1.818477010938233,0.4647062561413211,25
2.161603216320114,False,60,2.283183267079554,-0.12158005075944,25
2.076620035058424,False,61,2.161603216320114,-0.08498318126169035,25
1.7096417709554443,False,62,2.076620035058424,-0.3669782641029795,25
2.0385731389682817,False,63,1.7096417709554443,0.3289313680128374,25
1.5772075604515066,False,64,2.0385731389682817,-0.4613655785167752,25
2.224400761459821,False,65,1.5772075604515066,0.6471932010083146,25
2.2816155866595804,False,66,2.224400761459821,0.05721482519975929,25
1.8915417493872897,False,67,2.2816155866595804,-0.3900738372722907,25
1.7527600546150945,False,68,1.8915417493872897,-0.13878169477219515,25
1.9907686838442171,False,69,1.7527600546150945,0.23800862922912258,25
1.9751860010847109,False,70,1.9907686838442171,-0.01558268275950625,25
2.1881533774257593,False,71,1.9751860010847109,0.21296737634104845,25
1.8972282051112763,False,72,2.1881533774257593,-0.290925172314483,25
2.4125372224640063,False,73,1.8972282051112763,0.5153090173527299,25
2.4785603805008853,False,74,2.4125372224640063,0.06602315803687908,25
2.264323776358325,False,75,2.4785603805008853,-0.21423660414256052,25
2.1757617448330837,False,76,2.264323776358325,-0.08856203152524111,25
1.8734740674445542,False,77,2.1757617448330837,-0.30228767738852946,25
2.180423347319814,False,78,1.8734740674445542,0.3069492798752598,25
1.7746526181890592,False,79,2.180423347319814,-0.40577072913075485,25
1.5625474021153831,False,80,1.7746526181890592,-0.21210521607367605,25
2.2386833049185153,False,81,1.5625474021153831,0.6761359028031322,25
2.0113432492001713,False,82,2.2386833049185153,-0.22734005571834404,25
1.9727032930230548,False,83,2.0113432492001713,-0.03863995617711646,25
2.360263531013034,False,84,1.9727032930230548,0.3875602379899794,25
2.2761268776711345,False,85,2.360263531013034,-0.08413665334189968,25
2.22147040333307,False,86,2.2761268776711345,-0.05465647433806442,25
1.6467819997974886,False,87,2.22147040333307,-0.5746884035355815,25
2.092438150762556,False,88,1.6467819997974886,0.44565615096506717,25
1.6333086180828391,False,89,2.092438150762556,-0.4591295326797167,25
2.232370168516497,False,90,1.6333086180828391,0.599061550433658,25
2.078086135907691,False,91,2.232370168516497,-0.15428403260880597,25
1.582504230507339,False,92,2.078086135907691,-0.4955819054003523,25
2.236509731612782,False,93,1.582504230507339,0.6540055011054433,25
2.459257601353397,False,94,2.236509731612782,0.22274786974061467,25
1.5939068403659338,False,95,2.459257601353397,-0.8653507609874631,25
1.96420620551133,False,96,1.5939068403659338,0.3702993651453963,25
1.8736324943295408,False,97,1.96420620551133,-0.09057371118178925,25
1.9805505587990824,False,98,1.8736324943295408,0.10691806446954155,25
1.6915510686320632,False,99,1.9805505587990824,-0.2889994901670192,25
2.303921763874325,True,100,1.6915510686320632,0.6123706952422618,25
2.681060612779716,True,101,2.303921763874325,0.37713884890539084,25
3.1089631867807723,True,102,2.681060612779716,0.42790257400105647,25
3.3222987333520355,True,103,3.1089631867807723,0.2133355465712632,25
3.719223248013656,True,104,3.3222987333520355,0.39692451466162026,25
4.164120609689252,True,105,3.719223248013656,0.4448973616755958,25
4.33498383985949,True,106,4.164120609689252,0.1708632301702382,25
4.772066032482528,True,107,4.33498383985949,0.4370821926230386,25
5.035188075280686,True,108,4.772066032482528,0.263122042798158,25
5.407718559927377,True,109,5.035188075280686,0.37253048464669103,25
5.9200886043399,True,110,5.407718559927377,0.5123700444125223,25
6.2506430840167315,True,111,5.9200886043399,0.3305544796768318,25
6.5787534676503805,True,112,6.2506430840167315,0.32811038363364897,25
6.8157172692329056,True,113,6.5787534676503805,0.23696380158252506,25
7.136104519631531,True,114,6.8157172692329056,0.3203872503986256,25
7.665097707755247,True,115,7.136104519631531,0.5289931881237155,25
8.000477492398327,True,116,7.665097707755247,0.33537978464307994,25
8.30808250668132,True,117,8.000477492398327,0.30760501428299314,25
8.691145925999813,True,118,8.30808250668132,0.38306341931849275,25
9.065351301292651,True,119,8.691145925999813,0.3742053752928385,25
9.330241688462667,True,120,9.065351301292651,0.26489038717001634,25
9.605872811027542,True,121,9.330241688462667,0.27563112256487443,25
10.117871597809978,True,122,9.605872811027542,0.5119987867824367,25
10.374260840358607,True,123,10.117871597809978,0.2563892425486287,25
10.79719103417519,True,124,10.374260840358607,0.42293019381658326,25
11.029236201974301,True,125,10.79719103417519,0.23204516779911089,25
11.387757251309317,True,126,11.029236201974301,0.3585210493350157,25
11.792957049739751,True,127,11.387757251309317,0.4051997984304343,25
12.130348673983917,True,128,11.792957049739751,0.3373916242441659,25
12.350896266256745,True,129,12.130348673983917,0.22054759227282794,25
12.784942185166084,True,130,12.350896266256745,0.4340459189093391,25
13.14238962515902,True,131,12.784942185166084,0.35744743999293505,25
13.498332272335047,True,132,13.14238962515902,0.3559426471760272,25
13.805577146643204,True,133,13.498332272335047,0.3072448743081573,25
14.1909496609224,True,134,13.805577146643204,0.3853725142791955,25
14.48417075349892,True,135,14.1909496609224,0.2932210925765215,25
14.796726698366111,True,136,14.48417075349892,0.3125559448671904,25
15.212195170315603,True,137,14.796726698366111,0.41546847194949166,25
15.529366850660828,True,138,15.212195170315603,0.3171716803452256,25
15.911185736675014,True,139,15.529366850660828,0.38181888601418557,25
16.31170982289741,True,140,15.911185736675014,0.4005240862223953,25
16.637793807555088,True,141,16.31170982289741,0.3260839846576786,25
16.933718352809038,True,142,16.637793807555088,0.29592454525394984,25
17.40440045036131,True,143,16.933718352809038,0.47068209755227386,25
17.591680947405152,True,144,17.40440045036131,0.1872804970438402,25
18.07618505677368,True,145,17.591680947405152,0.4845041093685296,25
18.48036391771283,True,146,18.07618505677368,0.40417886093914746,25
18.801225339880673,True,147,18.48036391771283,0.3208614221678445,25
19.203021912081258,True,148,18.801225339880673,0.40179657220058473,25
19.51347477193721,True,149,19.203021912081258,0.3104528598559533,25
19.760134169231865,True,150,19.51347477193721,0.24665939729465336,25
20.0,False,151,19.760134169231865,0.23986583076813517,25
20.0,False,152,20.0,0.0,25
20.0,False,153,20.0,0.0,25
20.0,False,154,20.0,0.0,25
20.0,False,155,20.0,0.0,25
20.0,False,156,20.0,0.0,25
20.0,False,157,20.0,0.0,25
20.0,False,158,20.0,0.0,25
20.0,False,159,20.0,0.0,25
20.0,False,160,20.0,0.0,25
20.0,False,161,20.0,0.0,25
20.0,False,162,20.0,0.0,25
20.0,False,163,20.0,0.0,25
20.0,False,164,20.0,0.0,25
20.0,False,165,20.0,0.0,25
20.0,False,166,20.0,0.0,25
20.0,False,167,20.0,0.0,25
20.0,False,168,20.0,0.0,25
20.0,False,169,20.0,0.0,25
20.0,False,170,20.0,0.0,25
20.0,False,171,20.0,0.0,25
20.0,False,172,20.0,0.0,25
20.0,False,173,20.0,0.0,25
20.0,False,174,20.0,0.0,25
20.0,False,175,20.0,0.0,25
20.0,False,176,20.0,0.0,25
20.0,False,177,20.0,0.0,25
20.0,False,178,20.0,0.0,25
20.0,False,179,20.0,0.0,25
20.0,False,180,20.0,0.0,25
20.0,False,181,20.0,0.0,25
20.0,False,182,20.0,0.0,25
20.0,False,183,20.0,0.0,25
20.0,False,184,20.0,0.0,25
20.0,False,185,20.0,0.0,25
20.0,False,186,20.0,0.0,25
20.0,False,187,20.0,0.0,25
20.0,False,188,20.0,0.0,25
20.0,False,189,20.0,0.0,25
20.0,False,190,20.0,0.0,25
20.0,False,191,20.0,0.0,25
20.0,False,192,20.0,0.0,25
20.0,False,193,20.0,0.0,25
20.0,False,194,20.0,0.0,25
20.0,False,195,20.0,0.0,25
20.0,False,196,20.0,0.0,25
20.0,False,197,20.0,0.0,25
20.0,False,198,20.0,0.0,25
20.0,False,199,20.0,0.0,25
19.92584627551301,False,200,20.0,-0.07415372448699031,25
20.0,False,201,19.92584627551301,0.07415372448699031,25
19.9324548106207,False,202,20.0,-0.06754518937929888,25
19.9546349541887,False,203,19.9324548106207,0.022180143567997135,25
19.97984008789035,False,204,19.9546349541887,0.02520513370165034,25
19.912387359188973,False,205,19.97984008789035,-0.06745272870137597,25
20.0,False,206,19.912387359188973,0.08761264081102738,25
19.973847388994717,False,207,20.0,-0.026152611005283433,25
19.904052052916544,False,208,19.973847388994717,-0.06979533607817245,25
20.0,False,209,19.904052052916544,0.09594794708345589,25
20.0,False,210,20.0,0.0,25
19.939061971084417,False,211,20.0,-0.060938028915582976,25
19.903406802171446,False,212,19.939061971084417,-0.035655168912970936,25
20.0,False,213,19.903406802171446,0.09659319782855391,25
19.983902448293044,False,214,20.0,-0.016097551706955926,25
19.97325792512492,False,215,19.983902448293044,-0.01064452316812492,25
19.987548094991265,False,216,19.97325792512492,0.014290169866345792,25
19.932907815936712,False,217,19.987548094991265,-0.05464027905455282,25
20.0,False,218,19.932907815936712,0.06709218406328787,25
19.990315611129034,False,219,20.0,-0.009684388870965677,25
19.959602413136416,False,220,19.990315611129034,-0.03071319799261829,25
20.0,False,221,19.959602413136416,0.04039758686358397,25
19.930432127345483,False,222,20.0,-0.0695678726545168,25
19.96708449817172,False,223,19.930432127345483,0.036652370826235625,25
19.96871318425014,False,224,19.96708449817172,0.001628686078422703,25
19.99038446420209,False,225,19.96871318425014,0.021671279951949174,25
19.996878688172977,False,226,19.99038446420209,0.0064942239708862814,25
19.936497767570305,False,227,19.996878688172977,-0.06038092060267175,25
20.0,False,228,19.936497767570305,0.06350223242969477,25
20.0,False,229,20.0,0.0,25
20.0,False,230,20.0,0.0,25
20.0,False,231,20.0,0.0,25
19.95347647523063,False,232,20.0,-0.04652352476936983,25
19.95562376775601,False,233,19.95347647523063,0.00214729252537893,25
20.0,False,234,19.95562376775601,0.0443762322439909,25
20.0,False,235,20.0,0.0,25
19.939181825453414,False,236,20.0,-0.060818174546586334,25
19.955687260156353,False,237,19.939181825453414,0.01650543470293897,25
20.0,False,238,19.955687260156353,0.044312739843647364,25
20.0,False,239,20.0,0.0,25
20.0,False,240,20.0,0.0,25
20.0,False,241,20.0,0.0,25
20.0,False,242,20.0,0.0,25
20.0,False,243,20.0,0.0,25
20.0,False,244,20.0,0.0,25
20.0,False,245,20.0,0.0,25
19.993587811711844,False,246,20.0,-0.006412188288155818,25
20.0,False,247,19.993587811711844,0.006412188288155818,25
19.95797407966239,False,248,20.0,-0.04202592033761121,25
20.0,False,249,19.95797407966239,0.04202592033761121,25
19.919132402085864,False,250,20.0,-0.08086759791413556,25
20.0,False,251,19.919132402085864,0.08086759791413556,25
20.0,False,252,20.0,0.0,25
19.935930257113622,False,253,20.0,-0.06406974288637812,25
20.0,False,254,19.935930257113622,0.06406974288637812,25
19.901253130608676,False,255,20.0,-0.0987468693913236,25
20.0,False,256,19.901253130608676,0.0987468693913236,25
20.0,False,257,20.0,0.0,25
20.0,False,258,20.0,0.0,25
20.0,False,259,20.0,0.0,25
19.911882112410478,False,260,20.0,-0.08811788758952233,25
20.0,False,261,19.911882112410478,0.08811788758952233,25
20.0,False,262,20.0,0.0,25
19.92900796433274,False,263,20.0,-0.07099203566725976,25
20.0,False,264,19.92900796433274,0.07099203566725976,25
20.0,False,265,20.0,0.0,25
20.0,False,266,20.0,0.0,25
20.0,False,267,20.0,0.0,25
20.0,False,268,20.0,0.0,25
20.0,False,269,20.0,0.0,25
20.0,False,270,20.0,0.0,25
19.959041888941826,False,271,20.0,-0.04095811105817404,25
19.911189339981167,False,272,19.959041888941826,-0.047852548960658936,25
20.0,False,273,19.911189339981167,0.08881066001883298,25
19.900418183905817,False,274,20.0,-0.09958181609418304,25
20.0,False,275,19.900418183905817,0.09958181609418304,25
19.965280594457376,False,276,20.0,-0.034719405542624315,25
20.0,False,277,19.965280594457376,0.034719405542624315,25
20.0,False,278,20.0,0.0,25
20.0,False,279,20.0,0.0,25
20.0,False,280,20.0,0.0,25
19.960823358629575,False,281,20.0,-0.03917664137042465,25
19.98195755450273,False,282,19.960823358629575,0.021134195873155903,25
19.96870671304117,False,283,19.98195755450273,-0.013250841461562857,25
19.978235267296068,False,284,19.96870671304117,0.00952855425489929,25
20.0,False,285,19.978235267296068,0.02176473270393231,25
20.0,False,286,20.0,0.0,25
19.98873207143843,False,287,20.0,-0.011267928561569107,25
19.98859834894154,False,288,19.98873207143843,-0.00013372249689069804,25
19.931527213073444,False,289,19.98859834894154,-0.05707113586809598,25
20.0,False,290,19.931527213073444,0.06847278692655578,25
19.95778423723441,False,291,20.0,-0.042215762765589915,25
19.961670419922516,False,292,19.95778423723441,0.0038861826881060324,25
19.99171701737017,False,293,19.961670419922516,0.030046597447654477,25
19.920284164319455,False,294,19.99171701737017,-0.071432853050716,25
20.0,False,295,19.920284164319455,0.07971583568054541,25
20.0,False,296,20.0,0.0,25
20.0,False,297,20.0,0.0,25
20.0,False,298,20.0,0.0,25
20.0,False,299,20.0,0.0,25
2.4980260025886745,False,0,0.0,0.0,26
1.9822441157494948,False,1,2.4980260025886745,-0.5157818868391797,26
1.7071254681485475,False,2,1.9822441157494948,-0.2751186476009473,26
2.2001208046451906,False,3,1.7071254681485475,0.49299533649664307,26
1.5243782995472888,False,4,2.2001208046451906,-0.6757425050979018,26
1.7042678199687025,False,5,1.5243782995472888,0.1798895204214137,26
2.1559303161941927,False,6,1.7042678199687025,0.45166249622549026,26
2.1433384876529344,False,7,2.1559303161941927,-0.012591828541258288,26
1.5549931503702972,False,8,2.1433384876529344,-0.5883453372826373,26
1.90429854088621,False,9,1.5549931503702972,0.3493053905159129,26
2.1743337934183797,False,10,1.90429854088621,0.27003525253216965,26
1.6744957907290514,False,11,2.1743337934183797,-0.4998380026893283,26
2.3765161078293144,False,12,1.6744957907290514,0.702020317100263,26
1.578541111679993,False,13,2.3765161078293144,-0.7979749961493214,26
2.2628785572591004,False,14,1.578541111679993,0.6843374455791074,26
2.217103021113845,False,15,2.2628785572591004,-0.0457755361452552,26
1.7542618305157314,False,16,2.217103021113845,-0.4628411905981138,26
2.4299923672882766,False,17,1.7542618305157314,0.6757305367725452,26
2.0232343702423785,False,18,2.4299923672882766,-0.4067579970458981,26
1.53757138906826,False,19,2.0232343702423785,-0.48566298117411844,26
2.1055150955235358,False,20,1.53757138906826,0.5679437064552757,26
1.8755087233217174,False,21,2.1055150955235358,-0.2300063722018184,26
2.2920726560073814,False,22,1.8755087233217174,0.41656393268566405,26
1.5127994561477336,False,23,2.2920726560073814,-0.7792731998596478,26
1.811538368410238,False,24,1.5127994561477336,0.2987389122625044,26
1.502519275520056,False,25,1.811538368410238,-0.3090190928901819,26
2.3914174701881104,False,26,1.502519275520056,0.8888981946680543,26
2.059056745843571,False,27,2.3914174701881104,-0.33236072434453945,26
1.7391136394431657,False,28,2.059056745843571,-0.31994310640040524,26
2.0852942336891513,False,29,1.7391136394431657,0.3461805942459857,26
1.5159662827750395,False,30,2.0852942336891513,-0.5693279509141118,26
1.7413986200840945,False,31,1.5159662827750395,0.225432337309055,26
1.5046485617344418,False,32,1.7413986200840945,-0.23675005834965268,26
2.4825365476447185,False,33,1.5046485617344418,0.9778879859102767,26
2.127883095592723,False,34,2.4825365476447185,-0.3546534520519957,26
2.016761425802404,False,35,2.127883095592723,-0.11112166979031901,26
1.8437868825567376,False,36,2.016761425802404,-0.1729745432456662,26
2.1176260033943066,False,37,1.8437868825567376,0.273839120837569,26
1.7586532540353894,False,38,2.1176260033943066,-0.3589727493589172,26
2.347410457004228,False,39,1.7586532540353894,0.5887572029688384,26
2.386428009190582,False,40,2.347410457004228,0.039017552186354276,26
2.172485474995279,False,41,2.386428009190582,-0.21394253419530296,26
1.8392232249464353,False,42,2.172485474995279,-0.3332622500488438,26
1.7612087124516889,False,43,1.8392232249464353,-0.07801451249474645,26
2.1742529601007288,False,44,1.7612087124516889,0.4130442476490399,26
1.7032705130514216,False,45,2.1742529601007288,-0.47098244704930714,26
1.5060121253611354,False,46,1.7032705130514216,-0.19725838769028625,26
1.6938074663066005,False,47,1.5060121253611354,0.18779534094546513,26
2.4211696376016123,False,48,1.6938074663066005,0.7273621712950118,26
1.827133602844629,False,49,2.4211696376016123,-0.5940360347569833,26
2.474907680424197,False,50,1.827133602844629,0.647774077579568,26
2.4524659633982275,False,51,2.474907680424197,-0.02244171702596942,26
2.0173584027947915,False,52,2.4524659633982275,-0.435107560603436,26
1.957176231487459,False,53,2.0173584027947915,-0.0601821713073325,26
1.5338428693691752,False,54,1.957176231487459,-0.42333336211828376,26
2.2572376685248687,False,55,1.5338428693691752,0.7233947991556935,26
1.9182932715088397,False,56,2.2572376685248687,-0.3389443970160291,26
1.6529436332690521,False,57,1.9182932715088397,-0.2653496382397875,26
1.6074071095759395,False,58,1.6529436332690521,-0.045536523693112674,26
2.1509212464451064,False,59,1.6074071095759395,0.5435141368691669,26
1.6659389336409338,False,60,2.1509212464451064,-0.4849823128041726,26
1.9553940492775728,False,61,1.6659389336409338,0.28945511563663895,26
2.4303492129254667,False,62,1.9553940492775728,0.4749551636478939,26
2.129762110982209,False,63,2.4303492129254667,-0.30058710194325755,26
2.257376972122874,False,64,2.129762110982209,0.1276148611406649,26
2.2979805436958216,False,65,2.257376972122874,0.04060357157294758,26
1.8174362515953049,False,66,2.2979805436958216,-0.48054429210051675,26
2.2556786330484733,False,67,1.8174362515953049,0.4382423814531684,26
2.0947770267958403,False,68,2.2556786330484733,-0.16090160625263294,26
2.1826555516012855,False,69,2.0947770267958403,0.08787852480544522,26
2.06011414749537,False,70,2.1826555516012855,-0.12254140410591541,26
2.0219478169032716,False,71,2.06011414749537,-0.03816633059209851,26
1.9409433518844383,False,72,2.0219478169032716,-0.0810044650188333,26
1.8796552387026773,False,73,1.9409433518844383,-0.061288113181761084,26
2.153402626917425,False,74,1.8796552387026773,0.27374738821474764,26
2.3426065759989694,False,75,2.153402626917425,0.18920394908154448,26
2.1973514472324873,False,76,2.3426065759989694,-0.14525512876648206,26
1.670323944082394,False,77,2.1973514472324873,-0.5270275031500933,26
2.475884036066698,False,78,1.670323944082394,0.8055600919843038,26
1.845315898224296,False,79,2.475884036066698,-0.6305681378424017,26
1.7329454390312093,False,80,1.845315898224296,-0.11237045919308675,26
2.0106096880157605,False,81,1.7329454390312093,0.2776642489845511,26
2.3062137101719706,False,82,2.0106096880157605,0.2956040221562102,26
2.0421607625769087,False,83,2.3062137101719706,-0.2640529475950619,26
1.7039976263239676,False,84,2.0421607625769087,-0.33816313625294114,26
1.7730886421557612,False,85,1.7039976263239676,0.06909101583179367,26
2.143925350963294,False,86,1.7730886421557612,0.3708367088075326,26
2.1077285601565734,False,87,2.143925350963294,-0.03619679080672045,26
2.23684361468146,False,88,2.1077285601565734,0.12911505452488647,26
1.876344270228517,False,89,2.23684361468146,-0.36049934445294296,26
1.9052023883778797,False,90,1.876344270228517,0.028858118149362788,26
1.7431520690445352,False,91,1.9052023883778797,-0.16205031933334446,26
2.1347005856436723,False,92,1.7431520690445352,0.39154851659913703,26
2.2144067327997248,False,93,2.1347005856436723,0.07970614715605251,26
2.099284427657879,False,94,2.2144067327997248,-0.11512230514184596,26
2.3227881788875724,False,95,2.099284427657879,0.22350375122969357,26
2.1254666793417645,False,96,2.3227881788875724,-0.1973214995458079,26
1.7628371782371521,False,97,2.1254666793417645,-0.36262950110461234,26
1.7092796989245371,False,98,1.7628371782371521,-0.05355747931261501,26
2.2551325923459746,False,99,1.7092796989245371,0.5458528934214375,26
2.046601104808427,True,100,2.2551325923459746,-0.20853148753754747,26
2.2604895051535077,True,101,2.046601104808427,0.2138884003450805,26
2.375008423676005,True,102,2.2604895051535077,0.11451891852249751,26
2.507097718582169,True,103,2.375008423676005,0.1320892949061636,26
2.537460427423647,True,104,2.507097718582169,0.03036270884147818,26
2.572069259170759,True,105,2.537460427423647,0.034608831747112045,26
2.6717920574992533,True,106,2.572069259170759,0.09972279832849429,26
2.7904755560292243,True,107,2.6717920574992533,0.11868349852997095,26
2.9882632403060585,True,108,2.7904755560292243,0.19778768427683424,26
3.1803389348000297,True,109,2.9882632403060585,0.19207569449397122,26
3.2657338207555164,True,110,3.1803389348000297,0.08539488595548672,26
3.2683449465881,True,111,3.2657338207555164,0.002611125832583383,26
3.3316472937892128,True,112,3.2683449465881,0.06330234720111294,26
3.5824500448854772,True,113,3.3316472937892128,0.2508027510962645,26
3.723311771179378,True,114,3.5824500448854772,0.1408617262939007,26
3.720641458606803,True,115,3.723311771179378,-0.0026703125725751065,26
3.810054307708015,True,116,3.720641458606803,0.08941284910121228,26
4.037285375137881,True,117,3.810054307708015,0.22723106742986632,26
4.180322618148381,True,118,4.037285375137881,0.14303724301049936,26
4.215408389086889,True,119,4.180322618148381,0.035085770938508176,26
4.255574678870615,True,120,4.215408389086889,0.04016628978372605,26
4.426479272476995,True,121,4.255574678870615,0.17090459360638022,26
4.469353879504583,True,122,4.426479272476995,0.04287460702758761,26
4.609459459637044,True,123,4.469353879504583,0.14010558013246133,26
4.743469809928484,True,124,4.609459459637044,0.13401035029144026,26
4.872033705493725,True,125,4.743469809928484,0.1285638955652404,26
4.930707364363108,True,126,4.872033705493725,0.058673658869382805,26
5.1079469964871596,True,127,4.930707364363108,0.17723963212405192,26
5.090244133602555,True,128,5.1079469964871596,-0.017702862884604542,26
5.368477625314647,True,129,5.090244133602555,0.27823349171209166,26
5.388111686448182,True,130,5.368477625314647,0.019634061133535496,26
5.561912233902446,True,131,5.388111686448182,0.1738005474542641,26
5.552800540142651,True,132,5.561912233902446,-0.009111693759795259,26
5.784188324784274,True,133,5.552800540142651,0.23138778464162257,26
5.794580080213722,True,134,5.784188324784274,0.010391755429448146,26
5.913582568096316,True,135,5.794580080213722,0.11900248788259393,26
5.926824895373119,True,136,5.913582568096316,0.013242327276802968,26
6.213653670694728,True,137,5.926824895373119,0.28682877532160944,26
6.136515728614805,True,138,6.213653670694728,-0.07713794207992297,26
6.413827967247712,True,139,6.136515728614805,0.27731223863290655,26
6.371202003262936,True,140,6.413827967247712,-0.042625963984775694,26
6.561151336541789,True,141,6.371202003262936,0.18994933327885288,26
6.714607339244024,True,142,6.561151336541789,0.15345600270223514,26
6.666130867971201,True,143,6.714607339244024,-0.048476471272823396,26
6.897136899744973,True,144,6.666130867971201,0.23100603177377277,26
6.976397912982936,True,145,6.897136899744973,0.07926101323796253,26
7.054910809572348,True,146,6.976397912982936,0.0785128965894124,26
7.128926486646636,True,147,7.054910809572348,0.07401567707428747,26
7.396745113943233,True,148,7.128926486646636,0.267818627296597,26
7.514944194159208,True,149,7.396745113943233,0.11819908021597492,26
7.463793618277016,True,150,7.514944194159208,-0.05115057588219152,26
7.735180930842706,True,151,7.463793618277016,0.2713873125656896,26
7.727344700343147,True,152,7.735180930842706,-0.007836230499559171,26
7.988962809815014,True,153,7.727344700343147,0.2616181094718675,26
8.041394919545223,True,154,7.988962809815014,0.05243210973020851,26
8.183338625913164,True,155,8.041394919545223,0.1419437063679414,26
8.206541272693357,True,156,8.183338625913164,0.023202646780193348,26
8.201526203611408,True,157,8.206541272693357,-0.005015069081949264,26
8.422363249617488,True,158,8.201526203611408,0.22083704600608023,26
8.538979074026301,True,159,8.422363249617488,0.11661582440881268,26
8.649678581220517,True,160,8.538979074026301,0.11069950719421584,26
8.638329244476626,True,161,8.649678581220517,-0.011349336743890603,26
8.831764898357923,True,162,8.638329244476626,0.1934356538812967,26
8.882989616539716,True,163,8.831764898357923,0.05122471818179264,26
9.122524731986557,True,164,8.882989616539716,0.23953511544684147,26
9.216173986717058,True,165,9.122524731986557,0.09364925473050079,26
9.156889700836507,True,166,9.216173986717058,-0.059284285880551124,26
9.376821098858711,True,167,9.156889700836507,0.2199313980222044,26
9.406533121595885,True,168,9.376821098858711,0.029712022737173882,26
9.682847871820755,True,169,9.406533121595885,0.27631475022486995,26
9.772217991243515,True,170,9.682847871820755,0.0893701194227603,26
9.865199618609491,True,171,9.772217991243515,0.09298162736597604,26
9.96684606927214,True,172,9.865199618609491,0.1016464506626491,26
9.934196419029444,True,173,9.96684606927214,-0.03264965024269628,26
10.137913551791893,True,174,9.934196419029444,0.20371713276244918,26
10.152927676394263,True,175,10.137913551791893,0.01501412460237006,26
10.259638176213413,True,176,10.152927676394263,0.10671049981914926,26
10.398747086317142,True,177,10.259638176213413,0.1391089101037295,26
10.528672190132035,True,178,10.398747086317142,0.12992510381489275,26
10.757958102605546,True,179,10.528672190132035,0.22928591247351093,26
10.700295597886603,True,180,10.757958102605546,-0.05766250471894274,26
10.822054633791428,True,181,10.700295597886603,0.12175903590482484,26
10.923711775620381,True,182,10.822054633791428,0.10165714182895336,26
11.127584512362574,True,183,10.923711775620381,0.20387273674219308,26
11.281283716221992,True,184,11.127584512362574,0.15369920385941782,26
11.334821897807634,True,185,11.281283716221992,0.053538181585642164,26
11.453266225744555,True,186,11.334821897807634,0.1184443279369205,26
11.58737797070163,True,187,11.453266225744555,0.13411174495707456,26
11.724112357834183,True,188,11.58737797070163,0.13673438713255415,26
11.704471507623078,True,189,11.724112357834183,-0.019640850211105843,26
11.928319893113043,True,190,11.704471507623078,0.22384838548996555,26
11.957445393645525,True,191,11.928319893113043,0.029125500532481752,26
12.072538017722911,True,192,11.957445393645525,0.11509262407738596,26
12.122722085535205,True,193,12.072538017722911,0.05018406781229423,26
12.400606251941515,True,194,12.122722085535205,0.2778841664063094,26
12.35200152204773,True,195,12.400606251941515,-0.04860472989378373,26
12.507107403873349,True,196,12.35200152204773,0.1551058818256177,26
12.695919749462785,True,197,12.507107403873349,0.1888123455894366,26
12.764788344452562,True,198,12.695919749462785,0.06886859498977671,26
12.778547659418658,True,199,12.764788344452562,0.01375931496609617,26
12.88889333161175,False,200,12.778547659418658,0.11034567219309288,26
12.80497684612746,False,201,12.88889333161175,-0.08391648548429131,26
12.89561688303892,False,202,12.80497684612746,0.09064003691146105,26
12.872952799959709,False,203,12.89561688303892,-0.02266408307921175,26
12.857057291189482,False,204,12.872952799959709,-0.015895508770226385,26
12.80626954189045,False,205,12.857057291189482,-0.05078774929903318,26
12.802741061088184,False,206,12.80626954189045,-0.003528480802264866,26
12.817695758582017,False,207,12.802741061088184,0.014954697493832825,26
12.875535976862079,False,208,12.817695758582017,0.05784021828006125,26
12.71202288454544,False,209,12.875535976862079,-0.1635130923166379,26
12.810927277888535,False,210,12.71202288454544,0.0989043933430942,26
12.738185869864774,False,211,12.810927277888535,-0.07274140802376117,26
12.811860027156932,False,212,12.738185869864774,0.07367415729215843,26
12.834364039193149,False,213,12.811860027156932,0.02250401203621699,26
12.865152398087252,False,214,12.834364039193149,0.03078835889410314,26
12.806244846363128,False,215,12.865152398087252,-0.05890755172412376,26
12.807925892051903,False,216,12.806244846363128,0.0016810456887750291,26
12.804557713665533,False,217,12.807925892051903,-0.0033681783863706016,26
12.831067925100417,False,218,12.804557713665533,0.026510211434883857,26
12.759607375429695,False,219,12.831067925100417,-0.07146054967072146,26
12.713598073547347,False,220,12.759607375429695,-0.0460093018823482,26
12.752802004358585,False,221,12.713598073547347,0.03920393081123841,26
12.731075055245066,False,222,12.752802004358585,-0.021726949113519467,26
12.8748616043091,False,223,12.731075055245066,0.14378654906403376,26
12.796341592695075,False,224,12.8748616043091,-0.07852001161402455,26
12.821930448041446,False,225,12.796341592695075,0.025588855346370565,26
12.829864882558683,False,226,12.821930448041446,0.007934434517236966,26
12.765938354321126,False,227,12.829864882558683,-0.06392652823755718,26
12.727868514167977,False,228,12.765938354321126,-0.03806984015314896,26
12.743142227385501,False,229,12.727868514167977,0.015273713217524687,26
12.751411233049309,False,230,12.743142227385501,0.008269005663807505,26
12.854818209861557,False,231,12.751411233049309,0.10340697681224853,26
12.754834082628312,False,232,12.854818209861557,-0.09998412723324535,26
12.837547004989549,False,233,12.754834082628312,0.08271292236123706,26
12.818360992287959,False,234,12.837547004989549,-0.01918601270159037,26
12.835193183550091,False,235,12.818360992287959,0.016832191262132312,26
12.766615038279868,False,236,12.835193183550091,-0.06857814527022299,26
12.717910070684754,False,237,12.766615038279868,-0.04870496759511411,26
12.754604471809474,False,238,12.717910070684754,0.03669440112471989,26
12.797429821733061,False,239,12.754604471809474,0.04282534992358755,26
12.850902796919092,False,240,12.797429821733061,0.05347297518603078,26
12.787343970030966,False,241,12.850902796919092,-0.06355882688812642,26
12.85975099868514,False,242,12.787343970030966,0.07240702865417425,26
12.743573822776675,False,243,12.85975099868514,-0.1161771759084651,26
12.718282103595879,False,244,12.743573822776675,-0.02529171918079598,26
12.855728133835955,False,245,12.718282103595879,0.13744603024007596,26
12.762195134192977,False,246,12.855728133835955,-0.0935329996429779,26
12.73331216383939,False,247,12.762195134192977,-0.028882970353587112,26
12.85914335373067,False,248,12.73331216383939,0.1258311898912794,26
12.86300803471733,False,249,12.85914335373067,0.003864680986660929,26
12.803761632195025,False,250,12.86300803471733,-0.059246402522305175,26
12.714662528348388,False,251,12.803761632195025,-0.0890991038466371,26
12.836358998850816,False,252,12.714662528348388,0.12169647050242816,26
12.788314277095903,False,253,12.836358998850816,-0.0480447217549127,26
12.743406438421255,False,254,12.788314277095903,-0.044907838674648204,26
12.74940108293207,False,255,12.743406438421255,0.005994644510815661,26
12.896082983870976,False,256,12.74940108293207,0.14668190093890487,26
12.891345571004733,False,257,12.896082983870976,-0.004737412866242963,26
12.792933779220736,False,258,12.891345571004733,-0.09841179178399706,26
12.875453624034213,False,259,12.792933779220736,0.0825198448134774,26
12.783655738206136,False,260,12.875453624034213,-0.09179788582807724,26
12.77273811078061,False,261,12.783655738206136,-0.010917627425525822,26
12.84884221803093,False,262,12.77273811078061,0.07610410725031969,26
12.77079703569123,False,263,12.84884221803093,-0.07804518233970015,26
12.881779175184997,False,264,12.77079703569123,0.11098213949376756,26
12.742726839919424,False,265,12.881779175184997,-0.13905233526557303,26
12.775089653898961,False,266,12.742726839919424,0.03236281397953711,26
12.84573870882086,False,267,12.775089653898961,0.07064905492189943,26
12.86245840190855,False,268,12.84573870882086,0.016719693087688725,26
12.805609568544861,False,269,12.86245840190855,-0.056848833363687845,26
12.718413124882188,False,270,12.805609568544861,-0.08719644366267332,26
12.711238728672647,False,271,12.718413124882188,-0.007174396209540745,26
12.71301346598434,False,272,12.711238728672647,0.0017747373116918652,26
12.750300957507543,False,273,12.71301346598434,0.03728749152320354,26
12.74846492794042,False,274,12.750300957507543,-0.001836029567122921,26
12.72489628177629,False,275,12.74846492794042,-0.023568646164129348,26
12.795567294514122,False,276,12.72489628177629,0.07067101273783116,26
12.748774651706043,False,277,12.795567294514122,-0.04679264280807871,26
12.849076570452546,False,278,12.748774651706043,0.10030191874650285,26
12.804460347887073,False,279,12.849076570452546,-0.04461622256547315,26
12.716616649487749,False,280,12.804460347887073,-0.0878436983993236,26
12.725986773622724,False,281,12.716616649487749,0.009370124134974844,26
12.845444285811032,False,282,12.725986773622724,0.11945751218830836,26
12.70752215842036,False,283,12.845444285811032,-0.1379221273906719,26
12.727940655931198,False,284,12.70752215842036,0.02041849751083724,26
12.881905862253848,False,285,12.727940655931198,0.15396520632265087,26
12.729121384401598,False,286,12.881905862253848,-0.1527844778522507,26
12.894719390904243,False,287,12.729121384401598,0.16559800650264478,26
12.784500671047727,False,288,12.894719390904243,-0.11021871985651543,26
12.78106795396102,False,289,12.784500671047727,-0.0034327170867065604,26
12.782172641306396,False,290,12.78106795396102,0.001104687345375055,26
12.74624156679251,False,291,12.782172641306396,-0.03593107451388633,26
12.788913776887643,False,292,12.74624156679251,0.04267221009513378,26
12.856310917052541,False,293,12.788913776887643,0.06739714016489806,26
12.71915567752863,False,294,12.856310917052541,-0.13715523952391173,26
12.84371631490088,False,295,12.71915567752863,0.12456063737224987,26
12.79083920800152,False,296,12.84371631490088,-0.052877106899359205,26
12.846830130300999,False,297,12.79083920800152,0.055990922299478996,26
12.74941748102699,False,298,12.846830130300999,-0.09741264927400906,26
12.831661892948212,False,299,12.74941748102699,0.08224441192122178,26
1.721319098508677,False,0,0.0,0.0,27
2.2540840371439756,False,1,1.721319098508677,0.5327649386352986,27
2.3267945812937625,False,2,2.2540840371439756,0.07271054414978684,27
1.6926951149327718,False,3,2.3267945812937625,-0.6340994663609907,27
1.549729192073078,False,4,1.6926951149327718,-0.14296592285969378,27
1.698926358918123,False,5,1.549729192073078,0.14919716684504492,27
1.665384092754692,False,6,1.698926358918123,-0.033542266163431034,27
2.1277555737140403,False,7,1.665384092754692,0.46237148095934844,27
2.1651075092513064,False,8,2.1277555737140403,0.03735193553726601,27
2.488197364324259,False,9,2.1651075092513064,0.32308985507295285,27
2.498089058103803,False,10,2.488197364324259,0.009891693779543687,27
1.713166634323306,False,11,2.498089058103803,-0.7849224237804968,27
2.4305412145894296,False,12,1.713166634323306,0.7173745802661236,27
2.337601940751181,False,13,2.4305412145894296,-0.0929392738382484,27
2.2669111809847116,False,14,2.337601940751181,-0.07069075976646966,27
2.2019543561743102,False,15,2.2669111809847116,-0.06495682481040133,27
2.1160964802415654,False,16,2.2019543561743102,-0.08585787593274485,27
1.7660889398773705,False,17,2.1160964802415654,-0.3500075403641949,27
2.210651337711073,False,18,1.7660889398773705,0.4445623978337023,27
2.4871806527182314,False,19,2.210651337711073,0.2765293150071586,27
1.593409571532602,False,20,2.4871806527182314,-0.8937710811856294,27
2.3632697448894677,False,21,1.593409571532602,0.7698601733568657,27
2.0427473568894725,False,22,2.3632697448894677,-0.3205223879999952,27
2.4331640144789475,False,23,2.0427473568894725,0.39041665758947497,27
2.278855221395652,False,24,2.4331640144789475,-0.15430879308329537,27
2.4675795152797892,False,25,2.278855221395652,0.18872429388413714,27
2.276293875191038,False,26,2.4675795152797892,-0.19128564008875104,27
2.4740535706753626,False,27,2.276293875191038,0.19775969548432437,27
1.9861161244094117,False,28,2.4740535706753626,-0.4879374462659509,27
1.6006698841314542,False,29,1.9861161244094117,-0.3854462402779575,27
2.1198452090945246,False,30,1.6006698841314542,0.5191753249630704,27
1.916813446700259,False,31,2.1198452090945246,-0.20303176239426546,27
2.499743203499463,False,32,1.916813446700259,0.582929756799204,27
1.8663071157827695,False,33,2.499743203499463,-0.6334360877166936,27
2.4357443176983624,False,34,1.8663071157827695,0.5694372019155929,27
2.361792835413159,False,35,2.4357443176983624,-0.07395148228520343,27
2.024496756303553,False,36,2.361792835413159,-0.3372960791096058,27
2.220434532843341,False,37,2.024496756303553,0.19593777653978783,27
1.817942337121972,False,38,2.220434532843341,-0.40249219572136896,27
2.0649102216171147,False,39,1.817942337121972,0.24696788449514262,27
2.139567654707729,False,40,2.0649102216171147,0.07465743309061423,27
1.8458308179684013,False,41,2.139567654707729,-0.2937368367393276,27
1.6347685671916021,False,42,1.8458308179684013,-0.2110622507767992,27
2.396476210044883,False,43,1.6347685671916021,0.761707642853281,27
1.949435329851156,False,44,2.396476210044883,-0.4470408801937271,27
1.533031347202374,False,45,1.949435329851156,-0.416403982648782,27
1.7580335465048256,False,46,1.533031347202374,0.22500219930245158,27
2.030359832537731,False,47,1.7580335465048256,0.27232628603290543,27
2.3313904176815172,False,48,2.030359832537731,0.3010305851437862,27
1.6963914048095803,False,49,2.3313904176815172,-0.6349990128719369,27
1.7825424303931046,False,50,1.6963914048095803,0.08615102558352428,27
2.144947594015882,False,51,1.7825424303931046,0.3624051636227774,27
2.1255409612985643,False,52,2.144947594015882,-0.019406632717317684,27
1.9729157928546386,False,53,2.1255409612985643,-0.1526251684439257,27
2.244299761900315,False,54,1.9729157928546386,0.2713839690456765,27
1.876206908045181,False,55,2.244299761900315,-0.368092853855134,27
2.141410518107437,False,56,1.876206908045181,0.2652036100622559,27
2.4732735214928994,False,57,2.141410518107437,0.3318630033854624,27
1.9287994283407834,False,58,2.4732735214928994,-0.5444740931521159,27
1.5154558739536665,False,59,1.9287994283407834,-0.4133435543871169,27
1.6880577983575336,False,60,1.5154558739536665,0.172601924403867,27
2.42771103914188,False,61,1.6880577983575336,0.7396532407843464,27
2.4190071677513214,False,62,2.42771103914188,-0.008703871390558504,27
1.7377007395943467,False,63,2.4190071677513214,-0.6813064281569747,27
1.6426937737256415,False,64,1.7377007395943467,-0.09500696586870516,27
2.1994227323139155,False,65,1.6426937737256415,0.556728958588274,27
2.173655801516219,False,66,2.1994227323139155,-0.025766930797696652,27
1.6718760373464496,False,67,2.173655801516219,-0.5017797641697692,27
2.350826606536277,False,68,1.6718760373464496,0.6789505691898272,27
2.100470195665458,False,69,2.350826606536277,-0.2503564108708187,27
2.477129216768313,False,70,2.100470195665458,0.3766590211028551,27
2.048897376392468,False,71,2.477129216768313,-0.42823184037584516,27
2.220431992959801,False,72,2.048897376392468,0.17153461656733304,27
2.3958167576219096,False,73,2.220431992959801,0.1753847646621085,27
2.094318559730595,False,74,2.3958167576219096,-0.3014981978913145,27
1.853820396234382,False,75,2.094318559730595,-0.2404981634962131,27
2.4264409337370707,False,76,1.853820396234382,0.5726205375026887,27
1.745757545723578,False,77,2.4264409337370707,-0.6806833880134926,27
1.6830841758318014,False,78,1.745757545723578,-0.06267336989177674,27
2.2912662662232304,False,79,1.6830841758318014,0.608182090391429,27
2.4221744756312367,False,80,2.2912662662232304,0.1309082094080063,27
2.381622695013077,False,81,2.4221744756312367,-0.04055178061815967,27
2.127023574361399,False,82,2.381622695013077,-0.2545991206516778,27
1.5808247991067244,False,83,2.127023574361399,-0.5461987752546749,27
1.6899647686173433,False,84,1.5808247991067244,0.109139969510619,27
1.9732875900334792,False,85,1.6899647686173433,0.28332282141613585,27
1.87647679677295,False,86,1.9732875900334792,-0.0968107932605291,27
2.0413514026937163,False,87,1.87647679677295,0.1648746059207662,27
2.122738847738365,False,88,2.0413514026937163,0.08138744504464857,27
2.4714052006479057,False,89,2.122738847738365,0.34866635290954084,27
2.323993603300945,False,90,2.4714052006479057,-0.14741159734696074,27
2.1126377269914336,False,91,2.323993603300945,-0.21135587630951136,27
1.9265819868528946,False,92,2.1126377269914336,-0.18605574013853898,27
1.6123622425736701,False,93,1.9265819868528946,-0.3142197442792245,27
2.2828990073469715,False,94,1.6123622425736701,0.6705367647733014,27
2.3700806433719617,False,95,2.2828990073469715,0.08718163602499018,27
1.9818158810665578,False,96,2.3700806433719617,-0.38826476230540385,27
1.731917040908031,False,97,1.9818158810665578,-0.24989884015852692,27
1.712890525070626,False,98,1.731917040908031,-0.019026515837405,27
2.16936758995193,False,99,1.712890525070626,0.4564770648813039,27
2.148405740871019,True,100,2.16936758995193,-0.0209618490809107,27
2.2566593186971438,True,101,2.148405740871019,0.10825357782612466,27
2.4911043087119156,True,102,2.2566593186971438,0.23444499001477181,27
2.7498506787252484,True,103,2.4911043087119156,0.2587463700133328,27
2.7094462737223073,True,104,2.7498506787252484,-0.04040440500294107,27
2.869409743833624,True,105,2.7094462737223073,0.15996347011131684,27
3.1759640707529613,True,106,2.869409743833624,0.30655432691933715,27
3.3297885516715344,True,107,3.1759640707529613,0.15382448091857315,27
3.4892639985378224,True,108,3.3297885516715344,0.159475446866288,27
3.653697384648007,True,109,3.4892639985378224,0.16443338611018454,27
3.724826642035409,True,110,3.653697384648007,0.07112925738740206,27
3.91133861632381,True,111,3.724826642035409,0.18651197428840094,27
4.130629283929203,True,112,3.91133861632381,0.21929066760539273,27
4.186306049412475,True,113,4.130629283929203,0.055676765483272384,27
4.302831682236074,True,114,4.186306049412475,0.11652563282359907,27
4.6015859436903845,True,115,4.302831682236074,0.2987542614543104,27
4.7464836413033344,True,116,4.6015859436903845,0.1448976976129499,27
4.798314317509367,True,117,4.7464836413033344,0.05183067620603232,27
5.085411536278553,True,118,4.798314317509367,0.28709721876918604,27
5.20017047452688,True,119,5.085411536278553,0.11475893824832717,27
5.397068029873947,True,120,5.20017047452688,0.19689755534706688,27
5.479896937838448,True,121,5.397068029873947,0.08282890796450104,27
5.692996010967326,True,122,5.479896937838448,0.21309907312887777,27
5.873429192004874,True,123,5.692996010967326,0.18043318103754835,27
6.083590117565392,True,124,5.873429192004874,0.21016092556051813,27
6.20883279161031,True,125,6.083590117565392,0.12524267404491773,27
6.305346424856419,True,126,6.20883279161031,0.09651363324610873,27
6.466103868350552,True,127,6.305346424856419,0.16075744349413323,27
6.689699327721939,True,128,6.466103868350552,0.22359545937138758,27
6.7040001106344205,True,129,6.689699327721939,0.014300782912481047,27
6.99821364324332,True,130,6.7040001106344205,0.29421353260889926,27
7.1204482336858606,True,131,6.99821364324332,0.12223459044254081,27
7.270618087879555,True,132,7.1204482336858606,0.15016985419369444,27
7.460551727859516,True,133,7.270618087879555,0.18993363997996138,27
7.52930248921848,True,134,7.460551727859516,0.06875076135896396,27
7.662302587576609,True,135,7.52930248921848,0.13300009835812876,27
7.928398439872972,True,136,7.662302587576609,0.26609585229636323,27
8.05311244181856,True,137,7.928398439872972,0.1247140019455868,27
8.299609903769154,True,138,8.05311244181856,0.24649746195059485,27
8.31193216781245,True,139,8.299609903769154,0.012322264043296727,27
8.555679952182283,True,140,8.31193216781245,0.24374778436983213,27
8.73029473225211,True,141,8.555679952182283,0.17461478006982745,27
8.799711430279231,True,142,8.73029473225211,0.06941669802712092,27
9.043378320004074,True,143,8.799711430279231,0.2436668897248424,27
9.139358361302715,True,144,9.043378320004074,0.0959800412986418,27
9.392506642235041,True,145,9.139358361302715,0.2531482809323258,27
9.563325322481875,True,146,9.392506642235041,0.17081868024683367,27
9.7627980342159,True,147,9.563325322481875,0.1994727117340247,27
9.765143635203602,True,148,9.7627980342159,0.002345600987702312,27
9.936989179955912,True,149,9.765143635203602,0.17184554475231018,27
10.160545642277235,True,150,9.936989179955912,0.22355646232132287,27
10.262322559279289,True,151,10.160545642277235,0.10177691700205393,27
10.45214133655484,True,152,10.262322559279289,0.1898187772755513,27
10.647037691446894,True,153,10.45214133655484,0.19489635489205348,27
10.807707493231282,True,154,10.647037691446894,0.1606698017843886,27
10.939220654227237,True,155,10.807707493231282,0.13151316099595434,27
11.18727744151633,True,156,10.939220654227237,0.24805678728909264,27
11.376192651592724,True,157,11.18727744151633,0.1889152100763951,27
11.505300364855035,True,158,11.376192651592724,0.12910771326231085,27
11.549441050380798,True,159,11.505300364855035,0.04414068552576289,27
11.796017370540165,True,160,11.549441050380798,0.2465763201593667,27
11.980156830206615,True,161,11.796017370540165,0.18413945966645073,27
12.209686513594049,True,162,11.980156830206615,0.22952968338743318,27
12.252660725328656,True,163,12.209686513594049,0.04297421173460769,27
12.502846728068695,True,164,12.252660725328656,0.25018600274003866,27
12.538955763147845,True,165,12.502846728068695,0.036109035079149976,27
12.81015858804948,True,166,12.538955763147845,0.2712028249016356,27
12.801677333816905,True,167,12.81015858804948,-0.008481254232576063,27
12.961653021947052,True,168,12.801677333816905,0.15997568813014773,27
13.277531032924601,True,169,12.961653021947052,0.3158780109775492,27
13.410453231581275,True,170,13.277531032924601,0.13292219865667398,27
13.457721946763021,True,171,13.410453231581275,0.04726871518174569,27
13.597703511327957,True,172,13.457721946763021,0.13998156456493582,27
13.911334425407247,True,173,13.597703511327957,0.31363091407929033,27
13.949394487880348,True,174,13.911334425407247,0.03806006247310023,27
14.195234176878252,True,175,13.949394487880348,0.2458396889979042,27
14.299896602174945,True,176,14.195234176878252,0.10466242529669323,27
14.413220988009405,True,177,14.299896602174945,0.11332438583445992,27
14.661542220336347,True,178,14.413220988009405,0.24832123232694236,27
14.772819418476429,True,179,14.661542220336347,0.11127719814008152,27
14.915392776262312,True,180,14.772819418476429,0.1425733577858832,27
14.98417764347785,True,181,14.915392776262312,0.06878486721553756,27
15.211231595016972,True,182,14.98417764347785,0.22705395153912278,27
15.339135516168314,True,183,15.211231595016972,0.12790392115134175,27
15.41914493612602,True,184,15.339135516168314,0.08000941995770638,27
15.591317136128234,True,185,15.41914493612602,0.17217220000221367,27
15.702656882790304,True,186,15.591317136128234,0.11133974666207003,27
16.019826291347147,True,187,15.702656882790304,0.3171694085568433,27
16.129736082727934,True,188,16.019826291347147,0.10990979138078671,27
16.27367474632153,True,189,16.129736082727934,0.14393866359359464,27
16.40567939624335,True,190,16.27367474632153,0.13200464992182148,27
16.573082195886197,True,191,16.40567939624335,0.1674027996428471,27
16.79934936025748,True,192,16.573082195886197,0.2262671643712828,27
16.804071667764568,True,193,16.79934936025748,0.004722307507087464,27
17.107221047033175,True,194,16.804071667764568,0.3031493792686071,27
17.09017092918865,True,195,17.107221047033175,-0.01705011784452637,27
17.400056629103023,True,196,17.09017092918865,0.30988569991437487,27
17.542277239076096,True,197,17.400056629103023,0.14222060997307295,27
17.717062947855535,True,198,17.542277239076096,0.17478570877943866,27
17.797364030668973,True,199,17.717062947855535,0.08030108281343828,27
17.819890225926546,False,200,17.797364030668973,0.022526195257572823,27
17.88724686896529,False,201,17.819890225926546,0.06735664303874245,27
17.852450609963128,False,202,17.88724686896529,-0.03479625900216021,27
17.82676890083915,False,203,17.852450609963128,-0.0256817091239796,27
17.894464801254358,False,204,17.82676890083915,0.06769590041520956,27
17.834821169171207,False,205,17.894464801254358,-0.05964363208315149,27
17.829449379687794,False,206,17.834821169171207,-0.005371789483412215,27
17.84274104453031,False,207,17.829449379687794,0.013291664842515871,27
17.91076248540088,False,208,17.84274104453031,0.06802144087057016,27
17.913553696846154,False,209,17.91076248540088,0.0027912114452739445,27
17.735197960168094,False,210,17.913553696846154,-0.1783557366780606,27
17.75735310759807,False,211,17.735197960168094,0.022155147429977262,27
17.769906994017813,False,212,17.75735310759807,0.012553886419741644,27
17.831467417469874,False,213,17.769906994017813,0.06156042345206103,27
17.761463208491424,False,214,17.831467417469874,-0.07000420897844961,27
17.853726954486824,False,215,17.761463208491424,0.09226374599539966,27
17.810610434580973,False,216,17.853726954486824,-0.04311651990585119,27
17.77526888786491,False,217,17.810610434580973,-0.0353415467160616,27
17.755830349644544,False,218,17.77526888786491,-0.019438538220367008,27
17.829845241501936,False,219,17.755830349644544,0.07401489185739152,27
17.89615139941929,False,220,17.829845241501936,0.06630615791735295,27
17.768971735711688,False,221,17.89615139941929,-0.1271796637076008,27
17.914585753969188,False,222,17.768971735711688,0.14561401825750053,27
17.86632243323777,False,223,17.914585753969188,-0.0482633207314187,27
17.795739772267822,False,224,17.86632243323777,-0.07058266096994714,27
17.744817571482454,False,225,17.795739772267822,-0.05092220078536869,27
17.924544249659668,False,226,17.744817571482454,0.17972667817721444,27
17.756684592278983,False,227,17.924544249659668,-0.16785965738068498,27
17.763330640619838,False,228,17.756684592278983,0.006646048340854804,27
17.784445268831952,False,229,17.763330640619838,0.021114628212114184,27
17.838235149541184,False,230,17.784445268831952,0.05378988070923185,27
17.91032277049237,False,231,17.838235149541184,0.07208762095118715,27
17.857748913548804,False,232,17.91032277049237,-0.05257385694356742,27
17.803874211924736,False,233,17.857748913548804,-0.05387470162406771,27
17.805580173989167,False,234,17.803874211924736,0.001705962064431077,27
17.816410522620824,False,235,17.805580173989167,0.010830348631657216,27
17.74844909711423,False,236,17.816410522620824,-0.06796142550659567,27
17.753479963513755,False,237,17.74844909711423,0.005030866399525991,27
17.88555013124595,False,238,17.753479963513755,0.13207016773219493,27
17.921009968756707,False,239,17.88555013124595,0.0354598375107571,27
17.829116758221762,False,240,17.921009968756707,-0.09189321053494481,27
17.910944659572174,False,241,17.829116758221762,0.08182790135041174,27
17.904281673383107,False,242,17.910944659572174,-0.0066629861890668,27
17.888292553295347,False,243,17.904281673383107,-0.015989120087759545,27
17.779492570664367,False,244,17.888292553295347,-0.10879998263098045,27
17.915748787034897,False,245,17.779492570664367,0.13625621637052987,27
17.757047563054503,False,246,17.915748787034897,-0.158701223980394,27
17.82916587626326,False,247,17.757047563054503,0.07211831320875817,27
17.775445834982204,False,248,17.82916587626326,-0.05372004128105701,27
17.814707001412287,False,249,17.775445834982204,0.039261166430083705,27
17.874373398443385,False,250,17.814707001412287,0.05966639703109777,27
17.75742956951288,False,251,17.874373398443385,-0.11694382893050559,27
17.858551434241605,False,252,17.75742956951288,0.10112186472872509,27
17.781046078440895,False,253,17.858551434241605,-0.07750535580071016,27
17.82687771198864,False,254,17.781046078440895,0.045831633547745554,27
17.897134654789767,False,255,17.82687771198864,0.0702569428011266,27
17.752163860277037,False,256,17.897134654789767,-0.1449707945127301,27
17.872862826643193,False,257,17.752163860277037,0.12069896636615596,27
17.764485756960873,False,258,17.872862826643193,-0.10837706968231942,27
17.816663753738013,False,259,17.764485756960873,0.05217799677713941,27
17.78816049050024,False,260,17.816663753738013,-0.028503263237773524,27
17.736992119636678,False,261,17.78816049050024,-0.05116837086356085,27
17.729746077896785,False,262,17.736992119636678,-0.007246041739893627,27
17.80986391068664,False,263,17.729746077896785,0.08011783278985618,27
17.860689320286124,False,264,17.80986391068664,0.050825409599482896,27
17.81739104282556,False,265,17.860689320286124,-0.043298277460564805,27
17.8706054206359,False,266,17.81739104282556,0.05321437781034177,27
17.832682989097023,False,267,17.8706054206359,-0.03792243153887753,27
17.844111487134654,False,268,17.832682989097023,0.01142849803763113,27
17.88112685966903,False,269,17.844111487134654,0.03701537253437692,27
17.88246462017559,False,270,17.88112685966903,0.0013377605065585385,27
17.924825896346732,False,271,17.88246462017559,0.04236127617114249,27
17.901423631726875,False,272,17.924825896346732,-0.023402264619857505,27
17.84385260748497,False,273,17.901423631726875,-0.05757102424190563,27
17.838275294806827,False,274,17.84385260748497,-0.005577312678141766,27
17.911342646540408,False,275,17.838275294806827,0.07306735173358092,27
17.77439093171495,False,276,17.911342646540408,-0.13695171482545732,27
17.758629573087266,False,277,17.77439093171495,-0.01576135862768524,27
17.863183797584032,False,278,17.758629573087266,0.10455422449676632,27
17.823783191111996,False,279,17.863183797584032,-0.039400606472035804,27
17.86017503347164,False,280,17.823783191111996,0.03639184235964521,27
17.76199711933924,False,281,17.86017503347164,-0.09817791413239974,27
17.919460371123225,False,282,17.76199711933924,0.1574632517839838,27
17.911744782396433,False,283,17.919460371123225,-0.007715588726792788,27
17.792610736028553,False,284,17.911744782396433,-0.11913404636787917,27
17.848947450881102,False,285,17.792610736028553,0.05633671485254865,27
17.736775784783973,False,286,17.848947450881102,-0.11217166609712947,27
17.855428664803657,False,287,17.736775784783973,0.11865288001968466,27
17.767657267050062,False,288,17.855428664803657,-0.08777139775359544,27
17.894989922327472,False,289,17.767657267050062,0.1273326552774101,27
17.87651170689803,False,290,17.894989922327472,-0.018478215429443168,27
17.835481483477327,False,291,17.87651170689803,-0.04103022342070162,27
17.821384125440005,False,292,17.835481483477327,-0.014097358037322039,27
17.909809634343837,False,293,17.821384125440005,0.08842550890383194,27
17.81924978266728,False,294,17.909809634343837,-0.09055985167655578,27
17.73742376219895,False,295,17.81924978266728,-0.08182602046833054,27
17.875486896436783,False,296,17.73742376219895,0.13806313423783223,27
17.843067566364073,False,297,17.875486896436783,-0.032419330072709585,27
17.81290595409342,False,298,17.843067566364073,-0.030161612270653393,27
17.852951857024987,False,299,17.81290595409342,0.04004590293156696,27
2.48818289556688,False,0,0.0,0.0,28
2.4367686093219616,False,1,2.48818289556688,-0.051414286244918284,28
1.847781290131557,False,2,2.4367686093219616,-0.5889873191904047,28
2.23167427814881,False,3,1.847781290131557,0.38389298801725324,28
2.1281810852809997,False,4,2.23167427814881,-0.10349319286781045,28
2.030222860568232,False,5,2.1281810852809997,-0.09795822471276772,28
2.040335134546996,False,6,2.030222860568232,0.01011227397876402,28
2.409078816677361,False,7,2.040335134546996,0.3687436821303649,28
2.2363459382553654,False,8,2.409078816677361,-0.17273287842199547,28
2.0707723184021933,False,9,2.2363459382553654,-0.1655736198531721,28
1.8201214159854857,False,10,2.0707723184021933,-0.2506509024167076,28
2.2981582659765523,False,11,1.8201214159854857,0.47803684999106655,28
1.7774347114823401,False,12,2.2981582659765523,-0.5207235544942121,28
1.5797975940038098,False,13,1.7774347114823401,-0.1976371174785303,28
1.9110948156240557,False,14,1.5797975940038098,0.3312972216202459,28
2.3124446535132233,False,15,1.9110948156240557,0.40134983788916756,28
1.8113255542986262,False,16,2.3124446535132233,-0.5011190992145971,28
2.302902087148543,False,17,1.8113255542986262,0.49157653284991687,28
1.6029127479280634,False,18,2.302902087148543,-0.6999893392204797,28
2.4203210522635614,False,19,1.6029127479280634,0.817408304335498,28
2.0292539189232186,False,20,2.4203210522635614,-0.3910671333403428,28
1.6585980118237857,False,21,2.0292539189232186,-0.37065590709943286,28
1.6424524507231872,False,22,1.6585980118237857,-0.016145561100598504,28
2.1824925467613268,False,23,1.6424524507231872,0.5400400960381395,28
2.4240210303498397,False,24,2.1824925467613268,0.24152848358851298,28
1.7226552774221742,False,25,2.4240210303498397,-0.7013657529276656,28
1.827352973383206,False,26,1.7226552774221742,0.10469769596103173,28
1.863035109793746,False,27,1.827352973383206,0.03568213641054019,28
2.2074960813644227,False,28,1.863035109793746,0.34446097157067657,28
2.477797822597677,False,29,2.2074960813644227,0.27030174123325423,28
2.3711042581998885,False,30,2.477797822597677,-0.10669356439778843,28
2.2230640950284304,False,31,2.3711042581998885,-0.14804016317145807,28
1.7536436640927355,False,32,2.2230640950284304,-0.46942043093569485,28
1.5138472801490694,False,33,1.7536436640927355,-0.2397963839436661,28
2.213082877501797,False,34,1.5138472801490694,0.6992355973527276,28
1.610080892538633,False,35,2.213082877501797,-0.603001984963164,28
2.101681175842604,False,36,1.610080892538633,0.4916002833039712,28
2.417443734987452,False,37,2.101681175842604,0.31576255914484763,28
2.369242758121805,False,38,2.417443734987452,-0.048200976865646616,28
1.9683328310354398,False,39,2.369242758121805,-0.4009099270863654,28
2.2709988938116936,False,40,1.9683328310354398,0.30266606277625385,28
1.5723562851045219,False,41,2.2709988938116936,-0.6986426087071718,28
1.5369795721180213,False,42,1.5723562851045219,-0.03537671298650058,28
1.5878776646324622,False,43,1.5369795721180213,0.050898092514440885,28
1.9246325047549588,False,44,1.5878776646324622,0.3367548401224967,28
2.1833637315135803,False,45,1.9246325047549588,0.2587312267586215,28
1.5633518999270832,False,46,2.1833637315135803,-0.6200118315864971,28
2.33961874318836,False,47,1.5633518999270832,0.7762668432612767,28
1.633021580532453,False,48,2.33961874318836,-0.7065971626559069,28
2.065788537166337,False,49,1.633021580532453,0.4327669566338841,28
2.2245429700491246,False,50,2.065788537166337,0.15875443288278746,28
1.7362140643020196,False,51,2.2245429700491246,-0.48832890574710497,28
2.1001626522619525,False,52,1.7362140643020196,0.3639485879599329,28
1.618868083971997,False,53,2.1001626522619525,-0.4812945682899554,28
1.7498712259621305,False,54,1.618868083971997,0.1310031419901334,28
2.3042652997714717,False,55,1.7498712259621305,0.5543940738093411,28
2.3409687767357754,False,56,2.3042652997714717,0.03670347696430376,28
1.9670477217094784,False,57,2.3409687767357754,-0.373921055026297,28
1.6307972511212578,False,58,1.9670477217094784,-0.33625047058822055,28
1.6111476607571336,False,59,1.6307972511212578,-0.01964959036412428,28
1.7516865117425287,False,60,1.6111476607571336,0.1405388509853951,28
2.165981397058638,False,61,1.7516865117425287,0.41429488531610925,28
1.8454459158124012,False,62,2.165981397058638,-0.32053548124623665,28
1.8847755360775216,False,63,1.8454459158124012,0.039329620265120324,28
1.7501951694592375,False,64,1.8847755360775216,-0.1345803666182841,28
1.9463439115632513,False,65,1.7501951694592375,0.19614874210401378,28
1.536863665388033,False,66,1.9463439115632513,-0.4094802461752183,28
2.266232501510436,False,67,1.536863665388033,0.7293688361224029,28
1.959580368960232,False,68,2.266232501510436,-0.30665213255020385,28
2.083808231737745,False,69,1.959580368960232,0.12422786277751285,28
1.8219387282308088,False,70,2.083808231737745,-0.26186950350693605,28
1.8529398830732062,False,71,1.8219387282308088,0.031001154842397405,28
2.3484635079353446,False,72,1.8529398830732062,0.4955236248621384,28
2.0498711471311752,False,73,2.3484635079353446,-0.2985923608041694,28
1.581676124478606,False,74,2.0498711471311752,-0.4681950226525693,28
1.825975019064109,False,75,1.581676124478606,0.24429889458550313,28
1.8803665771717164,False,76,1.825975019064109,0.05439155810760732,28
1.5385083229651184,False,77,1.8803665771717164,-0.341858254206598,28
1.504915147502047,False,78,1.5385083229651184,-0.03359317546307139,28
2.10617189045265,False,79,1.504915147502047,0.601256742950603,28
2.21132729992565,False,80,2.10617189045265,0.10515540947299984,28
1.8123056579199606,False,81,2.21132729992565,-0.39902164200568935,28
2.3821084736911526,False,82,1.8123056579199606,0.5698028157711921,28
1.6270657982342944,False,83,2.3821084736911526,-0.7550426754568582,28
1.8418838194381795,False,84,1.6270657982342944,0.21481802120388505,28
1.5927863422346111,False,85,1.8418838194381795,-0.24909747720356834,28
1.6878708940637668,False,86,1.5927863422346111,0.09508455182915565,28
1.5780750359630478,False,87,1.6878708940637668,-0.10979585810071901,28
2.2903853245596872,False,88,1.5780750359630478,0.7123102885966395,28
1.572039294743432,False,89,2.2903853245596872,-0.7183460298162552,28
1.6738531163932877,False,90,1.572039294743432,0.10181382164985564,28
1.8443373893428858,False,91,1.6738531163932877,0.17048427294959811,28
1.607154334996602,False,92,1.8443373893428858,-0.23718305434628384,28
2.1682845436377383,False,93,1.607154334996602,0.5611302086411363,28
1.9203508033267807,False,94,2.1682845436377383,-0.2479337403109576,28
2.4954587924367866,False,95,1.9203508033267807,0.5751079891100059,28
2.414317472810237,False,96,2.4954587924367866,-0.0811413196265498,28
2.2960024987197754,False,97,2.414317472810237,-0.11831497409046143,28
2.247818861173797,False,98,2.2960024987197754,-0.04818363754597854,28
2.167347212321219,False,99,2.247818861173797,-0.08047164885257763,28
2.345726248896213,True,100,2.167347212321219,0.17837903657499377,28
2.747019208854437,True,101,2.345726248896213,0.4012929599582242,28
3.2505235577613734,True,102,2.747019208854437,0.5035043489069362,28
3.5420056839048257,True,103,3.2505235577613734,0.29148212614345237,28
4.017186110883077,True,104,3.5420056839048257,0.4751804269782509,28
4.489124412851992,True,105,4.017186110883077,0.4719383019689154,28
4.942762188090128,True,106,4.489124412851992,0.45363777523813553,28
5.225319354531985,True,107,4.942762188090128,0.28255716644185735,28
5.707597325868079,True,108,5.225319354531985,0.48227797133609407,28
6.066355201741021,True,109,5.707597325868079,0.35875787587294194,28
6.567766098384742,True,110,6.066355201741021,0.501410896643721,28
6.811984709160941,True,111,6.567766098384742,0.24421861077619944,28
7.2926081765165485,True,112,6.811984709160941,0.4806234673556071,28
7.750975451076941,True,113,7.2926081765165485,0.45836727456039217,28
8.07785633369142,True,114,7.750975451076941,0.32688088261447934,28
8.608926731591401,True,115,8.07785633369142,0.5310703978999811,28
8.934068909952517,True,116,8.608926731591401,0.3251421783611157,28
9.302789084412138,True,117,8.934068909952517,0.3687201744596216,28
9.76334953498028,True,118,9.302789084412138,0.460560450568142,28
10.27543969196766,True,119,9.76334953498028,0.5120901569873801,28
10.541568081328718,True,120,10.27543969196766,0.2661283893610573,28
10.971786937713558,True,121,10.541568081328718,0.43021885638484036,28
11.509679665287148,True,122,10.971786937713558,0.5378927275735901,28
11.880805040287541,True,123,11.509679665287148,0.37112537500039267,28
12.244742958584615,True,124,11.880805040287541,0.3639379182970739,28
12.745548589209774,True,125,12.244742958584615,0.5008056306251589,28
13.199966696377606,True,126,12.745548589209774,0.4544181071678324,28
13.628893730987452,True,127,13.199966696377606,0.4289270346098455,28
13.970456523302214,True,128,13.628893730987452,0.34156279231476283,28
14.366814189108114,True,129,13.970456523302214,0.3963576658058994,28
14.69903679281745,True,130,14.366814189108114,0.33222260370933654,28
15.10953333043625,True,131,14.69903679281745,0.41049653761879945,28
15.620330278705227,True,132,15.10953333043625,0.5107969482689771,28
16.009616560480488,True,133,15.620330278705227,0.38928628177526114,28
16.425867953080683,True,134,16.009616560480488,0.41625139260019495,28
16.82899225652678,True,135,16.425867953080683,0.4031243034460985,28
17.227808171353,True,136,16.82899225652678,0.39881591482621914,28
17.573523772771598,True,137,17.227808171353,0.3457156014185969,28
18.133784861387845,True,138,17.573523772771598,0.5602610886162473,28
18.384340039959877,True,139,18.133784861387845,0.25055517857203213,28
18.77339655557954,True,140,18.384340039959877,0.38905651561966437,28
19.24601667018009,True,141,18.77339655557954,0.47262011460054865,28
19.768957973364845,True,142,19.24601667018009,0.522941303184755,28
20.0,False,143,19.768957973364845,0.23104202663515494,28
20.0,False,144,20.0,0.0,28
20.0,False,145,20.0,0.0,28
20.0,False,146,20.0,0.0,28
20.0,False,147,20.0,0.0,28
20.0,False,148,20.0,0.0,28
20.0,False,149,20.0,0.0,28
20.0,False,150,20.0,0.0,28
20.0,False,151,20.0,0.0,28
20.0,False,152,20.0,0.0,28
20.0,False,153,20.0,0.0,28
20.0,False,154,20.0,0.0,28
20.0,False,155,20.0,0.0,28
20.0,False,156,20.0,0.0,28
20.0,False,157,20.0,0.0,28
20.0,False,158,20.0,0.0,28
20.0,False,159,20.0,0.0,28
20.0,False,160,20.0,0.0,28
20.0,False,161,20.0,0.0,28
20.0,False,162,20.0,0.0,28
20.0,False,163,20.0,0.0,28
20.0,False,164,20.0,0.0,28
20.0,False,165,20.0,0.0,28
20.0,False,166,20.0,0.0,28
20.0,False,167,20.0,0.0,28
20.0,False,168,20.0,0.0,28
20.0,False,169,20.0,0.0,28
20.0,False,170,20.0,0.0,28
20.0,False,171,20.0,0.0,28
20.0,False,172,20.0,0.0,28
20.0,False,173,20.0,0.0,28
20.0,False,174,20.0,0.0,28
20.0,False,175,20.0,0.0,28
20.0,False,176,20.0,0.0,28
20.0,False,177,20.0,0.0,28
20.0,False,178,20.0,0.0,28
20.0,False,179,20.0,0.0,28
20.0,False,180,20.0,0.0,28
20.0,False,181,20.0,0.0,28
20.0,False,182,20.0,0.0,28
20.0,False,183,20.0,0.0,28
20.0,False,184,20.0,0.0,28
20.0,False,185,20.0,0.0,28
20.0,False,186,20.0,0.0,28
20.0,False,187,20.0,0.0,28
20.0,False,188,20.0,0.0,28
20.0,False,189,20.0,0.0,28
20.0,False,190,20.0,0.0,28
20.0,False,191,20.0,0.0,28
20.0,False,192,20.0,0.0,28
20.0,False,193,20.0,0.0,28
20.0,False,194,20.0,0.0,28
20.0,False,195,20.0,0.0,28
20.0,False,196,20.0,0.0,28
20.0,False,197,20.0,0.0,28
20.0,False,198,20.0,0.0,28
20.0,False,199,20.0,0.0,28
20.0,False,200,20.0,0.0,28
20.0,False,201,20.0,0.0,28
20.0,False,202,20.0,0.0,28
20.0,False,203,20.0,0.0,28
20.0,False,204,20.0,0.0,28
20.0,False,205,20.0,0.0,28
19.917506124730142,False,206,20.0,-0.08249387526985785,28
19.997969611643306,False,207,19.917506124730142,0.08046348691316396,28
19.98128114788207,False,208,19.997969611643306,-0.01668846376123767,28
20.0,False,209,19.98128114788207,0.01871885211793156,28
20.0,False,210,20.0,0.0,28
20.0,False,211,20.0,0.0,28
20.0,False,212,20.0,0.0,28
20.0,False,213,20.0,0.0,28
20.0,False,214,20.0,0.0,28
20.0,False,215,20.0,0.0,28
19.931849145246456,False,216,20.0,-0.06815085475354365,28
20.0,False,217,19.931849145246456,0.06815085475354365,28
20.0,False,218,20.0,0.0,28
19.923678478940143,False,219,20.0,-0.07632152105985668,28
20.0,False,220,19.923678478940143,0.07632152105985668,28
19.999902629263953,False,221,20.0,-9.737073604654256e-05,28
20.0,False,222,19.999902629263953,9.737073604654256e-05,28
19.930517262977766,False,223,20.0,-0.06948273702223418,28
20.0,False,224,19.930517262977766,0.06948273702223418,28
20.0,False,225,20.0,0.0,28
20.0,False,226,20.0,0.0,28
20.0,False,227,20.0,0.0,28
19.9744734465247,False,228,20.0,-0.02552655347529864,28
20.0,False,229,19.9744734465247,0.02552655347529864,28
19.96100288817752,False,230,20.0,-0.03899711182247856,28
19.9228688450212,False,231,19.96100288817752,-0.038134043156322406,28
20.0,False,232,19.9228688450212,0.07713115497880096,28
20.0,False,233,20.0,0.0,28
19.915304038994392,False,234,20.0,-0.0846959610056075,28
19.989957854846786,False,235,19.915304038994392,0.07465381585239328,28
20.0,False,236,19.989957854846786,0.010042145153214221,28
20.0,False,237,20.0,0.0,28
19.98980189765932,False,238,20.0,-0.010198102340680748,28
19.903368776613554,False,239,19.98980189765932,-0.08643312104576495,28
19.918791608282035,False,240,19.903368776613554,0.015422831668480796,28
19.929350673224334,False,241,19.918791608282035,0.010559064942299301,28
20.0,False,242,19.929350673224334,0.0706493267756656,28
20.0,False,243,20.0,0.0,28
19.99101961633877,False,244,20.0,-0.00898038366122833,28
19.994366130580666,False,245,19.99101961633877,0.0033465142418940275,28
19.965229755907078,False,246,19.994366130580666,-0.02913637467358754,28
20.0,False,247,19.965229755907078,0.03477024409292184,28
19.927901360954568,False,248,20.0,-0.07209863904543212,28
20.0,False,249,19.927901360954568,0.07209863904543212,28
20.0,False,250,20.0,0.0,28
19.946926288315684,False,251,20.0,-0.053073711684316294,28
20.0,False,252,19.946926288315684,0.053073711684316294,28
20.0,False,253,20.0,0.0,28
20.0,False,254,20.0,0.0,28
20.0,False,255,20.0,0.0,28
20.0,False,256,20.0,0.0,28
19.960325460168598,False,257,20.0,-0.039674539831402456,28
19.92628572922226,False,258,19.960325460168598,-0.03403973094633628,28
20.0,False,259,19.92628572922226,0.07371427077773873,28
20.0,False,260,20.0,0.0,28
20.0,False,261,20.0,0.0,28
20.0,False,262,20.0,0.0,28
20.0,False,263,20.0,0.0,28
20.0,False,264,20.0,0.0,28
20.0,False,265,20.0,0.0,28
19.972071643727404,False,266,20.0,-0.02792835627259649,28
20.0,False,267,19.972071643727404,0.02792835627259649,28
19.949871156063384,False,268,20.0,-0.05012884393661565,28
19.964317948413676,False,269,19.949871156063384,0.01444679235029156,28
19.95474769334084,False,270,19.964317948413676,-0.009570255072837597,28
20.0,False,271,19.95474769334084,0.04525230665916169,28
20.0,False,272,20.0,0.0,28
19.987344106069507,False,273,20.0,-0.012655893930492823,28
19.992003501816058,False,274,19.987344106069507,0.004659395746550388,28
19.991144552429223,False,275,19.992003501816058,-0.0008589493868349507,28
19.95428265485482,False,276,19.991144552429223,-0.03686189757440417,28
19.91390043807256,False,277,19.95428265485482,-0.04038221678225895,28
20.0,False,278,19.91390043807256,0.0860995619274405,28
20.0,False,279,20.0,0.0,28
19.961418013982563,False,280,20.0,-0.03858198601743723,28
20.0,False,281,19.961418013982563,0.03858198601743723,28
19.944761210845595,False,282,20.0,-0.055238789154405055,28
19.995984263650627,False,283,19.944761210845595,0.0512230528050317,28
20.0,False,284,19.995984263650627,0.0040157363493733556,28
19.96514656834495,False,285,20.0,-0.03485343165505128,28
19.986682019197026,False,286,19.96514656834495,0.02153545085207753,28
19.933593310594993,False,287,19.986682019197026,-0.05308870860203285,28
20.0,False,288,19.933593310594993,0.0664066894050066,28
20.0,False,289,20.0,0.0,28
20.0,False,290,20.0,0.0,28
19.923361718377215,False,291,20.0,-0.07663828162278463,28
20.0,False,292,19.923361718377215,0.07663828162278463,28
20.0,False,293,20.0,0.0,28
19.975633965269257,False,294,20.0,-0.02436603473074328,28
19.909822222301607,False,295,19.975633965269257,-0.06581174296765013,28
20.0,False,296,19.909822222301607,0.09017777769839341,28
19.906774189649653,False,297,20.0,-0.09322581035034716,28
19.947956009837878,False,298,19.906774189649653,0.041181820188224805,28
20.0,False,299,19.947956009837878,0.052043990162122356,28
1.9019590145212266,False,0,0.0,0.0,29
2.0001869732645723,False,1,1.9019590145212266,0.09822795874334567,29
1.8318857155715196,False,2,2.0001869732645723,-0.1683012576930527,29
2.46824442780706,False,3,1.8318857155715196,0.6363587122355403,29
1.5380951366084799,False,4,2.46824442780706,-0.93014929119858,29
2.433909426056856,False,5,1.5380951366084799,0.895814289448376,29
1.5436674709308509,False,6,2.433909426056856,-0.890241955126005,29
1.5698601955017644,False,7,1.5436674709308509,0.026192724570913484,29
1.805101162300601,False,8,1.5698601955017644,0.23524096679883666,29
1.6812969883358428,False,9,1.805101162300601,-0.12380417396475818,29
1.5961365661735076,False,10,1.6812969883358428,-0.08516042216233521,29
2.477321095893293,False,11,1.5961365661735076,0.8811845297197856,29
1.9022913781280124,False,12,2.477321095893293,-0.5750297177652808,29
1.6802991875652489,False,13,1.9022913781280124,-0.22199219056276354,29
1.6722543645829,False,14,1.6802991875652489,-0.008044822982348876,29
2.300733566972785,False,15,1.6722543645829,0.6284792023898849,29
1.8970591641316918,False,16,2.300733566972785,-0.403674402841093,29
1.62342636071193,False,17,1.8970591641316918,-0.2736328034197619,29
2.1056804881213433,False,18,1.62342636071193,0.4822541274094134,29
1.7703996799894917,False,19,2.1056804881213433,-0.3352808081318517,29
2.399072170147663,False,20,1.7703996799894917,0.6286724901581713,29
1.6187152988417473,False,21,2.399072170147663,-0.7803568713059157,29
1.6888138497586773,False,22,1.6187152988417473,0.07009855091693007,29
2.059791053234093,False,23,1.6888138497586773,0.3709772034754155,29
1.768201770716453,False,24,2.059791053234093,-0.2915892825176398,29
2.499953882184972,False,25,1.768201770716453,0.7317521114685188,29
1.806761020572924,False,26,2.499953882184972,-0.6931928616120477,29
2.361948238057262,False,27,1.806761020572924,0.5551872174843377,29
1.7038935234231323,False,28,2.361948238057262,-0.6580547146341296,29
2.488005666554296,False,29,1.7038935234231323,0.7841121431311637,29
2.401830084177829,False,30,2.488005666554296,-0.08617558237646694,29
2.4980032356031887,False,31,2.401830084177829,0.09617315142535965,29
1.9231845075971123,False,32,2.4980032356031887,-0.5748187280060764,29
2.355575521638004,False,33,1.9231845075971123,0.43239101404089153,29
1.6848086133834146,False,34,2.355575521638004,-0.6707669082545893,29
1.5495579296183288,False,35,1.6848086133834146,-0.13525068376508576,29
1.683251806830873,False,36,1.5495579296183288,0.13369387721254422,29
1.8217490983827975,False,37,1.683251806830873,0.13849729155192447,29
1.7830832331599251,False,38,1.8217490983827975,-0.03866586522287241,29
1.627673463468999,False,39,1.7830832331599251,-0.15540976969092601,29
2.1763969398145413,False,40,1.627673463468999,0.5487234763455422,29
1.8532134443478867,False,41,2.1763969398145413,-0.3231834954666546,29
1.6476974199353105,False,42,1.8532134443478867,-0.20551602441257621,29
1.9592872262207772,False,43,1.6476974199353105,0.31158980628546673,29
1.886475077777344,False,44,1.9592872262207772,-0.0728121484434332,29
2.0079705153246556,False,45,1.886475077777344,0.12149543754731162,29
1.8811163930652683,False,46,2.0079705153246556,-0.1268541222593873,29
1.843685518834362,False,47,1.8811163930652683,-0.03743087423090641,29
1.559497000866179,False,48,1.843685518834362,-0.2841885179681829,29
2.327484481326368,False,49,1.559497000866179,0.7679874804601892,29
2.2598302620514787,False,50,2.327484481326368,-0.06765421927488946,29
2.009865571316031,False,51,2.2598302620514787,-0.2499646907354478,29
1.857720569417912,False,52,2.009865571316031,-0.15214500189811897,29
1.9092521181209507,False,53,1.857720569417912,0.051531548703038776,29
1.5098111705827266,False,54,1.9092521181209507,-0.3994409475382241,29
2.4110786266767965,False,55,1.5098111705827266,0.9012674560940699,29
1.8855681668281647,False,56,2.4110786266767965,-0.5255104598486318,29
1.6476220583632335,False,57,1.8855681668281647,-0.23794610846493125,29
1.705470178006496,False,58,1.6476220583632335,0.05784811964326253,29
2.123105529317834,False,59,1.705470178006496,0.4176353513113378,29
1.72700983712986,False,60,2.123105529317834,-0.3960956921879739,29
2.171291278868899,False,61,1.72700983712986,0.4442814417390393,29
1.7159757781244211,False,62,2.171291278868899,-0.455315500744478,29
2.3599383766753874,False,63,1.7159757781244211,0.6439625985509663,29
2.370079797308205,False,64,2.3599383766753874,0.010141420632817422,29
1.5834223024004894,False,65,2.370079797308205,-0.7866574949077154,29
1.517085053124416,False,66,1.5834223024004894,-0.06633724927607343,29
2.326284981898521,False,67,1.517085053124416,0.809199928774105,29
1.86486680638758,False,68,2.326284981898521,-0.461418175510941,29
2.234103349251197,False,69,1.86486680638758,0.36923654286361707,29
1.7221128574323212,False,70,2.234103349251197,-0.5119904918188758,29
1.7106662426130588,False,71,1.7221128574323212,-0.011446614819262457,29
1.5768259260334965,False,72,1.7106662426130588,-0.1338403165795623,29
1.629888671830043,False,73,1.5768259260334965,0.05306274579654646,29
2.488756477618395,False,74,1.629888671830043,0.8588678057883521,29
1.9931767678091674,False,75,2.488756477618395,-0.4955797098092276,29
1.7007450595432911,False,76,1.9931767678091674,-0.2924317082658763,29
1.5763664912085162,False,77,1.7007450595432911,-0.1243785683347749,29
2.2335750501325267,False,78,1.5763664912085162,0.6572085589240104,29
1.667891639484273,False,79,2.2335750501325267,-0.5656834106482536,29
1.7906132554013114,False,80,1.667891639484273,0.12272161591703834,29
1.976894792169472,False,81,1.7906132554013114,0.1862815367681605,29
1.6206281472130437,False,82,1.976894792169472,-0.35626664495642824,29
1.9430811365927894,False,83,1.6206281472130437,0.32245298937974565,29
1.9816198867352695,False,84,1.9430811365927894,0.038538750142480094,29
2.213514171972773,False,85,1.9816198867352695,0.23189428523750344,29
2.2121530499726454,False,86,2.213514171972773,-0.0013611220001275015,29
2.2913340182411606,False,87,2.2121530499726454,0.07918096826851517,29
2.0520672609211243,False,88,2.2913340182411606,-0.23926675732003622,29
2.2694645828672604,False,89,2.0520672609211243,0.21739732194613604,29
1.872589116582882,False,90,2.2694645828672604,-0.3968754662843783,29
1.7313598627198772,False,91,1.872589116582882,-0.1412292538630049,29
2.0957023533351427,False,92,1.7313598627198772,0.36434249061526547,29
2.206192864727895,False,93,2.0957023533351427,0.11049051139275257,29
1.6534441753338127,False,94,2.206192864727895,-0.5527486893940825,29
1.7696983422166332,False,95,1.6534441753338127,0.11625416688282053,29
2.47865265361141,False,96,1.7696983422166332,0.7089543113947769,29
1.7258149531885263,False,97,2.47865265361141,-0.7528377004228839,29
2.0003428710044093,False,98,1.7258149531885263,0.27452791781588304,29
2.3729877901793675,False,99,2.0003428710044093,0.3726449191749581,29
2.1448236479852976,True,100,2.3729877901793675,-0.22816414219406989,29
2.306369104736424,True,101,2.1448236479852976,0.16154545675112653,29
2.626213526957731,True,102,2.306369104736424,0.31984442222130705,29
2.663922811107803,True,103,2.626213526957731,0.03770928415007191,29
2.8828628100998626,True,104,2.663922811107803,0.21893999899205951,29
3.1142115187774397,True,105,2.8828628100998626,0.23134870867757718,29
3.3182482336958232,True,106,3.1142115187774397,0.2040367149183835,29
3.482479847449796,True,107,3.3182482336958232,0.164231613753973,29
3.6024505462549214,True,108,3.482479847449796,0.11997069880512523,29
3.820232554077532,True,109,3.6024505462549214,0.2177820078226107,29
4.056068255337583,True,110,3.820232554077532,0.2358357012600507,29
4.174999952700627,True,111,4.056068255337583,0.11893169736304454,29
4.327503427943488,True,112,4.174999952700627,0.15250347524286045,29
4.587845443500577,True,113,4.327503427943488,0.26034201555708947,29
4.859966513652386,True,114,4.587845443500577,0.2721210701518091,29
5.008844293452415,True,115,4.859966513652386,0.1488777798000287,29
5.1713705283909,True,116,5.008844293452415,0.16252623493848528,29
5.319836747153918,True,117,5.1713705283909,0.14846621876301747,29
5.407829573884368,True,118,5.319836747153918,0.08799282673045017,29
5.611247065330745,True,119,5.407829573884368,0.20341749144637689,29
5.790005235801682,True,120,5.611247065330745,0.17875817047093712,29
6.046700762255758,True,121,5.790005235801682,0.25669552645407556,29
6.212685174558378,True,122,6.046700762255758,0.1659844123026204,29
6.409685160839529,True,123,6.212685174558378,0.1969999862811509,29
6.653761868950418,True,124,6.409685160839529,0.24407670811088877,29
6.7659291888374185,True,125,6.653761868950418,0.1121673198870008,29
7.064196752471843,True,126,6.7659291888374185,0.2982675636344245,29
7.263006296086942,True,127,7.064196752471843,0.1988095436150994,29
7.440664182234826,True,128,7.263006296086942,0.17765788614788391,29
7.589867891486043,True,129,7.440664182234826,0.14920370925121684,29
7.729449176286345,True,130,7.589867891486043,0.13958128480030219,29
7.983828027265376,True,131,7.729449176286345,0.25437885097903035,29
8.160571513475949,True,132,7.983828027265376,0.17674348621057323,29
8.269127882475177,True,133,8.160571513475949,0.10855636899922771,29
8.615473499810367,True,134,8.269127882475177,0.3463456173351904,29
8.768868365954997,True,135,8.615473499810367,0.15339486614463027,29
8.794921708441827,True,136,8.768868365954997,0.026053342486829223,29
9.090502665271165,True,137,8.794921708441827,0.2955809568293386,29
9.293669223871978,True,138,9.090502665271165,0.20316655860081312,29
9.412807740796369,True,139,9.293669223871978,0.11913851692439081,29
9.69273917110192,True,140,9.412807740796369,0.2799314303055507,29
9.794104991185844,True,141,9.69273917110192,0.10136582008392381,29
10.022001863985022,True,142,9.794104991185844,0.22789687279917814,29
10.142904966328251,True,143,10.022001863985022,0.12090310234322921,29
10.371762948308476,True,144,10.142904966328251,0.22885798198022478,29
10.632391039027247,True,145,10.371762948308476,0.2606280907187717,29
10.853702238021588,True,146,10.632391039027247,0.22131119899434104,29
10.91335568032441,True,147,10.853702238021588,0.05965344230282099,29
11.203330283553196,True,148,10.91335568032441,0.2899746032287869,29
11.285618389477873,True,149,11.203330283553196,0.08228810592467717,29
11.468563744479145,True,150,11.285618389477873,0.18294535500127118,29
11.682701068619163,True,151,11.468563744479145,0.21413732414001885,29
11.892831198531297,True,152,11.682701068619163,0.21013012991213387,29
12.151188089614008,True,153,11.892831198531297,0.25835689108271076,29
12.286314307776792,True,154,12.151188089614008,0.13512621816278347,29
12.486086585867433,True,155,12.286314307776792,0.19977227809064146,29
12.54095928551949,True,156,12.486086585867433,0.05487269965205677,29
12.741175021773548,True,157,12.54095928551949,0.20021573625405864,29
12.871063439610516,True,158,12.741175021773548,0.12988841783696792,29
13.180543126920615,True,159,12.871063439610516,0.30947968731009823,29
13.400208498818392,True,160,13.180543126920615,0.21966537189777746,29
13.54010044981069,True,161,13.400208498818392,0.13989195099229867,29
13.722214975642405,True,162,13.54010044981069,0.1821145258317145,29
13.824225894079516,True,163,13.722214975642405,0.10201091843711119,29
14.148594042212443,True,164,13.824225894079516,0.32436814813292614,29
14.266153425802889,True,165,14.148594042212443,0.11755938359044649,29
14.397076339461139,True,166,14.266153425802889,0.13092291365824948,29
14.726253013183733,True,167,14.397076339461139,0.3291766737225945,29
14.895865493868623,True,168,14.726253013183733,0.16961248068489,29
15.019924027945454,True,169,14.895865493868623,0.12405853407683054,29
15.096018597789435,True,170,15.019924027945454,0.07609456984398122,29
15.454766366240225,True,171,15.096018597789435,0.35874776845079026,29
15.545970861026031,True,172,15.454766366240225,0.09120449478580639,29
15.798246658100368,True,173,15.545970861026031,0.25227579707433634,29
16.038729909422106,True,174,15.798246658100368,0.24048325132173787,29
16.22962759110509,True,175,16.038729909422106,0.1908976816829835,29
16.240950571932327,True,176,16.22962759110509,0.011322980827237927,29
16.569302815322345,True,177,16.240950571932327,0.3283522433900181,29
16.646770430375756,True,178,16.569302815322345,0.07746761505341127,29
16.78274844740327,True,179,16.646770430375756,0.1359780170275151,29
17.099088881441176,True,180,16.78274844740327,0.31634043403790457,29
17.250073935653855,True,181,17.099088881441176,0.15098505421267916,29
17.481151617809562,True,182,17.250073935653855,0.231077682155707,29
17.597925956398594,True,183,17.481151617809562,0.11677433858903186,29
17.722760095167544,True,184,17.597925956398594,0.12483413876895,29
17.95446339265021,True,185,17.722760095167544,0.23170329748266738,29
18.215692932121474,True,186,17.95446339265021,0.2612295394712625,29
18.422159943220446,True,187,18.215692932121474,0.20646701109897236,29
18.435378965264952,True,188,18.422159943220446,0.01321902204450609,29
18.640748801067613,True,189,18.435378965264952,0.2053698358026601,29
18.794493341816946,True,190,18.640748801067613,0.15374454074933297,29
19.015142577789177,True,191,18.794493341816946,0.22064923597223185,29
19.306093960216614,True,192,19.015142577789177,0.290951382427437,29
19.510658293137162,True,193,19.306093960216614,0.20456433292054754,29
19.65914106278552,True,194,19.510658293137162,0.14848276964835705,29
19.783601575230126,True,195,19.65914106278552,0.12446051244460676,29
20.0,False,196,19.783601575230126,0.21639842476987425,29
20.0,False,197,20.0,0.0,29
20.0,False,198,20.0,0.0,29
20.0,False,199,20.0,0.0,29
20.0,False,200,20.0,0.0,29
20.0,False,201,20.0,0.0,29
19.965566363116146,False,202,20.0,-0.034433636883854035,29
19.996711616613098,False,203,19.965566363116146,0.031145253496951852,29
20.0,False,204,19.996711616613098,0.003288383386902183,29
19.937070503276754,False,205,20.0,-0.0629294967232461,29
19.91415971306207,False,206,19.937070503276754,-0.02291079021468434,29
19.902802649771083,False,207,19.91415971306207,-0.011357063290986957,29
19.921814789073196,False,208,19.902802649771083,0.019012139302112985,29
19.976006770906206,False,209,19.921814789073196,0.05419198183301077,29
20.0,False,210,19.976006770906206,0.023993229093793644,29
20.0,False,211,20.0,0.0,29
19.993113856881102,False,212,20.0,-0.006886143118897792,29
20.0,False,213,19.993113856881102,0.006886143118897792,29
20.0,False,214,20.0,0.0,29
20.0,False,215,20.0,0.0,29
19.960221157316827,False,216,20.0,-0.03977884268317311,29
19.97772382815939,False,217,19.960221157316827,0.017502670842564072,29
19.95972876173571,False,218,19.97772382815939,-0.017995066423679873,29
19.946299576141648,False,219,19.95972876173571,-0.013429185594063142,29
19.92382976889704,False,220,19.946299576141648,-0.02246980724460812,29
19.901982704414287,False,221,19.92382976889704,-0.021847064482752643,29
20.0,False,222,19.901982704414287,0.09801729558571282,29
19.974411423573617,False,223,20.0,-0.025588576426383014,29
20.0,False,224,19.974411423573617,0.025588576426383014,29
20.0,False,225,20.0,0.0,29
19.985054158690623,False,226,20.0,-0.014945841309376817,29
20.0,False,227,19.985054158690623,0.014945841309376817,29
19.97625108204139,False,228,20.0,-0.023748917958609894,29
19.91380150046577,False,229,19.97625108204139,-0.06244958157562053,29
19.927527264023173,False,230,19.91380150046577,0.01372576355740307,29
19.921729515630123,False,231,19.927527264023173,-0.005797748393050028,29
19.97960453698592,False,232,19.921729515630123,0.05787502135579814,29
20.0,False,233,19.97960453698592,0.02039546301407924,29
20.0,False,234,20.0,0.0,29
19.98435103802406,False,235,20.0,-0.015648961975941234,29
19.980506048673863,False,236,19.98435103802406,-0.0038449893501955046,29
19.948819554673385,False,237,19.980506048673863,-0.031686494000478405,29
19.908694204899305,False,238,19.948819554673385,-0.040125349774079666,29
19.928524012909662,False,239,19.908694204899305,0.019829808010356942,29
19.965407487925717,False,240,19.928524012909662,0.03688347501605449,29
19.93371869711919,False,241,19.965407487925717,-0.03168879080652687,29
19.94308399741257,False,242,19.93371869711919,0.009365300293382006,29
20.0,False,243,19.94308399741257,0.05691600258742824,29
20.0,False,244,20.0,0.0,29
20.0,False,245,20.0,0.0,29
19.954959259408607,False,246,20.0,-0.04504074059139285,29
19.943235089763686,False,247,19.954959259408607,-0.01172416964492129,29
20.0,False,248,19.943235089763686,0.05676491023631414,29
20.0,False,249,20.0,0.0,29
19.90542547843782,False,250,20.0,-0.09457452156217983,29
19.909468538460317,False,251,19.90542547843782,0.004043060022496547,29
20.0,False,252,19.909468538460317,0.09053146153968328,29
20.0,False,253,20.0,0.0,29
20.0,False,254,20.0,0.0,29
19.98677845867856,False,255,20.0,-0.013221541321438934,29
19.94514839152388,False,256,19.98677845867856,-0.04163006715468143,29
20.0,False,257,19.94514839152388,0.05485160847612036,29
20.0,False,258,20.0,0.0,29
20.0,False,259,20.0,0.0,29
20.0,False,260,20.0,0.0,29
20.0,False,261,20.0,0.0,29
20.0,False,262,20.0,0.0,29
19.9353213892353,False,263,20.0,-0.06467861076470172,29
19.982231737723993,False,264,19.9353213892353,0.04691034848869435,29
20.0,False,265,19.982231737723993,0.017768262276007363,29
20.0,False,266,20.0,0.0,29
20.0,False,267,20.0,0.0,29
19.99303379430941,False,268,20.0,-0.006966205690588367,29
19.95411844613492,False,269,19.99303379430941,-0.03891534817449127,29
19.944110557181634,False,270,19.95411844613492,-0.01000788895328597,29
19.91304696882654,False,271,19.944110557181634,-0.031063588355095817,29
20.0,False,272,19.91304696882654,0.08695303117346143,29
20.0,False,273,20.0,0.0,29
19.921638790822936,False,274,20.0,-0.07836120917706424,29
20.0,False,275,19.921638790822936,0.07836120917706424,29
20.0,False,276,20.0,0.0,29
19.974989508619963,False,277,20.0,-0.02501049138003708,29
20.0,False,278,19.974989508619963,0.02501049138003708,29
20.0,False,279,20.0,0.0,29
20.0,False,280,20.0,0.0,29
19.920759218492336,False,281,20.0,-0.07924078150766434,29
19.929819996796592,False,282,19.920759218492336,0.009060778304256445,29
19.991012234702005,False,283,19.929819996796592,0.06119223790541284,29
20.0,False,284,19.991012234702005,0.008987765297995054,29
20.0,False,285,20.0,0.0,29
20.0,False,286,20.0,0.0,29
20.0,False,287,20.0,0.0,29
19.95401407246877,False,288,20.0,-0.04598592753123043,29
19.920036266510177,False,289,19.95401407246877,-0.033977805958592455,29
20.0,False,290,19.920036266510177,0.07996373348982289,29
20.0,False,291,20.0,0.0,29
20.0,False,292,20.0,0.0,29
20.0,False,293,20.0,0.0,29
19.924310941662522,False,294,20.0,-0.07568905833747763,29
20.0,False,295,19.924310941662522,0.07568905833747763,29
20.0,False,296,20.0,0.0,29
20.0,False,297,20.0,0.0,29
20.0,False,298,20.0,0.0,29
20.0,False,299,20.0,0.0,29
1.6456907405459413,False,0,0.0,0.0,30
2.4573920801835927,False,1,1.6456907405459413,0.8117013396376513,30
2.3419812396770956,False,2,2.4573920801835927,-0.11541084050649708,30
2.4914696377398746,False,3,2.3419812396770956,0.14948839806277903,30
2.3394785721767533,False,4,2.4914696377398746,-0.15199106556312136,30
1.9772806621711274,False,5,2.3394785721767533,-0.36219791000562584,30
2.381203342773084,False,6,1.9772806621711274,0.40392268060195646,30
1.8592779830460124,False,7,2.381203342773084,-0.5219253597270714,30
2.11406750310696,False,8,1.8592779830460124,0.25478952006094757,30
1.7443109151901062,False,9,2.11406750310696,-0.36975658791685384,30
1.5754354852249155,False,10,1.7443109151901062,-0.16887542996519067,30
1.6079161590337943,False,11,1.5754354852249155,0.03248067380887876,30
2.2572067162792253,False,12,1.6079161590337943,0.649290557245431,30
2.219917607064393,False,13,2.2572067162792253,-0.037289109214832195,30
2.1340476960501844,False,14,2.219917607064393,-0.08586991101420871,30
2.4307767030325973,False,15,2.1340476960501844,0.2967290069824129,30
2.4119638365742158,False,16,2.4307767030325973,-0.01881286645838154,30
1.7604906638219018,False,17,2.4119638365742158,-0.651473172752314,30
2.406448858048256,False,18,1.7604906638219018,0.6459581942263544,30
1.802376419199246,False,19,2.406448858048256,-0.6040724388490102,30
1.9840540262350443,False,20,1.802376419199246,0.18167760703579838,30
1.8622906934255097,False,21,1.9840540262350443,-0.12176333280953466,30
2.169073925068192,False,22,1.8622906934255097,0.3067832316426822,30
2.1211592403938475,False,23,2.169073925068192,-0.04791468467434434,30
2.4252513568985727,False,24,2.1211592403938475,0.30409211650472523,30
1.5213940574880773,False,25,2.4252513568985727,-0.9038572994104954,30
1.5810543165567723,False,26,1.5213940574880773,0.05966025906869499,30
1.6501670541384503,False,27,1.5810543165567723,0.06911273758167802,30
1.9843698817838602,False,28,1.6501670541384503,0.3342028276454099,30
1.541078320167236,False,29,1.9843698817838602,-0.4432915616166242,30
1.7193781108736206,False,30,1.541078320167236,0.17829979070638458,30
2.0724992192388605,False,31,1.7193781108736206,0.3531211083652399,30
1.9121574010113052,False,32,2.0724992192388605,-0.16034181822755533,30
1.891458857814067,False,33,1.9121574010113052,-0.020698543197238184,30
1.635170779033431,False,34,1.891458857814067,-0.25628807878063586,30
2.215836554627375,False,35,1.635170779033431,0.580665775593944,30
1.6109929798301819,False,36,2.215836554627375,-0.6048435747971932,30
1.7571115149985839,False,37,1.6109929798301819,0.146118535168402,30
2.326722838570554,False,38,1.7571115149985839,0.5696113235719702,30
1.5647434094999917,False,39,2.326722838570554,-0.7619794290705624,30
1.9904622819444984,False,40,1.5647434094999917,0.4257188724445067,30
1.9361894687903776,False,41,1.9904622819444984,-0.0542728131541208,30
2.4923588160661976,False,42,1.9361894687903776,0.55616934727582,30
2.1621366290779997,False,43,2.4923588160661976,-0.33022218698819783,30
1.7398292650760065,False,44,2.1621366290779997,-0.4223073640019932,30
2.103651328064037,False,45,1.7398292650760065,0.36382206298803044,30
2.447005533078761,False,46,2.103651328064037,0.343354205014724,30
1.7946120431901993,False,47,2.447005533078761,-0.6523934898885617,30
2.1606148654793236,False,48,1.7946120431901993,0.3660028222891243,30
2.1323669987015257,False,49,2.1606148654793236,-0.028247866777797892,30
1.5706047078072274,False,50,2.1323669987015257,-0.5617622908942983,30
2.1793444942460427,False,51,1.5706047078072274,0.6087397864388153,30
2.224816263725463,False,52,2.1793444942460427,0.04547176947942022,30
1.6864523629981223,False,53,2.224816263725463,-0.5383639007273406,30
2.216799630711239,False,54,1.6864523629981223,0.5303472677131169,30
1.6887759896835792,False,55,2.216799630711239,-0.52802364102766,30
2.3587273283678822,False,56,1.6887759896835792,0.669951338684303,30
2.0701335209299696,False,57,2.3587273283678822,-0.28859380743791263,30
1.6278263370089154,False,58,2.0701335209299696,-0.44230718392105417,30
2.1800890221130302,False,59,1.6278263370089154,0.5522626851041148,30
2.1057167914246917,False,60,2.1800890221130302,-0.07437223068833854,30
1.8434808608969555,False,61,2.1057167914246917,-0.2622359305277362,30
2.2649110038163887,False,62,1.8434808608969555,0.42143014291943315,30
1.7820680095035102,False,63,2.2649110038163887,-0.48284299431287847,30
2.383470864017421,False,64,1.7820680095035102,0.601402854513911,30
1.53421312518525,False,65,2.383470864017421,-0.8492577388321711,30
2.074664147338667,False,66,1.53421312518525,0.5404510221534169,30
2.1810706179571127,False,67,2.074664147338667,0.10640647061844577,30
2.3007125391816636,False,68,2.1810706179571127,0.11964192122455097,30
1.5597604321356542,False,69,2.3007125391816636,-0.7409521070460094,30
2.4512747272425157,False,70,1.5597604321356542,0.8915142951068615,30
1.5745792535991896,False,71,2.4512747272425157,-0.8766954736433261,30
1.607614459218932,False,72,1.5745792535991896,0.03303520561974249,30
2.0121908326627493,False,73,1.607614459218932,0.40457637344381725,30
2.2556041977003845,False,74,2.0121908326627493,0.2434133650376351,30
2.175521225952806,False,75,2.2556041977003845,-0.08008297174757839,30
2.0947395215113422,False,76,2.175521225952806,-0.08078170444146382,30
2.486680387236129,False,77,2.0947395215113422,0.3919408657247869,30
1.6707042575571707,False,78,2.486680387236129,-0.8159761296789585,30
1.8910587130475727,False,79,1.6707042575571707,0.220354455490402,30
1.8901170951721036,False,80,1.8910587130475727,-0.0009416178754690918,30
1.7059754177814292,False,81,1.8901170951721036,-0.18414167739067433,30
1.79218066395911,False,82,1.7059754177814292,0.08620524617768077,30
2.4000362271012747,False,83,1.79218066395911,0.6078555631421647,30
2.2224160466761487,False,84,2.4000362271012747,-0.17762018042512606,30
2.4536718325113362,False,85,2.2224160466761487,0.23125578583518758,30
1.5952417845884606,False,86,2.4536718325113362,-0.8584300479228757,30
1.8555810792742227,False,87,1.5952417845884606,0.2603392946857621,30
1.7921782199899352,False,88,1.8555810792742227,-0.06340285928428746,30
2.3378010882372156,False,89,1.7921782199899352,0.5456228682472803,30
1.8935356337696208,False,90,2.3378010882372156,-0.4442654544675948,30
1.9540783111935287,False,91,1.8935356337696208,0.060542677423907953,30
2.170555884097458,False,92,1.9540783111935287,0.21647757290392944,30
1.8674640444170463,False,93,2.170555884097458,-0.30309183968041187,30
1.6863644520711378,False,94,1.8674640444170463,-0.18109959234590844,30
2.4688659293388477,False,95,1.6863644520711378,0.7825014772677099,30
1.7848056021910321,False,96,2.4688659293388477,-0.6840603271478156,30
2.131884606382216,False,97,1.7848056021910321,0.34707900419118376,30
2.0104338132784303,False,98,2.131884606382216,-0.12145079310378559,30
2.347036719643015,False,99,2.0104338132784303,0.3366029063645848,30
2.1805593577366698,True,100,2.347036719643015,-0.16647736190634532,30
2.267868350871502,True,101,2.1805593577366698,0.08730899313483231,30
2.5038170880605746,True,102,2.267868350871502,0.2359487371890725,30
2.6640259431824864,True,103,2.5038170880605746,0.16020885512191185,30
2.8341804039313767,True,104,2.6640259431824864,0.1701544607488903,30
2.9496725260973164,True,105,2.8341804039313767,0.11549212216593974,30
3.093328958074879,True,106,2.9496725260973164,0.14365643197756262,30
3.2421676658630307,True,107,3.093328958074879,0.14883870778815167,30
3.547180161276535,True,108,3.2421676658630307,0.30501249541350406,30
3.6027240159544762,True,109,3.547180161276535,0.05554385467794143,30
3.802161073169916,True,110,3.6027240159544762,0.19943705721543958,30
3.9259440888763133,True,111,3.802161073169916,0.12378301570639749,30
4.126017797436577,True,112,3.9259440888763133,0.20007370856026396,30
4.23127006174488,True,113,4.126017797436577,0.10525226430830248,30
4.423742576788418,True,114,4.23127006174488,0.19247251504353802,30
4.588462189656192,True,115,4.423742576788418,0.16471961286777415,30
4.799055693745641,True,116,4.588462189656192,0.21059350408944866,30
4.929408657965524,True,117,4.799055693745641,0.13035296421988374,30
5.033616320347498,True,118,4.929408657965524,0.10420766238197388,30
5.24113648826008,True,119,5.033616320347498,0.2075201679125822,30
5.532486094233979,True,120,5.24113648826008,0.2913496059738989,30
5.628610839781098,True,121,5.532486094233979,0.0961247455471188,30
5.727720433104504,True,122,5.628610839781098,0.09910959332340585,30
6.029590410310735,True,123,5.727720433104504,0.30186997720623143,30
6.127337894174131,True,124,6.029590410310735,0.0977474838633956,30
6.360267617770766,True,125,6.127337894174131,0.23292972359663544,30
6.418148549546183,True,126,6.360267617770766,0.057880931775416755,30
6.611464050695486,True,127,6.418148549546183,0.19331550114930263,30
6.725183319714956,True,128,6.611464050695486,0.11371926901947038,30
6.896241351162815,True,129,6.725183319714956,0.17105803144785892,30
7.223459682193794,True,130,6.896241351162815,0.32721833103097886,30
7.334622713625926,True,131,7.223459682193794,0.11116303143213191,30
7.369868127213012,True,132,7.334622713625926,0.035245413587086105,30
7.676330705835242,True,133,7.369868127213012,0.3064625786222299,30
7.748684463459764,True,134,7.676330705835242,0.0723537576245219,30
7.836434808810049,True,135,7.748684463459764,0.08775034535028503,30
8.186252247908882,True,136,7.836434808810049,0.34981743909883356,30
8.235985789383259,True,137,8.186252247908882,0.04973354147437625,30
8.422369176866484,True,138,8.235985789383259,0.18638338748322525,30
8.614145644089733,True,139,8.422369176866484,0.19177646722324937,30
8.887345032418086,True,140,8.614145644089733,0.27319938832835255,30
9.082376274264393,True,141,8.887345032418086,0.1950312418463067,30
9.1977660288893,True,142,9.082376274264393,0.11538975462490697,30
9.308982647171177,True,143,9.1977660288893,0.1112166182818779,30
9.532740856563986,True,144,9.308982647171177,0.223758209392809,30
9.643167954666035,True,145,9.532740856563986,0.11042709810204876,30
9.960306486721583,True,146,9.643167954666035,0.317138532055548,30
9.981579910989568,True,147,9.960306486721583,0.021273424267985064,30
10.176466838297417,True,148,9.981579910989568,0.19488692730784862,30
10.384032604274248,True,149,10.176466838297417,0.20756576597683107,30
10.60588867435964,True,150,10.384032604274248,0.22185607008539243,30
10.749323503845952,True,151,10.60588867435964,0.1434348294863117,30
10.939887153017313,True,152,10.749323503845952,0.19056364917136115,30
11.007019303013825,True,153,10.939887153017313,0.06713214999651207,30
11.208255283353333,True,154,11.007019303013825,0.20123598033950785,30
11.363750398766715,True,155,11.208255283353333,0.15549511541338212,30
11.562225279612779,True,156,11.363750398766715,0.19847488084606368,30
11.691608126118668,True,157,11.562225279612779,0.12938284650588905,30
11.95146158270835,True,158,11.691608126118668,0.2598534565896813,30
12.081060282432984,True,159,11.95146158270835,0.12959869972463522,30
12.418092787649442,True,160,12.081060282432984,0.3370325052164578,30
12.44719719979504,True,161,12.418092787649442,0.02910441214559789,30
12.648921065053614,True,162,12.44719719979504,0.20172386525857355,30
12.881348881920383,True,163,12.648921065053614,0.23242781686676928,30
12.952349800962159,True,164,12.881348881920383,0.07100091904177575,30
13.282557587081158,True,165,12.952349800962159,0.3302077861189989,30
13.295051118269539,True,166,13.282557587081158,0.012493531188381368,30
13.523578378016392,True,167,13.295051118269539,0.22852725974685306,30
13.642084062874368,True,168,13.523578378016392,0.11850568485797552,30
13.937956988818547,True,169,13.642084062874368,0.29587292594417924,30
14.133519760392177,True,170,13.937956988818547,0.19556277157363056,30
14.118840104052449,True,171,14.133519760392177,-0.014679656339728453,30
14.351662315031662,True,172,14.118840104052449,0.2328222109792133,30
14.568575445776943,True,173,14.351662315031662,0.21691313074528118,30
14.741282773234405,True,174,14.568575445776943,0.1727073274574611,30
14.847634696769758,True,175,14.741282773234405,0.10635192353535317,30
15.1226090686511,True,176,14.847634696769758,0.274974371881342,30
15.244022210029868,True,177,15.1226090686511,0.12141314137876869,30
15.308780468061919,True,178,15.244022210029868,0.06475825803205026,30
15.597074078405509,True,179,15.308780468061919,0.28829361034359025,30
15.711018182239917,True,180,15.597074078405509,0.11394410383440778,30
15.98866368679437,True,181,15.711018182239917,0.277645504554453,30
16.10542139649827,True,182,15.98866368679437,0.11675770970389898,30
16.218510411975164,True,183,16.10542139649827,0.11308901547689487,30
16.432897329936015,True,184,16.218510411975164,0.21438691796085152,30
16.684996055109977,True,185,16.432897329936015,0.2520987251739619,30
16.853063781547917,True,186,16.684996055109977,0.16806772643793977,30
16.89553529141631,True,187,16.853063781547917,0.04247150986839188,30
17.118241852566474,True,188,16.89553529141631,0.22270656115016507,30
17.372057519048262,True,189,17.118241852566474,0.2538156664817883,30
17.452236602651233,True,190,17.372057519048262,0.08017908360297099,30
17.546564647580425,True,191,17.452236602651233,0.09432804492919189,30
17.702485575476246,True,192,17.546564647580425,0.15592092789582068,30
17.85706230583954,True,193,17.702485575476246,0.15457673036329567,30
18.138380476850006,True,194,17.85706230583954,0.2813181710104651,30
18.273529312038264,True,195,18.138380476850006,0.13514883518825727,30
18.440716958472454,True,196,18.273529312038264,0.16718764643418993,30
18.620894743060205,True,197,18.440716958472454,0.1801777845877517,30
18.747810978445234,True,198,18.620894743060205,0.1269162353850284,30
19.047476224618705,True,199,18.747810978445234,0.2996652461734719,30
18.910512399954342,False,200,19.047476224618705,-0.1369638246643632,30
18.903634265740248,False,201,18.910512399954342,-0.006878134214094445,30
18.969686138752767,False,202,18.903634265740248,0.06605187301251902,30
19.00619206049934,False,203,18.969686138752767,0.03650592174657419,30
18.935633638575553,False,204,19.00619206049934,-0.07055842192378847,30
18.887307960175622,False,205,18.935633638575553,-0.04832567839993018,30
19.047677196147415,False,206,18.887307960175622,0.16036923597179253,30
18.926970434841767,False,207,19.047677196147415,-0.12070676130564806,30
18.91573910616817,False,208,18.926970434841767,-0.011231328673595442,30
19.022275439667887,False,209,18.91573910616817,0.10653633349971514,30
18.93577405813452,False,210,19.022275439667887,-0.08650138153336684,30
18.885068721719662,False,211,18.93577405813452,-0.05070533641485753,30
19.000005545808385,False,212,18.885068721719662,0.11493682408872274,30
18.917486123825565,False,213,19.000005545808385,-0.08251942198281981,30
18.919987912114355,False,214,18.917486123825565,0.0025017882887894416,30
18.962107044098353,False,215,18.919987912114355,0.042119131983998415,30
18.8817492006711,False,216,18.962107044098353,-0.0803578434272545,30
18.993931075816437,False,217,18.8817492006711,0.11218187514533895,30
18.929672005076082,False,218,18.993931075816437,-0.06425907074035564,30
18.900489652277983,False,219,18.929672005076082,-0.029182352798098776,30
18.980437201327575,False,220,18.900489652277983,0.07994754904959223,30
18.934352020599274,False,221,18.980437201327575,-0.04608518072830137,30
19.016490834587376,False,222,18.934352020599274,0.0821388139881023,30
19.044811490516928,False,223,19.016490834587376,0.028320655929551464,30
19.022635928095994,False,224,19.044811490516928,-0.02217556242093366,30
19.009113335931165,False,225,19.022635928095994,-0.013522592164829206,30
19.076682147455827,False,226,19.009113335931165,0.06756881152466221,30
19.040450992095366,False,227,19.076682147455827,-0.03623115536046129,30
19.059882448738062,False,228,19.040450992095366,0.019431456642696077,30
18.9332787473539,False,229,19.059882448738062,-0.12660370138416255,30
18.940857548208886,False,230,18.9332787473539,0.007578800854986412,30
19.023676319042636,False,231,18.940857548208886,0.08281877083375022,30
18.91827751859539,False,232,19.023676319042636,-0.10539880044724725,30
18.88693084977833,False,233,18.91827751859539,-0.03134666881705783,30
18.937421208223938,False,234,18.88693084977833,0.05049035844560734,30
18.896194069574054,False,235,18.937421208223938,-0.0412271386498837,30
19.04743559283221,False,236,18.896194069574054,0.15124152325815388,30
19.003458897899375,False,237,19.04743559283221,-0.04397669493283374,30
18.892375587576698,False,238,19.003458897899375,-0.11108331032267671,30
18.929480187856342,False,239,18.892375587576698,0.03710460027964402,30
19.015397174799226,False,240,18.929480187856342,0.08591698694288397,30
18.932244655021425,False,241,19.015397174799226,-0.08315251977780136,30
19.06963497968843,False,242,18.932244655021425,0.13739032466700607,30
19.06508654007254,False,243,19.06963497968843,-0.004548439615891908,30
18.968980693704765,False,244,19.06508654007254,-0.09610584636777375,30
18.969140061075805,False,245,18.968980693704765,0.00015936737104027543,30
18.985129799380218,False,246,18.969140061075805,0.015989738304412526,30
19.049577101015156,False,247,18.985129799380218,0.06444730163493873,30
19.020734914722908,False,248,19.049577101015156,-0.02884218629224833,30
19.020883966375273,False,249,19.020734914722908,0.00014905165236456241,30
18.982407261052675,False,250,19.020883966375273,-0.03847670532259784,30
18.99083357173313,False,251,18.982407261052675,0.008426310680455629,30
18.995355442838324,False,252,18.99083357173313,0.004521871105193753,30
18.906391123061624,False,253,18.995355442838324,-0.08896431977670005,30
19.047666932935314,False,254,18.906391123061624,0.14127580987369015,30
18.90147660007371,False,255,19.047666932935314,-0.14619033286160388,30
18.906600131960538,False,256,18.90147660007371,0.005123531886827237,30
18.89800154803647,False,257,18.906600131960538,-0.008598583924069203,30
19.038429206233953,False,258,18.89800154803647,0.14042765819748482,30
19.006190683079225,False,259,19.038429206233953,-0.03223852315472797,30
18.969312836762793,False,260,19.006190683079225,-0.03687784631643254,30
18.920788702982772,False,261,18.969312836762793,-0.048524133780020406,30
18.937165755219798,False,262,18.920788702982772,0.01637705223702568,30
18.89606235643952,False,263,18.937165755219798,-0.041103398780279576,30
18.901544963629014,False,264,18.89606235643952,0.005482607189495781,30
18.905540942065407,False,265,18.901544963629014,0.0039959784363929884,30
19.047588706208668,False,266,18.905540942065407,0.14204776414326048,30
18.943921051875776,False,267,19.047588706208668,-0.1036676543328916,30
18.984334655530542,False,268,18.943921051875776,0.040413603654766206,30
18.998705918166728,False,269,18.984334655530542,0.014371262636185378,30
19.00177589662364,False,270,18.998705918166728,0.0030699784569137023,30
19.02290638655909,False,271,19.00177589662364,0.021130489935448082,30
18.969271841539967,False,272,19.02290638655909,-0.053634545019122015,30
18.880603314163487,False,273,18.969271841539967,-0.08866852737648045,30
19.06358693429006,False,274,18.880603314163487,0.1829836201265742,30
18.917045261425972,False,275,19.06358693429006,-0.14654167286408892,30
18.977859054030155,False,276,18.917045261425972,0.06081379260418274,30
18.976346142060077,False,277,18.977859054030155,-0.001512911970078079,30
19.057576412968675,False,278,18.976346142060077,0.08123027090859836,30
19.01379178078124,False,279,19.057576412968675,-0.043784632187435335,30
19.016124310752282,False,280,19.01379178078124,0.002332529971042163,30
19.077765209970167,False,281,19.016124310752282,0.06164089921788474,30
19.026202516469013,False,282,19.077765209970167,-0.051562693501153944,30
19.074230995150195,False,283,19.026202516469013,0.04802847868118221,30
19.005578436097192,False,284,19.074230995150195,-0.06865255905300316,30
19.03265778284393,False,285,19.005578436097192,0.02707934674673851,30
18.94152270554667,False,286,19.03265778284393,-0.09113507729725967,30
18.959290571901473,False,287,18.94152270554667,0.01776786635480221,30
18.945356677757946,False,288,18.959290571901473,-0.01393389414352697,30
18.938347330700367,False,289,18.945356677757946,-0.007009347057579163,30
19.002067104693463,False,290,18.938347330700367,0.06371977399309614,30
19.00452407184496,False,291,19.002067104693463,0.0024569671514953484,30
18.885109783587307,False,292,19.00452407184496,-0.11941428825765144,30
19.074217361957423,False,293,18.885109783587307,0.18910757837011616,30
18.966856411423894,False,294,19.074217361957423,-0.10736095053352912,30
18.88414267952226,False,295,18.966856411423894,-0.08271373190163445,30
18.960269632390098,False,296,18.88414267952226,0.07612695286783833,30
18.980415789483366,False,297,18.960269632390098,0.020146157093268613,30
18.97392255333826,False,298,18.980415789483366,-0.0064932361451077725,30
18.939072466393842,False,299,18.97392255333826,-0.0348500869444166,30
1.5696059506832731,False,0,0.0,0.0,31
1.5314246549941641,False,1,1.5696059506832731,-0.038181295689108996,31
2.4878918372192995,False,2,1.5314246549941641,0.9564671822251354,31
2.0836290145271192,False,3,2.4878918372192995,-0.4042628226921803,31
2.0743998348076547,False,4,2.0836290145271192,-0.009229179719464575,31
1.6398353560790047,False,5,2.0743998348076547,-0.43456447872865,31
2.0514363030818425,False,6,1.6398353560790047,0.4116009470028379,31
1.8646252512077104,False,7,2.0514363030818425,-0.18681105187413216,31
2.3592292077186032,False,8,1.8646252512077104,0.49460395651089284,31
1.736789852629824,False,9,2.3592292077186032,-0.6224393550887792,31
1.5265783790733356,False,10,1.736789852629824,-0.2102114735564884,31
1.778768020451687,False,11,1.5265783790733356,0.2521896413783513,31
1.9271388362279982,False,12,1.778768020451687,0.14837081577631128,31
2.2340835132879624,False,13,1.9271388362279982,0.3069446770599642,31
2.0312179245653743,False,14,2.2340835132879624,-0.20286558872258809,31
1.6644061387488562,False,15,2.0312179245653743,-0.3668117858165181,31
2.2942390605325556,False,16,1.6644061387488562,0.6298329217836993,31
1.847614605597332,False,17,2.2942390605325556,-0.4466244549352236,31
1.756898797079494,False,18,1.847614605597332,-0.09071580851783789,31
2.402093506044011,False,19,1.756898797079494,0.6451947089645169,31
2.3961199044804635,False,20,2.402093506044011,-0.005973601563547426,31
2.4063189505088682,False,21,2.3961199044804635,0.010199046028404712,31
2.1704555999681783,False,22,2.4063189505088682,-0.23586335054068996,31
1.7708973239727661,False,23,2.1704555999681783,-0.39955827599541216,31
2.329809269183804,False,24,1.7708973239727661,0.558911945211038,31
1.655350433995302,False,25,2.329809269183804,-0.6744588351885021,31
2.261479601655894,False,26,1.655350433995302,0.606129167660592,31
2.2242606533753033,False,27,2.261479601655894,-0.03721894828059069,31
2.352818675718683,False,28,2.2242606533753033,0.12855802234337954,31
2.4119090572556443,False,29,2.352818675718683,0.059090381536961445,31
1.7268547923337785,False,30,2.4119090572556443,-0.6850542649218658,31
1.9748884405542122,False,31,1.7268547923337785,0.24803364822043372,31
2.18259919133997,False,32,1.9748884405542122,0.20771075078575763,31
1.7604112455420275,False,33,2.18259919133997,-0.4221879457979423,31
1.8218120267694382,False,34,1.7604112455420275,0.06140078122741066,31
2.1295101686207785,False,35,1.8218120267694382,0.30769814185134026,31
2.4259887451046582,False,36,2.1295101686207785,0.29647857648387976,31
1.8112649338967235,False,37,2.4259887451046582,-0.6147238112079347,31
2.269625311923522,False,38,1.8112649338967235,0.45836037802679863,31
2.0628443088586876,False,39,2.269625311923522,-0.2067810030648345,31
1.5740593323199694,False,40,2.0628443088586876,-0.4887849765387182,31
1.7844742652605832,False,41,1.5740593323199694,0.21041493294061375,31
2.311947620256015,False,42,1.7844742652605832,0.5274733549954318,31
2.1064560216619053,False,43,2.311947620256015,-0.2054915985941097,31
1.6187072603358033,False,44,2.1064560216619053,-0.487748761326102,31
1.7614541809801256,False,45,1.6187072603358033,0.14274692064432237,31
1.5165478315233596,False,46,1.7614541809801256,-0.24490634945676604,31
1.6646540983600273,False,47,1.5165478315233596,0.14810626683666772,31
1.8968365607085995,False,48,1.6646540983600273,0.2321824623485722,31
2.4610479760491866,False,49,1.8968365607085995,0.564211415340587,31
2.067601598548414,False,50,2.4610479760491866,-0.3934463775007724,31
2.1305965573109016,False,51,2.067601598548414,0.0629949587624874,31
1.628806695615248,False,52,2.1305965573109016,-0.5017898616956535,31
1.6117862179718405,False,53,1.628806695615248,-0.017020477643407528,31
1.7219948334914728,False,54,1.6117862179718405,0.11020861551963224,31
1.638889470548167,False,55,1.7219948334914728,-0.08310536294330584,31
1.7074754466178355,False,56,1.638889470548167,0.06858597606966854,31
1.8292503502160742,False,57,1.7074754466178355,0.12177490359823873,31
1.8050782265397305,False,58,1.8292503502160742,-0.024172123676343693,31
2.4364096432203093,False,59,1.8050782265397305,0.6313314166805788,31
1.659688454837192,False,60,2.4364096432203093,-0.7767211883831173,31
2.2975117767450746,False,61,1.659688454837192,0.6378233219078826,31
1.9042313039189818,False,62,2.2975117767450746,-0.3932804728260928,31
2.4382201657156513,False,63,1.9042313039189818,0.5339888617966695,31
2.0776833297805553,False,64,2.4382201657156513,-0.360536835935096,31
2.1426123722380623,False,65,2.0776833297805553,0.06492904245750708,31
2.4136570207670562,False,66,2.1426123722380623,0.2710446485289939,31
2.4715458712248517,False,67,2.4136570207670562,0.05788885045779546,31
2.3943349077124116,False,68,2.4715458712248517,-0.07721096351244006,31
2.0976843019876417,False,69,2.3943349077124116,-0.29665060572477,31
1.9237764035933513,False,70,2.0976843019876417,-0.17390789839429033,31
2.4575278188527263,False,71,1.9237764035933513,0.533751415259375,31
2.2655247020404317,False,72,2.4575278188527263,-0.19200311681229465,31
2.185272797073617,False,73,2.2655247020404317,-0.08025190496681445,31
2.432548531301805,False,74,2.185272797073617,0.24727573422818772,31
2.1024218377087402,False,75,2.432548531301805,-0.3301266935930647,31
1.640921065679903,False,76,2.1024218377087402,-0.4615007720288373,31
2.3030469284812094,False,77,1.640921065679903,0.6621258628013065,31
1.9496937579181628,False,78,2.3030469284812094,-0.3533531705630466,31
2.3198248220032767,False,79,1.9496937579181628,0.37013106408511387,31
2.296366316077306,False,80,2.3198248220032767,-0.023458505925970652,31
1.5496905860286905,False,81,2.296366316077306,-0.7466757300486155,31
1.7881372995921168,False,82,1.5496905860286905,0.23844671356342628,31
1.7281625797523428,False,83,1.7881372995921168,-0.05997471983977398,31
1.551313125218858,False,84,1.7281625797523428,-0.17684945453348488,31
1.7684564432570304,False,85,1.551313125218858,0.21714331803817255,31
2.3169022036454128,False,86,1.7684564432570304,0.5484457603883823,31
1.5443144685593686,False,87,2.3169022036454128,-0.7725877350860442,31
1.5824776075106133,False,88,1.5443144685593686,0.03816313895124468,31
2.4514913906219493,False,89,1.5824776075106133,0.869013783111336,31
1.9637256514133594,False,90,2.4514913906219493,-0.4877657392085899,31
2.079577321685414,False,91,1.9637256514133594,0.11585167027205445,31
2.003274366804584,False,92,2.079577321685414,-0.07630295488083005,31
2.4321876916902276,False,93,2.003274366804584,0.4289133248856438,31
2.0747968831775294,False,94,2.4321876916902276,-0.3573908085126982,31
2.314361621607688,False,95,2.0747968831775294,0.23956473843015846,31
1.7753187110053699,False,96,2.314361621607688,-0.539042910602318,31
2.3901584924798223,False,97,1.7753187110053699,0.6148397814744524,31
1.549989110909881,False,98,2.3901584924798223,-0.8401693815699414,31
2.3308077181631894,False,99,1.549989110909881,0.7808186072533085,31
2.201213723940702,True,100,2.3308077181631894,-0.1295939942224873,31
2.238729481271979,True,101,2.201213723940702,0.03751575733127677,31
2.3312183667438506,True,102,2.238729481271979,0.09248888547187173,31
2.376795440734719,True,103,2.3312183667438506,0.0455770739908683,31
2.461926249975689,True,104,2.376795440734719,0.08513080924097016,31
2.578699693315288,True,105,2.461926249975689,0.11677344333959905,31
2.815034172023864,True,106,2.578699693315288,0.2363344787085757,31
2.757657277738626,True,107,2.815034172023864,-0.057376894285237956,31
3.033914422920909,True,108,2.757657277738626,0.2762571451822833,31
3.1114046455118767,True,109,3.033914422920909,0.0774902225909675,31
3.0614759038695225,True,110,3.1114046455118767,-0.04992874164235417,31
3.1937260738089375,True,111,3.0614759038695225,0.13225016993941496,31
3.4489898141750372,True,112,3.1937260738089375,0.2552637403660998,31
3.4418538522129043,True,113,3.4489898141750372,-0.007135961962132953,31
3.69054021541796,True,114,3.4418538522129043,0.24868636320505555,31
3.767954028315537,True,115,3.69054021541796,0.0774138128975772,31
3.74590721727612,True,116,3.767954028315537,-0.02204681103941697,31
3.92909259297979,True,117,3.74590721727612,0.18318537570366988,31
4.099817817313566,True,118,3.92909259297979,0.17072522433377602,31
4.137775688711361,True,119,4.099817817313566,0.03795787139779527,31
4.314752930657932,True,120,4.137775688711361,0.17697724194657116,31
4.512839523363535,True,121,4.314752930657932,0.1980865927056028,31
4.504974247870832,True,122,4.512839523363535,-0.007865275492703105,31
4.637867626698414,True,123,4.504974247870832,0.1328933788275819,31
4.659593586219718,True,124,4.637867626698414,0.021725959521304183,31
4.946968788621996,True,125,4.659593586219718,0.287375202402278,31
4.944175346619099,True,126,4.946968788621996,-0.0027934420028969953,31
5.153626976472607,True,127,4.944175346619099,0.20945162985350763,31
5.111101940157312,True,128,5.153626976472607,-0.04252503631529514,31
5.211119550085037,True,129,5.111101940157312,0.10001760992772546,31
5.443294959744978,True,130,5.211119550085037,0.23217540965994043,31
5.520150868487221,True,131,5.443294959744978,0.07685590874224335,31
5.5222619321807365,True,132,5.520150868487221,0.002111063693515547,31
5.6552135003401,True,133,5.5222619321807365,0.13295156815936338,31
5.76250564600636,True,134,5.6552135003401,0.10729214566626055,31
5.85364687958907,True,135,5.76250564600636,0.09114123358270998,31
6.005476689937071,True,136,5.85364687958907,0.15182981034800047,31
6.075068127699208,True,137,6.005476689937071,0.06959143776213672,31
6.298067808062655,True,138,6.075068127699208,0.22299968036344708,31
6.3379106447962705,True,139,6.298067808062655,0.03984283673361588,31
6.489937290541115,True,140,6.3379106447962705,0.15202664574484448,31
6.654454943404067,True,141,6.489937290541115,0.16451765286295217,31
6.761224780554374,True,142,6.654454943404067,0.10676983715030719,31
6.77935162698648,True,143,6.761224780554374,0.01812684643210538,31
7.024223733849223,True,144,6.77935162698648,0.24487210686274352,31
7.041900362158908,True,145,7.024223733849223,0.017676628309684972,31
7.158529369784696,True,146,7.041900362158908,0.11662900762578765,31
7.326713267064629,True,147,7.158529369784696,0.168183897279933,31
7.333327202948326,True,148,7.326713267064629,0.006613935883697408,31
7.552514969332717,True,149,7.333327202948326,0.21918776638439041,31
7.724266200923398,True,150,7.552514969332717,0.17175123159068129,31
7.704194071288059,True,151,7.724266200923398,-0.020072129635338776,31
7.837313527173669,True,152,7.704194071288059,0.13311945588560992,31
8.076892475150103,True,153,7.837313527173669,0.2395789479764341,31
8.195545908645506,True,154,8.076892475150103,0.11865343349540325,31
8.22153451924523,True,155,8.195545908645506,0.02598861059972357,31
8.362418743552999,True,156,8.22153451924523,0.1408842243077686,31
8.476132110676225,True,157,8.362418743552999,0.11371336712322666,31
8.541032079324507,True,158,8.476132110676225,0.06489996864828207,31
8.648977328720683,True,159,8.541032079324507,0.10794524939617567,31
8.836818670178682,True,160,8.648977328720683,0.18784134145799847,31
8.927083780316483,True,161,8.836818670178682,0.09026511013780159,31
9.0100138200372,True,162,8.927083780316483,0.08293003972071666,31
9.196348936437618,True,163,9.0100138200372,0.1863351164004179,31
9.336088139579495,True,164,9.196348936437618,0.13973920314187716,31
9.387878424013659,True,165,9.336088139579495,0.05179028443416378,31
9.562293454639045,True,166,9.387878424013659,0.17441503062538644,31
9.692184208576808,True,167,9.562293454639045,0.1298907539377634,31
9.76189376712522,True,168,9.692184208576808,0.06970955854841243,31
9.780132288329522,True,169,9.76189376712522,0.01823852120430125,31
10.040839561717554,True,170,9.780132288329522,0.26070727338803223,31
10.043421118571914,True,171,10.040839561717554,0.002581556854359235,31
10.214386377197975,True,172,10.043421118571914,0.1709652586260617,31
10.227281683823122,True,173,10.214386377197975,0.01289530662514693,31
10.354360760660775,True,174,10.227281683823122,0.12707907683765285,31
10.458091863373099,True,175,10.354360760660775,0.10373110271232377,31
10.657701663878319,True,176,10.458091863373099,0.19960980050522004,31
10.67052219516334,True,177,10.657701663878319,0.01282053128502092,31
10.744580192095414,True,178,10.67052219516334,0.07405799693207449,31
10.879028589171368,True,179,10.744580192095414,0.13444839707595335,31
11.009289565299364,True,180,10.879028589171368,0.13026097612799603,31
11.186441807545952,True,181,11.009289565299364,0.17715224224658854,31
11.26671061306872,True,182,11.186441807545952,0.08026880552276694,31
11.280685507278985,True,183,11.26671061306872,0.013974894210265987,31
11.373280732118133,True,184,11.280685507278985,0.0925952248391475,31
11.504702489479229,True,185,11.373280732118133,0.13142175736109607,31
11.72019795038853,True,186,11.504702489479229,0.21549546090930072,31
11.892185092728942,True,187,11.72019795038853,0.1719871423404129,31
11.952340659124783,True,188,11.892185092728942,0.06015556639584041,31
12.002264505224192,True,189,11.952340659124783,0.04992384609940892,31
12.078666274121684,True,190,12.002264505224192,0.07640176889749206,31
12.23813904001705,True,191,12.078666274121684,0.15947276589536585,31
12.35913837038287,True,192,12.23813904001705,0.12099933036582122,31
12.574948964164356,True,193,12.35913837038287,0.2158105937814856,31
12.628667727561654,True,194,12.574948964164356,0.05371876339729731,31
12.609350439073259,True,195,12.628667727561654,-0.01931728848839498,31
12.862500516577926,True,196,12.609350439073259,0.25315007750466734,31
12.900084719681796,True,197,12.862500516577926,0.03758420310387045,31
12.984722195687882,True,198,12.900084719681796,0.08463747600608507,31
13.237388465384479,True,199,12.984722195687882,0.2526662696965971,31
13.160175388946591,False,200,13.237388465384479,-0.07721307643788755,31
13.104817063100258,False,201,13.160175388946591,-0.055358325846333045,31
13.139771648083446,False,202,13.104817063100258,0.03495458498318804,31
13.14431181574556,False,203,13.139771648083446,0.004540167662113959,31
13.16990043966042,False,204,13.14431181574556,0.025588623914860165,31
13.206444394628258,False,205,13.16990043966042,0.03654395496783813,31
13.104081107993556,False,206,13.206444394628258,-0.10236328663470218,31
13.122922769471202,False,207,13.104081107993556,0.0188416614776461,31
13.140595718591571,False,208,13.122922769471202,0.017672949120369097,31
13.243051803980528,False,209,13.140595718591571,0.10245608538895645,31
13.092464740898446,False,210,13.243051803980528,-0.15058706308208158,31
13.249308310365533,False,211,13.092464740898446,0.1568435694670871,31
13.105469580594567,False,212,13.249308310365533,-0.143838729770966,31
13.211688330143776,False,213,13.105469580594567,0.10621874954920862,31
13.234678115440488,False,214,13.211688330143776,0.02298978529671203,31
13.195187212015506,False,215,13.234678115440488,-0.03949090342498174,31
13.199537111831756,False,216,13.195187212015506,0.004349899816249447,31
13.249268579803042,False,217,13.199537111831756,0.049731467971286136,31
13.158844792686303,False,218,13.249268579803042,-0.09042378711673926,31
13.180957814594287,False,219,13.158844792686303,0.02211302190798392,31
13.111913736666386,False,220,13.180957814594287,-0.06904407792790046,31
13.210274938227197,False,221,13.111913736666386,0.0983612015608113,31
13.16833579643377,False,222,13.210274938227197,-0.04193914179342784,31
13.211259616623003,False,223,13.16833579643377,0.04292382018923391,31
13.232529939679686,False,224,13.211259616623003,0.021270323056683083,31
13.065397927164502,False,225,13.232529939679686,-0.16713201251518406,31
13.139442655831406,False,226,13.065397927164502,0.07404472866690348,31
13.11190624115125,False,227,13.139442655831406,-0.02753641468015644,31
13.062645339812264,False,228,13.11190624115125,-0.049260901338985974,31
13.173198690526922,False,229,13.062645339812264,0.11055335071465855,31
13.182305468986918,False,230,13.173198690526922,0.009106778459996079,31
13.06409751159199,False,231,13.182305468986918,-0.11820795739492773,31
13.116625101609781,False,232,13.06409751159199,0.052527590017790615,31
13.254136799669729,False,233,13.116625101609781,0.13751169805994756,31
13.170165451834825,False,234,13.254136799669729,-0.08397134783490401,31
13.124944899516324,False,235,13.170165451834825,-0.04522055231850075,31
13.155115255875144,False,236,13.124944899516324,0.030170356358819816,31
13.070492525326497,False,237,13.155115255875144,-0.08462273054864689,31
13.16496968967349,False,238,13.070492525326497,0.09447716434699238,31
13.174296059345092,False,239,13.16496968967349,0.009326369671603274,31
13.144997227966012,False,240,13.174296059345092,-0.02929883137908007,31
13.137235425036442,False,241,13.144997227966012,-0.007761802929570294,31
13.105770714060224,False,242,13.137235425036442,-0.03146471097621806,31
13.159401994319495,False,243,13.105770714060224,0.05363128025927111,31
13.139631768181893,False,244,13.159401994319495,-0.019770226137602265,31
13.203166181588832,False,245,13.139631768181893,0.06353441340693955,31
13.088625482794903,False,246,13.203166181588832,-0.11454069879392925,31
13.20944327639444,False,247,13.088625482794903,0.12081779359953693,31
13.11027917865211,False,248,13.20944327639444,-0.09916409774232982,31
13.132688710325365,False,249,13.11027917865211,0.022409531673254435,31
13.177304503981953,False,250,13.132688710325365,0.044615793656587854,31
13.14638998731067,False,251,13.177304503981953,-0.030914516671282755,31
13.061719294701872,False,252,13.14638998731067,-0.08467069260879789,31
13.186844538280015,False,253,13.061719294701872,0.12512524357814314,31
13.145385222166311,False,254,13.186844538280015,-0.04145931611370379,31
13.164316363405241,False,255,13.145385222166311,0.018931141238930138,31
13.069219490211186,False,256,13.164316363405241,-0.09509687319405558,31
13.223039106942704,False,257,13.069219490211186,0.15381961673151778,31
13.155537972636072,False,258,13.223039106942704,-0.06750113430663163,31
13.117974968804148,False,259,13.155537972636072,-0.03756300383192368,31
13.086893149557126,False,260,13.117974968804148,-0.03108181924702258,31
13.20748356433696,False,261,13.086893149557126,0.12059041477983357,31
13.226430452853272,False,262,13.20748356433696,0.018946888516312654,31
13.089334511187484,False,263,13.226430452853272,-0.13709594166578754,31
13.15451107137282,False,264,13.089334511187484,0.06517656018533557,31
13.237865436274184,False,265,13.15451107137282,0.08335436490136416,31
13.203277096284904,False,266,13.237865436274184,-0.03458833998928057,31
13.259828691484508,False,267,13.203277096284904,0.056551595199604066,31
13.259083418052814,False,268,13.259828691484508,-0.000745273431693505,31
13.200033869848573,False,269,13.259083418052814,-0.05904954820424102,31
13.179147321660103,False,270,13.200033869848573,-0.02088654818846969,31
13.178936220589524,False,271,13.179147321660103,-0.00021110107057964456,31
13.140669661586381,False,272,13.178936220589524,-0.038266559003142575,31
13.122145941213965,False,273,13.140669661586381,-0.018523720372416008,31
13.178428673053595,False,274,13.122145941213965,0.05628273183963017,31
13.204474910852348,False,275,13.178428673053595,0.02604623779875226,31
13.12910030256145,False,276,13.204474910852348,-0.07537460829089682,31
13.103116131481364,False,277,13.12910030256145,-0.025984171080086327,31
13.114745522801579,False,278,13.103116131481364,0.011629391320214566,31
13.167966703149546,False,279,13.114745522801579,0.053221180347966524,31
13.199765096010381,False,280,13.167966703149546,0.031798392860835634,31
13.102412575834514,False,281,13.199765096010381,-0.0973525201758676,31
13.15415129444115,False,282,13.102412575834514,0.051738718606635814,31
13.256466934469008,False,283,13.15415129444115,0.10231564002785909,31
13.248450264909101,False,284,13.256466934469008,-0.008016669559907541,31
13.2603241586249,False,285,13.248450264909101,0.01187389371579961,31
13.170939549312738,False,286,13.2603241586249,-0.08938460931216241,31
13.225592792602374,False,287,13.170939549312738,0.05465324328963561,31
13.15209863967601,False,288,13.225592792602374,-0.0734941529263633,31
13.10157787506925,False,289,13.15209863967601,-0.05052076460676069,31
13.108903538904473,False,290,13.10157787506925,0.00732566383522304,31
13.25328569265711,False,291,13.108903538904473,0.14438215375263752,31
13.186220592694534,False,292,13.25328569265711,-0.06706509996257637,31
13.098140684793112,False,293,13.186220592694534,-0.08807990790142206,31
13.221136600137458,False,294,13.098140684793112,0.12299591534434562,31
13.067327346734997,False,295,13.221136600137458,-0.15380925340246066,31
13.168182536855415,False,296,13.067327346734997,0.10085519012041821,31
13.089945511032997,False,297,13.168182536855415,-0.07823702582241765,31
13.198374663706945,False,298,13.089945511032997,0.10842915267394737,31
13.248551016906466,False,299,13.198374663706945,0.05017635319952163,31
2.313025578783152,False,0,0.0,0.0,32
2.4425286779455533,False,1,2.313025578783152,0.1295030991624011,32
1.6559219916974404,False,2,2.4425286779455533,-0.7866066862481129,32
1.919444330371719,False,3,1.6559219916974404,0.26352233867427866,32
1.751531281502839,False,4,1.919444330371719,-0.16791304886888003,32
2.0871756141968536,False,5,1.751531281502839,0.3356443326940146,32
2.4947815752944513,False,6,2.0871756141968536,0.4076059610975977,32
1.5005575530101156,False,7,2.4947815752944513,-0.9942240222843357,32
2.290233531026128,False,8,1.5005575530101156,0.7896759780160125,32
1.8127553433570553,False,9,2.290233531026128,-0.4774781876690728,32
1.5506268959904514,False,10,1.8127553433570553,-0.2621284473666039,32
2.2008598091513205,False,11,1.5506268959904514,0.6502329131608691,32
2.466389919681593,False,12,2.2008598091513205,0.26553011053027253,32
1.737309030797502,False,13,2.466389919681593,-0.729080888884091,32
2.4380231543038073,False,14,1.737309030797502,0.7007141235063052,32
1.634801618165255,False,15,2.4380231543038073,-0.8032215361385524,32
1.9106690651293015,False,16,1.634801618165255,0.2758674469640465,32
2.469531525501592,False,17,1.9106690651293015,0.5588624603722905,32
2.368487629248082,False,18,2.469531525501592,-0.10104389625350985,32
1.536925993601645,False,19,2.368487629248082,-0.831561635646437,32
1.8532109594932924,False,20,1.536925993601645,0.31628496589164734,32
2.4129112584766665,False,21,1.8532109594932924,0.5597002989833741,32
2.31748071770726,False,22,2.4129112584766665,-0.09543054076940649,32
1.9932133835811807,False,23,2.31748071770726,-0.32426733412607933,32
1.9322815690682666,False,24,1.9932133835811807,-0.06093181451291407,32
1.8129269496641152,False,25,1.9322815690682666,-0.11935461940415149,32
1.7325107374986688,False,26,1.8129269496641152,-0.08041621216544637,32
2.449477678643411,False,27,1.7325107374986688,0.7169669411447424,32
1.8420244246832662,False,28,2.449477678643411,-0.6074532539601449,32
2.3528111164706855,False,29,1.8420244246832662,0.5107866917874193,32
2.0816423907350576,False,30,2.3528111164706855,-0.2711687257356279,32
2.423159464257959,False,31,2.0816423907350576,0.34151707352290117,32
2.3988723586444873,False,32,2.423159464257959,-0.02428710561347147,32
1.7422015548868877,False,33,2.3988723586444873,-0.6566708037575997,32
2.483602702354356,False,34,1.7422015548868877,0.7414011474674682,32
1.5510207663623157,False,35,2.483602702354356,-0.9325819359920402,32
2.1705781496435512,False,36,1.5510207663623157,0.6195573832812356,32
1.9336805313789491,False,37,2.1705781496435512,-0.2368976182646021,32
2.2412887414085296,False,38,1.9336805313789491,0.3076082100295805,32
1.5801926860820825,False,39,2.2412887414085296,-0.6610960553264471,32
2.3836145325514986,False,40,1.5801926860820825,0.8034218464694161,32
1.7708585805074248,False,41,2.3836145325514986,-0.6127559520440737,32
2.46598635132449,False,42,1.7708585805074248,0.6951277708170651,32
1.5936646496213924,False,43,2.46598635132449,-0.8723217017030975,32
2.152438137190802,False,44,1.5936646496213924,0.5587734875694095,32
1.8740572630407297,False,45,2.152438137190802,-0.2783808741500722,32
1.6379194868984188,False,46,1.8740572630407297,-0.2361377761423109,32
2.038294890543754,False,47,1.6379194868984188,0.4003754036453351,32
2.4980405671048644,False,48,2.038294890543754,0.45974567656111054,32
1.8361200418569186,False,49,2.4980405671048644,-0.6619205252479459,32
2.157779409311521,False,50,1.8361200418569186,0.3216593674546022,32
2.262329244463882,False,51,2.157779409311521,0.10454983515236105,32
1.8437397086017255,False,52,2.262329244463882,-0.4185895358621563,32
2.338721786937591,False,53,1.8437397086017255,0.4949820783358656,32
1.731792081128765,False,54,2.338721786937591,-0.6069297058088261,32
2.333036347188745,False,55,1.731792081128765,0.6012442660599802,32
1.653219739541,False,56,2.333036347188745,-0.6798166076477452,32
2.0128282197716354,False,57,1.653219739541,0.3596084802306354,32
2.1895173001442787,False,58,2.0128282197716354,0.1766890803726433,32
2.0713448955521447,False,59,2.1895173001442787,-0.11817240459213396,32
2.293379033142995,False,60,2.0713448955521447,0.2220341375908501,32
2.434460554899538,False,61,2.293379033142995,0.1410815217565431,32
1.7409231273227983,False,62,2.434460554899538,-0.6935374275767396,32
1.654044031888235,False,63,1.7409231273227983,-0.08687909543456329,32
2.3683653314184934,False,64,1.654044031888235,0.7143212995302584,32
1.5879330746906357,False,65,2.3683653314184934,-0.7804322567278577,32
1.9380125210900954,False,66,1.5879330746906357,0.35007944639945965,32
1.904381324132766,False,67,1.9380125210900954,-0.0336311969573293,32
2.1702492998845835,False,68,1.904381324132766,0.2658679757518174,32
2.3429371364132683,False,69,2.1702492998845835,0.1726878365286848,32
1.6424434449180358,False,70,2.3429371364132683,-0.7004936914952324,32
2.4928349089653157,False,71,1.6424434449180358,0.8503914640472798,32
2.222820550937994,False,72,2.4928349089653157,-0.27001435802732177,32
1.528479856371322,False,73,2.222820550937994,-0.6943406945666719,32
1.786769057826794,False,74,1.528479856371322,0.2582892014554721,32
2.401267488569257,False,75,1.786769057826794,0.6144984307424628,32
2.397542994336473,False,76,2.401267488569257,-0.0037244942327836483,32
2.4667033040487,False,77,2.397542994336473,0.06916030971222664,32
2.3471691471006793,False,78,2.4667033040487,-0.11953415694802061,32
1.7532476211784154,False,79,2.3471691471006793,-0.5939215259222639,32
2.463181140781286,False,80,1.7532476211784154,0.7099335196028704,32
1.7460503461237247,False,81,2.463181140781286,-0.7171307946575611,32
2.202619277414945,False,82,1.7460503461237247,0.45656893129122045,32
1.6012141910155806,False,83,2.202619277414945,-0.6014050863993645,32
1.7219731819900985,False,84,1.6012141910155806,0.12075899097451792,32
1.652098751022434,False,85,1.7219731819900985,-0.06987443096766444,32
2.123642684437331,False,86,1.652098751022434,0.471543933414897,32
2.2376207439498357,False,87,2.123642684437331,0.11397805951250461,32
2.225645895510881,False,88,2.2376207439498357,-0.011974848438954577,32
2.2292248965031245,False,89,2.225645895510881,0.0035790009922433974,32
2.0668789640754426,False,90,2.2292248965031245,-0.16234593242768192,32
2.385364751399969,False,91,2.0668789640754426,0.31848578732452637,32
1.7044574121467333,False,92,2.385364751399969,-0.6809073392532357,32
1.855561328956736,False,93,1.7044574121467333,0.1511039168100028,32
2.3005567802914264,False,94,1.855561328956736,0.4449954513346903,32
1.5797381506042445,False,95,2.3005567802914264,-0.7208186296871819,32
2.4149439637711425,False,96,1.5797381506042445,0.835205813166898,32
1.5819894682378561,False,97,2.4149439637711425,-0.8329544955332864,32
1.881682165084476,False,98,1.5819894682378561,0.2996926968466198,32
1.9662629378254182,False,99,1.881682165084476,0.08458077274094222,32
2.4193983797133303,True,100,1.9662629378254182,0.4531354418879121,32
2.8457682818995997,True,101,2.4193983797133303,0.42636990218626947,32
3.397823891495404,True,102,2.8457682818995997,0.5520556095958042,32
3.755246677067041,True,103,3.397823891495404,0.3574227855716372,32
4.15685556944053,True,104,3.755246677067041,0.4016088923734884,32
4.706903981433578,True,105,4.15685556944053,0.550048411993048,32
5.178945032367003,True,106,4.706903981433578,0.4720410509334254,32
5.599995543844247,True,107,5.178945032367003,0.4210505114772438,32
6.018671588932736,True,108,5.599995543844247,0.418676045088489,32
6.367867916623201,True,109,6.018671588932736,0.34919632769046505,32
6.7626414378090836,True,110,6.367867916623201,0.3947735211858827,32
7.365513249039044,True,111,6.7626414378090836,0.60287181122996,32
7.752336086606191,True,112,7.365513249039044,0.38682283756714764,32
8.210423429643178,True,113,7.752336086606191,0.45808734303698717,32
8.739908314427707,True,114,8.210423429643178,0.5294848847845284,32
9.147438262415074,True,115,8.739908314427707,0.4075299479873671,32
9.548616776944185,True,116,9.147438262415074,0.4011785145291107,32
9.949657255353124,True,117,9.548616776944185,0.4010404784089392,32
10.460600597876997,True,118,9.949657255353124,0.5109433425238734,32
10.911542554650982,True,119,10.460600597876997,0.45094195677398474,32
11.302629321005915,True,120,10.911542554650982,0.3910867663549329,32
11.638605046644109,True,121,11.302629321005915,0.33597572563819433,32
12.156413424973767,True,122,11.638605046644109,0.5178083783296579,32
12.599476814633391,True,123,12.156413424973767,0.4430633896596241,32
13.03032725142186,True,124,12.599476814633391,0.4308504367884698,32
13.424234295048109,True,125,13.03032725142186,0.39390704362624795,32
13.928418265197752,True,126,13.424234295048109,0.5041839701496436,32
14.296298120586378,True,127,13.928418265197752,0.367879855388626,32
14.832699271023444,True,128,14.296298120586378,0.5364011504370652,32
15.211585937115725,True,129,14.832699271023444,0.3788866660922814,32
15.665073329681384,True,130,15.211585937115725,0.45348739256565906,32
16.201202916112234,True,131,15.665073329681384,0.5361295864308495,32
16.608768285142396,True,132,16.201202916112234,0.4075653690301628,32
16.935014487008825,True,133,16.608768285142396,0.3262462018664287,32
17.41424552389479,True,134,16.935014487008825,0.4792310368859667,32
17.81514274503337,True,135,17.41424552389479,0.4008972211385782,32
18.21780115680758,True,136,17.81514274503337,0.4026584117742118,32
18.812540678497996,True,137,18.21780115680758,0.5947395216904141,32
19.119008783551397,True,138,18.812540678497996,0.3064681050534013,32
19.724546836313873,True,139,19.119008783551397,0.6055380527624763,32
20.0,False,140,19.724546836313873,0.2754531636861266,32
20.0,False,141,20.0,0.0,32
20.0,False,142,20.0,0.0,32
20.0,False,143,20.0,0.0,32
20.0,False,144,20.0,0.0,32
20.0,False,145,20.0,0.0,32
20.0,False,146,20.0,0.0,32
20.0,False,147,20.0,0.0,32
20.0,False,148,20.0,0.0,32
20.0,False,149,20.0,0.0,32
20.0,False,150,20.0,0.0,32
20.0,False,151,20.0,0.0,32
20.0,False,152,20.0,0.0,32
20.0,False,153,20.0,0.0,32
20.0,False,154,20.0,0.0,32
20.0,False,155,20.0,0.0,32
20.0,False,156,20.0,0.0,32
20.0,False,157,20.0,0.0,32
20.0,False,158,20.0,0.0,32
20.0,False,159,20.0,0.0,32
20.0,False,160,20.0,0.0,32
20.0,False,161,20.0,0.0,32
20.0,False,162,20.0,0.0,32
20.0,False,163,20.0,0.0,32
20.0,False,164,20.0,0.0,32
20.0,False,165,20.0,0.0,32
20.0,False,166,20.0,0.0,32
20.0,False,167,20.0,0.0,32
20.0,False,168,20.0,0.0,32
20.0,False,169,20.0,0.0,32
20.0,False,170,20.0,0.0,32
20.0,False,171,20.0,0.0,32
20.0,False,172,20.0,0.0,32
20.0,False,173,20.0,0.0,32
20.0,False,174,20.0,0.0,32
20.0,False,175,20.0,0.0,32
20.0,False,176,20.0,0.0,32
20.0,False,177,20.0,0.0,32
20.0,False,178,20.0,0.0,32
20.0,False,179,20.0,0.0,32
20.0,False,180,20.0,0.0,32
20.0,False,181,20.0,0.0,32
20.0,False,182,20.0,0.0,32
20.0,False,183,20.0,0.0,32
20.0,False,184,20.0,0.0,32
20.0,False,185,20.0,0.0,32
20.0,False,186,20.0,0.0,32
20.0,False,187,20.0,0.0,32
20.0,False,188,20.0,0.0,32
20.0,False,189,20.0,0.0,32
20.0,False,190,20.0,0.0,32
20.0,False,191,20.0,0.0,32
20.0,False,192,20.0,0.0,32
20.0,False,193,20.0,0.0,32
20.0,False,194,20.0,0.0,32
20.0,False,195,20.0,0.0,32
20.0,False,196,20.0,0.0,32
20.0,False,197,20.0,0.0,32
20.0,False,198,20.0,0.0,32
20.0,False,199,20.0,0.0,32
19.946431504948407,False,200,20.0,-0.05356849505159289,32
20.0,False,201,19.946431504948407,0.05356849505159289,32
19.982082280812435,False,202,20.0,-0.01791771918756524,32
19.95361216073105,False,203,19.982082280812435,-0.0284701200813835,32
19.987524423650125,False,204,19.95361216073105,0.03391226291907401,32
20.0,False,205,19.987524423650125,0.012475576349874729,32
19.91530991457754,False,206,20.0,-0.0846900854224586,32
20.0,False,207,19.91530991457754,0.0846900854224586,32
19.954962744062904,False,208,20.0,-0.04503725593709618,32
20.0,False,209,19.954962744062904,0.04503725593709618,32
20.0,False,210,20.0,0.0,32
19.937036412589123,False,211,20.0,-0.06296358741087715,32
20.0,False,212,19.937036412589123,0.06296358741087715,32
20.0,False,213,20.0,0.0,32
20.0,False,214,20.0,0.0,32
20.0,False,215,20.0,0.0,32
19.94824687924362,False,216,20.0,-0.05175312075638061,32
19.913232278474577,False,217,19.94824687924362,-0.03501460076904195,32
20.0,False,218,19.913232278474577,0.08676772152542256,32
20.0,False,219,20.0,0.0,32
20.0,False,220,20.0,0.0,32
19.917052099440593,False,221,20.0,-0.08294790055940737,32
20.0,False,222,19.917052099440593,0.08294790055940737,32
19.984261880719895,False,223,20.0,-0.015738119280104712,32
20.0,False,224,19.984261880719895,0.015738119280104712,32
19.97398402718913,False,225,20.0,-0.02601597281087109,32
20.0,False,226,19.97398402718913,0.02601597281087109,32
19.946021319954518,False,227,20.0,-0.05397868004548201,32
20.0,False,228,19.946021319954518,0.05397868004548201,32
20.0,False,229,20.0,0.0,32
20.0,False,230,20.0,0.0,32
19.96972331693234,False,231,20.0,-0.030276683067661736,32
20.0,False,232,19.96972331693234,0.030276683067661736,32
19.972927412256485,False,233,20.0,-0.02707258774351473,32
20.0,False,234,19.972927412256485,0.02707258774351473,32
19.909946308515348,False,235,20.0,-0.09005369148465192,32
20.0,False,236,19.909946308515348,0.09005369148465192,32
20.0,False,237,20.0,0.0,32
19.930306279721005,False,238,20.0,-0.06969372027899468,32
20.0,False,239,19.930306279721005,0.06969372027899468,32
19.977664791981393,False,240,20.0,-0.022335208018606778,32
20.0,False,241,19.977664791981393,0.022335208018606778,32
20.0,False,242,20.0,0.0,32
20.0,False,243,20.0,0.0,32
19.94290674839162,False,244,20.0,-0.05709325160837864,32
20.0,False,245,19.94290674839162,0.05709325160837864,32
19.96454713038752,False,246,20.0,-0.03545286961248095,32
19.970883907537743,False,247,19.96454713038752,0.006336777150224293,32
19.97581428586334,False,248,19.970883907537743,0.004930378325596507,32
19.94126259558605,False,249,19.97581428586334,-0.03455169027728999,32
20.0,False,250,19.94126259558605,0.058737404413950145,32
19.937935700177395,False,251,20.0,-0.06206429982260531,32
20.0,False,252,19.937935700177395,0.06206429982260531,32
19.983678197835108,False,253,20.0,-0.01632180216489232,32
19.93139475187616,False,254,19.983678197835108,-0.05228344595894896,32
20.0,False,255,19.93139475187616,0.06860524812384128,32
20.0,False,256,20.0,0.0,32
19.983558382671664,False,257,20.0,-0.016441617328336378,32
19.989040496687274,False,258,19.983558382671664,0.005482114015610051,32
20.0,False,259,19.989040496687274,0.010959503312726326,32
19.978714169327194,False,260,20.0,-0.021285830672805872,32
19.933850951660403,False,261,19.978714169327194,-0.04486321766679069,32
20.0,False,262,19.933850951660403,0.06614904833959656,32
19.94761805519831,False,263,20.0,-0.05238194480169156,32
20.0,False,264,19.94761805519831,0.05238194480169156,32
19.944693915596655,False,265,20.0,-0.05530608440334461,32
20.0,False,266,19.944693915596655,0.05530608440334461,32
20.0,False,267,20.0,0.0,32
20.0,False,268,20.0,0.0,32
19.972346215983784,False,269,20.0,-0.02765378401621632,32
19.912407175267685,False,270,19.972346215983784,-0.0599390407160989,32
20.0,False,271,19.912407175267685,0.08759282473231522,32
19.944731895750742,False,272,20.0,-0.05526810424925799,32
20.0,False,273,19.944731895750742,0.05526810424925799,32
20.0,False,274,20.0,0.0,32
20.0,False,275,20.0,0.0,32
19.993227051268214,False,276,20.0,-0.006772948731786244,32
19.93916842213147,False,277,19.993227051268214,-0.054058629136743974,32
20.0,False,278,19.93916842213147,0.06083157786853022,32
19.996961671579122,False,279,20.0,-0.0030383284208781447,32
19.91451378554345,False,280,19.996961671579122,-0.08244788603567343,32
20.0,False,281,19.91451378554345,0.08548621445655158,32
20.0,False,282,20.0,0.0,32
19.905048091627133,False,283,20.0,-0.09495190837286671,32
20.0,False,284,19.905048091627133,0.09495190837286671,32
20.0,False,285,20.0,0.0,32
20.0,False,286,20.0,0.0,32
19.93564239101109,False,287,20.0,-0.06435760898891019,32
19.917130310751414,False,288,19.93564239101109,-0.018512080259675656,32
20.0,False,289,19.917130310751414,0.08286968924858584,32
19.980460369441758,False,290,20.0,-0.019539630558242038,32
19.912571328543432,False,291,19.980460369441758,-0.0678890408983257,32
19.94218441345319,False,292,19.912571328543432,0.02961308490975867,32
20.0,False,293,19.94218441345319,0.05781558654680907,32
19.99951538950156,False,294,20.0,-0.0004846104984395083,32
19.954853123247908,False,295,19.99951538950156,-0.04466226625365266,32
19.9453548209701,False,296,19.954853123247908,-0.00949830227780879,32
20.0,False,297,19.9453548209701,0.05464517902990096,32
20.0,False,298,20.0,0.0,32
20.0,False,299,20.0,0.0,32
1.7028692343238014,False,0,0.0,0.0,33
2.477901222528364,False,1,1.7028692343238014,0.7750319882045624,33
2.4346840667915517,False,2,2.477901222528364,-0.043217155736812174,33
2.446903327156055,False,3,2.4346840667915517,0.01221926036450327,33
1.8681574094355284,False,4,2.446903327156055,-0.5787459177205265,33
1.9764645131675658,False,5,1.8681574094355284,0.10830710373203734,33
1.9983166930182876,False,6,1.9764645131675658,0.021852179850721853,33
1.9137337831164265,False,7,1.9983166930182876,-0.08458290990186113,33
1.5495968891802696,False,8,1.9137337831164265,-0.3641368939361569,33
2.3327359358292195,False,9,1.5495968891802696,0.7831390466489498,33
1.629156740818705,False,10,2.3327359358292195,-0.7035791950105144,33
2.419053015702957,False,11,1.629156740818705,0.789896274884252,33
2.204157674567097,False,12,2.419053015702957,-0.21489534113585984,33
2.461807124979841,False,13,2.204157674567097,0.2576494504127438,33
2.3858592814484494,False,14,2.461807124979841,-0.07594784353139161,33
2.1645027602692952,False,15,2.3858592814484494,-0.22135652117915416,33
2.121522174243214,False,16,2.1645027602692952,-0.042980586026081014,33
1.8860053405374848,False,17,2.121522174243214,-0.2355168337057294,33
2.2261882324146365,False,18,1.8860053405374848,0.34018289187715167,33
2.00829740712968,False,19,2.2261882324146365,-0.2178908252849565,33
1.632852459579201,False,20,2.00829740712968,-0.37544494755047886,33
2.350529326843282,False,21,1.632852459579201,0.717676867264081,33
1.5647034014916548,False,22,2.350529326843282,-0.7858259253516273,33
1.6484253667996187,False,23,1.5647034014916548,0.08372196530796394,33
2.354292440742316,False,24,1.6484253667996187,0.7058670739426973,33
2.202681786152669,False,25,2.354292440742316,-0.15161065458964718,33
2.369584418578785,False,26,2.202681786152669,0.16690263242611625,33
1.8759533215284963,False,27,2.369584418578785,-0.49363109705028885,33
1.7297543619777822,False,28,1.8759533215284963,-0.14619895955071405,33
1.7653790293621845,False,29,1.7297543619777822,0.035624667384402287,33
2.2109489187011087,False,30,1.7653790293621845,0.44556988933892416,33
1.8270894157589785,False,31,2.2109489187011087,-0.3838595029421301,33
2.32714024258446,False,32,1.8270894157589785,0.5000508268254815,33
2.3052115048220454,False,33,2.32714024258446,-0.021928737762414663,33
2.408110440296371,False,34,2.3052115048220454,0.10289893547432571,33
2.2671592504608764,False,35,2.408110440296371,-0.1409511898354947,33
1.6592789537837866,False,36,2.2671592504608764,-0.6078802966770898,33
1.9784680873199805,False,37,1.6592789537837866,0.3191891335361938,33
1.6404846689851742,False,38,1.9784680873199805,-0.3379834183348063,33
2.4615321561048615,False,39,1.6404846689851742,0.8210474871196873,33
1.6428454509888204,False,40,2.4615321561048615,-0.8186867051160411,33
2.397045100208057,False,41,1.6428454509888204,0.7541996492192364,33
2.4981116794744933,False,42,2.397045100208057,0.10106657926643647,33
1.9545763934928555,False,43,2.4981116794744933,-0.5435352859816378,33
1.8629784934784812,False,44,1.9545763934928555,-0.09159790001437429,33
1.9040759254415167,False,45,1.8629784934784812,0.0410974319630355,33
2.297431901133792,False,46,1.9040759254415167,0.3933559756922753,33
2.4760895045026072,False,47,2.297431901133792,0.1786576033688152,33
1.539967934947673,False,48,2.4760895045026072,-0.9361215695549343,33
1.7218841422223865,False,49,1.539967934947673,0.18191620727471358,33
1.98867867448039,False,50,1.7218841422223865,0.2667945322580034,33
1.9216968222637214,False,51,1.98867867448039,-0.06698185221666852,33
1.7493463703562089,False,52,1.9216968222637214,-0.17235045190751253,33
2.2382434803082147,False,53,1.7493463703562089,0.48889710995200586,33
2.0652775401440127,False,54,2.2382434803082147,-0.17296594016420208,33
2.1616020049803137,False,55,2.0652775401440127,0.09632446483630108,33
2.498116354168096,False,56,2.1616020049803137,0.33651434918778245,33
1.8315021220027072,False,57,2.498116354168096,-0.666614232165389,33
2.2381406487122204,False,58,1.8315021220027072,0.40663852670951317,33
1.7438222475938252,False,59,2.2381406487122204,-0.4943184011183952,33
2.077882055592809,False,60,1.7438222475938252,0.3340598079989836,33
2.317908610924961,False,61,2.077882055592809,0.24002655533215211,33
1.9764683007905988,False,62,2.317908610924961,-0.34144031013436216,33
2.3589668926068907,False,63,1.9764683007905988,0.382498591816292,33
2.2664389630506965,False,64,2.3589668926068907,-0.09252792955619427,33
2.0706374859499244,False,65,2.2664389630506965,-0.19580147710077211,33
1.6436678019017075,False,66,2.0706374859499244,-0.4269696840482169,33
1.9126054346654582,False,67,1.6436678019017075,0.2689376327637507,33
1.5812824741915177,False,68,1.9126054346654582,-0.3313229604739405,33
2.4391309895748283,False,69,1.5812824741915177,0.8578485153833106,33
1.9155775724978614,False,70,2.4391309895748283,-0.5235534170769669,33
1.826008905393276,False,71,1.9155775724978614,-0.08956866710458544,33
1.5361410324996778,False,72,1.826008905393276,-0.28986787289359817,33
1.9413784474505444,False,73,1.5361410324996778,0.4052374149508666,33
1.540378529650828,False,74,1.9413784474505444,-0.40099991779971633,33
1.6869529960889413,False,75,1.540378529650828,0.14657446643811323,33
2.322523126411352,False,76,1.6869529960889413,0.6355701303224106,33
1.561533893692363,False,77,2.322523126411352,-0.7609892327189889,33
2.444364107045452,False,78,1.561533893692363,0.8828302133530888,33
2.062667767412501,False,79,2.444364107045452,-0.3816963396329509,33
2.456278193805,False,80,2.062667767412501,0.3936104263924989,33
1.6631713570865696,False,81,2.456278193805,-0.7931068367184302,33
1.5808265751085773,False,82,1.6631713570865696,-0.08234478197799233,33
2.0740747945676334,False,83,1.5808265751085773,0.49324821945905617,33
1.587376193043803,False,84,2.0740747945676334,-0.4866986015238304,33
1.9570444823693132,False,85,1.587376193043803,0.3696682893255101,33
1.7933241009551963,False,86,1.9570444823693132,-0.16372038141411682,33
1.9318529898108647,False,87,1.7933241009551963,0.1385288888556684,33
1.6753454346617551,False,88,1.9318529898108647,-0.2565075551491096,33
1.7346981839452464,False,89,1.6753454346617551,0.059352749283491324,33
1.7687241863636103,False,90,1.7346981839452464,0.03402600241836384,33
2.4756749757773653,False,91,1.7687241863636103,0.706950789413755,33
1.888984161060765,False,92,2.4756749757773653,-0.5866908147166003,33
2.492888314795069,False,93,1.888984161060765,0.603904153734304,33
2.4843752820557126,False,94,2.492888314795069,-0.00851303273935633,33
2.035882446219693,False,95,2.4843752820557126,-0.4484928358360194,33
2.1522879412986424,False,96,2.035882446219693,0.11640549507894926,33
1.9214511794424896,False,97,2.1522879412986424,-0.23083676185615287,33
1.7058807836783607,False,98,1.9214511794424896,-0.21557039576412884,33
1.6957936083464942,False,99,1.7058807836783607,-0.010087175331866538,33
2.417227720752849,True,100,1.6957936083464942,0.7214341124063548,33
3.03983991338427,True,101,2.417227720752849,0.6226121926314212,33
3.4824306323704706,True,102,3.03983991338427,0.4425907189862004,33
3.988850924661569,True,103,3.4824306323704706,0.5064202922910983,33
4.474177276255363,True,104,3.988850924661569,0.4853263515937938,33
4.945150278869034,True,105,4.474177276255363,0.4709730026136709,33
5.464384787359656,True,106,4.945150278869034,0.519234508490622,33
5.877362360007285,True,107,5.464384787359656,0.41297757264762947,33
6.388179185102513,True,108,5.877362360007285,0.5108168250952279,33
6.877878833727676,True,109,6.388179185102513,0.48969964862516324,33
7.280246826883629,True,110,6.877878833727676,0.40236799315595295,33
7.878623570557542,True,111,7.280246826883629,0.5983767436739127,33
8.328411552711206,True,112,7.878623570557542,0.4497879821536639,33
8.79066919122961,True,113,8.328411552711206,0.4622576385184036,33
9.288283334388096,True,114,8.79066919122961,0.4976141431584864,33
9.776071100141072,True,115,9.288283334388096,0.48778776575297655,33
10.206874510815826,True,116,9.776071100141072,0.4308034106747538,33
10.69666620138323,True,117,10.206874510815826,0.48979169056740446,33
11.319248700304993,True,118,10.69666620138323,0.6225824989217621,33
11.655156217985768,True,119,11.319248700304993,0.3359075176807753,33
12.161402832288108,True,120,11.655156217985768,0.5062466143023396,33
12.631755910023553,True,121,12.161402832288108,0.4703530777354459,33
13.237490755795665,True,122,12.631755910023553,0.6057348457721119,33
13.636413700376178,True,123,13.237490755795665,0.39892294458051225,33
14.03674134289553,True,124,13.636413700376178,0.40032764251935227,33
14.679926518043196,True,125,14.03674134289553,0.643185175147666,33
15.031774299479034,True,126,14.679926518043196,0.35184778143583806,33
15.496331805257807,True,127,15.031774299479034,0.46455750577877275,33
16.139814849497952,True,128,15.496331805257807,0.6434830442401456,33
16.575898408161564,True,129,16.139814849497952,0.43608355866361137,33
17.078031123175304,True,130,16.575898408161564,0.5021327150137402,33
17.65443780256032,True,131,17.078031123175304,0.5764066793850162,33
18.161064643208398,True,132,17.65443780256032,0.5066268406480781,33
18.584432065412233,True,133,18.161064643208398,0.4233674222038353,33
19.01039990242077,True,134,18.584432065412233,0.42596783700853535,33
19.404820134440335,True,135,19.01039990242077,0.39442023201956644,33
19.918877936506494,True,136,19.404820134440335,0.5140578020661586,33
20.0,False,137,19.918877936506494,0.08112206349350615,33
20.0,False,138,20.0,0.0,33
20.0,False,139,20.0,0.0,33
20.0,False,140,20.0,0.0,33
20.0,False,141,20.0,0.0,33
20.0,False,142,20.0,0.0,33
20.0,False,143,20.0,0.0,33
20.0,False,144,20.0,0.0,33
20.0,False,145,20.0,0.0,33
20.0,False,146,20.0,0.0,33
20.0,False,147,20.0,0.0,33
20.0,False,148,20.0,0.0,33
20.0,False,149,20.0,0.0,33
20.0,False,150,20.0,0.0,33
20.0,False,151,20.0,0.0,33
20.0,False,152,20.0,0.0,33
20.0,False,153,20.0,0.0,33
20.0,False,154,20.0,0.0,33
20.0,False,155,20.0,0.0,33
20.0,False,156,20.0,0.0,33
20.0,False,157,20.0,0.0,33
20.0,False,158,20.0,0.0,33
20.0,False,159,20.0,0.0,33
20.0,False,160,20.0,0.0,33
20.0,False,161,20.0,0.0,33
20.0,False,162,20.0,0.0,33
20.0,False,163,20.0,0.0,33
20.0,False,164,20.0,0.0,33
20.0,False,165,20.0,0.0,33
20.0,False,166,20.0,0.0,33
20.0,False,167,20.0,0.0,33
20.0,False,168,20.0,0.0,33
20.0,False,169,20.0,0.0,33
20.0,False,170,20.0,0.0,33
20.0,False,171,20.0,0.0,33
20.0,False,172,20.0,0.0,33
20.0,False,173,20.0,0.0,33
20.0,False,174,20.0,0.0,33
20.0,False,175,20.0,0.0,33
20.0,False,176,20.0,0.0,33
20.0,False,177,20.0,0.0,33
20.0,False,178,20.0,0.0,33
20.0,False,179,20.0,0.0,33
20.0,False,180,20.0,0.0,33
20.0,False,181,20.0,0.0,33
20.0,False,182,20.0,0.0,33
20.0,False,183,20.0,0.0,33
20.0,False,184,20.0,0.0,33
20.0,False,185,20.0,0.0,33
20.0,False,186,20.0,0.0,33
20.0,False,187,20.0,0.0,33
20.0,False,188,20.0,0.0,33
20.0,False,189,20.0,0.0,33
20.0,False,190,20.0,0.0,33
20.0,False,191,20.0,0.0,33
20.0,False,192,20.0,0.0,33
20.0,False,193,20.0,0.0,33
20.0,False,194,20.0,0.0,33
20.0,False,195,20.0,0.0,33
20.0,False,196,20.0,0.0,33
20.0,False,197,20.0,0.0,33
20.0,False,198,20.0,0.0,33
20.0,False,199,20.0,0.0,33
19.98619339978374,False,200,20.0,-0.013806600216259568,33
20.0,False,201,19.98619339978374,0.013806600216259568,33
19.97255133346053,False,202,20.0,-0.027448666539470423,33
20.0,False,203,19.97255133346053,0.027448666539470423,33
19.936882751081583,False,204,20.0,-0.06311724891841664,33
19.973953404892853,False,205,19.936882751081583,0.03707065381126995,33
20.0,False,206,19.973953404892853,0.026046595107146686,33
20.0,False,207,20.0,0.0,33
19.992583437591723,False,208,20.0,-0.007416562408277372,33
19.989865291607273,False,209,19.992583437591723,-0.002718145984449194,33
20.0,False,210,19.989865291607273,0.010134708392726566,33
20.0,False,211,20.0,0.0,33
19.910061842737814,False,212,20.0,-0.08993815726218557,33
20.0,False,213,19.910061842737814,0.08993815726218557,33
19.927412224864575,False,214,20.0,-0.07258777513542469,33
20.0,False,215,19.927412224864575,0.07258777513542469,33
19.989466657480495,False,216,20.0,-0.010533342519504885,33
19.941050004348103,False,217,19.989466657480495,-0.048416653132392184,33
19.930344820012966,False,218,19.941050004348103,-0.010705184335137119,33
20.0,False,219,19.930344820012966,0.06965517998703419,33
20.0,False,220,20.0,0.0,33
19.984307503681727,False,221,20.0,-0.015692496318273186,33
19.958604435406198,False,222,19.984307503681727,-0.02570306827552926,33
19.99250698248602,False,223,19.958604435406198,0.033902547079822654,33
19.986312355742474,False,224,19.99250698248602,-0.0061946267435466495,33
20.0,False,225,19.986312355742474,0.013687644257526443,33
19.975584175389262,False,226,20.0,-0.024415824610738213,33
19.94256469752131,False,227,19.975584175389262,-0.033019477867952673,33
19.994460502501507,False,228,19.94256469752131,0.05189580498019808,33
20.0,False,229,19.994460502501507,0.005539497498492807,33
20.0,False,230,20.0,0.0,33
20.0,False,231,20.0,0.0,33
19.973458625730117,False,232,20.0,-0.026541374269882567,33
20.0,False,233,19.973458625730117,0.026541374269882567,33
19.994041022144778,False,234,20.0,-0.005958977855222258,33
19.92833270407074,False,235,19.994041022144778,-0.06570831807403721,33
20.0,False,236,19.92833270407074,0.07166729592925947,33
19.954261961934783,False,237,20.0,-0.04573803806521681,33
20.0,False,238,19.954261961934783,0.04573803806521681,33
20.0,False,239,20.0,0.0,33
19.96777816746631,False,240,20.0,-0.03222183253368982,33
19.905784555523145,False,241,19.96777816746631,-0.06199361194316566,33
19.922994660518036,False,242,19.905784555523145,0.017210104994891395,33
20.0,False,243,19.922994660518036,0.07700533948196409,33
20.0,False,244,20.0,0.0,33
19.94203017977607,False,245,20.0,-0.05796982022393138,33
19.930116788931368,False,246,19.94203017977607,-0.011913390844700444,33
20.0,False,247,19.930116788931368,0.06988321106863182,33
20.0,False,248,20.0,0.0,33
20.0,False,249,20.0,0.0,33
20.0,False,250,20.0,0.0,33
20.0,False,251,20.0,0.0,33
19.932618075809962,False,252,20.0,-0.06738192419003752,33
19.974179464884095,False,253,19.932618075809962,0.04156138907413265,33
19.911024707675455,False,254,19.974179464884095,-0.06315475720863972,33
20.0,False,255,19.911024707675455,0.0889752923245446,33
20.0,False,256,20.0,0.0,33
19.995104776688954,False,257,20.0,-0.004895223311045527,33
20.0,False,258,19.995104776688954,0.004895223311045527,33
19.973546659030767,False,259,20.0,-0.026453340969233352,33
20.0,False,260,19.973546659030767,0.026453340969233352,33
20.0,False,261,20.0,0.0,33
19.9289382940646,False,262,20.0,-0.07106170593539929,33
19.917446742337297,False,263,19.9289382940646,-0.011491551727303317,33
20.0,False,264,19.917446742337297,0.0825532576627026,33
19.976161988679056,False,265,20.0,-0.023838011320943764,33
19.945890394198862,False,266,19.976161988679056,-0.030271594480193897,33
19.927469781611606,False,267,19.945890394198862,-0.018420612587256358,33
20.0,False,268,19.927469781611606,0.07253021838839402,33
19.918112485025688,False,269,20.0,-0.08188751497431213,33
20.0,False,270,19.918112485025688,0.08188751497431213,33
20.0,False,271,20.0,0.0,33
20.0,False,272,20.0,0.0,33
20.0,False,273,20.0,0.0,33
19.995307020880958,False,274,20.0,-0.0046929791190422065,33
20.0,False,275,19.995307020880958,0.0046929791190422065,33
20.0,False,276,20.0,0.0,33
19.958257373140917,False,277,20.0,-0.04174262685908303,33
19.950632129335897,False,278,19.958257373140917,-0.007625243805019721,33
19.978408634749023,False,279,19.950632129335897,0.027776505413125818,33
20.0,False,280,19.978408634749023,0.021591365250976935,33
19.915103005016114,False,281,20.0,-0.08489699498388603,33
19.91554423955959,False,282,19.915103005016114,0.0004412345434765541,33
19.911684003992168,False,283,19.91554423955959,-0.003860235567422876,33
20.0,False,284,19.911684003992168,0.08831599600783235,33
19.95567834154257,False,285,20.0,-0.04432165845743086,33
20.0,False,286,19.95567834154257,0.04432165845743086,33
19.98062840841229,False,287,20.0,-0.019371591587709958,33
20.0,False,288,19.98062840841229,0.019371591587709958,33
19.934708245839865,False,289,20.0,-0.06529175416013544,33
20.0,False,290,19.934708245839865,0.06529175416013544,33
20.0,False,291,20.0,0.0,33
20.0,False,292,20.0,0.0,33
20.0,False,293,20.0,0.0,33
19.993475972872375,False,294,20.0,-0.0065240271276252315,33
19.91020716780472,False,295,19.993475972872375,-0.08326880506765377,33
20.0,False,296,19.91020716780472,0.089792832195279,33
20.0,False,297,20.0,0.0,33
19.965965649928393,False,298,20.0,-0.03403435007160738,33
19.932261115830567,False,299,19.965965649928393,-0.0337045340978257,33
1.8527605370933107,False,0,0.0,0.0,34
2.3078904138222955,False,1,1.8527605370933107,0.45512987672898486,34
1.7150911251846317,False,2,2.3078904138222955,-0.5927992886376638,34
1.726950804415559,False,3,1.7150911251846317,0.011859679230927345,34
1.9941173765243967,False,4,1.726950804415559,0.26716657210883765,34
2.2370011468718087,False,5,1.9941173765243967,0.24288377034741204,34
2.496738748773204,False,6,2.2370011468718087,0.2597376019013953,34
1.8475042845887892,False,7,2.496738748773204,-0.6492344641844148,34
1.5792867088334699,False,8,1.8475042845887892,-0.26821757575531935,34
1.9892718108641816,False,9,1.5792867088334699,0.4099851020307117,34
1.9015719985509436,False,10,1.9892718108641816,-0.08769981231323798,34
2.350104211479529,False,11,1.9015719985509436,0.44853221292858536,34
1.7422382901268079,False,12,2.350104211479529,-0.6078659213527211,34
2.4774206106902357,False,13,1.7422382901268079,0.7351823205634278,34
1.668795442747586,False,14,2.4774206106902357,-0.8086251679426497,34
2.292833542486619,False,15,1.668795442747586,0.6240380997390331,34
1.6566861289531822,False,16,2.292833542486619,-0.6361474135334368,34
1.7646265877165144,False,17,1.6566861289531822,0.10794045876333214,34
1.8712480873874253,False,18,1.7646265877165144,0.10662149967091095,34
2.452623394316697,False,19,1.8712480873874253,0.5813753069292718,34
2.193760248296467,False,20,2.452623394316697,-0.25886314602023,34
2.3467739481039587,False,21,2.193760248296467,0.15301369980749158,34
2.303038704557623,False,22,2.3467739481039587,-0.043735243546335845,34
2.41467860353187,False,23,2.303038704557623,0.11163989897424731,34
2.3959446234437243,False,24,2.41467860353187,-0.018733980088145863,34
1.536287595707463,False,25,2.3959446234437243,-0.8596570277362612,34
1.6925664219563195,False,26,1.536287595707463,0.15627882624885636,34
1.6889542062966951,False,27,1.6925664219563195,-0.0036122156596243293,34
1.9990773069857974,False,28,1.6889542062966951,0.3101231006891023,34
1.707808872874615,False,29,1.9990773069857974,-0.2912684341111824,34
1.6749956075977923,False,30,1.707808872874615,-0.03281326527682271,34
2.2796319458173318,False,31,1.6749956075977923,0.6046363382195394,34
2.0667543045861865,False,32,2.2796319458173318,-0.21287764123114528,34
1.7688771695384995,False,33,2.0667543045861865,-0.297877135047687,34
2.4816731932418694,False,34,1.7688771695384995,0.7127960237033699,34
2.385060990025302,False,35,2.4816731932418694,-0.0966122032165675,34
1.9329710570781744,False,36,2.385060990025302,-0.4520899329471275,34
2.033874689199477,False,37,1.9329710570781744,0.1009036321213026,34
1.990874461969443,False,38,2.033874689199477,-0.04300022723003405,34
2.284025520436129,False,39,1.990874461969443,0.2931510584666861,34
2.3626177863987365,False,40,2.284025520436129,0.07859226596260749,34
2.495991841590211,False,41,2.3626177863987365,0.13337405519147438,34
1.5818727656089977,False,42,2.495991841590211,-0.9141190759812132,34
1.8369702514255488,False,43,1.5818727656089977,0.2550974858165511,34
2.460601732308481,False,44,1.8369702514255488,0.6236314808829322,34
2.2787124650164388,False,45,2.460601732308481,-0.18188926729204224,34
1.9603877781592387,False,46,2.2787124650164388,-0.31832468685720006,34
1.9825870764212168,False,47,1.9603877781592387,0.022199298261978084,34
2.436779002691887,False,48,1.9825870764212168,0.4541919262706704,34
1.5308010819751794,False,49,2.436779002691887,-0.9059779207167078,34
2.3547044866658284,False,50,1.5308010819751794,0.823903404690649,34
1.9215263984356976,False,51,2.3547044866658284,-0.4331780882301308,34
2.199245245411123,False,52,1.9215263984356976,0.27771884697542526,34
2.3224201092223495,False,53,2.199245245411123,0.12317486381122666,34
1.5831121632019882,False,54,2.3224201092223495,-0.7393079460203613,34
1.5686483374005924,False,55,1.5831121632019882,-0.014463825801395824,34
2.044785789796409,False,56,1.5686483374005924,0.4761374523958164,34
2.347369169692486,False,57,2.044785789796409,0.3025833798960771,34
2.0982027976498943,False,58,2.347369169692486,-0.24916637204259162,34
1.5560462124428955,False,59,2.0982027976498943,-0.5421565852069987,34
1.875287499691757,False,60,1.5560462124428955,0.31924128724886147,34
2.0736914094363073,False,61,1.875287499691757,0.19840390974455024,34
1.8562008468168836,False,62,2.0736914094363073,-0.21749056261942368,34
2.064841161975936,False,63,1.8562008468168836,0.20864031515905257,34
2.4453470922616853,False,64,2.064841161975936,0.3805059302857492,34
2.0405789601467017,False,65,2.4453470922616853,-0.40476813211498364,34
2.301411763103329,False,66,2.0405789601467017,0.26083280295662714,34
1.5239340146807931,False,67,2.301411763103329,-0.7774777484225357,34
2.4115813812338467,False,68,1.5239340146807931,0.8876473665530535,34
1.698308097856407,False,69,2.4115813812338467,-0.7132732833774398,34
2.1767072818885276,False,70,1.698308097856407,0.4783991840321207,34
2.0294230631958454,False,71,2.1767072818885276,-0.14728421869268216,34
2.3910966735201957,False,72,2.0294230631958454,0.3616736103243503,34
1.6721905144328533,False,73,2.3910966735201957,-0.7189061590873425,34
2.082989531089445,False,74,1.6721905144328533,0.4107990166565916,34
2.370459978108375,False,75,2.082989531089445,0.2874704470189302,34
2.45614382134205,False,76,2.370459978108375,0.08568384323367484,34
2.3112851292161487,False,77,2.45614382134205,-0.1448586921259012,34
2.1437795308220484,False,78,2.3112851292161487,-0.16750559839410029,34
2.40532099102835,False,79,2.1437795308220484,0.26154146020630176,34
1.5239283171743736,False,80,2.40532099102835,-0.8813926738539766,34
1.8761945278792935,False,81,1.5239283171743736,0.3522662107049199,34
1.7221691317209533,False,82,1.8761945278792935,-0.1540253961583402,34
2.2172635258247904,False,83,1.7221691317209533,0.49509439410383704,34
1.6079589227654214,False,84,2.2172635258247904,-0.609304603059369,34
2.022889744940781,False,85,1.6079589227654214,0.4149308221753598,34
1.5737295665801212,False,86,2.022889744940781,-0.44916017836066,34
1.6417080024377668,False,87,1.5737295665801212,0.06797843585764562,34
1.6339775457623718,False,88,1.6417080024377668,-0.00773045667539507,34
1.6834327541605,False,89,1.6339775457623718,0.049455208398128336,34
1.9734974410936592,False,90,1.6834327541605,0.2900646869331591,34
2.3134823880086746,False,91,1.9734974410936592,0.33998494691501535,34
1.9113544669898028,False,92,2.3134823880086746,-0.40212792101887174,34
1.7337654256565789,False,93,1.9113544669898028,-0.17758904133322395,34
1.7598175692751683,False,94,1.7337654256565789,0.02605214361858943,34
1.7364042550431278,False,95,1.7598175692751683,-0.023413314232040516,34
1.9467178491399224,False,96,1.7364042550431278,0.21031359409679462,34
2.4221239436048276,False,97,1.9467178491399224,0.4754060944649052,34
2.2288840546201314,False,98,2.4221239436048276,-0.19323988898469624,34
1.7039326600407931,False,99,2.2288840546201314,-0.5249513945793383,34
2.226835775069577,True,100,1.7039326600407931,0.5229031150287837,34
2.307737073989918,True,101,2.226835775069577,0.08090129892034126,34
2.3373071988657808,True,102,2.307737073989918,0.029570124875862636,34
2.5301230174635223,True,103,2.3373071988657808,0.19281581859774155,34
2.779686475636452,True,104,2.5301230174635223,0.24956345817292958,34
2.8834231663082837,True,105,2.779686475636452,0.10373669067183178,34
3.0707900598257956,True,106,2.8834231663082837,0.1873668935175119,34
3.165199258277584,True,107,3.0707900598257956,0.09440919845178852,34
3.1984652137049063,True,108,3.165199258277584,0.03326595542732225,34
3.460853748662338,True,109,3.1984652137049063,0.26238853495743175,34
3.513178572354678,True,110,3.460853748662338,0.052324823692339706,34
3.616342511598396,True,111,3.513178572354678,0.10316393924371825,34
3.835771434545795,True,112,3.616342511598396,0.21942892294739913,34
4.030672389972981,True,113,3.835771434545795,0.19490095542718588,34
4.105718426748919,True,114,4.030672389972981,0.07504603677593824,34
4.2854126031695925,True,115,4.105718426748919,0.1796941764206732,34
4.322498834233425,True,116,4.2854126031695925,0.037086231063832464,34
4.443440231672026,True,117,4.322498834233425,0.12094139743860133,34
4.755078857486449,True,118,4.443440231672026,0.3116386258144228,34
4.734061560790775,True,119,4.755078857486449,-0.02101729669567387,34
4.888934842689982,True,120,4.734061560790775,0.15487328189920646,34
5.118029453157939,True,121,4.888934842689982,0.22909461046795698,34
5.374031764785912,True,122,5.118029453157939,0.2560023116279737,34
5.461748328553963,True,123,5.374031764785912,0.08771656376805037,34
5.575046514010345,True,124,5.461748328553963,0.11329818545638215,34
5.648015466873076,True,125,5.575046514010345,0.0729689528627313,34
5.778037733723152,True,126,5.648015466873076,0.13002226685007567,34
5.97108940627161,True,127,5.778037733723152,0.19305167254845834,34
6.141594459198079,True,128,5.97108940627161,0.1705050529264689,34
6.235825881846526,True,129,6.141594459198079,0.09423142264844664,34
6.377243327580438,True,130,6.235825881846526,0.14141744573391257,34
6.567125282919315,True,131,6.377243327580438,0.18988195533887708,34
6.772879151356513,True,132,6.567125282919315,0.20575386843719734,34
6.837665070766922,True,133,6.772879151356513,0.06478591941040968,34
7.026674030657376,True,134,6.837665070766922,0.18900895989045363,34
7.078797418287392,True,135,7.026674030657376,0.052123387630016005,34
7.2440881287634395,True,136,7.078797418287392,0.1652907104760475,34
7.491509165388634,True,137,7.2440881287634395,0.24742103662519455,34
7.512256106752853,True,138,7.491509165388634,0.020746941364218507,34
7.760092957977267,True,139,7.512256106752853,0.247836851224414,34
7.78101303303841,True,140,7.760092957977267,0.02092007506114335,34
7.918997491616513,True,141,7.78101303303841,0.13798445857810293,34
8.082521661626602,True,142,7.918997491616513,0.16352417001008934,34
8.142685221922044,True,143,8.082521661626602,0.06016356029544134,34
8.334445143368287,True,144,8.142685221922044,0.1917599214462431,34
8.567943906365416,True,145,8.334445143368287,0.23349876299712946,34
8.707966075446123,True,146,8.567943906365416,0.14002216908070686,34
8.72435320544282,True,147,8.707966075446123,0.01638712999669778,34
8.952155070490923,True,148,8.72435320544282,0.22780186504810196,34
9.122585531232506,True,149,8.952155070490923,0.1704304607415832,34
9.21293398356536,True,150,9.122585531232506,0.09034845233285438,34
9.277362222126518,True,151,9.21293398356536,0.06442823856115787,34
9.526427149648448,True,152,9.277362222126518,0.2490649275219301,34
9.531734855202599,True,153,9.526427149648448,0.005307705554150388,34
9.76376995051229,True,154,9.531734855202599,0.23203509530969058,34
9.946072761411722,True,155,9.76376995051229,0.1823028108994329,34
9.934481461721514,True,156,9.946072761411722,-0.01159129969020789,34
10.192598999547887,True,157,9.934481461721514,0.25811753782637226,34
10.234418800403464,True,158,10.192598999547887,0.04181980085557768,34
10.448121103045828,True,159,10.234418800403464,0.21370230264236412,34
10.705017280345855,True,160,10.448121103045828,0.25689617730002645,34
10.831081932844771,True,161,10.705017280345855,0.12606465249891663,34
10.974026227645968,True,162,10.831081932844771,0.14294429480119675,34
10.977853486397999,True,163,10.974026227645968,0.0038272587520307155,34
11.196579914622134,True,164,10.977853486397999,0.21872642822413546,34
11.316697878485888,True,165,11.196579914622134,0.12011796386375373,34
11.522308194940077,True,166,11.316697878485888,0.20561031645418915,34
11.63590348555404,True,167,11.522308194940077,0.11359529061396323,34
11.759570732186521,True,168,11.63590348555404,0.12366724663248085,34
11.84167752894655,True,169,11.759570732186521,0.08210679676002819,34
12.049888681282473,True,170,11.84167752894655,0.2082111523359238,34
12.189907020586917,True,171,12.049888681282473,0.14001833930444363,34
12.44576773521137,True,172,12.189907020586917,0.25586071462445226,34
12.61273614701785,True,173,12.44576773521137,0.16696841180648114,34
12.720815727591468,True,174,12.61273614701785,0.10807958057361766,34
12.78442648446292,True,175,12.720815727591468,0.06361075687145146,34
12.967256755419076,True,176,12.78442648446292,0.18283027095615623,34
13.078854016842199,True,177,12.967256755419076,0.11159726142312287,34
13.264502244779079,True,178,13.078854016842199,0.18564822793688052,34
13.247118312319692,True,179,13.264502244779079,-0.01738393245938674,34
13.4363042682045,True,180,13.247118312319692,0.1891859558848079,34
13.667001973946613,True,181,13.4363042682045,0.2306977057421129,34
13.711360153269936,True,182,13.667001973946613,0.0443581793233232,34
14.0147285130513,True,183,13.711360153269936,0.30336835978136456,34
14.060229676588289,True,184,14.0147285130513,0.04550116353698819,34
14.158826052612515,True,185,14.060229676588289,0.09859637602422566,34
14.263390541447988,True,186,14.158826052612515,0.10456448883547331,34
14.455701650955941,True,187,14.263390541447988,0.19231110950795305,34
14.672300089775042,True,188,14.455701650955941,0.21659843881910135,34
14.80598989138016,True,189,14.672300089775042,0.1336898016051169,34
14.88960029183928,True,190,14.80598989138016,0.08361040045912027,34
15.011717816246739,True,191,14.88960029183928,0.12211752440745904,34
15.271480951087224,True,192,15.011717816246739,0.25976313484048497,34
15.294294651083204,True,193,15.271480951087224,0.022813699995980485,34
15.397046903098845,True,194,15.294294651083204,0.10275225201564098,34
15.569084947113632,True,195,15.397046903098845,0.17203804401478706,34
15.773392734118579,True,196,15.569084947113632,0.20430778700494656,34
15.913192100978348,True,197,15.773392734118579,0.13979936685976924,34
16.11126349723938,True,198,15.913192100978348,0.19807139626103343,34
16.25520338986711,True,199,16.11126349723938,0.14393989262772777,34
16.083245001565025,False,200,16.25520338986711,-0.17195838830208388,34
16.112617872034225,False,201,16.083245001565025,0.02937287046919934,34
16.11327724776388,False,202,16.112617872034225,0.0006593757296542435,34
16.09313956651508,False,203,16.11327724776388,-0.02013768124879789,34
16.102013518941607,False,204,16.09313956651508,0.008873952426526444,34
16.1389468058212,False,205,16.102013518941607,0.03693328687959152,34
16.194498813540346,False,206,16.1389468058212,0.0555520077191467,34
16.263715540451685,False,207,16.194498813540346,0.06921672691133907,34
16.2503393926516,False,208,16.263715540451685,-0.013376147800084226,34
16.229826007374115,False,209,16.2503393926516,-0.020513385277485696,34
16.123070034661144,False,210,16.229826007374115,-0.10675597271297121,34
16.163888777085873,False,211,16.123070034661144,0.04081874242472949,34
16.140673462258167,False,212,16.163888777085873,-0.02321531482770567,34
16.236395250275702,False,213,16.140673462258167,0.09572178801753495,34
16.161495395128984,False,214,16.236395250275702,-0.07489985514671815,34
16.16060674617169,False,215,16.161495395128984,-0.0008886489572930145,34
16.232505110020938,False,216,16.16060674617169,0.07189836384924675,34
16.166302885721727,False,217,16.232505110020938,-0.06620222429921085,34
16.200927221358864,False,218,16.166302885721727,0.03462433563713674,34
16.16770201173568,False,219,16.200927221358864,-0.03322520962318265,34
16.257652650714153,False,220,16.16770201173568,0.08995063897847189,34
16.215887593357202,False,221,16.257652650714153,-0.04176505735695102,34
16.24820215110859,False,222,16.215887593357202,0.032314557751387696,34
16.224758420807692,False,223,16.24820215110859,-0.023443730300897414,34
16.244442078459606,False,224,16.224758420807692,0.019683657651913933,34
16.198531147697718,False,225,16.244442078459606,-0.045910930761888125,34
16.127162122797284,False,226,16.198531147697718,-0.0713690249004344,34
16.14256731567965,False,227,16.127162122797284,0.015405192882365526,34
16.172119054704236,False,228,16.14256731567965,0.029551739024586965,34
16.19351297425226,False,229,16.172119054704236,0.021393919548025053,34
16.12579256384485,False,230,16.19351297425226,-0.06772041040741072,34
16.193612597795173,False,231,16.12579256384485,0.06782003395032277,34
16.137158146775253,False,232,16.193612597795173,-0.056454451019920526,34
16.20228444677476,False,233,16.137158146775253,0.06512629999950903,34
16.124001047172364,False,234,16.20228444677476,-0.07828339960239816,34
16.259486599998336,False,235,16.124001047172364,0.13548555282597263,34
16.147966421983703,False,236,16.259486599998336,-0.11152017801463288,34
16.183076850663983,False,237,16.147966421983703,0.03511042868028014,34
16.212115308658348,False,238,16.183076850663983,0.02903845799436411,34
16.134418038576456,False,239,16.212115308658348,-0.07769727008189165,34
16.20670654973025,False,240,16.134418038576456,0.07228851115379342,34
16.07610171078456,False,241,16.20670654973025,-0.13060483894568975,34
16.197701666401816,False,242,16.07610171078456,0.12159995561725623,34
16.230033353870716,False,243,16.197701666401816,0.03233168746890058,34
16.26578304111985,False,244,16.230033353870716,0.03574968724913319,34
16.211824030254455,False,245,16.26578304111985,-0.053959010865394674,34
16.184132087324635,False,246,16.211824030254455,-0.027691942929820357,34
16.076950205596074,False,247,16.184132087324635,-0.10718188172856102,34
16.135269900807995,False,248,16.076950205596074,0.05831969521192093,34
16.16156088067767,False,249,16.135269900807995,0.026290979869674658,34
16.113103814490707,False,250,16.16156088067767,-0.04845706618696255,34
16.247583202560335,False,251,16.113103814490707,0.13447938806962867,34
16.07145786454679,False,252,16.247583202560335,-0.17612533801354502,34
16.086942631850395,False,253,16.07145786454679,0.015484767303604485,34
16.089119611787332,False,254,16.086942631850395,0.002176979936937329,34
16.21949072810345,False,255,16.089119611787332,0.13037111631611964,34
16.073623214682936,False,256,16.21949072810345,-0.14586751342051585,34
16.08037498442823,False,257,16.073623214682936,0.0067517697452927905,34
16.2356183844743,False,258,16.08037498442823,0.1552434000460714,34
16.207886101273203,False,259,16.2356183844743,-0.027732283201096664,34
16.0855307133516,False,260,16.207886101273203,-0.12235538792160483,34
16.069522898299013,False,261,16.0855307133516,-0.016007815052585528,34
16.069255609890646,False,262,16.069522898299013,-0.00026728840836653944,34
16.222438456747117,False,263,16.069255609890646,0.15318284685647043,34
16.26316701524047,False,264,16.222438456747117,0.04072855849335255,34
16.103135660687265,False,265,16.26316701524047,-0.1600313545532046,34
16.15035843244171,False,266,16.103135660687265,0.04722277175444489,34
16.210748369534436,False,267,16.15035843244171,0.06038993709272589,34
16.236899136226736,False,268,16.210748369534436,0.02615076669230021,34
16.20001312604302,False,269,16.236899136226736,-0.03688601018371429,34
16.214101706638452,False,270,16.20001312604302,0.0140885805954305,34
16.074763350274043,False,271,16.214101706638452,-0.1393383563644086,34
16.21583857473211,False,272,16.074763350274043,0.14107522445806708,34
16.187444682536928,False,273,16.21583857473211,-0.028393892195182957,34
16.25686196876168,False,274,16.187444682536928,0.06941728622475196,34
16.087101695098674,False,275,16.25686196876168,-0.16976027366300528,34
16.09062503974505,False,276,16.087101695098674,0.0035233446463749374,34
16.121136847364518,False,277,16.09062503974505,0.03051180761946881,34
16.142025807166256,False,278,16.121136847364518,0.020888959801737883,34
16.184460622831946,False,279,16.142025807166256,0.04243481566568974,34
16.207371165669734,False,280,16.184460622831946,0.022910542837788483,34
16.222030899592177,False,281,16.207371165669734,0.014659733922442797,34
16.094985973644825,False,282,16.222030899592177,-0.12704492594735228,34
16.247162252593306,False,283,16.094985973644825,0.15217627894848107,34
16.237289880333876,False,284,16.247162252593306,-0.009872372259430051,34
16.133806603827892,False,285,16.237289880333876,-0.10348327650598321,34
16.069726537598914,False,286,16.133806603827892,-0.06408006622897844,34
16.250245662828274,False,287,16.069726537598914,0.18051912522935964,34
16.146336950540626,False,288,16.250245662828274,-0.10390871228764809,34
16.173904316884016,False,289,16.146336950540626,0.02756736634339063,34
16.167828247442408,False,290,16.173904316884016,-0.006076069441608212,34
16.225483170048626,False,291,16.167828247442408,0.057654922606218406,34
16.09599825262913,False,292,16.225483170048626,-0.12948491741949653,34
16.260779878044875,False,293,16.09599825262913,0.16478162541574548,34
16.06994000219593,False,294,16.260779878044875,-0.19083987584894402,34
16.1961395339208,False,295,16.06994000219593,0.1261995317248683,34
16.11308024823591,False,296,16.1961395339208,-0.08305928568488952,34
16.23522748976659,False,297,16.11308024823591,0.1221472415306799,34
16.165680546555247,False,298,16.23522748976659,-0.0695469432113427,34
16.07423762002222,False,299,16.165680546555247,-0.09144292653302699,34
1.8317249299535328,False,0,0.0,0.0,35
2.3515199531011497,False,1,1.8317249299535328,0.5197950231476169,35
2.1421371425070657,False,2,2.3515199531011497,-0.20938281059408403,35
2.3424463434812957,False,3,2.1421371425070657,0.20030920097423,35
1.694332896028644,False,4,2.3424463434812957,-0.6481134474526518,35
1.6396405907273577,False,5,1.694332896028644,-0.054692305301286215,35
1.8450895017816826,False,6,1.6396405907273577,0.20544891105432495,35
1.6118978164723041,False,7,1.8450895017816826,-0.2331916853093785,35
1.6238094190692691,False,8,1.6118978164723041,0.011911602596964999,35
1.8837939335121783,False,9,1.6238094190692691,0.25998451444290915,35
1.7334990834230004,False,10,1.8837939335121783,-0.15029485008917787,35
1.9730993347972334,False,11,1.7334990834230004,0.23960025137423302,35
2.2899383271244598,False,12,1.9730993347972334,0.31683899232722634,35
1.8354769313748043,False,13,2.2899383271244598,-0.4544613957496555,35
1.6657034273947535,False,14,1.8354769313748043,-0.16977350398005076,35
2.146153597862079,False,15,1.6657034273947535,0.4804501704673254,35
2.318566377072824,False,16,2.146153597862079,0.17241277921074527,35
2.2119637286279636,False,17,2.318566377072824,-0.10660264844486056,35
2.4191625690196314,False,18,2.2119637286279636,0.2071988403916678,35
2.337642614881113,False,19,2.4191625690196314,-0.08151995413851854,35
1.7384368045007574,False,20,2.337642614881113,-0.5992058103803555,35
2.4377835320275225,False,21,1.7384368045007574,0.6993467275267651,35
2.1261642053678242,False,22,2.4377835320275225,-0.31161932665969827,35
1.8134323095862772,False,23,2.1261642053678242,-0.31273189578154703,35
1.7559212828816744,False,24,1.8134323095862772,-0.05751102670460284,35
1.8458339963667902,False,25,1.7559212828816744,0.08991271348511587,35
2.465993541660164,False,26,1.8458339963667902,0.6201595452933737,35
1.842792139999331,False,27,2.465993541660164,-0.6232014016608329,35
1.6439268984105935,False,28,1.842792139999331,-0.19886524158873753,35
2.3206870937155566,False,29,1.6439268984105935,0.6767601953049631,35
2.4597231895612155,False,30,2.3206870937155566,0.1390360958456589,35
1.523450234234645,False,31,2.4597231895612155,-0.9362729553265705,35
2.482715484904732,False,32,1.523450234234645,0.9592652506700872,35
1.8690563861237692,False,33,2.482715484904732,-0.6136590987809629,35
1.9496596724776172,False,34,1.8690563861237692,0.08060328635384795,35
1.6837603338380867,False,35,1.9496596724776172,-0.2658993386395305,35
1.5221194229207224,False,36,1.6837603338380867,-0.1616409109173642,35
1.8966349294386964,False,37,1.5221194229207224,0.37451550651797394,35
2.305035430721599,False,38,1.8966349294386964,0.4084005012829026,35
2.276888828221229,False,39,2.305035430721599,-0.028146602500370044,35
2.052047930631765,False,40,2.276888828221229,-0.22484089758946402,35
1.7931873585041758,False,41,2.052047930631765,-0.2588605721275892,35
2.4566664217414456,False,42,1.7931873585041758,0.6634790632372698,35
2.040062493840172,False,43,2.4566664217414456,-0.41660392790127343,35
2.1420896328030414,False,44,2.040062493840172,0.1020271389628693,35
1.5730289656966818,False,45,2.1420896328030414,-0.5690606671063596,35
1.6475208042891611,False,46,1.5730289656966818,0.07449183859247932,35
1.5707835449471674,False,47,1.6475208042891611,-0.07673725934199371,35
2.372405794818372,False,48,1.5707835449471674,0.8016222498712047,35
1.8684837110168773,False,49,2.372405794818372,-0.5039220838014948,35
2.220130133993421,False,50,1.8684837110168773,0.3516464229765437,35
1.8444370679830338,False,51,2.220130133993421,-0.3756930660103872,35
2.452795527164901,False,52,1.8444370679830338,0.6083584591818674,35
1.736448884227761,False,53,2.452795527164901,-0.7163466429371401,35
1.9754329327242308,False,54,1.736448884227761,0.23898404849646981,35
2.0387895384903967,False,55,1.9754329327242308,0.06335660576616586,35
2.452873644649533,False,56,2.0387895384903967,0.4140841061591365,35
2.2385566738670812,False,57,2.452873644649533,-0.21431697078245193,35
2.1746739600637204,False,58,2.2385566738670812,-0.06388271380336086,35
1.8234288434271604,False,59,2.1746739600637204,-0.35124511663656,35
1.527128918393951,False,60,1.8234288434271604,-0.29629992503320945,35
1.6582997866311806,False,61,1.527128918393951,0.13117086823722968,35
2.229052870174307,False,62,1.6582997866311806,0.5707530835431265,35
1.7575238764448846,False,63,2.229052870174307,-0.4715289937294225,35
2.2775538423427757,False,64,1.7575238764448846,0.5200299658978911,35
2.2103662827701687,False,65,2.2775538423427757,-0.06718755957260703,35
2.365366625951298,False,66,2.2103662827701687,0.15500034318112954,35
1.508983427719068,False,67,2.365366625951298,-0.8563831982322303,35
1.7361688070754553,False,68,1.508983427719068,0.22718537935638738,35
1.6786076770318596,False,69,1.7361688070754553,-0.05756113004359564,35
1.9059766493949535,False,70,1.6786076770318596,0.22736897236309384,35
1.5798204741681507,False,71,1.9059766493949535,-0.32615617522680274,35
1.5535198450388084,False,72,1.5798204741681507,-0.02630062912934239,35
2.40670446245492,False,73,1.5535198450388084,0.8531846174161117,35
2.012083009546631,False,74,2.40670446245492,-0.394621452908289,35
2.0387625924560533,False,75,2.012083009546631,0.026679582909422184,35
2.028108058636038,False,76,2.0387625924560533,-0.010654533820015466,35
2.0153213083453445,False,77,2.028108058636038,-0.012786750290693316,35
2.0057597314241913,False,78,2.0153213083453445,-0.009561576921153225,35
2.046111283512309,False,79,2.0057597314241913,0.04035155208811769,35
1.8604291336223349,False,80,2.046111283512309,-0.1856821498899741,35
1.762571999956621,False,81,1.8604291336223349,-0.09785713366571391,35
1.6143165751098736,False,82,1.762571999956621,-0.14825542484674736,35
1.8592401580748676,False,83,1.6143165751098736,0.24492358296499406,35
1.5086050689630635,False,84,1.8592401580748676,-0.3506350891118042,35
1.9716768360676413,False,85,1.5086050689630635,0.46307176710457787,35
1.56937924351413,False,86,1.9716768360676413,-0.4022975925535113,35
1.921070746351111,False,87,1.56937924351413,0.3516915028369809,35
1.6803300895129203,False,88,1.921070746351111,-0.24074065683819068,35
1.7414147846977406,False,89,1.6803300895129203,0.06108469518482029,35
2.077569654352007,False,90,1.7414147846977406,0.3361548696542662,35
1.8238083619577874,False,91,2.077569654352007,-0.2537612923942194,35
2.268632779660236,False,92,1.8238083619577874,0.44482441770244874,35
1.7827637550704156,False,93,2.268632779660236,-0.4858690245898205,35
2.417913414391199,False,94,1.7827637550704156,0.6351496593207835,35
2.359725164378839,False,95,2.417913414391199,-0.058188250012360054,35
1.817309690592667,False,96,2.359725164378839,-0.5424154737861722,35
1.7584669677826557,False,97,1.817309690592667,-0.05884272281001124,35
2.2268330580053712,False,98,1.7584669677826557,0.4683660902227156,35
2.0122184224665363,False,99,2.2268330580053712,-0.21461463553883497,35
2.3451211196889825,True,100,2.0122184224665363,0.33290269722244625,35
2.4630429873061224,True,101,2.3451211196889825,0.11792186761713985,35
2.7444207452939384,True,102,2.4630429873061224,0.28137775798781606,35
3.1283525732189075,True,103,2.7444207452939384,0.38393182792496905,35
3.377362354330013,True,104,3.1283525732189075,0.2490097811111056,35
3.718078592439575,True,105,3.377362354330013,0.34071623810956186,35
3.8618826233275603,True,106,3.718078592439575,0.14380403088798532,35
4.119335429843424,True,107,3.8618826233275603,0.2574528065158641,35
4.435827943255597,True,108,4.119335429843424,0.31649251341217255,35
4.716951350752573,True,109,4.435827943255597,0.28112340749697573,35
4.895635688374303,True,110,4.716951350752573,0.1786843376217302,35
5.316401304549481,True,111,4.895635688374303,0.4207656161751778,35
5.448438363292367,True,112,5.316401304549481,0.13203705874288652,35
5.683287854974715,True,113,5.448438363292367,0.2348494916823478,35
5.963594476831338,True,114,5.683287854974715,0.2803066218566226,35
6.389974493279949,True,115,5.963594476831338,0.42638001644861134,35
6.6178465062065985,True,116,6.389974493279949,0.2278720129266496,35
6.759951848584922,True,117,6.6178465062065985,0.14210534237832384,35
6.97005166655295,True,118,6.759951848584922,0.210099817968028,35
7.426801647139642,True,119,6.97005166655295,0.45674998058669125,35
7.6052414617876485,True,120,7.426801647139642,0.17843981464800684,35
7.923089815076565,True,121,7.6052414617876485,0.3178483532889169,35
8.171230116901924,True,122,7.923089815076565,0.24814030182535873,35
8.466493352533536,True,123,8.171230116901924,0.2952632356316123,35
8.68938289528738,True,124,8.466493352533536,0.22288954275384398,35
9.039925366665695,True,125,8.68938289528738,0.35054247137831496,35
9.237291431905339,True,126,9.039925366665695,0.19736606523964362,35
9.393771488076348,True,127,9.237291431905339,0.15648005617100935,35
9.77010259089252,True,128,9.393771488076348,0.376331102816172,35
10.019861696736108,True,129,9.77010259089252,0.2497591058435873,35
10.33624978258741,True,130,10.019861696736108,0.31638808585130285,35
10.487973396583774,True,131,10.33624978258741,0.15172361399636358,35
10.921810465957668,True,132,10.487973396583774,0.43383706937389377,35
11.160286806230335,True,133,10.921810465957668,0.2384763402726673,35
11.404266931573169,True,134,11.160286806230335,0.24398012534283353,35
11.695729013648872,True,135,11.404266931573169,0.2914620820757037,35
11.936191298435164,True,136,11.695729013648872,0.2404622847862914,35
12.214460021553066,True,137,11.936191298435164,0.2782687231179022,35
12.49730584169086,True,138,12.214460021553066,0.28284582013779414,35
12.779106926789236,True,139,12.49730584169086,0.2818010850983761,35
12.929179676038434,True,140,12.779106926789236,0.15007274924919756,35
13.325714359603388,True,141,12.929179676038434,0.3965346835649548,35
13.493483587326335,True,142,13.325714359603388,0.1677692277229461,35
13.801094016692089,True,143,13.493483587326335,0.307610429365754,35
14.042989177330847,True,144,13.801094016692089,0.2418951606387587,35
14.426205977096222,True,145,14.042989177330847,0.3832167997653748,35
14.717587144149812,True,146,14.426205977096222,0.29138116705358996,35
14.8994383366543,True,147,14.717587144149812,0.18185119250448878,35
15.241038120088392,True,148,14.8994383366543,0.34159978343409136,35
15.43823828434224,True,149,15.241038120088392,0.19720016425384834,35
15.701605545954822,True,150,15.43823828434224,0.26336726161258106,35
16.064982243300207,True,151,15.701605545954822,0.3633766973453856,35
16.31893352854748,True,152,16.064982243300207,0.25395128524727184,35
16.494020474618207,True,153,16.31893352854748,0.17508694607072783,35
16.73168466925832,True,154,16.494020474618207,0.23766419464011435,35
17.14592286006425,True,155,16.73168466925832,0.4142381908059285,35
17.29661687472955,True,156,17.14592286006425,0.15069401466530152,35
17.675231241076307,True,157,17.29661687472955,0.37861436634675627,35
17.786117744492188,True,158,17.675231241076307,0.11088650341588036,35
18.047735423397143,True,159,17.786117744492188,0.2616176789049547,35
18.441080435057273,True,160,18.047735423397143,0.3933450116601307,35
18.684137220812662,True,161,18.441080435057273,0.24305678575538892,35
18.919058403936962,True,162,18.684137220812662,0.23492118312429966,35
19.258209320102427,True,163,18.919058403936962,0.33915091616546533,35
19.535772732631614,True,164,19.258209320102427,0.2775634125291866,35
19.688084213103476,True,165,19.535772732631614,0.15231148047186238,35
19.995766050540993,False,166,19.688084213103476,0.3076818374375172,35
20.0,False,167,19.995766050540993,0.004233949459006681,35
20.0,False,168,20.0,0.0,35
20.0,False,169,20.0,0.0,35
20.0,False,170,20.0,0.0,35
20.0,False,171,20.0,0.0,35
20.0,False,172,20.0,0.0,35
20.0,False,173,20.0,0.0,35
20.0,False,174,20.0,0.0,35
20.0,False,175,20.0,0.0,35
20.0,False,176,20.0,0.0,35
20.0,False,177,20.0,0.0,35
20.0,False,178,20.0,0.0,35
20.0,False,179,20.0,0.0,35
20.0,False,180,20.0,0.0,35
20.0,False,181,20.0,0.0,35
20.0,False,182,20.0,0.0,35
20.0,False,183,20.0,0.0,35
20.0,False,184,20.0,0.0,35
20.0,False,185,20.0,0.0,35
20.0,False,186,20.0,0.0,35
20.0,False,187,20.0,0.0,35
20.0,False,188,20.0,0.0,35
20.0,False,189,20.0,0.0,35
20.0,False,190,20.0,0.0,35
20.0,False,191,20.0,0.0,35
20.0,False,192,20.0,0.0,35
20.0,False,193,20.0,0.0,35
20.0,False,194,20.0,0.0,35
20.0,False,195,20.0,0.0,35
20.0,False,196,20.0,0.0,35
20.0,False,197,20.0,0.0,35
20.0,False,198,20.0,0.0,35
20.0,False,199,20.0,0.0,35
20.0,False,200,20.0,0.0,35
19.980558007123513,False,201,20.0,-0.01944199287648729,35
19.970401552722628,False,202,19.980558007123513,-0.010156454400885195,35
19.94335603534883,False,203,19.970401552722628,-0.027045517373796457,35
19.972441632504697,False,204,19.94335603534883,0.02908559715586634,35
19.986734229348116,False,205,19.972441632504697,0.014292596843418437,35
20.0,False,206,19.986734229348116,0.013265770651884168,35
19.98174704301877,False,207,20.0,-0.018252956981228863,35
20.0,False,208,19.98174704301877,0.018252956981228863,35
19.985175290008314,False,209,20.0,-0.014824709991685836,35
20.0,False,210,19.985175290008314,0.014824709991685836,35
20.0,False,211,20.0,0.0,35
19.934046946474467,False,212,20.0,-0.06595305352553282,35
20.0,False,213,19.934046946474467,0.06595305352553282,35
19.99843328633819,False,214,20.0,-0.0015667136618091604,35
19.9036645348012,False,215,19.99843328633819,-0.09476875153698927,35
20.0,False,216,19.9036645348012,0.09633546519879843,35
20.0,False,217,20.0,0.0,35
19.949825948586362,False,218,20.0,-0.050174051413637955,35
20.0,False,219,19.949825948586362,0.050174051413637955,35
19.900154199853592,False,220,20.0,-0.09984580014640798,35
19.986653509645674,False,221,19.900154199853592,0.08649930979208165,35
20.0,False,222,19.986653509645674,0.013346490354326335,35
20.0,False,223,20.0,0.0,35
20.0,False,224,20.0,0.0,35
20.0,False,225,20.0,0.0,35
19.985889498777535,False,226,20.0,-0.014110501222464933,35
20.0,False,227,19.985889498777535,0.014110501222464933,35
19.98501285317056,False,228,20.0,-0.01498714682944069,35
19.993353179815227,False,229,19.98501285317056,0.008340326644667329,35
19.91821984625316,False,230,19.993353179815227,-0.07513333356206786,35
19.983564566690937,False,231,19.91821984625316,0.06534472043777839,35
20.0,False,232,19.983564566690937,0.01643543330906283,35
20.0,False,233,20.0,0.0,35
19.992791000024578,False,234,20.0,-0.007208999975421904,35
19.994648849621296,False,235,19.992791000024578,0.0018578495967176423,35
19.935086778692252,False,236,19.994648849621296,-0.05956207092904364,35
19.935449787982623,False,237,19.935086778692252,0.0003630092903712523,35
20.0,False,238,19.935449787982623,0.06455021201737665,35
19.966560989003852,False,239,20.0,-0.033439010996147545,35
20.0,False,240,19.966560989003852,0.033439010996147545,35
20.0,False,241,20.0,0.0,35
19.903225107046968,False,242,20.0,-0.09677489295303232,35
19.92383515400793,False,243,19.903225107046968,0.020610046960960915,35
19.954921018061384,False,244,19.92383515400793,0.03108586405345548,35
20.0,False,245,19.954921018061384,0.045078981938615925,35
19.95844829498662,False,246,20.0,-0.04155170501337935,35
20.0,False,247,19.95844829498662,0.04155170501337935,35
20.0,False,248,20.0,0.0,35
20.0,False,249,20.0,0.0,35
20.0,False,250,20.0,0.0,35
20.0,False,251,20.0,0.0,35
19.94918100528529,False,252,20.0,-0.050818994714710186,35
20.0,False,253,19.94918100528529,0.050818994714710186,35
19.932718365605695,False,254,20.0,-0.06728163439430546,35
20.0,False,255,19.932718365605695,0.06728163439430546,35
19.914485630493203,False,256,20.0,-0.08551436950679658,35
20.0,False,257,19.914485630493203,0.08551436950679658,35
19.994374036806548,False,258,20.0,-0.005625963193452321,35
19.9522459215439,False,259,19.994374036806548,-0.042128115262649146,35
20.0,False,260,19.9522459215439,0.04775407845610147,35
19.903505064469062,False,261,20.0,-0.09649493553093791,35
19.911886193894464,False,262,19.903505064469062,0.008381129425401923,35
20.0,False,263,19.911886193894464,0.08811380610553599,35
20.0,False,264,20.0,0.0,35
19.97410987335819,False,265,20.0,-0.025890126641808564,35
19.970650909546908,False,266,19.97410987335819,-0.003458963811283411,35
20.0,False,267,19.970650909546908,0.029349090453091975,35
19.919058467722643,False,268,20.0,-0.08094153227735745,35
19.9857783966314,False,269,19.919058467722643,0.066719928908757,35
20.0,False,270,19.9857783966314,0.014221603368600455,35
19.982794099162586,False,271,20.0,-0.017205900837414134,35
19.932890141712917,False,272,19.982794099162586,-0.04990395744966847,35
20.0,False,273,19.932890141712917,0.0671098582870826,35
19.95797735259733,False,274,20.0,-0.042022647402671254,35
19.988236270272083,False,275,19.95797735259733,0.03025891767475386,35
19.97008982626067,False,276,19.988236270272083,-0.018146444011414076,35
19.972029394239303,False,277,19.97008982626067,0.0019395679786349262,35
20.0,False,278,19.972029394239303,0.027970605760696543,35
20.0,False,279,20.0,0.0,35
20.0,False,280,20.0,0.0,35
20.0,False,281,20.0,0.0,35
19.95796968853782,False,282,20.0,-0.04203031146218095,35
20.0,False,283,19.95796968853782,0.04203031146218095,35
20.0,False,284,20.0,0.0,35
19.921293276262066,False,285,20.0,-0.07870672373793397,35
20.0,False,286,19.921293276262066,0.07870672373793397,35
19.963291572537372,False,287,20.0,-0.036708427462627924,35
20.0,False,288,19.963291572537372,0.036708427462627924,35
20.0,False,289,20.0,0.0,35
19.978291903023443,False,290,20.0,-0.021708096976556845,35
19.941841925857922,False,291,19.978291903023443,-0.03644997716552112,35
19.930689015669763,False,292,19.941841925857922,-0.011152910188158671,35
20.0,False,293,19.930689015669763,0.06931098433023664,35
20.0,False,294,20.0,0.0,35
19.97305287962496,False,295,20.0,-0.026947120375041322,35
19.95715232448265,False,296,19.97305287962496,-0.01590055514230926,35
19.92361594615203,False,297,19.95715232448265,-0.033536378330619954,35
20.0,False,298,19.92361594615203,0.07638405384797053,35
19.917626621669037,False,299,20.0,-0.08237337833096348,35
2.4681801387775373,False,0,0.0,0.0,36
1.6142632336380065,False,1,2.4681801387775373,-0.8539169051395308,36
2.1001528551186674,False,2,1.6142632336380065,0.48588962148066095,36
2.382128922800314,False,3,2.1001528551186674,0.28197606768164674,36
2.1743539328974038,False,4,2.382128922800314,-0.20777498990291043,36
1.9913639743371485,False,5,2.1743539328974038,-0.18298995856025524,36
1.6914725901060006,False,6,1.9913639743371485,-0.2998913842311479,36
2.406759764336075,False,7,1.6914725901060006,0.7152871742300744,36
1.5510648513105165,False,8,2.406759764336075,-0.8556949130255584,36
1.927477083140225,False,9,1.5510648513105165,0.3764122318297085,36
2.363810315590828,False,10,1.927477083140225,0.43633323245060307,36
1.9735869087741582,False,11,2.363810315590828,-0.3902234068166699,36
1.6658920057381579,False,12,1.9735869087741582,-0.30769490303600033,36
1.696150801625037,False,13,1.6658920057381579,0.030258795886879186,36
1.987338295416058,False,14,1.696150801625037,0.29118749379102105,36
2.489972290641079,False,15,1.987338295416058,0.502633995225021,36
1.7072033043898984,False,16,2.489972290641079,-0.7827689862511806,36
1.9387501705290853,False,17,1.7072033043898984,0.23154686613918685,36
1.8070656194341241,False,18,1.9387501705290853,-0.13168455109496113,36
1.7797970271006869,False,19,1.8070656194341241,-0.027268592333437258,36
1.5757734660370093,False,20,1.7797970271006869,-0.20402356106367758,36
1.602546404591709,False,21,1.5757734660370093,0.026772938554699754,36
2.0327206021344058,False,22,1.602546404591709,0.4301741975426967,36
2.349797911072911,False,23,2.0327206021344058,0.3170773089385053,36
1.6764014686240487,False,24,2.349797911072911,-0.6733964424488623,36
1.7196389270381478,False,25,1.6764014686240487,0.043237458414099095,36
2.036746394417497,False,26,1.7196389270381478,0.31710746737934903,36
1.8149603025919006,False,27,2.036746394417497,-0.22178609182559628,36
1.9106990742579573,False,28,1.8149603025919006,0.09573877166605671,36
2.3210834822479978,False,29,1.9106990742579573,0.4103844079900405,36
2.1907530088895495,False,30,2.3210834822479978,-0.13033047335844827,36
2.467464337139915,False,31,2.1907530088895495,0.2767113282503657,36
2.4319496380936423,False,32,2.467464337139915,-0.03551469904627291,36
1.9150468362422748,False,33,2.4319496380936423,-0.5169028018513675,36
2.2114215757701117,False,34,1.9150468362422748,0.2963747395278369,36
1.742628487885226,False,35,2.2114215757701117,-0.4687930878848856,36
2.3514526779238576,False,36,1.742628487885226,0.6088241900386315,36
1.8646459198044052,False,37,2.3514526779238576,-0.4868067581194524,36
1.931670384424972,False,38,1.8646459198044052,0.06702446462056688,36
1.6012782677312238,False,39,1.931670384424972,-0.33039211669374824,36
2.0184258653472904,False,40,1.6012782677312238,0.41714759761606657,36
1.7681934236437067,False,41,2.0184258653472904,-0.2502324417035837,36
2.308270175394602,False,42,1.7681934236437067,0.5400767517508955,36
2.4063915060762215,False,43,2.308270175394602,0.09812133068161932,36
2.213428111979176,False,44,2.4063915060762215,-0.19296339409704544,36
2.120760789252124,False,45,2.213428111979176,-0.09266732272705225,36
1.8920555158673151,False,46,2.120760789252124,-0.22870527338480873,36
1.56276641952286,False,47,1.8920555158673151,-0.329289096344455,36
2.256788378672651,False,48,1.56276641952286,0.6940219591497907,36
2.389976454863886,False,49,2.256788378672651,0.13318807619123518,36
2.068971175628805,False,50,2.389976454863886,-0.3210052792350808,36
1.63078938283863,False,51,2.068971175628805,-0.4381817927901752,36
2.3028476386973735,False,52,1.63078938283863,0.6720582558587436,36
1.9310027718600598,False,53,2.3028476386973735,-0.37184486683731377,36
1.8844157677625681,False,54,1.9310027718600598,-0.04658700409749161,36
1.6039806170247664,False,55,1.8844157677625681,-0.2804351507378018,36
2.218768610735909,False,56,1.6039806170247664,0.6147879937111425,36
2.2143839054430376,False,57,2.218768610735909,-0.0043847052928711605,36
2.272209903983444,False,58,2.2143839054430376,0.057825998540406154,36
1.6994739505432341,False,59,2.272209903983444,-0.5727359534402097,36
2.0723481666537733,False,60,1.6994739505432341,0.37287421611053917,36
2.312774931928729,False,61,2.0723481666537733,0.24042676527495566,36
2.443116634850176,False,62,2.312774931928729,0.13034170292144687,36
1.555369743406123,False,63,2.443116634850176,-0.8877468914440527,36
1.5613024592508034,False,64,1.555369743406123,0.0059327158446802475,36
1.8108970091916596,False,65,1.5613024592508034,0.24959454994085628,36
1.9916806402491365,False,66,1.8108970091916596,0.18078363105747686,36
2.0221912865813567,False,67,1.9916806402491365,0.030510646332220226,36
1.7762825886184335,False,68,2.0221912865813567,-0.24590869796292325,36
2.4293939003262413,False,69,1.7762825886184335,0.6531113117078078,36
2.1364067518018945,False,70,2.4293939003262413,-0.2929871485243467,36
2.276459308931217,False,71,2.1364067518018945,0.14005255712932252,36
1.847616985732548,False,72,2.276459308931217,-0.4288423231986691,36
2.0486208157517316,False,73,1.847616985732548,0.20100383001918365,36
1.9696592408212141,False,74,2.0486208157517316,-0.07896157493051748,36
2.029287213496287,False,75,1.9696592408212141,0.059627972675072805,36
2.1633369830748537,False,76,2.029287213496287,0.13404976957856674,36
1.5348986612608289,False,77,2.1633369830748537,-0.6284383218140248,36
2.2174178299220055,False,78,1.5348986612608289,0.6825191686611767,36
2.0270560815731864,False,79,2.2174178299220055,-0.19036174834881914,36
1.9087020286888308,False,80,2.0270560815731864,-0.11835405288435563,36
2.0188069243224067,False,81,1.9087020286888308,0.11010489563357595,36
1.76163629757384,False,82,2.0188069243224067,-0.2571706267485667,36
2.1457156075583494,False,83,1.76163629757384,0.38407930998450945,36
1.862849572963527,False,84,2.1457156075583494,-0.2828660345948224,36
1.8539613959657006,False,85,1.862849572963527,-0.008888176997826402,36
1.7592236330182052,False,86,1.8539613959657006,-0.09473776294749547,36
1.5669931447352279,False,87,1.7592236330182052,-0.19223048828297729,36
1.95028052628364,False,88,1.5669931447352279,0.38328738154841213,36
1.846448048134939,False,89,1.95028052628364,-0.103832478148701,36
2.4572824142807503,False,90,1.846448048134939,0.6108343661458113,36
1.642088946694539,False,91,2.4572824142807503,-0.8151934675862114,36
1.5811972172696565,False,92,1.642088946694539,-0.060891729424882524,36
1.9307454621212612,False,93,1.5811972172696565,0.34954824485160474,36
2.0173835977444194,False,94,1.9307454621212612,0.08663813562315825,36
2.4529763671495233,False,95,2.0173835977444194,0.43559276940510383,36
2.389458046458797,False,96,2.4529763671495233,-0.06351832069072616,36
2.377929434362123,False,97,2.389458046458797,-0.011528612096673996,36
1.7766626386143833,False,98,2.377929434362123,-0.6012667957477398,36
1.7499175996904728,False,99,1.7766626386143833,-0.026745038923910558,36
2.4339990169825536,True,100,1.7499175996904728,0.6840814172920808,36
2.7862191193647288,True,101,2.4339990169825536,0.35222010238217516,36
3.366676386352597,True,102,2.7862191193647288,0.5804572669878683,36
3.790438502560773,True,103,3.366676386352597,0.42376211620817594,36
4.104218215198189,True,104,3.790438502560773,0.31377971263741644,36
4.591849152886655,True,105,4.104218215198189,0.48763093768846577,36
5.091142039593375,True,106,4.591849152886655,0.4992928867067201,36
5.509290901717227,True,107,5.091142039593375,0.4181488621238518,36
5.869299986272555,True,108,5.509290901717227,0.3600090845553279,36
6.405896102296717,True,109,5.869299986272555,0.5365961160241621,36
6.7474305493804385,True,110,6.405896102296717,0.3415344470837214,36
7.244500929936618,True,111,6.7474305493804385,0.49707038055617936,36
7.662674010786156,True,112,7.244500929936618,0.4181730808495381,36
8.145367522892034,True,113,7.662674010786156,0.48269351210587796,36
8.576186118868959,True,114,8.145367522892034,0.43081859597692507,36
9.001723946287779,True,115,8.576186118868959,0.42553782741881996,36
9.499354031336381,True,116,9.001723946287779,0.49763008504860196,36
9.8355635915972,True,117,9.499354031336381,0.3362095602608193,36
10.198159171263695,True,118,9.8355635915972,0.362595579666495,36
10.630470434814246,True,119,10.198159171263695,0.4323112635505506,36
11.05263758751535,True,120,10.630470434814246,0.42216715270110505,36
11.508524868252003,True,121,11.05263758751535,0.4558872807366523,36
11.917823391090655,True,122,11.508524868252003,0.4092985228386521,36
12.437914268053861,True,123,11.917823391090655,0.5200908769632058,36
12.841201319762472,True,124,12.437914268053861,0.40328705170861134,36
13.26106353140034,True,125,12.841201319762472,0.4198622116378683,36
13.663871494252087,True,126,13.26106353140034,0.402807962851746,36
14.061274928582439,True,127,13.663871494252087,0.39740343433035186,36
14.516826524341733,True,128,14.061274928582439,0.45555159575929416,36
15.059959833391943,True,129,14.516826524341733,0.5431333090502104,36
15.406086266483715,True,130,15.059959833391943,0.34612643309177216,36
15.984285531309895,True,131,15.406086266483715,0.5781992648261802,36
16.269958882950416,True,132,15.984285531309895,0.2856733516405203,36
16.84371246860804,True,133,16.269958882950416,0.5737535856576237,36
17.16241449805964,True,134,16.84371246860804,0.3187020294516003,36
17.66796277490952,True,135,17.16241449805964,0.5055482768498791,36
18.092322322341925,True,136,17.66796277490952,0.424359547432406,36
18.436897914790794,True,137,18.092322322341925,0.34457559244886937,36
18.850783454859524,True,138,18.436897914790794,0.4138855400687298,36
19.348383893083415,True,139,18.850783454859524,0.4976004382238912,36
19.790944297709824,True,140,19.348383893083415,0.4425604046264091,36
20.0,False,141,19.790944297709824,0.20905570229017556,36
20.0,False,142,20.0,0.0,36
20.0,False,143,20.0,0.0,36
20.0,False,144,20.0,0.0,36
20.0,False,145,20.0,0.0,36
20.0,False,146,20.0,0.0,36
20.0,False,147,20.0,0.0,36
20.0,False,148,20.0,0.0,36
20.0,False,149,20.0,0.0,36
20.0,False,150,20.0,0.0,36
20.0,False,151,20.0,0.0,36
20.0,False,152,20.0,0.0,36
20.0,False,153,20.0,0.0,36
20.0,False,154,20.0,0.0,36
20.0,False,155,20.0,0.0,36
20.0,False,156,20.0,0.0,36
20.0,False,157,20.0,0.0,36
20.0,False,158,20.0,0.0,36
20.0,False,159,20.0,0.0,36
20.0,False,160,20.0,0.0,36
20.0,False,161,20.0,0.0,36
20.0,False,162,20.0,0.0,36
20.0,False,163,20.0,0.0,36
20.0,False,164,20.0,0.0,36
20.0,False,165,20.0,0.0,36
20.0,False,166,20.0,0.0,36
20.0,False,167,20.0,0.0,36
20.0,False,168,20.0,0.0,36
20.0,False,169,20.0,0.0,36
20.0,False,170,20.0,0.0,36
20.0,False,171,20.0,0.0,36
20.0,False,172,20.0,0.0,36
20.0,False,173,20.0,0.0,36
20.0,False,174,20.0,0.0,36
20.0,False,175,20.0,0.0,36
20.0,False,176,20.0,0.0,36
20.0,False,177,20.0,0.0,36
20.0,False,178,20.0,0.0,36
20.0,False,179,20.0,0.0,36
20.0,False,180,20.0,0.0,36
20.0,False,181,20.0,0.0,36
20.0,False,182,20.0,0.0,36
20.0,False,183,20.0,0.0,36
20.0,False,184,20.0,0.0,36
20.0,False,185,20.0,0.0,36
20.0,False,186,20.0,0.0,36
20.0,False,187,20.0,0.0,36
20.0,False,188,20.0,0.0,36
20.0,False,189,20.0,0.0,36
20.0,False,190,20.0,0.0,36
20.0,False,191,20.0,0.0,36
20.0,False,192,20.0,0.0,36
20.0,False,193,20.0,0.0,36
20.0,False,194,20.0,0.0,36
20.0,False,195,20.0,0.0,36
20.0,False,196,20.0,0.0,36
20.0,False,197,20.0,0.0,36
20.0,False,198,20.0,0.0,36
20.0,False,199,20.0,0.0,36
20.0,False,200,20.0,0.0,36
20.0,False,201,20.0,0.0,36
20.0,False,202,20.0,0.0,36
19.925660582314467,False,203,20.0,-0.07433941768553254,36
20.0,False,204,19.925660582314467,0.07433941768553254,36
19.989890802808677,False,205,20.0,-0.01010919719132275,36
19.942017520099537,False,206,19.989890802808677,-0.0478732827091406,36
19.949419629992253,False,207,19.942017520099537,0.007402109892716169,36
20.0,False,208,19.949419629992253,0.05058037000774718,36
19.945829726239168,False,209,20.0,-0.05417027376083183,36
20.0,False,210,19.945829726239168,0.05417027376083183,36
20.0,False,211,20.0,0.0,36
19.913235095233837,False,212,20.0,-0.08676490476616294,36
19.93935614731043,False,213,19.913235095233837,0.026121052076593543,36
19.97378236127377,False,214,19.93935614731043,0.034426213963339336,36
20.0,False,215,19.97378236127377,0.026217638726230064,36
19.993713992217454,False,216,20.0,-0.006286007782545511,36
20.0,False,217,19.993713992217454,0.006286007782545511,36
20.0,False,218,20.0,0.0,36
20.0,False,219,20.0,0.0,36
20.0,False,220,20.0,0.0,36
19.955567279217032,False,221,20.0,-0.044432720782968005,36
19.981589067667752,False,222,19.955567279217032,0.026021788450719896,36
20.0,False,223,19.981589067667752,0.01841093233224811,36
19.929147778770048,False,224,20.0,-0.07085222122995205,36
20.0,False,225,19.929147778770048,0.07085222122995205,36
19.955424446751554,False,226,20.0,-0.0445755532484462,36
20.0,False,227,19.955424446751554,0.0445755532484462,36
19.96441422159516,False,228,20.0,-0.03558577840484034,36
19.93842722224912,False,229,19.96441422159516,-0.02598699934603843,36
20.0,False,230,19.93842722224912,0.06157277775087877,36
20.0,False,231,20.0,0.0,36
19.993315786848786,False,232,20.0,-0.006684213151213925,36
19.92194922019547,False,233,19.993315786848786,-0.07136656665331742,36
20.0,False,234,19.92194922019547,0.07805077980453135,36
19.902636894409593,False,235,20.0,-0.09736310559040717,36
19.976845458208967,False,236,19.902636894409593,0.0742085637993739,36
20.0,False,237,19.976845458208967,0.023154541791033267,36
19.92251746778783,False,238,20.0,-0.07748253221216927,36
20.0,False,239,19.92251746778783,0.07748253221216927,36
19.982968165339468,False,240,20.0,-0.01703183466053204,36
19.929627575547844,False,241,19.982968165339468,-0.05334058979162393,36
19.975478794990618,False,242,19.929627575547844,0.04585121944277404,36
20.0,False,243,19.975478794990618,0.02452120500938193,36
20.0,False,244,20.0,0.0,36
19.973917158429753,False,245,20.0,-0.026082841570246984,36
19.94189307907511,False,246,19.973917158429753,-0.0320240793546418,36
20.0,False,247,19.94189307907511,0.05810692092488878,36
20.0,False,248,20.0,0.0,36
19.946599520588045,False,249,20.0,-0.05340047941195536,36
19.983988824708483,False,250,19.946599520588045,0.03738930412043828,36
20.0,False,251,19.983988824708483,0.016011175291517077,36
19.954939800222792,False,252,20.0,-0.045060199777207544,36
19.911347349490825,False,253,19.954939800222792,-0.0435924507319676,36
19.91416992995658,False,254,19.911347349490825,0.002822580465753788,36
20.0,False,255,19.91416992995658,0.08583007004342136,36
20.0,False,256,20.0,0.0,36
20.0,False,257,20.0,0.0,36
19.999793847760742,False,258,20.0,-0.0002061522392580173,36
19.94121579738304,False,259,19.999793847760742,-0.05857805037770092,36
20.0,False,260,19.94121579738304,0.058784202616958936,36
19.978877232953522,False,261,20.0,-0.021122767046477975,36
19.98396847495997,False,262,19.978877232953522,0.005091242006447061,36
20.0,False,263,19.98396847495997,0.016031525040030914,36
20.0,False,264,20.0,0.0,36
20.0,False,265,20.0,0.0,36
20.0,False,266,20.0,0.0,36
19.936090533093413,False,267,20.0,-0.06390946690658694,36
20.0,False,268,19.936090533093413,0.06390946690658694,36
19.930827690467677,False,269,20.0,-0.06917230953232334,36
20.0,False,270,19.930827690467677,0.06917230953232334,36
19.902660452449968,False,271,20.0,-0.09733954755003182,36
19.935118206577073,False,272,19.902660452449968,0.03245775412710472,36
19.905734552640244,False,273,19.935118206577073,-0.02938365393682929,36
20.0,False,274,19.905734552640244,0.0942654473597564,36
19.98417618822086,False,275,20.0,-0.015823811779139163,36
20.0,False,276,19.98417618822086,0.015823811779139163,36
19.9257112778964,False,277,20.0,-0.07428872210359927,36
19.95297636664582,False,278,19.9257112778964,0.02726508874942013,36
19.964720901848892,False,279,19.95297636664582,0.011744535203071393,36
19.905248321023844,False,280,19.964720901848892,-0.05947258082504803,36
19.965924369345135,False,281,19.905248321023844,0.06067604832129092,36
19.984377072673034,False,282,19.965924369345135,0.018452703327898945,36
20.0,False,283,19.984377072673034,0.015622927326965907,36
19.978467195713073,False,284,20.0,-0.021532804286927387,36
19.968082473304317,False,285,19.978467195713073,-0.01038472240875521,36
19.958162597003334,False,286,19.968082473304317,-0.009919876300983788,36
20.0,False,287,19.958162597003334,0.041837402996666384,36
19.975098560465543,False,288,20.0,-0.02490143953445667,36
20.0,False,289,19.975098560465543,0.02490143953445667,36
20.0,False,290,20.0,0.0,36
20.0,False,291,20.0,0.0,36
20.0,False,292,20.0,0.0,36
19.928431114541773,False,293,20.0,-0.07156888545822682,36
19.959773621646725,False,294,19.928431114541773,0.03134250710495223,36
20.0,False,295,19.959773621646725,0.04022637835327458,36
19.90140966560582,False,296,20.0,-0.09859033439418141,36
20.0,False,297,19.90140966560582,0.09859033439418141,36
19.996576032076526,False,298,20.0,-0.003423967923474436,36
19.992372163712933,False,299,19.996576032076526,-0.0042038683635929885,36
2.419768422022069,False,0,0.0,0.0,37
2.0634929580645096,False,1,2.419768422022069,-0.3562754639575596,37
1.8849830647879635,False,2,2.0634929580645096,-0.1785098932765461,37
1.6739415644077225,False,3,1.8849830647879635,-0.21104150038024105,37
2.085594595896939,False,4,1.6739415644077225,0.4116530314892164,37
2.0190633428314277,False,5,2.085594595896939,-0.06653125306551111,37
2.4489140920142907,False,6,2.0190633428314277,0.4298507491828629,37
1.7233238351002163,False,7,2.4489140920142907,-0.7255902569140744,37
2.410679595119502,False,8,1.7233238351002163,0.6873557600192859,37
2.4165752708132953,False,9,2.410679595119502,0.005895675693793123,37
2.449219622266199,False,10,2.4165752708132953,0.032644351452903564,37
2.4660272438085324,False,11,2.449219622266199,0.016807621542333617,37
2.46175406187656,False,12,2.4660272438085324,-0.0042731819319725695,37
1.625623115347659,False,13,2.46175406187656,-0.8361309465289009,37
1.7968850765297217,False,14,1.625623115347659,0.17126196118206272,37
1.6507113428088793,False,15,1.7968850765297217,-0.1461737337208424,37
2.1783655587276467,False,16,1.6507113428088793,0.5276542159187674,37
2.112853665905051,False,17,2.1783655587276467,-0.06551189282259573,37
1.7756406351382776,False,18,2.112853665905051,-0.33721303076677334,37
2.336657095153303,False,19,1.7756406351382776,0.5610164600150256,37
1.6409847107940982,False,20,2.336657095153303,-0.695672384359205,37
1.8701607220283791,False,21,1.6409847107940982,0.22917601123428089,37
2.264580888614856,False,22,1.8701607220283791,0.39442016658647683,37
1.5991811436432366,False,23,2.264580888614856,-0.6653997449716194,37
2.0133627094429163,False,24,1.5991811436432366,0.4141815657996797,37
1.6454702694829315,False,25,2.0133627094429163,-0.3678924399599848,37
2.4689227486773824,False,26,1.6454702694829315,0.8234524791944509,37
1.857163993843079,False,27,2.4689227486773824,-0.6117587548343033,37
2.0193255080154175,False,28,1.857163993843079,0.16216151417233848,37
1.8287947571213983,False,29,2.0193255080154175,-0.19053075089401927,37
2.0925621817290554,False,30,1.8287947571213983,0.2637674246076571,37
1.9194113274429894,False,31,2.0925621817290554,-0.17315085428606602,37
2.479116043039535,False,32,1.9194113274429894,0.5597047155965456,37
2.025856328617363,False,33,2.479116043039535,-0.4532597144221717,37
2.4080439450580178,False,34,2.025856328617363,0.3821876164406546,37
2.477305578523756,False,35,2.4080439450580178,0.0692616334657381,37
1.955262991520884,False,36,2.477305578523756,-0.522042587002872,37
1.6562641403566207,False,37,1.955262991520884,-0.29899885116426317,37
1.8061016154609648,False,38,1.6562641403566207,0.1498374751043441,37
2.464283490670547,False,39,1.8061016154609648,0.658181875209582,37
1.998669001533159,False,40,2.464283490670547,-0.4656144891373879,37
2.0736834943282085,False,41,1.998669001533159,0.07501449279504957,37
1.8174423082766746,False,42,2.0736834943282085,-0.2562411860515339,37
1.5173391558829494,False,43,1.8174423082766746,-0.3001031523937252,37
1.631871816928257,False,44,1.5173391558829494,0.11453266104530746,37
2.2875824703597942,False,45,1.631871816928257,0.6557106534315373,37
2.3547529371034233,False,46,2.2875824703597942,0.06717046674362903,37
2.081155043552934,False,47,2.3547529371034233,-0.27359789355048925,37
1.6715574926556998,False,48,2.081155043552934,-0.40959755089723426,37
2.400740679190856,False,49,1.6715574926556998,0.7291831865351561,37
1.799167496557935,False,50,2.400740679190856,-0.6015731826329209,37
1.7787489681086281,False,51,1.799167496557935,-0.020418528449306805,37
1.9759300013542842,False,52,1.7787489681086281,0.19718103324565606,37
2.0873744446755276,False,53,1.9759300013542842,0.11144444332124337,37
1.6608656834280926,False,54,2.0873744446755276,-0.426508761247435,37
2.1101429205166937,False,55,1.6608656834280926,0.4492772370886011,37
2.1903918971068537,False,56,2.1101429205166937,0.08024897659015995,37
1.8828846506675623,False,57,2.1903918971068537,-0.3075072464392914,37
1.8094304891115238,False,58,1.8828846506675623,-0.07345416155603846,37
2.4335059644854216,False,59,1.8094304891115238,0.6240754753738977,37
1.8471658321361768,False,60,2.4335059644854216,-0.5863401323492448,37
1.752416837442955,False,61,1.8471658321361768,-0.09474899469322184,37
2.2339081287400466,False,62,1.752416837442955,0.4814912912970917,37
1.7599556743816027,False,63,2.2339081287400466,-0.4739524543584439,37
2.4754361381747114,False,64,1.7599556743816027,0.7154804637931087,37
1.823401655045834,False,65,2.4754361381747114,-0.6520344831288774,37
1.7201126612506805,False,66,1.823401655045834,-0.10328899379515355,37
1.813995561954668,False,67,1.7201126612506805,0.09388290070398742,37
2.3522519393502144,False,68,1.813995561954668,0.5382563773955464,37
1.6425437954678412,False,69,2.3522519393502144,-0.7097081438823731,37
1.962752431221816,False,70,1.6425437954678412,0.32020863575397485,37
1.6368865090371394,False,71,1.962752431221816,-0.3258659221846767,37
1.6228125992595892,False,72,1.6368865090371394,-0.014073909777550186,37
2.2775013974919296,False,73,1.6228125992595892,0.6546887982323404,37
2.3784509730212413,False,74,2.2775013974919296,0.10094957552931172,37
1.798532401507873,False,75,2.3784509730212413,-0.5799185715133683,37
1.5482483279549335,False,76,1.798532401507873,-0.25028407355293947,37
2.0929656919686117,False,77,1.5482483279549335,0.5447173640136782,37
2.102029277214813,False,78,2.0929656919686117,0.0090635852462011,37
1.5001113177375032,False,79,2.102029277214813,-0.6019179594773096,37
1.5996231693317555,False,80,1.5001113177375032,0.09951185159425235,37
2.4286293404579022,False,81,1.5996231693317555,0.8290061711261467,37
1.8521404347242094,False,82,2.4286293404579022,-0.5764889057336928,37
1.5620822862634038,False,83,1.8521404347242094,-0.2900581484608056,37
1.9919091165170626,False,84,1.5620822862634038,0.42982683025365875,37
2.4922266301119507,False,85,1.9919091165170626,0.5003175135948881,37
1.9833894033934134,False,86,2.4922266301119507,-0.5088372267185373,37
1.8656090639820313,False,87,1.9833894033934134,-0.1177803394113821,37
2.4241741993967025,False,88,1.8656090639820313,0.5585651354146712,37
1.6967829182728922,False,89,2.4241741993967025,-0.7273912811238104,37
1.7192165222488767,False,90,1.6967829182728922,0.022433603975984484,37
1.5172468404134456,False,91,1.7192165222488767,-0.20196968183543107,37
2.083993305034053,False,92,1.5172468404134456,0.5667464646206075,37
1.6886008724842472,False,93,2.083993305034053,-0.39539243254980594,37
2.241956404228634,False,94,1.6886008724842472,0.553355531744387,37
2.3205446332679966,False,95,2.241956404228634,0.07858822903936247,37
2.416702754635805,False,96,2.3205446332679966,0.09615812136780821,37
2.4163900649220857,False,97,2.416702754635805,-0.00031268971371911647,37
1.5599807258411575,False,98,2.4163900649220857,-0.8564093390809282,37
2.2496969091020507,False,99,1.5599807258411575,0.6897161832608931,37
2.290199854262483,True,100,2.2496969091020507,0.04050294516043218,37
2.5942082974103613,True,101,2.290199854262483,0.30400844314787845,37
2.9271183470528253,True,102,2.5942082974103613,0.33291004964246396,37
3.2071573719187434,True,103,2.9271183470528253,0.28003902486591814,37
3.3558388649386206,True,104,3.2071573719187434,0.1486814930198772,37
3.688320952111678,True,105,3.3558388649386206,0.3324820871730574,37
3.9992462545484395,True,106,3.688320952111678,0.31092530243676153,37
4.190453199070393,True,107,3.9992462545484395,0.1912069445219533,37
4.424679422311337,True,108,4.190453199070393,0.23422622324094444,37
4.824074837430475,True,109,4.424679422311337,0.39939541511913745,37
5.16380533817634,True,110,4.824074837430475,0.3397305007458655,37
5.370141884313859,True,111,5.16380533817634,0.20633654613751862,37
5.555222304207988,True,112,5.370141884313859,0.18508041989412938,37
5.836485919509128,True,113,5.555222304207988,0.28126361530113986,37
6.149537739737128,True,114,5.836485919509128,0.31305182022799993,37
6.413935521354357,True,115,6.149537739737128,0.2643977816172294,37
6.760513645118621,True,116,6.413935521354357,0.3465781237642638,37
7.012623549731138,True,117,6.760513645118621,0.25210990461251725,37
7.470325545402522,True,118,7.012623549731138,0.4577019956713837,37
7.636138433613375,True,119,7.470325545402522,0.16581288821085316,37
7.980084965109644,True,120,7.636138433613375,0.3439465314962691,37
8.13659744831213,True,121,7.980084965109644,0.15651248320248623,37
8.513160956220428,True,122,8.13659744831213,0.3765635079082976,37
8.739339320839012,True,123,8.513160956220428,0.22617836461858332,37
9.153180419384977,True,124,8.739339320839012,0.41384109854596574,37
9.297853902252307,True,125,9.153180419384977,0.14467348286732928,37
9.563101227682813,True,126,9.297853902252307,0.2652473254305061,37
9.908993420481995,True,127,9.563101227682813,0.34589219279918204,37
10.17580041801004,True,128,9.908993420481995,0.26680699752804493,37
10.443311449079129,True,129,10.17580041801004,0.26751103106908936,37
10.841035339046885,True,130,10.443311449079129,0.39772388996775554,37
11.106638192546862,True,131,10.841035339046885,0.2656028534999777,37
11.338765128178194,True,132,11.106638192546862,0.23212693563133158,37
11.67094321523103,True,133,11.338765128178194,0.3321780870528368,37
11.961782389050544,True,134,11.67094321523103,0.2908391738195135,37
12.134321372640862,True,135,11.961782389050544,0.17253898359031794,37
12.439667176540306,True,136,12.134321372640862,0.3053458038994439,37
12.763432480615576,True,137,12.439667176540306,0.3237653040752697,37
13.044459089343952,True,138,12.763432480615576,0.2810266087283768,37
13.200634183855747,True,139,13.044459089343952,0.156175094511795,37
13.558312959733584,True,140,13.200634183855747,0.3576787758778366,37
13.869016784182607,True,141,13.558312959733584,0.310703824449023,37
14.21715361236051,True,142,13.869016784182607,0.34813682817790337,37
14.435852916403512,True,143,14.21715361236051,0.21869930404300142,37
14.754423468441237,True,144,14.435852916403512,0.3185705520377251,37
15.027213702624874,True,145,14.754423468441237,0.27279023418363657,37
15.390314960397477,True,146,15.027213702624874,0.3631012577726036,37
15.48746890950936,True,147,15.390314960397477,0.09715394911188291,37
15.923791307303125,True,148,15.48746890950936,0.4363223977937647,37
16.205058658018746,True,149,15.923791307303125,0.2812673507156216,37
16.388582453710303,True,150,16.205058658018746,0.1835237956915563,37
16.700344430873418,True,151,16.388582453710303,0.3117619771631155,37
16.929998064311828,True,152,16.700344430873418,0.22965363343841005,37
17.31677229764542,True,153,16.929998064311828,0.3867742333335933,37
17.521924099720945,True,154,17.31677229764542,0.2051518020755232,37
17.846661661797054,True,155,17.521924099720945,0.32473756207610904,37
18.16110733748729,True,156,17.846661661797054,0.3144456756902372,37
18.40323549356151,True,157,18.16110733748729,0.24212815607421945,37
18.64284335867077,True,158,18.40323549356151,0.23960786510926013,37
19.05345791886116,True,159,18.64284335867077,0.410614560190389,37
19.2354204753075,True,160,19.05345791886116,0.18196255644634007,37
19.542477419496617,True,161,19.2354204753075,0.30705694418911733,37
19.84641196280682,True,162,19.542477419496617,0.3039345433102021,37
20.0,False,163,19.84641196280682,0.15358803719318104,37
20.0,False,164,20.0,0.0,37
20.0,False,165,20.0,0.0,37
20.0,False,166,20.0,0.0,37
20.0,False,167,20.0,0.0,37
20.0,False,168,20.0,0.0,37
20.0,False,169,20.0,0.0,37
20.0,False,170,20.0,0.0,37
20.0,False,171,20.0,0.0,37
20.0,False,172,20.0,0.0,37
20.0,False,173,20.0,0.0,37
20.0,False,174,20.0,0.0,37
20.0,False,175,20.0,0.0,37
20.0,False,176,20.0,0.0,37
20.0,False,177,20.0,0.0,37
20.0,False,178,20.0,0.0,37
20.0,False,179,20.0,0.0,37
20.0,False,180,20.0,0.0,37
20.0,False,181,20.0,0.0,37
20.0,False,182,20.0,0.0,37
20.0,False,183,20.0,0.0,37
20.0,False,184,20.0,0.0,37
20.0,False,185,20.0,0.0,37
20.0,False,186,20.0,0.0,37
20.0,False,187,20.0,0.0,37
20.0,False,188,20.0,0.0,37
20.0,False,189,20.0,0.0,37
20.0,False,190,20.0,0.0,37
20.0,False,191,20.0,0.0,37
20.0,False,192,20.0,0.0,37
20.0,False,193,20.0,0.0,37
20.0,False,194,20.0,0.0,37
20.0,False,195,20.0,0.0,37
20.0,False,196,20.0,0.0,37
20.0,False,197,20.0,0.0,37
20.0,False,198,20.0,0.0,37
20.0,False,199,20.0,0.0,37
20.0,False,200,20.0,0.0,37
19.981541179696134,False,201,20.0,-0.018458820303866474,37
19.93387519349407,False,202,19.981541179696134,-0.04766598620206253,37
19.967333570517912,False,203,19.93387519349407,0.033458377023841024,37
20.0,False,204,19.967333570517912,0.03266642948208798,37
20.0,False,205,20.0,0.0,37
20.0,False,206,20.0,0.0,37
19.91728746276048,False,207,20.0,-0.08271253723951943,37
20.0,False,208,19.91728746276048,0.08271253723951943,37
19.92126150796203,False,209,20.0,-0.07873849203797079,37
20.0,False,210,19.92126150796203,0.07873849203797079,37
19.907187345873798,False,211,20.0,-0.09281265412620243,37
19.965797004799228,False,212,19.907187345873798,0.05860965892543035,37
19.999197003902644,False,213,19.965797004799228,0.03339999910341618,37
20.0,False,214,19.999197003902644,0.0008029960973559014,37
20.0,False,215,20.0,0.0,37
19.935179980584497,False,216,20.0,-0.06482001941550308,37
19.933322774084928,False,217,19.935179980584497,-0.0018572064995687754,37
20.0,False,218,19.933322774084928,0.06667722591507186,37
19.936394247008405,False,219,20.0,-0.06360575299159521,37
20.0,False,220,19.936394247008405,0.06360575299159521,37
20.0,False,221,20.0,0.0,37
19.984738176324157,False,222,20.0,-0.015261823675842834,37
20.0,False,223,19.984738176324157,0.015261823675842834,37
19.953760070448354,False,224,20.0,-0.04623992955164624,37
19.976492606691533,False,225,19.953760070448354,0.02273253624317917,37
19.979718531548066,False,226,19.976492606691533,0.003225924856533169,37
19.97811219707949,False,227,19.979718531548066,-0.001606334468576165,37
20.0,False,228,19.97811219707949,0.02188780292051007,37
20.0,False,229,20.0,0.0,37
19.984512196771547,False,230,20.0,-0.01548780322845289,37
20.0,False,231,19.984512196771547,0.01548780322845289,37
19.945042049402282,False,232,20.0,-0.0549579505977178,37
20.0,False,233,19.945042049402282,0.0549579505977178,37
19.91433862095046,False,234,20.0,-0.08566137904954019,37
20.0,False,235,19.91433862095046,0.08566137904954019,37
20.0,False,236,20.0,0.0,37
19.95985517521658,False,237,20.0,-0.04014482478342174,37
20.0,False,238,19.95985517521658,0.04014482478342174,37
19.904919545688326,False,239,20.0,-0.09508045431167389,37
19.944939539695305,False,240,19.904919545688326,0.040019994006978976,37
20.0,False,241,19.944939539695305,0.055060460304694914,37
20.0,False,242,20.0,0.0,37
19.900535396894107,False,243,20.0,-0.09946460310589345,37
20.0,False,244,19.900535396894107,0.09946460310589345,37
19.94581520998761,False,245,20.0,-0.05418479001238907,37
20.0,False,246,19.94581520998761,0.05418479001238907,37
20.0,False,247,20.0,0.0,37
20.0,False,248,20.0,0.0,37
19.95229579077604,False,249,20.0,-0.04770420922395857,37
19.918689363612593,False,250,19.95229579077604,-0.033606427163448416,37
20.0,False,251,19.918689363612593,0.08131063638740699,37
20.0,False,252,20.0,0.0,37
20.0,False,253,20.0,0.0,37
19.99793425751737,False,254,20.0,-0.0020657424826282522,37
19.923772757339187,False,255,19.99793425751737,-0.07416150017818524,37
20.0,False,256,19.923772757339187,0.07622724266081349,37
20.0,False,257,20.0,0.0,37
20.0,False,258,20.0,0.0,37
19.907829979821884,False,259,20.0,-0.09217002017811637,37
20.0,False,260,19.907829979821884,0.09217002017811637,37
20.0,False,261,20.0,0.0,37
20.0,False,262,20.0,0.0,37
20.0,False,263,20.0,0.0,37
20.0,False,264,20.0,0.0,37
20.0,False,265,20.0,0.0,37
20.0,False,266,20.0,0.0,37
19.93880406817247,False,267,20.0,-0.06119593182753036,37
20.0,False,268,19.93880406817247,0.06119593182753036,37
20.0,False,269,20.0,0.0,37
19.971479145129834,False,270,20.0,-0.02852085487016609,37
20.0,False,271,19.971479145129834,0.02852085487016609,37
20.0,False,272,20.0,0.0,37
20.0,False,273,20.0,0.0,37
19.96464681303028,False,274,20.0,-0.035353186969718564,37
20.0,False,275,19.96464681303028,0.035353186969718564,37
20.0,False,276,20.0,0.0,37
20.0,False,277,20.0,0.0,37
20.0,False,278,20.0,0.0,37
19.967856881717676,False,279,20.0,-0.03214311828232397,37
19.905191189734367,False,280,19.967856881717676,-0.06266569198330885,37
20.0,False,281,19.905191189734367,0.09480881026563281,37
20.0,False,282,20.0,0.0,37
20.0,False,283,20.0,0.0,37
20.0,False,284,20.0,0.0,37
19.922085429189128,False,285,20.0,-0.07791457081087216,37
19.903293052335954,False,286,19.922085429189128,-0.01879237685317392,37
20.0,False,287,19.903293052335954,0.09670694766404608,37
19.995361938782978,False,288,20.0,-0.004638061217022482,37
19.983920099969943,False,289,19.995361938782978,-0.011441838813034622,37
19.99676782396423,False,290,19.983920099969943,0.012847723994287463,37
20.0,False,291,19.99676782396423,0.0032321760357696405,37
19.97913337280424,False,292,20.0,-0.02086662719575827,37
20.0,False,293,19.97913337280424,0.02086662719575827,37
19.915527644809895,False,294,20.0,-0.08447235519010476,37
20.0,False,295,19.915527644809895,0.08447235519010476,37
20.0,False,296,20.0,0.0,37
19.980009016189648,False,297,20.0,-0.019990983810352247,37
19.941329213464893,False,298,19.980009016189648,-0.03867980272475435,37
19.95415765916699,False,299,19.941329213464893,0.012828445702098179,37
2.4710779506362917,False,0,0.0,0.0,38
2.4647895816767385,False,1,2.4710779506362917,-0.006288368959553203,38
2.4092890059153103,False,2,2.4647895816767385,-0.055500575761428195,38
2.2031089530477757,False,3,2.4092890059153103,-0.2061800528675346,38
2.353234856242597,False,4,2.2031089530477757,0.15012590319482122,38
2.342758122764092,False,5,2.353234856242597,-0.010476733478504752,38
2.0690565211104515,False,6,2.342758122764092,-0.27370160165364066,38
1.9011740315305214,False,7,2.0690565211104515,-0.16788248957993002,38
2.4570042891749964,False,8,1.9011740315305214,0.5558302576444749,38
1.9135185361548988,False,9,2.4570042891749964,-0.5434857530200976,38
2.389674897764058,False,10,1.9135185361548988,0.4761563616091593,38
2.4741343807834557,False,11,2.389674897764058,0.08445948301939765,38
2.2237800073837484,False,12,2.4741343807834557,-0.25035437339970734,38
1.844617582378566,False,13,2.2237800073837484,-0.3791624250051824,38
2.415175790163684,False,14,1.844617582378566,0.5705582077851179,38
1.5941572793871683,False,15,2.415175790163684,-0.8210185107765156,38
2.2285020801549513,False,16,1.5941572793871683,0.634344800767783,38
1.856513811553513,False,17,2.2285020801549513,-0.3719882686014384,38
1.7265133499384309,False,18,1.856513811553513,-0.13000046161508205,38
2.4374019499804698,False,19,1.7265133499384309,0.7108886000420389,38
2.1594644064475457,False,20,2.4374019499804698,-0.2779375435329241,38
2.146984914610114,False,21,2.1594644064475457,-0.012479491837431578,38
1.7031683090691145,False,22,2.146984914610114,-0.44381660554099955,38
1.742057461395353,False,23,1.7031683090691145,0.03888915232623846,38
2.3873810428954174,False,24,1.742057461395353,0.6453235815000644,38
1.8451856718310706,False,25,2.3873810428954174,-0.5421953710643468,38
2.3537366501120602,False,26,1.8451856718310706,0.5085509782809896,38
1.6928859624694168,False,27,2.3537366501120602,-0.6608506876426434,38
2.0188583850084294,False,28,1.6928859624694168,0.3259724225390126,38
2.2369594270234794,False,29,2.0188583850084294,0.21810104201504998,38
1.9334776164835572,False,30,2.2369594270234794,-0.3034818105399222,38
2.25078641667368,False,31,1.9334776164835572,0.317308800190123,38
1.8865580910477378,False,32,2.25078641667368,-0.36422832562594243,38
1.5901810012625073,False,33,1.8865580910477378,-0.2963770897852305,38
2.374593701451231,False,34,1.5901810012625073,0.7844127001887236,38
2.1403414431809917,False,35,2.374593701451231,-0.2342522582702391,38
1.599225839332079,False,36,2.1403414431809917,-0.5411156038489127,38
2.4366495110609425,False,37,1.599225839332079,0.8374236717288635,38
2.2331684925362674,False,38,2.4366495110609425,-0.20348101852467515,38
2.496116303192543,False,39,2.2331684925362674,0.2629478106562755,38
1.585208853604661,False,40,2.496116303192543,-0.910907449587882,38
2.295632043564729,False,41,1.585208853604661,0.7104231899600681,38
2.0448713673990517,False,42,2.295632043564729,-0.2507606761656773,38
1.673781298851148,False,43,2.0448713673990517,-0.3710900685479037,38
1.9260973712217775,False,44,1.673781298851148,0.2523160723706295,38
1.7501099593865763,False,45,1.9260973712217775,-0.17598741183520117,38
2.313253428282869,False,46,1.7501099593865763,0.5631434688962929,38
1.6939940737199894,False,47,2.313253428282869,-0.6192593545628797,38
1.7077141346788622,False,48,1.6939940737199894,0.013720060958872793,38
2.1892464689790505,False,49,1.7077141346788622,0.48153233430018827,38
1.7585742733981398,False,50,2.1892464689790505,-0.43067219558091074,38
1.6386483989685316,False,51,1.7585742733981398,-0.11992587442960811,38
1.977624007365046,False,52,1.6386483989685316,0.3389756083965143,38
1.532203171988955,False,53,1.977624007365046,-0.4454208353760909,38
2.4839836250740617,False,54,1.532203171988955,0.9517804530851066,38
2.4863787917203797,False,55,2.4839836250740617,0.0023951666463180032,38
2.0263122398332807,False,56,2.4863787917203797,-0.460066551887099,38
1.6232725432678081,False,57,2.0263122398332807,-0.40303969656547256,38
2.4061559073439533,False,58,1.6232725432678081,0.7828833640761452,38
1.8299682253665563,False,59,2.4061559073439533,-0.576187681977397,38
2.3544751579606,False,60,1.8299682253665563,0.5245069325940437,38
2.09337394538361,False,61,2.3544751579606,-0.2611012125769898,38
1.645838009086281,False,62,2.09337394538361,-0.44753593629732924,38
2.2339786534292534,False,63,1.645838009086281,0.5881406443429724,38
2.3434750928020938,False,64,2.2339786534292534,0.10949643937284037,38
1.6271187423014601,False,65,2.3434750928020938,-0.7163563505006336,38
2.4747953429323983,False,66,1.6271187423014601,0.8476766006309382,38
1.9213851740030874,False,67,2.4747953429323983,-0.5534101689293109,38
1.5909749285092347,False,68,1.9213851740030874,-0.3304102454938527,38
2.3498867359745836,False,69,1.5909749285092347,0.7589118074653489,38
2.2707928090856306,False,70,2.3498867359745836,-0.079093926888953,38
2.327792304945058,False,71,2.2707928090856306,0.05699949585942754,38
1.686289080249478,False,72,2.327792304945058,-0.6415032246955801,38
1.8425316179289335,False,73,1.686289080249478,0.1562425376794554,38
2.3677733415423443,False,74,1.8425316179289335,0.5252417236134108,38
2.34924595482954,False,75,2.3677733415423443,-0.018527386712804184,38
1.6413275958307727,False,76,2.34924595482954,-0.7079183589987674,38
1.9796339718642733,False,77,1.6413275958307727,0.33830637603350056,38
1.9825548539353957,False,78,1.9796339718642733,0.0029208820711223993,38
1.992987529368447,False,79,1.9825548539353957,0.010432675433051264,38
2.049889103372639,False,80,1.992987529368447,0.05690157400419227,38
1.5248914299287084,False,81,2.049889103372639,-0.5249976734439308,38
2.2220030046447334,False,82,1.5248914299287084,0.697111574716025,38
1.5524673745650865,False,83,2.2220030046447334,-0.6695356300796469,38
1.7244549258098711,False,84,1.5524673745650865,0.1719875512447846,38
1.9315277294962374,False,85,1.7244549258098711,0.20707280368636627,38
2.3852907922261357,False,86,1.9315277294962374,0.4537630627298983,38
2.000846554252553,False,87,2.3852907922261357,-0.38444423797358285,38
2.4960443420458738,False,88,2.000846554252553,0.4951977877933209,38
2.1663789790246213,False,89,2.4960443420458738,-0.3296653630212525,38
1.735710736208129,False,90,2.1663789790246213,-0.4306682428164923,38
2.1073899289693,False,91,1.735710736208129,0.3716791927611711,38
1.5600862988715694,False,92,2.1073899289693,-0.5473036300977308,38
2.2640591128500125,False,93,1.5600862988715694,0.7039728139784431,38
2.286505201884371,False,94,2.2640591128500125,0.02244608903435852,38
2.2111218668970394,False,95,2.286505201884371,-0.07538333498733163,38
2.20824137101368,False,96,2.2111218668970394,-0.0028804958833594796,38
2.2737451757016807,False,97,2.20824137101368,0.06550380468800077,38
2.0541761949499433,False,98,2.2737451757016807,-0.21956898075173736,38
2.408231961303693,False,99,2.0541761949499433,0.3540557663537496,38
2.131590072983892,True,100,2.408231961303693,-0.27664188831980097,38
2.128341577366922,True,101,2.131590072983892,-0.0032484956169698265,38
2.335181808984698,True,102,2.128341577366922,0.20684023161777576,38
2.3677844367504246,True,103,2.335181808984698,0.032602627765726755,38
2.5334145760641755,True,104,2.3677844367504246,0.16563013931375092,38
2.475277432391361,True,105,2.5334145760641755,-0.05813714367281442,38
2.6723641641142315,True,106,2.475277432391361,0.1970867317228704,38
2.6300964456827445,True,107,2.6723641641142315,-0.04226771843148702,38
2.824367272739282,True,108,2.6300964456827445,0.19427082705653742,38
2.7954716211289377,True,109,2.824367272739282,-0.028895651610344242,38
2.9317092376514107,True,110,2.7954716211289377,0.13623761652247302,38
2.9965220829013828,True,111,2.9317092376514107,0.0648128452499721,38
3.1361639616714845,True,112,2.9965220829013828,0.1396418787701017,38
3.3025350121923944,True,113,3.1361639616714845,0.16637105052090995,38
3.2344374226251125,True,114,3.3025350121923944,-0.06809758956728196,38
3.5114951219911497,True,115,3.2344374226251125,0.2770576993660372,38
3.471890731299034,True,116,3.5114951219911497,-0.03960439069211574,38
3.6204690101508734,True,117,3.471890731299034,0.1485782788518395,38
3.64073087103476,True,118,3.6204690101508734,0.020261860883886484,38
3.778856310227976,True,119,3.64073087103476,0.13812543919321607,38
3.931264011593519,True,120,3.778856310227976,0.15240770136554316,38
4.004286334822733,True,121,3.931264011593519,0.07302232322921354,38
3.985727217335412,True,122,4.004286334822733,-0.01855911748732053,38
4.211112042183782,True,123,3.985727217335412,0.22538482484836964,38
4.327089309893979,True,124,4.211112042183782,0.11597726771019712,38
4.414168924825487,True,125,4.327089309893979,0.08707961493150851,38
4.454339346113982,True,126,4.414168924825487,0.04017042128849457,38
4.439741195715439,True,127,4.454339346113982,-0.014598150398542842,38
4.682318973741059,True,128,4.439741195715439,0.24257777802561975,38
4.62365332197034,True,129,4.682318973741059,-0.058665651770718696,38
4.6758233060829175,True,130,4.62365332197034,0.05216998411257734,38
4.861028386907884,True,131,4.6758233060829175,0.18520508082496612,38
4.88408833315372,True,132,4.861028386907884,0.023059946245836294,38
4.987315520092337,True,133,4.88408833315372,0.10322718693861699,38
5.127961319578897,True,134,4.987315520092337,0.14064579948655975,38
5.130200487303292,True,135,5.127961319578897,0.0022391677243955854,38
5.302593785150903,True,136,5.130200487303292,0.17239329784761104,38
5.415901236532985,True,137,5.302593785150903,0.11330745138208176,38
5.392720183528786,True,138,5.415901236532985,-0.02318105300419937,38
5.464469551050783,True,139,5.392720183528786,0.07174936752199734,38
5.565536431289147,True,140,5.464469551050783,0.1010668802383643,38
5.642137161091788,True,141,5.565536431289147,0.07660072980264054,38
5.834741946399654,True,142,5.642137161091788,0.19260478530786607,38
5.899703681529944,True,143,5.834741946399654,0.06496173513029024,38
5.93809872443905,True,144,5.899703681529944,0.038395042909106,38
6.093285204397359,True,145,5.93809872443905,0.15518647995830914,38
6.18376284556382,True,146,6.093285204397359,0.09047764116646029,38
6.374973105324755,True,147,6.18376284556382,0.1912102597609353,38
6.30643151916203,True,148,6.374973105324755,-0.06854158616272521,38
6.384594653701895,True,149,6.30643151916203,0.07816313453986545,38
6.5749303464942255,True,150,6.384594653701895,0.1903356927923303,38
6.606632472298,True,151,6.5749303464942255,0.03170212580377463,38
6.6936263878538025,True,152,6.606632472298,0.08699391555580238,38
6.729601947325458,True,153,6.6936263878538025,0.035975559471655316,38
6.899178854801922,True,154,6.729601947325458,0.16957690747646392,38
6.992046206040683,True,155,6.899178854801922,0.09286735123876166,38
7.07646794604459,True,156,6.992046206040683,0.0844217400039069,38
7.226047899037596,True,157,7.07646794604459,0.14957995299300553,38
7.157187061502007,True,158,7.226047899037596,-0.06886083753558925,38
7.436230251968351,True,159,7.157187061502007,0.2790431904663446,38
7.4818215355141415,True,160,7.436230251968351,0.04559128354579034,38
7.587602054599538,True,161,7.4818215355141415,0.10578051908539621,38
7.598418420089912,True,162,7.587602054599538,0.010816365490374125,38
7.670020018542523,True,163,7.598418420089912,0.07160159845261127,38
7.841296746190121,True,164,7.670020018542523,0.17127672764759794,38
7.824355753846978,True,165,7.841296746190121,-0.016940992343142725,38
7.951146096384687,True,166,7.824355753846978,0.12679034253770904,38
8.202429946502296,True,167,7.951146096384687,0.25128385011760823,38
8.101084575608006,True,168,8.202429946502296,-0.10134537089428974,38
8.222219467737276,True,169,8.101084575608006,0.12113489212926964,38
8.456862963178159,True,170,8.222219467737276,0.23464349544088314,38
8.49742755246865,True,171,8.456862963178159,0.04056458929049178,38
8.62775550680478,True,172,8.49742755246865,0.13032795433612954,38
8.63069104623598,True,173,8.62775550680478,0.0029355394311991745,38
8.671027142721654,True,174,8.63069104623598,0.04033609648567449,38
8.722695883892516,True,175,8.671027142721654,0.05166874117086273,38
8.80259863787704,True,176,8.722695883892516,0.0799027539845234,38
8.964950570026751,True,177,8.80259863787704,0.16235193214971133,38
9.162338115437832,True,178,8.964950570026751,0.19738754541108072,38
9.252240083600494,True,179,9.162338115437832,0.08990196816266227,38
9.317663101766527,True,180,9.252240083600494,0.06542301816603313,38
9.404839106180612,True,181,9.317663101766527,0.08717600441408457,38
9.474482530115209,True,182,9.404839106180612,0.06964342393459688,38
9.53254648901681,True,183,9.474482530115209,0.05806395890160054,38
9.64737886899872,True,184,9.53254648901681,0.11483237998191065,38
9.739423709368966,True,185,9.64737886899872,0.09204484037024585,38
9.768424943581111,True,186,9.739423709368966,0.029001234212145732,38
9.933578058921636,True,187,9.768424943581111,0.1651531153405248,38
9.965794632533614,True,188,9.933578058921636,0.032216573611977495,38
10.09462263660407,True,189,9.965794632533614,0.12882800407045636,38
10.218843977527783,True,190,10.09462263660407,0.12422134092371273,38
10.271089893174562,True,191,10.218843977527783,0.05224591564677894,38
10.298982982208022,True,192,10.271089893174562,0.027893089033460328,38
10.350086601462632,True,193,10.298982982208022,0.05110361925460971,38
10.493304190433005,True,194,10.350086601462632,0.14321758897037284,38
10.544762493828237,True,195,10.493304190433005,0.05145830339523272,38
10.786712223199798,True,196,10.544762493828237,0.24194972937156045,38
10.839330971494395,True,197,10.786712223199798,0.052618748294596784,38
10.89794101425333,True,198,10.839330971494395,0.058610042758935776,38
10.928212685680299,True,199,10.89794101425333,0.030271671426968183,38
11.022395483598611,False,200,10.928212685680299,0.09418279791831274,38
11.016296429352725,False,201,11.022395483598611,-0.006099054245886748,38
11.025244094148956,False,202,11.016296429352725,0.008947664796231436,38
10.936490070641428,False,203,11.025244094148956,-0.08875402350752815,38
10.941213969624059,False,204,10.936490070641428,0.004723898982630814,38
10.899556834213898,False,205,10.941213969624059,-0.04165713541016025,38
10.92685080206183,False,206,10.899556834213898,0.02729396784793181,38
10.896955802566051,False,207,10.92685080206183,-0.029894999495779118,38
10.934056475814186,False,208,10.896955802566051,0.03710067324813515,38
10.998367118229707,False,209,10.934056475814186,0.06431064241552065,38
10.9674963317065,False,210,10.998367118229707,-0.030870786523207627,38
10.974567929316597,False,211,10.9674963317065,0.007071597610098124,38
11.025896909230996,False,212,10.974567929316597,0.05132897991439833,38
11.038041708037172,False,213,11.025896909230996,0.012144798806176027,38
10.881039624177946,False,214,11.038041708037172,-0.15700208385922565,38
10.921585807398122,False,215,10.881039624177946,0.04054618322017589,38
10.938892478889247,False,216,10.921585807398122,0.017306671491125414,38
10.984196979082862,False,217,10.938892478889247,0.04530450019361432,38
11.00197360453516,False,218,10.984196979082862,0.017776625452297523,38
10.954117404525038,False,219,11.00197360453516,-0.0478562000101217,38
11.015803822742944,False,220,10.954117404525038,0.061686418217906436,38
10.883527830233959,False,221,11.015803822742944,-0.13227599250898514,38
11.029209101796907,False,222,10.883527830233959,0.14568127156294786,38
11.029865520830954,False,223,11.029209101796907,0.0006564190340476728,38
10.983145647901429,False,224,11.029865520830954,-0.04671987292952551,38
11.040056538837097,False,225,10.983145647901429,0.05691089093566859,38
10.859292938643396,False,226,11.040056538837097,-0.18076360019370163,38
11.002439725511477,False,227,10.859292938643396,0.14314678686808158,38
10.859778145414644,False,228,11.002439725511477,-0.14266158009683316,38
11.026177910189364,False,229,10.859778145414644,0.16639976477472018,38
10.959403375800145,False,230,11.026177910189364,-0.06677453438921965,38
11.008298633640008,False,231,10.959403375800145,0.04889525783986315,38
11.017879081920432,False,232,11.008298633640008,0.009580448280424037,38
10.959456065812834,False,233,11.017879081920432,-0.05842301610759826,38
11.02217434614011,False,234,10.959456065812834,0.06271828032727633,38
10.986767892074969,False,235,11.02217434614011,-0.03540645406514109,38
10.929388253373764,False,236,10.986767892074969,-0.05737963870120488,38
10.901641778349344,False,237,10.929388253373764,-0.027746475024420292,38
11.040918720503093,False,238,10.901641778349344,0.13927694215374942,38
10.981361733841151,False,239,11.040918720503093,-0.05955698666194209,38
10.877071089469975,False,240,10.981361733841151,-0.10429064437117574,38
10.998251252738172,False,241,10.877071089469975,0.12118016326819614,38
10.877866623530693,False,242,10.998251252738172,-0.12038462920747861,38
10.983747635830282,False,243,10.877866623530693,0.10588101229958902,38
10.945459985872246,False,244,10.983747635830282,-0.03828764995803624,38
10.86610982584493,False,245,10.945459985872246,-0.07935016002731565,38
10.919911833740375,False,246,10.86610982584493,0.053802007895445314,38
10.91814406532008,False,247,10.919911833740375,-0.001767768420295468,38
10.878526983741768,False,248,10.91814406532008,-0.0396170815783119,38
10.870423255499755,False,249,10.878526983741768,-0.008103728242012664,38
10.869992327987987,False,250,10.870423255499755,-0.0004309275117684308,38
11.041554826991698,False,251,10.869992327987987,0.171562499003711,38
11.05044553574214,False,252,11.041554826991698,0.0088907087504424,38
11.035577460274386,False,253,11.05044553574214,-0.014868075467754593,38
10.874217532139449,False,254,11.035577460274386,-0.16135992813493694,38
10.956384509650722,False,255,10.874217532139449,0.08216697751127278,38
10.918910353735606,False,256,10.956384509650722,-0.03747415591511505,38
10.976521786476871,False,257,10.918910353735606,0.05761143274126468,38
10.949783879201592,False,258,10.976521786476871,-0.026737907275279582,38
10.977603438833395,False,259,10.949783879201592,0.02781955963180316,38
11.04596986539478,False,260,10.977603438833395,0.06836642656138459,38
11.009794483191309,False,261,11.04596986539478,-0.03617538220347072,38
10.938230098163507,False,262,11.009794483191309,-0.07156438502780205,38
11.013407613945484,False,263,10.938230098163507,0.07517751578197718,38
11.003864578964397,False,264,11.013407613945484,-0.009543034981087217,38
10.868851536172777,False,265,11.003864578964397,-0.13501304279161985,38
11.052364583750702,False,266,10.868851536172777,0.1835130475779252,38
11.013574294402897,False,267,11.052364583750702,-0.03879028934780493,38
11.038362233849062,False,268,11.013574294402897,0.024787939446165197,38
10.872446831557557,False,269,11.038362233849062,-0.16591540229150503,38
11.043583996329263,False,270,10.872446831557557,0.17113716477170549,38
11.02791049858289,False,271,11.043583996329263,-0.015673497746371723,38
10.92597278604233,False,272,11.02791049858289,-0.10193771254056117,38
10.996449968224566,False,273,10.92597278604233,0.07047718218223586,38
11.019044392754882,False,274,10.996449968224566,0.02259442453031646,38
10.983733862060767,False,275,11.019044392754882,-0.03531053069411527,38
10.98614139890899,False,276,10.983733862060767,0.002407536848222591,38
10.932813354948873,False,277,10.98614139890899,-0.053328043960116034,38
10.893465942481535,False,278,10.932813354948873,-0.03934741246733786,38
10.99304545229024,False,279,10.893465942481535,0.099579509808704,38
10.932302431973648,False,280,10.99304545229024,-0.06074302031659151,38
10.866562199864472,False,281,10.932302431973648,-0.06574023210917623,38
11.042189880411904,False,282,10.866562199864472,0.17562768054743216,38
10.959106240893492,False,283,11.042189880411904,-0.0830836395184118,38
10.972202563574065,False,284,10.959106240893492,0.013096322680572925,38
10.94608730551386,False,285,10.972202563574065,-0.026115258060205093,38
11.018854524883787,False,286,10.94608730551386,0.07276721936992736,38
10.907651210900807,False,287,11.018854524883787,-0.11120331398297978,38
10.929804483818335,False,288,10.907651210900807,0.022153272917528,38
10.910546785574844,False,289,10.929804483818335,-0.019257698243491106,38
10.86489125520894,False,290,10.910546785574844,-0.045655530365904085,38
10.962250713613246,False,291,10.86489125520894,0.0973594584043056,38
11.006626784448926,False,292,10.962250713613246,0.04437607083568018,38
10.8976473496507,False,293,11.006626784448926,-0.10897943479822558,38
10.948970461153195,False,294,10.8976473496507,0.051323111502494356,38
10.924695449662586,False,295,10.948970461153195,-0.024275011490608733,38
10.854328247087894,False,296,10.924695449662586,-0.0703672025746922,38
10.921153525323446,False,297,10.854328247087894,0.06682527823555162,38
10.958107636330068,False,298,10.921153525323446,0.03695411100662227,38
10.996192284881932,False,299,10.958107636330068,0.03808464855186422,38
2.3979939416122376,False,0,0.0,0.0,39
1.884046247140052,False,1,2.3979939416122376,-0.5139476944721855,39
2.219409831296584,False,2,1.884046247140052,0.3353635841565321,39
2.381370305103006,False,3,2.219409831296584,0.16196047380642176,39
1.9327285817291922,False,4,2.381370305103006,-0.4486417233738138,39
1.9353455211043245,False,5,1.9327285817291922,0.002616939375132299,39
1.6766315044565592,False,6,1.9353455211043245,-0.2587140166477653,39
1.5158139188247945,False,7,1.6766315044565592,-0.16081758563176463,39
1.6710902375814924,False,8,1.5158139188247945,0.1552763187566979,39
2.131363600933587,False,9,1.6710902375814924,0.46027336335209434,39
1.5138128379964404,False,10,2.131363600933587,-0.6175507629371464,39
2.042672232476479,False,11,1.5138128379964404,0.5288593944800386,39
1.7944549950821234,False,12,2.042672232476479,-0.24821723739435564,39
1.6680026443213687,False,13,1.7944549950821234,-0.12645235076075467,39
1.8497228633657787,False,14,1.6680026443213687,0.18172021904441005,39
1.839581007080521,False,15,1.8497228633657787,-0.010141856285257767,39
2.2394290581172376,False,16,1.839581007080521,0.3998480510367166,39
2.3169173981024764,False,17,2.2394290581172376,0.07748833998523885,39
1.6158649000993557,False,18,2.3169173981024764,-0.7010524980031207,39
2.486280642668522,False,19,1.6158649000993557,0.8704157425691661,39
1.6921606742444042,False,20,2.486280642668522,-0.7941199684241176,39
2.2517645842596257,False,21,1.6921606742444042,0.5596039100152215,39
2.089840025499494,False,22,2.2517645842596257,-0.16192455876013145,39
1.9471662330555588,False,23,2.089840025499494,-0.1426737924439354,39
2.4566772352956643,False,24,1.9471662330555588,0.5095110022401055,39
1.805073400599264,False,25,2.4566772352956643,-0.6516038346964004,39
2.3738425359547053,False,26,1.805073400599264,0.5687691353554414,39
2.4895468434200976,False,27,2.3738425359547053,0.11570430746539229,39
2.349929860924966,False,28,2.4895468434200976,-0.13961698249513166,39
2.0336373834219823,False,29,2.349929860924966,-0.3162924775029836,39
2.10145761577161,False,30,2.0336373834219823,0.06782023234962775,39
2.408760882625995,False,31,2.10145761577161,0.3073032668543849,39
2.1978250085841844,False,32,2.408760882625995,-0.21093587404181058,39
1.5335938556220872,False,33,2.1978250085841844,-0.6642311529620972,39
2.122247225002229,False,34,1.5335938556220872,0.5886533693801419,39
2.1507449520296156,False,35,2.122247225002229,0.02849772702738651,39
1.976635156999404,False,36,2.1507449520296156,-0.1741097950302115,39
1.503798796216453,False,37,1.976635156999404,-0.4728363607829511,39
1.531983453588264,False,38,1.503798796216453,0.028184657371810973,39
1.6264230078604385,False,39,1.531983453588264,0.09443955427217454,39
2.2214718073754893,False,40,1.6264230078604385,0.5950487995150509,39
1.5560608239989848,False,41,2.2214718073754893,-0.6654109833765045,39
2.2485564466458614,False,42,1.5560608239989848,0.6924956226468766,39
2.4382449372546717,False,43,2.2485564466458614,0.18968849060881032,39
1.7555369140008026,False,44,2.4382449372546717,-0.6827080232538691,39
1.9553524413648105,False,45,1.7555369140008026,0.19981552736400787,39
2.372489445699728,False,46,1.9553524413648105,0.4171370043349176,39
2.4013134021545035,False,47,2.372489445699728,0.028823956454775423,39
1.8207608794936387,False,48,2.4013134021545035,-0.5805525226608648,39
1.9421254616534251,False,49,1.8207608794936387,0.1213645821597864,39
1.7992419198157261,False,50,1.9421254616534251,-0.14288354183769902,39
2.384056694152139,False,51,1.7992419198157261,0.5848147743364129,39
1.7143208336501417,False,52,2.384056694152139,-0.6697358605019974,39
1.9445264655348184,False,53,1.7143208336501417,0.2302056318846768,39
2.463129189002125,False,54,1.9445264655348184,0.5186027234673065,39
2.393634707222123,False,55,2.463129189002125,-0.06949448178000184,39
1.8971140445908894,False,56,2.393634707222123,-0.49652066263123373,39
1.8846376690192348,False,57,1.8971140445908894,-0.012476375571654597,39
2.279164791040494,False,58,1.8846376690192348,0.3945271220212594,39
2.014871008624316,False,59,2.279164791040494,-0.2642937824161784,39
1.9492642319210494,False,60,2.014871008624316,-0.06560677670326642,39
2.2864400188921277,False,61,1.9492642319210494,0.3371757869710783,39
2.4199732203980004,False,62,2.2864400188921277,0.13353320150587278,39
1.9157112724314524,False,63,2.4199732203980004,-0.504261947966548,39
1.8558654403228476,False,64,1.9157112724314524,-0.059845832108604835,39
1.6312124573703528,False,65,1.8558654403228476,-0.2246529829524948,39
1.9403586439455496,False,66,1.6312124573703528,0.30914618657519677,39
2.402903422853794,False,67,1.9403586439455496,0.4625447789082444,39
1.5613518544640375,False,68,2.402903422853794,-0.8415515683897565,39
2.035965916556971,False,69,1.5613518544640375,0.47461406209293333,39
2.2252843278758627,False,70,2.035965916556971,0.18931841131889193,39
1.7504078442882873,False,71,2.2252843278758627,-0.4748764835875754,39
2.204364745212854,False,72,1.7504078442882873,0.45395690092456675,39
2.0121337017151926,False,73,2.204364745212854,-0.1922310434976615,39
1.668608568912986,False,74,2.0121337017151926,-0.34352513280220665,39
2.1361671897815593,False,75,1.668608568912986,0.46755862086857336,39
1.981897190126162,False,76,2.1361671897815593,-0.15426999965539734,39
1.566649892488333,False,77,1.981897190126162,-0.41524729763782897,39
2.2241858091336377,False,78,1.566649892488333,0.6575359166453048,39
1.8476351771647155,False,79,2.2241858091336377,-0.37655063196892224,39
2.070250066146298,False,80,1.8476351771647155,0.22261488898158244,39
1.860608087447481,False,81,2.070250066146298,-0.20964197869881684,39
2.43867302133596,False,82,1.860608087447481,0.5780649338884791,39
2.0605751995359656,False,83,2.43867302133596,-0.3780978217999946,39
1.9238965581765786,False,84,2.0605751995359656,-0.136678641359387,39
2.0152930487422083,False,85,1.9238965581765786,0.0913964905656297,39
1.8262645991442432,False,86,2.0152930487422083,-0.18902844959796505,39
2.4922051727073034,False,87,1.8262645991442432,0.6659405735630601,39
2.0077700814741024,False,88,2.4922051727073034,-0.48443509123320094,39
1.6807806078086096,False,89,2.0077700814741024,-0.3269894736654928,39
1.6134495360302137,False,90,1.6807806078086096,-0.06733107177839592,39
2.140760548699487,False,91,1.6134495360302137,0.5273110126692733,39
1.5245461428455285,False,92,2.140760548699487,-0.6162144058539585,39
2.397858450493803,False,93,1.5245461428455285,0.8733123076482745,39
2.0163187015216533,False,94,2.397858450493803,-0.3815397489721497,39
1.7475872057185051,False,95,2.0163187015216533,-0.26873149580314815,39
1.6489885231081503,False,96,1.7475872057185051,-0.09859868261035487,39
2.0521852047644127,False,97,1.6489885231081503,0.40319668165626243,39
1.5310458494047983,False,98,2.0521852047644127,-0.5211393553596144,39
2.1679508930111946,False,99,1.5310458494047983,0.6369050436063963,39
2.1881470573880764,True,100,2.1679508930111946,0.020196164376881764,39
2.5372530864723357,True,101,2.1881470573880764,0.34910602908425936,39
2.84408522178354,True,102,2.5372530864723357,0.30683213531120446,39
3.092750903545744,True,103,2.84408522178354,0.24866568176220394,39
3.364001053485932,True,104,3.092750903545744,0.27125014994018803,39
3.4255389696290237,True,105,3.364001053485932,0.061537916143091564,39
3.733001040760168,True,106,3.4255389696290237,0.3074620711311442,39
3.9546667138887197,True,107,3.733001040760168,0.2216656731285518,39
4.279391148502022,True,108,3.9546667138887197,0.324724434613302,39
4.545500143039581,True,109,4.279391148502022,0.266108994537559,39
4.782078628494972,True,110,4.545500143039581,0.23657848545539117,39
5.05880974375444,True,111,4.782078628494972,0.2767311152594685,39
5.329884967746689,True,112,5.05880974375444,0.2710752239922485,39
5.474990661921762,True,113,5.329884967746689,0.14510569417507302,39
5.700471011060182,True,114,5.474990661921762,0.22548034913842052,39
6.1200868506727,True,115,5.700471011060182,0.4196158396125176,39
6.2454994260801815,True,116,6.1200868506727,0.12541257540748152,39
6.4665374285047825,True,117,6.2454994260801815,0.22103800242460103,39
6.744564446215135,True,118,6.4665374285047825,0.2780270177103521,39
7.102366384131985,True,119,6.744564446215135,0.3578019379168502,39
7.26861599882735,True,120,7.102366384131985,0.16624961469536537,39
7.584222365905777,True,121,7.26861599882735,0.31560636707842704,39
7.742415233908612,True,122,7.584222365905777,0.1581928680028346,39
8.047340278260979,True,123,7.742415233908612,0.304925044352367,39
8.345810633312404,True,124,8.047340278260979,0.2984703550514247,39
8.564185660529281,True,125,8.345810633312404,0.21837502721687763,39
8.955157924927793,True,126,8.564185660529281,0.3909722643985116,39
9.099329057108548,True,127,8.955157924927793,0.14417113218075528,39
9.36918984967661,True,128,9.099329057108548,0.2698607925680623,39
9.628341822085416,True,129,9.36918984967661,0.25915197240880516,39
9.849744967661751,True,130,9.628341822085416,0.22140314557633545,39
10.135639196000435,True,131,9.849744967661751,0.28589422833868383,39
10.508231226622746,True,132,10.135639196000435,0.37259203062231094,39
10.756126941091372,True,133,10.508231226622746,0.24789571446862624,39
11.03102775064324,True,134,10.756126941091372,0.2749008095518679,39
11.28541686598824,True,135,11.03102775064324,0.25438911534500086,39
11.400205821635517,True,136,11.28541686598824,0.11478895564727587,39
11.723110614224236,True,137,11.400205821635517,0.3229047925887194,39
11.877676142655032,True,138,11.723110614224236,0.15456552843079585,39
12.179877493089194,True,139,11.877676142655032,0.30220135043416185,39
12.408858085874085,True,140,12.179877493089194,0.22898059278489136,39
12.73800311849516,True,141,12.408858085874085,0.3291450326210743,39
12.96190358715347,True,142,12.73800311849516,0.22390046865831081,39
13.330258216126898,True,143,12.96190358715347,0.3683546289734281,39
13.576309654084904,True,144,13.330258216126898,0.24605143795800544,39
13.762757731002655,True,145,13.576309654084904,0.18644807691775078,39
14.052413297372372,True,146,13.762757731002655,0.2896555663697171,39
14.27811724571572,True,147,14.052413297372372,0.22570394834334806,39
14.46675371087626,True,148,14.27811724571572,0.1886364651605401,39
14.780288595432989,True,149,14.46675371087626,0.31353488455672895,39
15.07890524560621,True,150,14.780288595432989,0.29861665017322103,39
15.240089894320104,True,151,15.07890524560621,0.1611846487138937,39
15.567857180665772,True,152,15.240089894320104,0.32776728634566865,39
15.880441714246412,True,153,15.567857180665772,0.3125845335806403,39
16.130742396443797,True,154,15.880441714246412,0.2503006821973841,39
16.31447567455285,True,155,16.130742396443797,0.18373327810905238,39
16.49779244415267,True,156,16.31447567455285,0.1833167695998199,39
16.727196528584436,True,157,16.49779244415267,0.22940408443176707,39
17.020069241488958,True,158,16.727196528584436,0.2928727129045221,39
17.36355070254823,True,159,17.020069241488958,0.34348146105927313,39
17.598486771004936,True,160,17.36355070254823,0.23493606845670456,39
17.863675858065342,True,161,17.598486771004936,0.26518908706040634,39
18.092445380051018,True,162,17.863675858065342,0.2287695219856758,39
18.271172780357222,True,163,18.092445380051018,0.1787274003062045,39
18.47328379347605,True,164,18.271172780357222,0.2021110131188273,39
18.776108746911056,True,165,18.47328379347605,0.3028249534350067,39
19.17147548939426,True,166,18.776108746911056,0.3953667424832048,39
19.384859399099483,True,167,19.17147548939426,0.2133839097052217,39
19.569801611124362,True,168,19.384859399099483,0.18494221202487893,39
19.829983809839792,True,169,19.569801611124362,0.26018219871543025,39
19.999466531514113,False,170,19.829983809839792,0.16948272167432066,39
20.0,False,171,19.999466531514113,0.0005334684858873118,39
20.0,False,172,20.0,0.0,39
20.0,False,173,20.0,0.0,39
20.0,False,174,20.0,0.0,39
20.0,False,175,20.0,0.0,39
20.0,False,176,20.0,0.0,39
20.0,False,177,20.0,0.0,39
20.0,False,178,20.0,0.0,39
20.0,False,179,20.0,0.0,39
20.0,False,180,20.0,0.0,39
20.0,False,181,20.0,0.0,39
20.0,False,182,20.0,0.0,39
20.0,False,183,20.0,0.0,39
20.0,False,184,20.0,0.0,39
20.0,False,185,20.0,0.0,39
20.0,False,186,20.0,0.0,39
20.0,False,187,20.0,0.0,39
20.0,False,188,20.0,0.0,39
20.0,False,189,20.0,0.0,39
20.0,False,190,20.0,0.0,39
20.0,False,191,20.0,0.0,39
20.0,False,192,20.0,0.0,39
20.0,False,193,20.0,0.0,39
20.0,False,194,20.0,0.0,39
20.0,False,195,20.0,0.0,39
20.0,False,196,20.0,0.0,39
20.0,False,197,20.0,0.0,39
20.0,False,198,20.0,0.0,39
20.0,False,199,20.0,0.0,39
20.0,False,200,20.0,0.0,39
20.0,False,201,20.0,0.0,39
19.9216487029903,False,202,20.0,-0.0783512970097,39
20.0,False,203,19.9216487029903,0.0783512970097,39
20.0,False,204,20.0,0.0,39
20.0,False,205,20.0,0.0,39
19.983000595739565,False,206,20.0,-0.016999404260435114,39
20.0,False,207,19.983000595739565,0.016999404260435114,39
19.901317185836508,False,208,20.0,-0.09868281416349234,39
19.94301016124227,False,209,19.901317185836508,0.04169297540576267,39
19.95749217202518,False,210,19.94301016124227,0.014482010782909782,39
20.0,False,211,19.95749217202518,0.04250782797481989,39
19.905495223961438,False,212,20.0,-0.094504776038562,39
19.98285578241196,False,213,19.905495223961438,0.07736055845052192,39
19.95194586181323,False,214,19.98285578241196,-0.030909920598730878,39
20.0,False,215,19.95194586181323,0.048054138186770956,39
19.944093620327873,False,216,20.0,-0.05590637967212686,39
19.938830655030596,False,217,19.944093620327873,-0.005262965297276878,39
20.0,False,218,19.938830655030596,0.06116934496940374,39
19.96276759009552,False,219,20.0,-0.037232409904479624,39
19.99834424236324,False,220,19.96276759009552,0.03557665226771789,39
19.94108765021207,False,221,19.99834424236324,-0.05725659215116963,39
20.0,False,222,19.94108765021207,0.05891234978793136,39
20.0,False,223,20.0,0.0,39
19.982385248690928,False,224,20.0,-0.017614751309071863,39
19.987409848278283,False,225,19.982385248690928,0.005024599587354572,39
20.0,False,226,19.987409848278283,0.012590151721717291,39
19.981432908071692,False,227,20.0,-0.018567091928307633,39
20.0,False,228,19.981432908071692,0.018567091928307633,39
20.0,False,229,20.0,0.0,39
20.0,False,230,20.0,0.0,39
19.946564624344717,False,231,20.0,-0.053435375655283224,39
20.0,False,232,19.946564624344717,0.053435375655283224,39
19.91047637332206,False,233,20.0,-0.08952362667794134,39
20.0,False,234,19.91047637332206,0.08952362667794134,39
20.0,False,235,20.0,0.0,39
20.0,False,236,20.0,0.0,39
19.95621019016087,False,237,20.0,-0.04378980983912939,39
19.914947766503513,False,238,19.95621019016087,-0.04126242365735777,39
19.962057339071094,False,239,19.914947766503513,0.04710957256758164,39
20.0,False,240,19.962057339071094,0.037942660928905525,39
19.90608268858498,False,241,20.0,-0.09391731141501936,39
19.99214276861022,False,242,19.90608268858498,0.0860600800252378,39
20.0,False,243,19.99214276861022,0.00785723138978156,39
20.0,False,244,20.0,0.0,39
19.992254475948403,False,245,20.0,-0.007745524051596675,39
19.975986497606165,False,246,19.992254475948403,-0.016267978342238365,39
19.99784061776593,False,247,19.975986497606165,0.021854120159765955,39
19.912222019049338,False,248,19.99784061776593,-0.08561859871659294,39
20.0,False,249,19.912222019049338,0.08777798095066203,39
20.0,False,250,20.0,0.0,39
19.928436738262334,False,251,20.0,-0.07156326173766558,39
19.917297651717675,False,252,19.928436738262334,-0.011139086544659449,39
19.93109313507495,False,253,19.917297651717675,0.013795483357274207,39
19.99648993356455,False,254,19.93109313507495,0.06539679848960134,39
19.902537831986475,False,255,19.99648993356455,-0.09395210157807554,39
19.913948824594655,False,256,19.902537831986475,0.011410992608180237,39
20.0,False,257,19.913948824594655,0.08605117540534479,39
19.965194776896848,False,258,20.0,-0.03480522310315237,39
19.923081872862042,False,259,19.965194776896848,-0.04211290403480561,39
19.908037063444738,False,260,19.923081872862042,-0.01504480941730435,39
19.992709719126463,False,261,19.908037063444738,0.08467265568172522,39
19.986434328820135,False,262,19.992709719126463,-0.006275390306328177,39
19.92023531683941,False,263,19.986434328820135,-0.06619901198072498,39
20.0,False,264,19.92023531683941,0.07976468316059027,39
19.925517410299328,False,265,20.0,-0.07448258970067201,39
19.96655142487611,False,266,19.925517410299328,0.041034014576780464,39
19.992276558049433,False,267,19.96655142487611,0.025725133173324366,39
20.0,False,268,19.992276558049433,0.007723441950567178,39
20.0,False,269,20.0,0.0,39
19.95539997522318,False,270,20.0,-0.04460002477681968,39
20.0,False,271,19.95539997522318,0.04460002477681968,39
19.963766417716503,False,272,20.0,-0.03623358228349716,39
19.981223987538637,False,273,19.963766417716503,0.017457569822134644,39
19.90611317087793,False,274,19.981223987538637,-0.07511081666070751,39
20.0,False,275,19.90611317087793,0.09388682912207003,39
19.982201627915128,False,276,20.0,-0.017798372084872227,39
19.967377670122595,False,277,19.982201627915128,-0.014823957792533093,39
19.926642844841908,False,278,19.967377670122595,-0.04073482528068695,39
20.0,False,279,19.926642844841908,0.07335715515809227,39
19.964943454147395,False,280,20.0,-0.03505654585260487,39
19.919953275717756,False,281,19.964943454147395,-0.04499017842963937,39
19.969912354779378,False,282,19.919953275717756,0.04995907906162245,39
20.0,False,283,19.969912354779378,0.030087645220621795,39
20.0,False,284,20.0,0.0,39
19.996387376370908,False,285,20.0,-0.003612623629091871,39
19.955293878780637,False,286,19.996387376370908,-0.041093497590271255,39
19.936729380450203,False,287,19.955293878780637,-0.018564498330434276,39
20.0,False,288,19.936729380450203,0.0632706195497974,39
20.0,False,289,20.0,0.0,39
20.0,False,290,20.0,0.0,39
19.945735005662677,False,291,20.0,-0.05426499433732346,39
19.948318022405772,False,292,19.945735005662677,0.0025830167430953566,39
19.974613082531597,False,293,19.948318022405772,0.026295060125825387,39
20.0,False,294,19.974613082531597,0.025386917468402714,39
20.0,False,295,20.0,0.0,39
20.0,False,296,20.0,0.0,39
20.0,False,297,20.0,0.0,39
19.914036277374407,False,298,20.0,-0.08596372262559271,39
20.0,False,299,19.914036277374407,0.08596372262559271,39
2.005202266997114,False,0,0.0,0.0,40
1.5991022565842448,False,1,2.005202266997114,-0.40610001041286914,40
1.557911777379887,False,2,1.5991022565842448,-0.04119047920435781,40
2.351654419285441,False,3,1.557911777379887,0.793742641905554,40
2.2775916154095435,False,4,2.351654419285441,-0.07406280387589748,40
1.9201664056792063,False,5,2.2775916154095435,-0.3574252097303372,40
1.7292032988402313,False,6,1.9201664056792063,-0.190963106838975,40
2.2348850190934417,False,7,1.7292032988402313,0.5056817202532105,40
1.8294044461195522,False,8,2.2348850190934417,-0.4054805729738895,40
2.186049302475958,False,9,1.8294044461195522,0.35664485635640597,40
2.474515186753661,False,10,2.186049302475958,0.2884658842777026,40
1.6693295926763825,False,11,2.474515186753661,-0.8051855940772783,40
2.3267098747523507,False,12,1.6693295926763825,0.6573802820759682,40
1.5951580142002106,False,13,2.3267098747523507,-0.73155186055214,40
2.498351758984053,False,14,1.5951580142002106,0.9031937447838423,40
1.5616320532939585,False,15,2.498351758984053,-0.9367197056900944,40
1.6080130039113492,False,16,1.5616320532939585,0.04638095061739067,40
2.1409441489213634,False,17,1.6080130039113492,0.5329311450100143,40
2.111219398070306,False,18,2.1409441489213634,-0.029724750851057635,40
2.0031425008394708,False,19,2.111219398070306,-0.10807689723083502,40
2.033280921645906,False,20,2.0031425008394708,0.03013842080643503,40
2.459479773313322,False,21,2.033280921645906,0.426198851667416,40
1.69293866856205,False,22,2.459479773313322,-0.7665411047512718,40
2.0279063569547784,False,23,1.69293866856205,0.3349676883927284,40
2.381596809397947,False,24,2.0279063569547784,0.35369045244316855,40
2.3916755019992313,False,25,2.381596809397947,0.010078692601284356,40
2.150972651944409,False,26,2.3916755019992313,-0.24070285005482228,40
1.6655860996135607,False,27,2.150972651944409,-0.48538655233084826,40
2.3958292479608927,False,28,1.6655860996135607,0.730243148347332,40
1.7582637959695853,False,29,2.3958292479608927,-0.6375654519913074,40
1.5166162003692223,False,30,1.7582637959695853,-0.24164759560036297,40
1.7939963757840462,False,31,1.5166162003692223,0.27738017541482396,40
2.401318565748404,False,32,1.7939963757840462,0.6073221899643577,40
1.6602483622524207,False,33,2.401318565748404,-0.7410702034959833,40
1.5188303381180848,False,34,1.6602483622524207,-0.1414180241343359,40
2.465434804608894,False,35,1.5188303381180848,0.9466044664908091,40
2.0570861120576653,False,36,2.465434804608894,-0.4083486925512285,40
2.0892781145688764,False,37,2.0570861120576653,0.032192002511211015,40
2.1350694275736526,False,38,2.0892781145688764,0.045791313004776235,40
2.1507785216003295,False,39,2.1350694275736526,0.015709094026676862,40
2.4021879037854372,False,40,2.1507785216003295,0.2514093821851078,40
1.5706781088006307,False,41,2.4021879037854372,-0.8315097949848065,40
2.018474318565947,False,42,1.5706781088006307,0.4477962097653161,40
1.694990450280807,False,43,2.018474318565947,-0.32348386828513975,40
2.374365999070109,False,44,1.694990450280807,0.6793755487893018,40
2.2695746042221634,False,45,2.374365999070109,-0.10479139484794553,40
1.6333115274325896,False,46,2.2695746042221634,-0.6362630767895738,40
1.6680727523733818,False,47,1.6333115274325896,0.03476122494079226,40
2.182962926869169,False,48,1.6680727523733818,0.514890174495787,40
2.3429955041465877,False,49,2.182962926869169,0.16003257727741893,40
1.6039165515756473,False,50,2.3429955041465877,-0.7390789525709405,40
2.4419739136820926,False,51,1.6039165515756473,0.8380573621064453,40
1.9464232357134517,False,52,2.4419739136820926,-0.49555067796864094,40
1.8469296917142568,False,53,1.9464232357134517,-0.09949354399919486,40
2.202846237953743,False,54,1.8469296917142568,0.3559165462394862,40
1.8216836810923178,False,55,2.202846237953743,-0.3811625568614252,40
1.744379555368794,False,56,1.8216836810923178,-0.07730412572352385,40
1.6942286455339712,False,57,1.744379555368794,-0.05015090983482273,40
1.9424397577958459,False,58,1.6942286455339712,0.24821111226187464,40
1.7296116343741776,False,59,1.9424397577958459,-0.21282812342166824,40
2.119975709402106,False,60,1.7296116343741776,0.39036407502792847,40
1.7725425314403527,False,61,2.119975709402106,-0.34743317796175344,40
1.7248474377427296,False,62,1.7725425314403527,-0.04769509369762304,40
1.585909111582359,False,63,1.7248474377427296,-0.13893832616037072,40
1.9189091673649954,False,64,1.585909111582359,0.3330000557826365,40
1.8811128674666413,False,65,1.9189091673649954,-0.03779629989835409,40
2.439215425418204,False,66,1.8811128674666413,0.5581025579515628,40
2.1231032545926527,False,67,2.439215425418204,-0.31611217082555143,40
2.3396963984166974,False,68,2.1231032545926527,0.2165931438240447,40
2.2967871208266284,False,69,2.3396963984166974,-0.04290927759006902,40
2.2508771529176386,False,70,2.2967871208266284,-0.045909967908989824,40
1.990586174869232,False,71,2.2508771529176386,-0.2602909780484066,40
2.1290544827443383,False,72,1.990586174869232,0.13846830787510633,40
2.1398673650854465,False,73,2.1290544827443383,0.010812882341108221,40
1.9902587061336934,False,74,2.1398673650854465,-0.14960865895175313,40
2.499280211948019,False,75,1.9902587061336934,0.5090215058143255,40
2.1994776938336082,False,76,2.499280211948019,-0.2998025181144106,40
2.45720173619731,False,77,2.1994776938336082,0.25772404236370194,40
2.0821079097030557,False,78,2.45720173619731,-0.3750938264942545,40
2.3074506839418376,False,79,2.0821079097030557,0.2253427742387819,40
1.986514658212196,False,80,2.3074506839418376,-0.32093602572964164,40
1.7416447154394392,False,81,1.986514658212196,-0.24486994277275675,40
1.6535726618779978,False,82,1.7416447154394392,-0.08807205356144143,40
1.6369103276307602,False,83,1.6535726618779978,-0.01666233424723762,40
1.9150283388046527,False,84,1.6369103276307602,0.27811801117389257,40
1.769965324674924,False,85,1.9150283388046527,-0.14506301412972866,40
1.535250316909646,False,86,1.769965324674924,-0.23471500776527798,40
2.298052392388762,False,87,1.535250316909646,0.762802075479116,40
1.521764303552822,False,88,2.298052392388762,-0.77628808883594,40
1.6401383966896423,False,89,1.521764303552822,0.11837409313682024,40
1.5486453673664098,False,90,1.6401383966896423,-0.09149302932323256,40
2.320073297802395,False,91,1.5486453673664098,0.7714279304359852,40
1.5119836672851754,False,92,2.320073297802395,-0.8080896305172196,40
1.5032124525714052,False,93,1.5119836672851754,-0.008771214713770181,40
1.764029405372002,False,94,1.5032124525714052,0.2608169528005968,40
2.1377560395394934,False,95,1.764029405372002,0.3737266341674914,40
1.7612147990400444,False,96,2.1377560395394934,-0.37654124049944904,40
2.36149902013468,False,97,1.7612147990400444,0.6002842210946355,40
1.5493204023663163,False,98,2.36149902013468,-0.8121786177683636,40
1.878778843908802,False,99,1.5493204023663163,0.3294584415424857,40
2.020756958122442,True,100,1.878778843908802,0.14197811421363982,40
2.235660089394359,True,101,2.020756958122442,0.21490313127191696,40
2.230915752239983,True,102,2.235660089394359,-0.004744337154375611,40
2.3396387446909253,True,103,2.230915752239983,0.10872299245094208,40
2.5603866820038363,True,104,2.3396387446909253,0.2207479373129111,40
2.576289367494259,True,105,2.5603866820038363,0.01590268549042273,40
2.6325782264353004,True,106,2.576289367494259,0.0562888589410413,40
2.7888338859479735,True,107,2.6325782264353004,0.15625565951267317,40
2.9391755401105946,True,108,2.7888338859479735,0.15034165416262102,40
3.1199551471518006,True,109,2.9391755401105946,0.180779607041206,40
3.052877593681509,True,110,3.1199551471518006,-0.06707755347029165,40
3.107240842722411,True,111,3.052877593681509,0.05436324904090206,40
3.2465609945163445,True,112,3.107240842722411,0.13932015179393353,40
3.39802816267768,True,113,3.2465609945163445,0.15146716816133532,40
3.46078600951768,True,114,3.39802816267768,0.0627578468400003,40
3.575766829129843,True,115,3.46078600951768,0.11498081961216267,40
3.6924607453412794,True,116,3.575766829129843,0.11669391621143665,40
3.6736144257325516,True,117,3.6924607453412794,-0.018846319608727846,40
3.873428925759358,True,118,3.6736144257325516,0.19981450002680656,40
4.034843195594767,True,119,3.873428925759358,0.1614142698354084,40
4.015953296550501,True,120,4.034843195594767,-0.018889899044265412,40
4.103514726806859,True,121,4.015953296550501,0.08756143025635765,40
4.177458522914935,True,122,4.103514726806859,0.07394379610807622,40
4.336133079749022,True,123,4.177458522914935,0.15867455683408682,40
4.518274421868912,True,124,4.336133079749022,0.1821413421198903,40
4.56247602513489,True,125,4.518274421868912,0.044201603265977774,40
4.682162218928548,True,126,4.56247602513489,0.11968619379365819,40
4.686749100094956,True,127,4.682162218928548,0.004586881166408041,40
4.84614875100372,True,128,4.686749100094956,0.15939965090876385,40
4.8419734243348715,True,129,4.84614875100372,-0.004175326668848456,40
5.023755703987458,True,130,4.8419734243348715,0.18178227965258653,40
5.009404765836725,True,131,5.023755703987458,-0.014350938150733406,40
5.296264342901449,True,132,5.009404765836725,0.28685957706472465,40
5.3569407715184525,True,133,5.296264342901449,0.060676428617003175,40
5.461054691668911,True,134,5.3569407715184525,0.10411392015045884,40
5.568736490066203,True,135,5.461054691668911,0.10768179839729175,40
5.674299029031931,True,136,5.568736490066203,0.10556253896572798,40
5.636762622935542,True,137,5.674299029031931,-0.03753640609638875,40
5.803641574396387,True,138,5.636762622935542,0.16687895146084486,40
5.789552086030895,True,139,5.803641574396387,-0.014089488365492286,40
5.947900281656141,True,140,5.789552086030895,0.15834819562524594,40
6.082657178731044,True,141,5.947900281656141,0.13475689707490357,40
6.142301630990838,True,142,6.082657178731044,0.059644452259793646,40
6.203775744845917,True,143,6.142301630990838,0.06147411385507873,40
6.264735391221702,True,144,6.203775744845917,0.060959646375785326,40
6.272710676671748,True,145,6.264735391221702,0.007975285450045888,40
6.527325542975962,True,146,6.272710676671748,0.25461486630421426,40
6.601948992681672,True,147,6.527325542975962,0.07462344970570989,40
6.555420272676641,True,148,6.601948992681672,-0.046528720005031055,40
6.733458882176342,True,149,6.555420272676641,0.1780386094997013,40
6.775168481445111,True,150,6.733458882176342,0.04170959926876883,40
6.838572762275579,True,151,6.775168481445111,0.06340428083046756,40
7.013796524712323,True,152,6.838572762275579,0.17522376243674387,40
7.128849781261627,True,153,7.013796524712323,0.1150532565493041,40
7.088715798467323,True,154,7.128849781261627,-0.04013398279430369,40
7.306169976962755,True,155,7.088715798467323,0.2174541784954318,40
7.450972263473225,True,156,7.306169976962755,0.1448022865104699,40
7.565902329363789,True,157,7.450972263473225,0.11493006589056431,40
7.571119616776487,True,158,7.565902329363789,0.005217287412698113,40
7.754636996362658,True,159,7.571119616776487,0.18351737958617065,40
7.780380265505388,True,160,7.754636996362658,0.025743269142730618,40
7.855183801047481,True,161,7.780380265505388,0.07480353554209263,40
7.90598726404661,True,162,7.855183801047481,0.05080346299912897,40
7.945948885834183,True,163,7.90598726404661,0.03996162178757334,40
8.128792324381,True,164,7.945948885834183,0.18284343854681584,40
8.078202108661504,True,165,8.128792324381,-0.05059021571949529,40
8.377525309058317,True,166,8.078202108661504,0.29932320039681315,40
8.369214267454092,True,167,8.377525309058317,-0.008311041604224911,40
8.449019301506352,True,168,8.369214267454092,0.07980503405226003,40
8.611398543578055,True,169,8.449019301506352,0.16237924207170273,40
8.741623181145792,True,170,8.611398543578055,0.1302246375677374,40
8.65482092672158,True,171,8.741623181145792,-0.08680225442421197,40
8.855780434214502,True,172,8.65482092672158,0.20095950749292157,40
8.88319526156156,True,173,8.855780434214502,0.02741482734705869,40
8.96940833331821,True,174,8.88319526156156,0.08621307175664938,40
9.031099155423872,True,175,8.96940833331821,0.061690822105662235,40
9.205390066618875,True,176,9.031099155423872,0.17429091119500306,40
9.352434406912538,True,177,9.205390066618875,0.14704434029366276,40
9.406262099169926,True,178,9.352434406912538,0.05382769225738748,40
9.394026289824309,True,179,9.406262099169926,-0.012235809345616744,40
9.522967461383798,True,180,9.394026289824309,0.12894117155948948,40
9.671302369834814,True,181,9.522967461383798,0.14833490845101593,40
9.786210374743654,True,182,9.671302369834814,0.11490800490883935,40
9.944994577351562,True,183,9.786210374743654,0.15878420260790804,40
9.95053213741882,True,184,9.944994577351562,0.0055375600672586955,40
10.07479053290118,True,185,9.95053213741882,0.12425839548235906,40
10.22115567737916,True,186,10.07479053290118,0.146365144477981,40
10.144583127915233,True,187,10.22115567737916,-0.07657254946392733,40
10.379742086403326,True,188,10.144583127915233,0.23515895848809265,40
10.35258760842484,True,189,10.379742086403326,-0.02715447797848647,40
10.491902957952961,True,190,10.35258760842484,0.13931534952812186,40
10.634427661076453,True,191,10.491902957952961,0.14252470312349175,40
10.714259115238082,True,192,10.634427661076453,0.07983145416162962,40
10.70119088718335,True,193,10.714259115238082,-0.013068228054732955,40
10.883884902053616,True,194,10.70119088718335,0.18269401487026649,40
10.986723037315976,True,195,10.883884902053616,0.10283813526235974,40
10.95343334219869,True,196,10.986723037315976,-0.0332896951172863,40
11.137934006512689,True,197,10.95343334219869,0.18450066431399925,40
11.193784006384844,True,198,11.137934006512689,0.05584999987215511,40
11.31631000408832,True,199,11.193784006384844,0.12252599770347672,40
11.170773439194612,False,200,11.31631000408832,-0.1455365648937086,40
11.341757194345933,False,201,11.170773439194612,0.1709837551513207,40
11.337454157898756,False,202,11.341757194345933,-0.004303036447176112,40
11.310487906004937,False,203,11.337454157898756,-0.026966251893819404,40
11.247839535640786,False,204,11.310487906004937,-0.06264837036415116,40
11.180562854430919,False,205,11.247839535640786,-0.06727668120986685,40
11.220583623769544,False,206,11.180562854430919,0.04002076933862497,40
11.334383960551168,False,207,11.220583623769544,0.11380033678162427,40
11.172476025070925,False,208,11.334383960551168,-0.16190793548024374,40
11.314304489037621,False,209,11.172476025070925,0.14182846396669646,40
11.305171078651892,False,210,11.314304489037621,-0.009133410385729235,40
11.213973513211423,False,211,11.305171078651892,-0.09119756544046886,40
11.194183724044235,False,212,11.213973513211423,-0.019789789167187877,40
11.256818986692624,False,213,11.194183724044235,0.06263526264838859,40
11.299639925770082,False,214,11.256818986692624,0.04282093907745832,40
11.209206247747318,False,215,11.299639925770082,-0.09043367802276414,40
11.149005932148203,False,216,11.209206247747318,-0.06020031559911487,40
11.234755882222911,False,217,11.149005932148203,0.08574995007470854,40
11.245560457541105,False,218,11.234755882222911,0.010804575318193343,40
11.197440408521583,False,219,11.245560457541105,-0.048120049019521716,40
11.211037325525798,False,220,11.197440408521583,0.013596917004214504,40
11.181811865055451,False,221,11.211037325525798,-0.029225460470346576,40
11.281605311617792,False,222,11.181811865055451,0.0997934465623409,40
11.3190217285536,False,223,11.281605311617792,0.03741641693580888,40
11.31232098270838,False,224,11.3190217285536,-0.006700745845220624,40
11.336920053565349,False,225,11.31232098270838,0.024599070856968552,40
11.165799183779015,False,226,11.336920053565349,-0.17112086978633378,40
11.170471164196618,False,227,11.165799183779015,0.004671980417603194,40
11.17325444549292,False,228,11.170471164196618,0.0027832812963026754,40
11.249760398435859,False,229,11.17325444549292,0.07650595294293794,40
11.250906432761939,False,230,11.249760398435859,0.0011460343260800698,40
11.318498726139687,False,231,11.250906432761939,0.06759229337774819,40
11.179474760052138,False,232,11.318498726139687,-0.1390239660875494,40
11.29196147388979,False,233,11.179474760052138,0.11248671383765263,40
11.282865793258223,False,234,11.29196147388979,-0.009095680631567404,40
11.306530359241997,False,235,11.282865793258223,0.023664565983773755,40
11.282259107366247,False,236,11.306530359241997,-0.0242712518757493,40
11.272722032524939,False,237,11.282259107366247,-0.009537074841308169,40
11.192585722225374,False,238,11.272722032524939,-0.08013631029956514,40
11.223695436725125,False,239,11.192585722225374,0.03110971449975075,40
11.150444621332502,False,240,11.223695436725125,-0.07325081539262257,40
11.318890803130719,False,241,11.150444621332502,0.1684461817982168,40
11.173385865160643,False,242,11.318890803130719,-0.1455049379700757,40
11.28464382699146,False,243,11.173385865160643,0.11125796183081604,40
11.343995555221529,False,244,11.28464382699146,0.05935172823006951,40
11.169478018322156,False,245,11.343995555221529,-0.17451753689937277,40
11.16119332110237,False,246,11.169478018322156,-0.008284697219785642,40
11.195662441160332,False,247,11.16119332110237,0.03446912005796143,40
11.214278026918699,False,248,11.195662441160332,0.01861558575836675,40
11.27825435605996,False,249,11.214278026918699,0.06397632914126206,40
11.29412943198477,False,250,11.27825435605996,0.015875075924808968,40
11.242578651422345,False,251,11.29412943198477,-0.05155078056242424,40
11.308722296123886,False,252,11.242578651422345,0.06614364470154044,40
11.145508035136652,False,253,11.308722296123886,-0.16321426098723357,40
11.307785051015223,False,254,11.145508035136652,0.1622770158785709,40
11.276582040372706,False,255,11.307785051015223,-0.031203010642517626,40
11.196594816023781,False,256,11.276582040372706,-0.07998722434892436,40
11.205301873436298,False,257,11.196594816023781,0.008707057412516761,40
11.287467718886635,False,258,11.205301873436298,0.08216584545033712,40
11.289484655749453,False,259,11.287467718886635,0.0020169368628177864,40
11.337102600275303,False,260,11.289484655749453,0.04761794452585022,40
11.261927360013564,False,261,11.337102600275303,-0.07517524026173916,40
11.234739002271363,False,262,11.261927360013564,-0.027188357742200964,40
11.261313959455393,False,263,11.234739002271363,0.026574957184029913,40
11.173685736345034,False,264,11.261313959455393,-0.08762822311035912,40
11.164909122919115,False,265,11.173685736345034,-0.008776613425919066,40
11.236192273312152,False,266,11.164909122919115,0.07128315039303779,40
11.32993295910391,False,267,11.236192273312152,0.09374068579175798,40
11.192829973886703,False,268,11.32993295910391,-0.13710298521720787,40
11.17376724022262,False,269,11.192829973886703,-0.019062733664082288,40
11.149620438751919,False,270,11.17376724022262,-0.024146801470701362,40
11.333211432959502,False,271,11.149620438751919,0.18359099420758263,40
11.219652576923236,False,272,11.333211432959502,-0.11355885603626525,40
11.261760811655563,False,273,11.219652576923236,0.04210823473232672,40
11.324708490503696,False,274,11.261760811655563,0.06294767884813268,40
11.202180629222312,False,275,11.324708490503696,-0.12252786128138382,40
11.258120757597165,False,276,11.202180629222312,0.055940128374853515,40
11.269556559504162,False,277,11.258120757597165,0.011435801906996446,40
11.14472156378181,False,278,11.269556559504162,-0.12483499572235246,40
11.21604352295167,False,279,11.14472156378181,0.07132195916986106,40
11.252308858455535,False,280,11.21604352295167,0.036265335503864904,40
11.229974915909674,False,281,11.252308858455535,-0.022333942545861518,40
11.233784396474913,False,282,11.229974915909674,0.0038094805652395536,40
11.312304449951487,False,283,11.233784396474913,0.07852005347657354,40
11.239095371438887,False,284,11.312304449951487,-0.07320907851259939,40
11.319865437136944,False,285,11.239095371438887,0.08077006569805611,40
11.255082522601686,False,286,11.319865437136944,-0.06478291453525742,40
11.27617169326388,False,287,11.255082522601686,0.021089170662193624,40
11.30383903669227,False,288,11.27617169326388,0.027667343428390723,40
11.211708869433744,False,289,11.30383903669227,-0.09213016725852619,40
11.25051976197255,False,290,11.211708869433744,0.03881089253880532,40
11.211763373621093,False,291,11.25051976197255,-0.038756388351457005,40
11.293162450718205,False,292,11.211763373621093,0.08139907709711203,40
11.27041651444506,False,293,11.293162450718205,-0.022745936273144807,40
11.321033645424782,False,294,11.27041651444506,0.05061713097972209,40
11.209010741172651,False,295,11.321033645424782,-0.11202290425213057,40
11.205086441193664,False,296,11.209010741172651,-0.0039242999789870225,40
11.17975967934482,False,297,11.205086441193664,-0.02532676184884508,40
11.33716736007015,False,298,11.17975967934482,0.1574076807253313,40
11.302531739379747,False,299,11.33716736007015,-0.03463562069040371,40
1.7910914739503165,False,0,0.0,0.0,41
1.7599467288771997,False,1,1.7910914739503165,-0.03114474507311682,41
1.9981734408541512,False,2,1.7599467288771997,0.23822671197695144,41
2.3567295141240723,False,3,1.9981734408541512,0.3585560732699211,41
1.580385263675839,False,4,2.3567295141240723,-0.7763442504482332,41
1.6009237588085448,False,5,1.580385263675839,0.02053849513270567,41
1.757541898577398,False,6,1.6009237588085448,0.1566181397688533,41
2.4227596356270262,False,7,1.757541898577398,0.6652177370496282,41
2.083122741085085,False,8,2.4227596356270262,-0.339636894541941,41
2.2480128608403462,False,9,2.083122741085085,0.16489011975526102,41
1.6767599356716252,False,10,2.2480128608403462,-0.5712529251687211,41
2.3969765419332325,False,11,1.6767599356716252,0.7202166062616073,41
1.6945969228183997,False,12,2.3969765419332325,-0.7023796191148328,41
1.8449426406454634,False,13,1.6945969228183997,0.15034571782706374,41
1.5805158698859554,False,14,1.8449426406454634,-0.26442677075950805,41
1.7721033362313,False,15,1.5805158698859554,0.19158746634534451,41
1.8768116194240672,False,16,1.7721033362313,0.10470828319276726,41
2.195150488241793,False,17,1.8768116194240672,0.318338868817726,41
2.0437845550674325,False,18,2.195150488241793,-0.15136593317436065,41
1.6449648709272167,False,19,2.0437845550674325,-0.39881968414021585,41
1.6247708092302071,False,20,1.6449648709272167,-0.020194061697009547,41
2.3140435886779316,False,21,1.6247708092302071,0.6892727794477245,41
2.351105830598699,False,22,2.3140435886779316,0.03706224192076757,41
1.509876898645167,False,23,2.351105830598699,-0.8412289319535322,41
1.8406403016915434,False,24,1.509876898645167,0.3307634030463764,41
2.4900944120506736,False,25,1.8406403016915434,0.6494541103591303,41
2.3800043073677837,False,26,2.4900944120506736,-0.11009010468288993,41
1.9319841737725088,False,27,2.3800043073677837,-0.4480201335952749,41
1.5233337613044071,False,28,1.9319841737725088,-0.40865041246810163,41
2.3978500653783623,False,29,1.5233337613044071,0.8745163040739552,41
2.416750532374979,False,30,2.3978500653783623,0.01890046699661685,41
1.9812968714715538,False,31,2.416750532374979,-0.4354536609034254,41
2.1675884431586914,False,32,1.9812968714715538,0.1862915716871376,41
1.842383763918353,False,33,2.1675884431586914,-0.32520467924033847,41
2.4800228102422883,False,34,1.842383763918353,0.6376390463239354,41
2.4447556047721806,False,35,2.4800228102422883,-0.035267205470107754,41
2.0035468759529507,False,36,2.4447556047721806,-0.4412087288192299,41
1.7174318652924212,False,37,2.0035468759529507,-0.28611501066052947,41
1.5972208399684957,False,38,1.7174318652924212,-0.12021102532392547,41
2.3413704077896247,False,39,1.5972208399684957,0.744149567821129,41
1.576731495137059,False,40,2.3413704077896247,-0.7646389126525657,41
2.233179433278862,False,41,1.576731495137059,0.6564479381418029,41
1.532576163960408,False,42,2.233179433278862,-0.7006032693184538,41
2.0094896647242586,False,43,1.532576163960408,0.47691350076385053,41
1.7733633294660942,False,44,2.0094896647242586,-0.2361263352581644,41
2.4419676723172943,False,45,1.7733633294660942,0.6686043428512001,41
1.7951803912886244,False,46,2.4419676723172943,-0.6467872810286699,41
1.8267598995923264,False,47,1.7951803912886244,0.03157950830370204,41
2.0063574375556223,False,48,1.8267598995923264,0.17959753796329592,41
2.046249399471638,False,49,2.0063574375556223,0.03989196191601563,41
1.7680517060597487,False,50,2.046249399471638,-0.27819769341188927,41
1.8470305122040034,False,51,1.7680517060597487,0.07897880614425468,41
1.9389033129057498,False,52,1.8470305122040034,0.09187280070174642,41
2.024075910840459,False,53,1.9389033129057498,0.0851725979347091,41
2.056729614926129,False,54,2.024075910840459,0.03265370408567003,41
2.013018399514672,False,55,2.056729614926129,-0.04371121541145673,41
1.9214379104151937,False,56,2.013018399514672,-0.09158048909947847,41
1.7332229240451014,False,57,1.9214379104151937,-0.18821498637009237,41
1.946404538473186,False,58,1.7332229240451014,0.2131816144280847,41
2.0165055892250043,False,59,1.946404538473186,0.07010105075181827,41
2.339564452537717,False,60,2.0165055892250043,0.3230588633127125,41
1.8211366452343347,False,61,2.339564452537717,-0.5184278073033821,41
1.647506188977605,False,62,1.8211366452343347,-0.17363045625672968,41
2.0038298294272012,False,63,1.647506188977605,0.3563236404495962,41
1.7263438378776876,False,64,2.0038298294272012,-0.2774859915495136,41
2.301123863290589,False,65,1.7263438378776876,0.5747800254129012,41
1.9083273126132774,False,66,2.301123863290589,-0.39279655067731145,41
2.291388723754892,False,67,1.9083273126132774,0.3830614111416146,41
1.8889027563543452,False,68,2.291388723754892,-0.40248596740054676,41
1.9989823548090215,False,69,1.8889027563543452,0.1100795984546763,41
2.1703227241225376,False,70,1.9989823548090215,0.17134036931351604,41
1.9070922699088668,False,71,2.1703227241225376,-0.26323045421367075,41
1.7064768726940962,False,72,1.9070922699088668,-0.20061539721477062,41
2.2123882809764996,False,73,1.7064768726940962,0.5059114082824034,41
1.9428960198572427,False,74,2.2123882809764996,-0.26949226111925695,41
2.115947740878763,False,75,1.9428960198572427,0.17305172102152033,41
1.5661503417445206,False,76,2.115947740878763,-0.5497973991342424,41
2.2387079935029743,False,77,1.5661503417445206,0.6725576517584537,41
1.631289060027628,False,78,2.2387079935029743,-0.6074189334753464,41
2.1673774724733175,False,79,1.631289060027628,0.5360884124456895,41
2.255727411614054,False,80,2.1673774724733175,0.08834993914073674,41
1.9195486255277916,False,81,2.255727411614054,-0.3361787860862626,41
2.2299552857393206,False,82,1.9195486255277916,0.31040666021152896,41
1.7580782810234687,False,83,2.2299552857393206,-0.4718770047158518,41
1.8342176141948685,False,84,1.7580782810234687,0.07613933317139976,41
2.3821450232274373,False,85,1.8342176141948685,0.5479274090325688,41
1.8691273435399345,False,86,2.3821450232274373,-0.5130176796875028,41
2.3211068504806063,False,87,1.8691273435399345,0.4519795069406718,41
2.223579821480596,False,88,2.3211068504806063,-0.09752702900001031,41
2.2845000609226727,False,89,2.223579821480596,0.060920239442076696,41
1.6022238443981887,False,90,2.2845000609226727,-0.682276216524484,41
1.997566200048631,False,91,1.6022238443981887,0.3953423556504423,41
2.468513749800025,False,92,1.997566200048631,0.47094754975139397,41
1.822590628851915,False,93,2.468513749800025,-0.64592312094811,41
2.4310687648550084,False,94,1.822590628851915,0.6084781360030935,41
2.055384299428508,False,95,2.4310687648550084,-0.3756844654265006,41
1.7123436610496792,False,96,2.055384299428508,-0.3430406383788287,41
1.973540504519809,False,97,1.7123436610496792,0.2611968434701297,41
2.1513598099929565,False,98,1.973540504519809,0.17781930547314762,41
2.2790520033289963,False,99,2.1513598099929565,0.12769219333603976,41
2.286866317795687,True,100,2.2790520033289963,0.007814314466690675,41
2.472692849655982,True,101,2.286866317795687,0.18582653186029496,41
2.555742688912305,True,102,2.472692849655982,0.08304983925632303,41
2.6989789427853736,True,103,2.555742688912305,0.1432362538730687,41
2.9769729413354122,True,104,2.6989789427853736,0.2779939985500386,41
3.1696435853246303,True,105,2.9769729413354122,0.19267064398921807,41
3.330754968808643,True,106,3.1696435853246303,0.16111138348401255,41
3.5586909912336955,True,107,3.330754968808643,0.22793602242505262,41
3.602700796529263,True,108,3.5586909912336955,0.04400980529556753,41
3.908329572115174,True,109,3.602700796529263,0.30562877558591106,41
4.116569261930743,True,110,3.908329572115174,0.20823968981556895,41
4.2384130597427365,True,111,4.116569261930743,0.1218437978119935,41
4.441933549049606,True,112,4.2384130597427365,0.20352048930686983,41
4.541893561134175,True,113,4.441933549049606,0.09996001208456828,41
4.800599349561336,True,114,4.541893561134175,0.25870578842716174,41
5.073963967361833,True,115,4.800599349561336,0.2733646178004969,41
5.224053637876475,True,116,5.073963967361833,0.1500896705146415,41
5.34686314668915,True,117,5.224053637876475,0.12280950881267483,41
5.693421148900302,True,118,5.34686314668915,0.34655800221115207,41
5.894206949303497,True,119,5.693421148900302,0.20078580040319505,41
6.003780251457659,True,120,5.894206949303497,0.10957330215416228,41
6.142855368144452,True,121,6.003780251457659,0.13907511668679273,41
6.413006431138946,True,122,6.142855368144452,0.2701510629944943,41
6.497110087977347,True,123,6.413006431138946,0.08410365683840126,41
6.721054711727577,True,124,6.497110087977347,0.2239446237502296,41
6.932068009581039,True,125,6.721054711727577,0.21101329785346223,41
7.101808198763273,True,126,6.932068009581039,0.16974018918223344,41
7.43370760763673,True,127,7.101808198763273,0.3318994088734577,41
7.682445815723842,True,128,7.43370760763673,0.24873820808711145,41
7.796016448157555,True,129,7.682445815723842,0.11357063243371357,41
7.960627723998819,True,130,7.796016448157555,0.16461127584126345,41
8.19447582651359,True,131,7.960627723998819,0.23384810251477184,41
8.416808682906797,True,132,8.19447582651359,0.22233285639320677,41
8.659919144180465,True,133,8.416808682906797,0.24311046127366787,41
8.690194346128418,True,134,8.659919144180465,0.03027520194795308,41
8.887199406548575,True,135,8.690194346128418,0.19700506042015675,41
9.244199596949064,True,136,8.887199406548575,0.35700019040048936,41
9.449891092385796,True,137,9.244199596949064,0.2056914954367315,41
9.62042674400457,True,138,9.449891092385796,0.17053565161877415,41
9.686838714716817,True,139,9.62042674400457,0.06641197071224703,41
10.005394908011203,True,140,9.686838714716817,0.3185561932943859,41
10.111618600320769,True,141,10.005394908011203,0.10622369230956608,41
10.266855843586294,True,142,10.111618600320769,0.15523724326552468,41
10.590493663968704,True,143,10.266855843586294,0.3236378203824106,41
10.655134176092378,True,144,10.590493663968704,0.06464051212367394,41
10.958660232720002,True,145,10.655134176092378,0.3035260566276232,41
11.213675647271568,True,146,10.958660232720002,0.2550154145515666,41
11.252515557814542,True,147,11.213675647271568,0.038839910542973755,41
11.396544291603083,True,148,11.252515557814542,0.14402873378854153,41
11.710447354882389,True,149,11.396544291603083,0.3139030632793052,41
11.890964993639052,True,150,11.710447354882389,0.1805176387566636,41
12.0437017023662,True,151,11.890964993639052,0.15273670872714717,41
12.235424973789394,True,152,12.0437017023662,0.19172327142319467,41
12.36362042089485,True,153,12.235424973789394,0.1281954471054565,41
12.560604244654881,True,154,12.36362042089485,0.19698382376003032,41
12.759491613300625,True,155,12.560604244654881,0.1988873686457442,41
12.965616230442155,True,156,12.759491613300625,0.20612461714152985,41
13.256492118752611,True,157,12.965616230442155,0.2908758883104561,41
13.345689461059681,True,158,13.256492118752611,0.08919734230707022,41
13.595733565812749,True,159,13.345689461059681,0.2500441047530675,41
13.761933611831687,True,160,13.595733565812749,0.1662000460189379,41
13.985988157456255,True,161,13.761933611831687,0.2240545456245684,41
14.128600049060195,True,162,13.985988157456255,0.1426118916039396,41
14.424534120089303,True,163,14.128600049060195,0.29593407102910874,41
14.543929441521607,True,164,14.424534120089303,0.1193953214323038,41
14.858179825015895,True,165,14.543929441521607,0.31425038349428824,41
14.917862674255776,True,166,14.858179825015895,0.05968284923988065,41
15.156581586123565,True,167,14.917862674255776,0.23871891186778882,41
15.284276075807032,True,168,15.156581586123565,0.12769448968346708,41
15.530028759675233,True,169,15.284276075807032,0.2457526838682007,41
15.716417289067472,True,170,15.530028759675233,0.18638852939223938,41
16.008104104910853,True,171,15.716417289067472,0.29168681584338074,41
16.084951985027452,True,172,16.008104104910853,0.07684788011659904,41
16.294055949378688,True,173,16.084951985027452,0.20910396435123602,41
16.496980201936626,True,174,16.294055949378688,0.20292425255793844,41
16.67980449157013,True,175,16.496980201936626,0.18282428963350483,41
17.03672679198716,True,176,16.67980449157013,0.356922300417029,41
17.170021987130166,True,177,17.03672679198716,0.13329519514300614,41
17.439221182816194,True,178,17.170021987130166,0.2691991956860278,41
17.648967483500815,True,179,17.439221182816194,0.2097463006846212,41
17.760086071652868,True,180,17.648967483500815,0.11111858815205267,41
17.861600242130795,True,181,17.760086071652868,0.10151417047792677,41
18.10700933670645,True,182,17.861600242130795,0.24540909457565618,41
18.26206945044735,True,183,18.10700933670645,0.15506011374089823,41
18.43607956354504,True,184,18.26206945044735,0.17401011309769032,41
18.788061273579636,True,185,18.43607956354504,0.3519817100345968,41
18.84469516977718,True,186,18.788061273579636,0.056633896197542555,41
19.093152719064115,True,187,18.84469516977718,0.24845754928693609,41
19.236137688904783,True,188,19.093152719064115,0.14298496984066844,41
19.58500995603339,True,189,19.236137688904783,0.34887226712860553,41
19.778788314792173,True,190,19.58500995603339,0.19377835875878446,41
19.805743946611493,True,191,19.778788314792173,0.026955631819319592,41
20.0,False,192,19.805743946611493,0.19425605338850715,41
20.0,False,193,20.0,0.0,41
20.0,False,194,20.0,0.0,41
20.0,False,195,20.0,0.0,41
20.0,False,196,20.0,0.0,41
20.0,False,197,20.0,0.0,41
20.0,False,198,20.0,0.0,41
20.0,False,199,20.0,0.0,41
19.929032571811245,False,200,20.0,-0.07096742818875512,41
20.0,False,201,19.929032571811245,0.07096742818875512,41
19.990479835016778,False,202,20.0,-0.009520164983221946,41
20.0,False,203,19.990479835016778,0.009520164983221946,41
19.96302127823134,False,204,20.0,-0.03697872176865857,41
20.0,False,205,19.96302127823134,0.03697872176865857,41
19.90862486764251,False,206,20.0,-0.0913751323574914,41
20.0,False,207,19.90862486764251,0.0913751323574914,41
20.0,False,208,20.0,0.0,41
19.94864182682787,False,209,20.0,-0.05135817317212954,41
19.96528932138992,False,210,19.94864182682787,0.016647494562050724,41
20.0,False,211,19.96528932138992,0.034710678610078816,41
19.95302793341281,False,212,20.0,-0.04697206658719111,41
19.93401930320785,False,213,19.95302793341281,-0.01900863020495791,41
19.981602850000225,False,214,19.93401930320785,0.04758354679237442,41
20.0,False,215,19.981602850000225,0.018397149999774598,41
20.0,False,216,20.0,0.0,41
19.90243938380751,False,217,20.0,-0.09756061619248868,41
20.0,False,218,19.90243938380751,0.09756061619248868,41
20.0,False,219,20.0,0.0,41
20.0,False,220,20.0,0.0,41
19.98596793657517,False,221,20.0,-0.014032063424828323,41
20.0,False,222,19.98596793657517,0.014032063424828323,41
19.94290225377978,False,223,20.0,-0.05709774622021868,41
20.0,False,224,19.94290225377978,0.05709774622021868,41
20.0,False,225,20.0,0.0,41
19.902948803052425,False,226,20.0,-0.09705119694757514,41
20.0,False,227,19.902948803052425,0.09705119694757514,41
20.0,False,228,20.0,0.0,41
19.924447761780115,False,229,20.0,-0.07555223821988477,41
20.0,False,230,19.924447761780115,0.07555223821988477,41
20.0,False,231,20.0,0.0,41
19.935872938395008,False,232,20.0,-0.06412706160499226,41
19.930973947592054,False,233,19.935872938395008,-0.004898990802953307,41
20.0,False,234,19.930973947592054,0.06902605240794557,41
20.0,False,235,20.0,0.0,41
20.0,False,236,20.0,0.0,41
19.955320664244425,False,237,20.0,-0.04467933575557481,41
19.906631566052305,False,238,19.955320664244425,-0.04868909819212064,41
20.0,False,239,19.906631566052305,0.09336843394769545,41
19.904999445462696,False,240,20.0,-0.09500055453730383,41
20.0,False,241,19.904999445462696,0.09500055453730383,41
19.92670072663174,False,242,20.0,-0.07329927336826003,41
19.968996842476216,False,243,19.92670072663174,0.04229611584447568,41
20.0,False,244,19.968996842476216,0.031003157523784353,41
19.956584443662578,False,245,20.0,-0.04341555633742189,41
20.0,False,246,19.956584443662578,0.04341555633742189,41
20.0,False,247,20.0,0.0,41
20.0,False,248,20.0,0.0,41
20.0,False,249,20.0,0.0,41
19.90448310259904,False,250,20.0,-0.09551689740095881,41
19.98633298282953,False,251,19.90448310259904,0.08184988023048945,41
19.98339094681534,False,252,19.98633298282953,-0.0029420360141898527,41
19.940542195310144,False,253,19.98339094681534,-0.04284875150519696,41
19.994209431114864,False,254,19.940542195310144,0.05366723580472055,41
20.0,False,255,19.994209431114864,0.005790568885135627,41
20.0,False,256,20.0,0.0,41
20.0,False,257,20.0,0.0,41
20.0,False,258,20.0,0.0,41
19.91453141707548,False,259,20.0,-0.08546858292451986,41
20.0,False,260,19.91453141707548,0.08546858292451986,41
20.0,False,261,20.0,0.0,41
20.0,False,262,20.0,0.0,41
20.0,False,263,20.0,0.0,41
19.93664035763882,False,264,20.0,-0.0633596423611813,41
19.995007409703117,False,265,19.93664035763882,0.058367052064298264,41
20.0,False,266,19.995007409703117,0.004992590296883037,41
19.90513389103532,False,267,20.0,-0.0948661089646805,41
19.994207107026355,False,268,19.90513389103532,0.08907321599103568,41
20.0,False,269,19.994207107026355,0.005792892973644825,41
19.90974232272567,False,270,20.0,-0.0902576772743302,41
20.0,False,271,19.90974232272567,0.0902576772743302,41
19.946840424196004,False,272,20.0,-0.05315957580399555,41
20.0,False,273,19.946840424196004,0.05315957580399555,41
20.0,False,274,20.0,0.0,41
19.931105189620123,False,275,20.0,-0.06889481037987721,41
19.922061177638216,False,276,19.931105189620123,-0.009044011981906408,41
19.908754367034454,False,277,19.922061177638216,-0.013306810603761932,41
20.0,False,278,19.908754367034454,0.09124563296554555,41
20.0,False,279,20.0,0.0,41
19.957458794905943,False,280,20.0,-0.04254120509405723,41
20.0,False,281,19.957458794905943,0.04254120509405723,41
20.0,False,282,20.0,0.0,41
19.97473096032859,False,283,20.0,-0.02526903967141081,41
19.99114099633084,False,284,19.97473096032859,0.016410036002252326,41
19.93192445209881,False,285,19.99114099633084,-0.05921654423203293,41
19.941815204865563,False,286,19.93192445209881,0.009890752766754218,41
20.0,False,287,19.941815204865563,0.058184795134437195,41
20.0,False,288,20.0,0.0,41
19.901701828990202,False,289,20.0,-0.0982981710097981,41
20.0,False,290,19.901701828990202,0.0982981710097981,41
19.990100204167067,False,291,20.0,-0.009899795832932767,41
19.90282395218268,False,292,19.990100204167067,-0.08727625198438815,41
19.92765118915969,False,293,19.90282395218268,0.024827236977010614,41
20.0,False,294,19.92765118915969,0.07234881084031031,41
19.966693532264408,False,295,20.0,-0.033306467735592094,41
20.0,False,296,19.966693532264408,0.033306467735592094,41
19.96524758910172,False,297,20.0,-0.03475241089828174,41
20.0,False,298,19.96524758910172,0.03475241089828174,41
20.0,False,299,20.0,0.0,41
2.2051136121776964,False,0,0.0,0.0,42
1.695555087247707,False,1,2.2051136121776964,-0.5095585249299894,42
1.9733479477256683,False,2,1.695555087247707,0.27779286047796137,42
2.4189549050381953,False,3,1.9733479477256683,0.445606957312527,42
2.299210257845168,False,4,2.4189549050381953,-0.11974464719302746,42
2.3128304549876146,False,5,2.299210257845168,0.013620197142446777,42
2.368087647651209,False,6,2.3128304549876146,0.05525719266359452,42
1.9796066463721336,False,7,2.368087647651209,-0.3884810012790756,42
1.6961350926971008,False,8,1.9796066463721336,-0.28347155367503274,42
1.843736102109581,False,9,1.6961350926971008,0.14760100941248022,42
1.9381524259056233,False,10,1.843736102109581,0.09441632379604226,42
1.8755109284859484,False,11,1.9381524259056233,-0.06264149741967495,42
2.4702291859153176,False,12,1.8755109284859484,0.5947182574293692,42
1.9160282897767558,False,13,2.4702291859153176,-0.5542008961385618,42
2.0537303687621846,False,14,1.9160282897767558,0.13770207898542886,42
1.9217236275227438,False,15,2.0537303687621846,-0.13200674123944078,42
1.8303691084731817,False,16,1.9217236275227438,-0.09135451904956216,42
1.9252827917128528,False,17,1.8303691084731817,0.09491368323967109,42
2.2199906626797175,False,18,1.9252827917128528,0.2947078709668647,42
1.6918567051490192,False,19,2.2199906626797175,-0.5281339575306983,42
2.498571323761969,False,20,1.6918567051490192,0.8067146186129497,42
1.5530612342558279,False,21,2.498571323761969,-0.945510089506141,42
1.724352817095451,False,22,1.5530612342558279,0.1712915828396231,42
1.9607431438924245,False,23,1.724352817095451,0.23639032679697358,42
2.277175690617632,False,24,1.9607431438924245,0.3164325467252076,42
1.5732851511629375,False,25,2.277175690617632,-0.7038905394546946,42
1.7807891536582847,False,26,1.5732851511629375,0.20750400249534717,42
1.9010603317673334,False,27,1.7807891536582847,0.12027117810904864,42
1.8871921682662671,False,28,1.9010603317673334,-0.013868163501066233,42
2.08029846614536,False,29,1.8871921682662671,0.19310629787909295,42
2.1683881672527163,False,30,2.08029846614536,0.08808970110735626,42
1.5806598118446125,False,31,2.1683881672527163,-0.5877283554081039,42
2.3400672260429856,False,32,1.5806598118446125,0.7594074141983731,42
2.4107602247301143,False,33,2.3400672260429856,0.07069299868712875,42
1.8466749813506573,False,34,2.4107602247301143,-0.564085243379457,42
2.4717339063508126,False,35,1.8466749813506573,0.6250589250001553,42
2.475381214448574,False,36,2.4717339063508126,0.0036473080977614813,42
2.3697043195292697,False,37,2.475381214448574,-0.10567689491930432,42
2.0314223328680425,False,38,2.3697043195292697,-0.3382819866612272,42
2.4796211492929037,False,39,2.0314223328680425,0.44819881642486115,42
1.9019903792314579,False,40,2.4796211492929037,-0.5776307700614458,42
1.501036423280281,False,41,1.9019903792314579,-0.4009539559511768,42
1.621945557627504,False,42,1.501036423280281,0.12090913434722284,42
2.111053084395348,False,43,1.621945557627504,0.4891075267678442,42
1.8502223312645225,False,44,2.111053084395348,-0.2608307531308256,42
2.4705791537151844,False,45,1.8502223312645225,0.6203568224506619,42
1.8541193026752114,False,46,2.4705791537151844,-0.616459851039973,42
2.4142581572549324,False,47,1.8541193026752114,0.560138854579721,42
1.617637268872746,False,48,2.4142581572549324,-0.7966208883821864,42
2.121498285936415,False,49,1.617637268872746,0.5038610170636688,42
2.480893581560328,False,50,2.121498285936415,0.35939529562391304,42
1.6176169562731988,False,51,2.480893581560328,-0.8632766252871291,42
1.6469887705295438,False,52,1.6176169562731988,0.029371814256345052,42
2.3389042704468648,False,53,1.6469887705295438,0.6919154999173209,42
1.671111985524203,False,54,2.3389042704468648,-0.6677922849226618,42
2.361066806398097,False,55,1.671111985524203,0.6899548208738939,42
1.7727304394035968,False,56,2.361066806398097,-0.5883363669945001,42
2.03847998360179,False,57,1.7727304394035968,0.2657495441981932,42
2.235250189760317,False,58,2.03847998360179,0.19677020615852703,42
2.4100244168543106,False,59,2.235250189760317,0.1747742270939936,42
1.7978520777008,False,60,2.4100244168543106,-0.6121723391535105,42
1.7472117162881744,False,61,1.7978520777008,-0.05064036141262562,42
2.112348668019364,False,62,1.7472117162881744,0.36513695173118976,42
1.6000679146073922,False,63,2.112348668019364,-0.512280753411972,42
2.391794921067726,False,64,1.6000679146073922,0.7917270064603339,42
2.027479966836718,False,65,2.391794921067726,-0.36431495423100824,42
2.4383208316093237,False,66,2.027479966836718,0.41084086477260584,42
2.4264421135982666,False,67,2.4383208316093237,-0.01187871801105711,42
2.400202325627694,False,68,2.4264421135982666,-0.026239787970572692,42
1.6008963866139836,False,69,2.400202325627694,-0.7993059390137103,42
1.551189340068642,False,70,1.6008963866139836,-0.04970704654534153,42
2.3116180572620095,False,71,1.551189340068642,0.7604287171933675,42
2.203196493949556,False,72,2.3116180572620095,-0.10842156331245345,42
1.6627409285858255,False,73,2.203196493949556,-0.5404555653637306,42
1.6017637857032523,False,74,1.6627409285858255,-0.060977142882573165,42
2.0771834006669745,False,75,1.6017637857032523,0.4754196149637222,42
2.241210507607651,False,76,2.0771834006669745,0.16402710694067668,42
1.6967401148467223,False,77,2.241210507607651,-0.5444703927609289,42
2.285862150962309,False,78,1.6967401148467223,0.5891220361155869,42
2.1370940592608196,False,79,2.285862150962309,-0.14876809170148952,42
2.3171784984000747,False,80,2.1370940592608196,0.1800844391392551,42
1.8555397101454445,False,81,2.3171784984000747,-0.46163878825463023,42
1.8820785343201114,False,82,1.8555397101454445,0.02653882417466691,42
1.5085752952318123,False,83,1.8820785343201114,-0.3735032390882991,42
1.7434056010526853,False,84,1.5085752952318123,0.23483030582087294,42
2.132138911885182,False,85,1.7434056010526853,0.3887333108324966,42
1.7882695738994365,False,86,2.132138911885182,-0.34386933798574537,42
1.813620758963002,False,87,1.7882695738994365,0.025351185063565485,42
2.361355652456073,False,88,1.813620758963002,0.5477348934930708,42
2.4202809408498087,False,89,2.361355652456073,0.0589252883937359,42
1.6122112059234937,False,90,2.4202809408498087,-0.8080697349263151,42
1.5576354340410976,False,91,1.6122112059234937,-0.05457577188239604,42
1.9701274119237948,False,92,1.5576354340410976,0.4124919778826972,42
1.6740065740777048,False,93,1.9701274119237948,-0.29612083784609,42
2.2236355633769302,False,94,1.6740065740777048,0.5496289892992254,42
1.6255587256358206,False,95,2.2236355633769302,-0.5980768377411096,42
1.7344214935771285,False,96,1.6255587256358206,0.10886276794130789,42
1.6151033137504427,False,97,1.7344214935771285,-0.1193181798266858,42
2.151176077412331,False,98,1.6151033137504427,0.5360727636618885,42
1.7774587321856736,False,99,2.151176077412331,-0.37371734522665756,42
2.3727597146695887,True,100,1.7774587321856736,0.595300982483915,42
2.7437063667504726,True,101,2.3727597146695887,0.37094665208088395,42
3.1961657752355768,True,102,2.7437063667504726,0.45245940848510413,42
3.4368892779115554,True,103,3.1961657752355768,0.24072350267597864,42
3.9669564422208987,True,104,3.4368892779115554,0.5300671643093433,42
4.2160422137099065,True,105,3.9669564422208987,0.2490857714890078,42
4.777909684352136,True,106,4.2160422137099065,0.5618674706422295,42
5.130777740082296,True,107,4.777909684352136,0.35286805573016,42
5.450252151043676,True,108,5.130777740082296,0.3194744109613801,42
5.90229515651045,True,109,5.450252151043676,0.45204300546677345,42
6.132450289399061,True,110,5.90229515651045,0.2301551328886111,42
6.5709753746595565,True,111,6.132450289399061,0.43852508526049583,42
7.019205110369634,True,112,6.5709753746595565,0.4482297357100773,42
7.309394861159442,True,113,7.019205110369634,0.2901897507898079,42
7.6656514839788725,True,114,7.309394861159442,0.3562566228194308,42
8.078785198830802,True,115,7.6656514839788725,0.41313371485192985,42
8.441392722384148,True,116,8.078785198830802,0.36260752355334525,42
8.960289088184851,True,117,8.441392722384148,0.5188963658007033,42
9.345566353586632,True,118,8.960289088184851,0.38527726540178087,42
9.603682127358223,True,119,9.345566353586632,0.2581157737715909,42
10.133483087271115,True,120,9.603682127358223,0.5298009599128921,42
10.453353327779304,True,121,10.133483087271115,0.31987024050818924,42
10.854171726758386,True,122,10.453353327779304,0.4008183989790819,42
11.161152056881924,True,123,10.854171726758386,0.30698033012353854,42
11.664052024255012,True,124,11.161152056881924,0.5028999673730876,42
12.049916494486785,True,125,11.664052024255012,0.3858644702317733,42
12.34033570399633,True,126,12.049916494486785,0.2904192095095439,42
12.642507887985229,True,127,12.34033570399633,0.30217218398889933,42
13.208036302415833,True,128,12.642507887985229,0.5655284144306041,42
13.429626251365807,True,129,13.208036302415833,0.2215899489499744,42
13.889254022213942,True,130,13.429626251365807,0.4596277708481349,42
14.279420067992735,True,131,13.889254022213942,0.390166045778793,42
14.657586959624917,True,132,14.279420067992735,0.37816689163218165,42
14.980181903515243,True,133,14.657586959624917,0.3225949438903264,42
15.483787141349191,True,134,14.980181903515243,0.5036052378339484,42
15.736289671876573,True,135,15.483787141349191,0.2525025305273818,42
16.296074238171943,True,136,15.736289671876573,0.5597845662953702,42
16.60605659602523,True,137,16.296074238171943,0.3099823578532863,42
17.01358456495471,True,138,16.60605659602523,0.40752796892947885,42
17.406014571196465,True,139,17.01358456495471,0.3924300062417565,42
17.618293480714463,True,140,17.406014571196465,0.21227890951799822,42
18.142942059011805,True,141,17.618293480714463,0.5246485782973416,42
18.528495691886924,True,142,18.142942059011805,0.38555363287511923,42
18.908984394610126,True,143,18.528495691886924,0.380488702723202,42
19.193292287341354,True,144,18.908984394610126,0.2843078927312277,42
19.568913120167554,True,145,19.193292287341354,0.3756208328262005,42
20.0,True,146,19.568913120167554,0.43108687983244565,42
20.0,False,147,20.0,0.0,42
20.0,False,148,20.0,0.0,42
20.0,False,149,20.0,0.0,42
20.0,False,150,20.0,0.0,42
20.0,False,151,20.0,0.0,42
20.0,False,152,20.0,0.0,42
20.0,False,153,20.0,0.0,42
20.0,False,154,20.0,0.0,42
20.0,False,155,20.0,0.0,42
20.0,False,156,20.0,0.0,42
20.0,False,157,20.0,0.0,42
20.0,False,158,20.0,0.0,42
20.0,False,159,20.0,0.0,42
20.0,False,160,20.0,0.0,42
20.0,False,161,20.0,0.0,42
20.0,False,162,20.0,0.0,42
20.0,False,163,20.0,0.0,42
20.0,False,164,20.0,0.0,42
20.0,False,165,20.0,0.0,42
20.0,False,166,20.0,0.0,42
20.0,False,167,20.0,0.0,42
20.0,False,168,20.0,0.0,42
20.0,False,169,20.0,0.0,42
20.0,False,170,20.0,0.0,42
20.0,False,171,20.0,0.0,42
20.0,False,172,20.0,0.0,42
20.0,False,173,20.0,0.0,42
20.0,False,174,20.0,0.0,42
20.0,False,175,20.0,0.0,42
20.0,False,176,20.0,0.0,42
20.0,False,177,20.0,0.0,42
20.0,False,178,20.0,0.0,42
20.0,False,179,20.0,0.0,42
20.0,False,180,20.0,0.0,42
20.0,False,181,20.0,0.0,42
20.0,False,182,20.0,0.0,42
20.0,False,183,20.0,0.0,42
20.0,False,184,20.0,0.0,42
20.0,False,185,20.0,0.0,42
20.0,False,186,20.0,0.0,42
20.0,False,187,20.0,0.0,42
20.0,False,188,20.0,0.0,42
20.0,False,189,20.0,0.0,42
20.0,False,190,20.0,0.0,42
20.0,False,191,20.0,0.0,42
20.0,False,192,20.0,0.0,42
20.0,False,193,20.0,0.0,42
20.0,False,194,20.0,0.0,42
20.0,False,195,20.0,0.0,42
20.0,False,196,20.0,0.0,42
20.0,False,197,20.0,0.0,42
20.0,False,198,20.0,0.0,42
20.0,False,199,20.0,0.0,42
20.0,False,200,20.0,0.0,42
20.0,False,201,20.0,0.0,42
20.0,False,202,20.0,0.0,42
20.0,False,203,20.0,0.0,42
20.0,False,204,20.0,0.0,42
20.0,False,205,20.0,0.0,42
20.0,False,206,20.0,0.0,42
20.0,False,207,20.0,0.0,42
19.935901536958227,False,208,20.0,-0.06409846304177336,42
19.9928735198976,False,209,19.935901536958227,0.05697198293937333,42
20.0,False,210,19.9928735198976,0.0071264801024000235,42
20.0,False,211,20.0,0.0,42
20.0,False,212,20.0,0.0,42
19.996600511871993,False,213,20.0,-0.0033994881280072775,42
20.0,False,214,19.996600511871993,0.0033994881280072775,42
20.0,False,215,20.0,0.0,42
19.907002824775123,False,216,20.0,-0.09299717522487683,42
20.0,False,217,19.907002824775123,0.09299717522487683,42
20.0,False,218,20.0,0.0,42
19.92154788390621,False,219,20.0,-0.07845211609378921,42
20.0,False,220,19.92154788390621,0.07845211609378921,42
19.97352621289276,False,221,20.0,-0.026473787107239133,42
20.0,False,222,19.97352621289276,0.026473787107239133,42
20.0,False,223,20.0,0.0,42
19.96747891577509,False,224,20.0,-0.032521084224910624,42
19.9437704873197,False,225,19.96747891577509,-0.023708428455389452,42
19.901379701962426,False,226,19.9437704873197,-0.042390785357273586,42
19.94039090451498,False,227,19.901379701962426,0.039011202552554636,42
19.93800973615069,False,228,19.94039090451498,-0.002381168364291142,42
20.0,False,229,19.93800973615069,0.06199026384931017,42
20.0,False,230,20.0,0.0,42
19.910170749469465,False,231,20.0,-0.08982925053053492,42
19.90335800251772,False,232,19.910170749469465,-0.006812746951744941,42
20.0,False,233,19.90335800251772,0.09664199748227986,42
19.94345357957562,False,234,20.0,-0.05654642042437885,42
20.0,False,235,19.94345357957562,0.05654642042437885,42
19.94766537569112,False,236,20.0,-0.05233462430888025,42
20.0,False,237,19.94766537569112,0.05233462430888025,42
20.0,False,238,20.0,0.0,42
19.912104421656593,False,239,20.0,-0.08789557834340656,42
19.98010850705896,False,240,19.912104421656593,0.06800408540236802,42
20.0,False,241,19.98010850705896,0.019891492941038535,42
19.963574222248,False,242,20.0,-0.036425777752000954,42
20.0,False,243,19.963574222248,0.036425777752000954,42
20.0,False,244,20.0,0.0,42
19.940791680500578,False,245,20.0,-0.0592083194994224,42
20.0,False,246,19.940791680500578,0.0592083194994224,42
19.98901450195365,False,247,20.0,-0.010985498046348852,42
20.0,False,248,19.98901450195365,0.010985498046348852,42
20.0,False,249,20.0,0.0,42
20.0,False,250,20.0,0.0,42
20.0,False,251,20.0,0.0,42
20.0,False,252,20.0,0.0,42
19.96420468388131,False,253,20.0,-0.03579531611869058,42
20.0,False,254,19.96420468388131,0.03579531611869058,42
19.950332808321015,False,255,20.0,-0.049667191678985034,42
20.0,False,256,19.950332808321015,0.049667191678985034,42
19.984890909091302,False,257,20.0,-0.015109090908698164,42
19.969444600886078,False,258,19.984890909091302,-0.015446308205223858,42
19.971696867297563,False,259,19.969444600886078,0.0022522664114852375,42
20.0,False,260,19.971696867297563,0.028303132702436784,42
20.0,False,261,20.0,0.0,42
19.929441528637035,False,262,20.0,-0.07055847136296478,42
20.0,False,263,19.929441528637035,0.07055847136296478,42
20.0,False,264,20.0,0.0,42
20.0,False,265,20.0,0.0,42
19.98534395615586,False,266,20.0,-0.014656043844141209,42
19.99641935729959,False,267,19.98534395615586,0.011075401143731511,42
19.990192916702348,False,268,19.99641935729959,-0.006226440597242089,42
20.0,False,269,19.990192916702348,0.009807083297651786,42
20.0,False,270,20.0,0.0,42
19.95931963998512,False,271,20.0,-0.0406803600148784,42
20.0,False,272,19.95931963998512,0.0406803600148784,42
20.0,False,273,20.0,0.0,42
20.0,False,274,20.0,0.0,42
20.0,False,275,20.0,0.0,42
19.98332858034238,False,276,20.0,-0.016671419657619424,42
20.0,False,277,19.98332858034238,0.016671419657619424,42
20.0,False,278,20.0,0.0,42
20.0,False,279,20.0,0.0,42
19.93842154167921,False,280,20.0,-0.06157845832078834,42
19.925503065709364,False,281,19.93842154167921,-0.01291847596984752,42
20.0,False,282,19.925503065709364,0.07449693429063586,42
19.967350264284885,False,283,20.0,-0.03264973571511476,42
20.0,False,284,19.967350264284885,0.03264973571511476,42
20.0,False,285,20.0,0.0,42
19.902085695148187,False,286,20.0,-0.09791430485181252,42
19.9711654405108,False,287,19.902085695148187,0.06907974536261108,42
19.913028903074338,False,288,19.9711654405108,-0.058136537436460856,42
20.0,False,289,19.913028903074338,0.0869710969256623,42
19.928517906793775,False,290,20.0,-0.07148209320622456,42
20.0,False,291,19.928517906793775,0.07148209320622456,42
20.0,False,292,20.0,0.0,42
19.974070370450928,False,293,20.0,-0.025929629549072075,42
20.0,False,294,19.974070370450928,0.025929629549072075,42
20.0,False,295,20.0,0.0,42
19.99029421570479,False,296,20.0,-0.009705784295210407,42
19.98630602628407,False,297,19.99029421570479,-0.003988189420720545,42
20.0,False,298,19.98630602628407,0.013693973715930952,42
20.0,False,299,20.0,0.0,42
1.8752779298217517,False,0,0.0,0.0,43
1.8877469196731491,False,1,1.8752779298217517,0.012468989851397438,43
2.1319351318649233,False,2,1.8877469196731491,0.24418821219177422,43
1.5014488816786886,False,3,2.1319351318649233,-0.6304862501862347,43
1.9876033886119706,False,4,1.5014488816786886,0.486154506933282,43
2.3645690962924464,False,5,1.9876033886119706,0.37696570768047577,43
1.6125760586635405,False,6,2.3645690962924464,-0.7519930376289059,43
1.6051379791907712,False,7,1.6125760586635405,-0.00743807947276931,43
1.8141676636282729,False,8,1.6051379791907712,0.2090296844375017,43
1.6635864907121714,False,9,1.8141676636282729,-0.1505811729161015,43
2.2618760241532976,False,10,1.6635864907121714,0.5982895334411262,43
1.7919739055378274,False,11,2.2618760241532976,-0.46990211861547015,43
2.061480492738101,False,12,1.7919739055378274,0.26950658720027354,43
2.3765289046899114,False,13,2.061480492738101,0.31504841195181044,43
1.5579983611458226,False,14,2.3765289046899114,-0.8185305435440888,43
2.4128407214074348,False,15,1.5579983611458226,0.8548423602616122,43
2.3149362569870364,False,16,2.4128407214074348,-0.09790446442039835,43
2.1029293598345795,False,17,2.3149362569870364,-0.2120068971524569,43
1.8165712303298849,False,18,2.1029293598345795,-0.28635812950469464,43
2.463689491059432,False,19,1.8165712303298849,0.6471182607295469,43
1.8058724961188242,False,20,2.463689491059432,-0.6578169949406076,43
2.31748562699337,False,21,1.8058724961188242,0.511613130874546,43
2.3327359575647186,False,22,2.31748562699337,0.015250330571348503,43
2.1352346459911438,False,23,2.3327359575647186,-0.19750131157357487,43
1.8364856595194183,False,24,2.1352346459911438,-0.29874898647172543,43
2.0543200710466962,False,25,1.8364856595194183,0.2178344115272779,43
2.0912734828138637,False,26,2.0543200710466962,0.03695341176716749,43
1.7145869729243972,False,27,2.0912734828138637,-0.3766865098894665,43
1.7600783040747148,False,28,1.7145869729243972,0.04549133115031756,43
1.923475447281009,False,29,1.7600783040747148,0.16339714320629417,43
2.4268823038098892,False,30,1.923475447281009,0.5034068565288803,43
1.9187817673898167,False,31,2.4268823038098892,-0.5081005364200726,43
1.9852385963723562,False,32,1.9187817673898167,0.06645682898253957,43
2.453727200424287,False,33,1.9852385963723562,0.46848860405193093,43
2.035209228213868,False,34,2.453727200424287,-0.4185179722104193,43
2.232096683032564,False,35,2.035209228213868,0.1968874548186963,43
2.075735751590972,False,36,2.232096683032564,-0.15636093144159213,43
2.429061250567893,False,37,2.075735751590972,0.353325498976921,43
1.6570971812805593,False,38,2.429061250567893,-0.7719640692873337,43
2.355942696570432,False,39,1.6570971812805593,0.6988455152898729,43
2.1576667841018544,False,40,2.355942696570432,-0.1982759124685778,43
1.8068745239565946,False,41,2.1576667841018544,-0.35079226014525977,43
1.9819795822050388,False,42,1.8068745239565946,0.17510505824844413,43
2.0026515903466,False,43,1.9819795822050388,0.020672008141561005,43
2.3074957139950363,False,44,2.0026515903466,0.3048441236484365,43
2.445272412178543,False,45,2.3074957139950363,0.13777669818350669,43
2.206951967724287,False,46,2.445272412178543,-0.23832044445425593,43
1.9506401706248482,False,47,2.206951967724287,-0.25631179709943885,43
2.432069302127214,False,48,1.9506401706248482,0.481429131502366,43
2.128265918266985,False,49,2.432069302127214,-0.3038033838602292,43
2.0995585685600577,False,50,2.128265918266985,-0.028707349706927232,43
1.8140234983541723,False,51,2.0995585685600577,-0.2855350702058854,43
1.9385780408290088,False,52,1.8140234983541723,0.12455454247483644,43
1.9411015009654249,False,53,1.9385780408290088,0.0025234601364161335,43
2.121121897963164,False,54,1.9411015009654249,0.18002039699773897,43
2.2029289274135158,False,55,2.121121897963164,0.0818070294503519,43
1.7497690591846269,False,56,2.2029289274135158,-0.4531598682288889,43
2.314903532728385,False,57,1.7497690591846269,0.5651344735437582,43
2.051818826589636,False,58,2.314903532728385,-0.2630847061387489,43
2.1232874476171606,False,59,2.051818826589636,0.07146862102752438,43
1.6229262233134514,False,60,2.1232874476171606,-0.5003612243037092,43
2.155971107759188,False,61,1.6229262233134514,0.5330448844457365,43
2.106877465589341,False,62,2.155971107759188,-0.049093642169846685,43
1.7281764468442926,False,63,2.106877465589341,-0.3787010187450486,43
2.4357442939146887,False,64,1.7281764468442926,0.7075678470703961,43
1.5787244439379648,False,65,2.4357442939146887,-0.8570198499767239,43
1.9110579115961124,False,66,1.5787244439379648,0.33233346765814753,43
2.161575172938438,False,67,1.9110579115961124,0.25051726134232544,43
1.8771497988518304,False,68,2.161575172938438,-0.2844253740866074,43
2.126070160411979,False,69,1.8771497988518304,0.24892036156014874,43
1.5265224036030027,False,70,2.126070160411979,-0.5995477568089764,43
2.135119127342333,False,71,1.5265224036030027,0.6085967237393304,43
1.6892371631449952,False,72,2.135119127342333,-0.44588196419733794,43
1.8002006208846626,False,73,1.6892371631449952,0.11096345773966743,43
1.9570623004691816,False,74,1.8002006208846626,0.15686167958451902,43
2.0428346700893067,False,75,1.9570623004691816,0.08577236962012513,43
1.9233954788521253,False,76,2.0428346700893067,-0.1194391912371815,43
2.418970286316153,False,77,1.9233954788521253,0.4955748074640276,43
2.4565593614903594,False,78,2.418970286316153,0.03758907517420651,43
1.7203270648354088,False,79,2.4565593614903594,-0.7362322966549506,43
2.081374555025489,False,80,1.7203270648354088,0.3610474901900802,43
1.7680716204714462,False,81,2.081374555025489,-0.3133029345540428,43
2.4407206512112447,False,82,1.7680716204714462,0.6726490307397985,43
2.315072327946587,False,83,2.4407206512112447,-0.1256483232646577,43
1.7481776674624108,False,84,2.315072327946587,-0.5668946604841762,43
1.691209722748264,False,85,1.7481776674624108,-0.05696794471414668,43
2.3021077746797833,False,86,1.691209722748264,0.6108980519315192,43
2.2587177931004447,False,87,2.3021077746797833,-0.0433899815793386,43
1.7748600130381393,False,88,2.2587177931004447,-0.4838577800623054,43
2.1532679697941166,False,89,1.7748600130381393,0.37840795675597727,43
2.0517413680312084,False,90,2.1532679697941166,-0.10152660176290818,43
2.408034174640956,False,91,2.0517413680312084,0.3562928066097477,43
1.6112756922364357,False,92,2.408034174640956,-0.7967584824045204,43
2.2013102898115715,False,93,1.6112756922364357,0.5900345975751358,43
1.557221625392113,False,94,2.2013102898115715,-0.6440886644194586,43
2.1277137326746014,False,95,1.557221625392113,0.5704921072824884,43
2.351787391200386,False,96,2.1277137326746014,0.22407365852578476,43
2.4691561419403487,False,97,2.351787391200386,0.11736875073996256,43
2.149523503795269,False,98,2.4691561419403487,-0.3196326381450798,43
2.3210312645690285,False,99,2.149523503795269,0.17150776077375962,43
2.4919327827955784,True,100,2.3210312645690285,0.17090151822654986,43
2.8927596309486345,True,101,2.4919327827955784,0.40082684815305614,43
3.4528883804646933,True,102,2.8927596309486345,0.5601287495160587,43
3.7991336311404265,True,103,3.4528883804646933,0.3462452506757332,43
4.345846175297986,True,104,3.7991336311404265,0.5467125441575593,43
4.769105615374,True,105,4.345846175297986,0.42325944007601457,43
5.346146103931439,True,106,4.769105615374,0.5770404885574383,43
5.668605757367723,True,107,5.346146103931439,0.322459653436284,43
6.201066087164895,True,108,5.668605757367723,0.5324603297971722,43
6.73628392768989,True,109,6.201066087164895,0.5352178405249948,43
7.0690943992829745,True,110,6.73628392768989,0.33281047159308486,43
7.616180989776099,True,111,7.0690943992829745,0.5470865904931248,43
8.090392354539881,True,112,7.616180989776099,0.47421136476378223,43
8.557540347820575,True,113,8.090392354539881,0.4671479932806939,43
8.994750285474963,True,114,8.557540347820575,0.4372099376543872,43
9.565410503755421,True,115,8.994750285474963,0.5706602182804588,43
9.942011028839836,True,116,9.565410503755421,0.3766005250844149,43
10.495698776356617,True,117,9.942011028839836,0.553687747516781,43
10.96558049442304,True,118,10.495698776356617,0.4698817180664232,43
11.2979975924975,True,119,10.96558049442304,0.33241709807446007,43
11.729028537183739,True,120,11.2979975924975,0.43103094468623837,43
12.243653448961107,True,121,11.729028537183739,0.5146249117773678,43
12.664052606976687,True,122,12.243653448961107,0.4203991580155808,43
13.18861735159171,True,123,12.664052606976687,0.5245647446150219,43
13.785447204730303,True,124,13.18861735159171,0.596829853138594,43
14.157847687719869,True,125,13.785447204730303,0.3724004829895655,43
14.61544576728729,True,126,14.157847687719869,0.45759807956742193,43
15.090471687115622,True,127,14.61544576728729,0.4750259198283313,43
15.528858837750413,True,128,15.090471687115622,0.4383871506347905,43
16.039242964161662,True,129,15.528858837750413,0.5103841264112496,43
16.60917161652474,True,130,16.039242964161662,0.5699286523630782,43
17.07836983823097,True,131,16.60917161652474,0.46919822170622894,43
17.44936716568102,True,132,17.07836983823097,0.370997327450052,43
17.97095334666281,True,133,17.44936716568102,0.5215861809817888,43
18.50589739876406,True,134,17.97095334666281,0.534944052101249,43
18.938596536223553,True,135,18.50589739876406,0.43269913745949395,43
19.409510691557394,True,136,18.938596536223553,0.4709141553338405,43
19.843614149025736,True,137,19.409510691557394,0.43410345746834267,43
20.0,False,138,19.843614149025736,0.15638585097426372,43
20.0,False,139,20.0,0.0,43
20.0,False,140,20.0,0.0,43
20.0,False,141,20.0,0.0,43
20.0,False,142,20.0,0.0,43
20.0,False,143,20.0,0.0,43
20.0,False,144,20.0,0.0,43
20.0,False,145,20.0,0.0,43
20.0,False,146,20.0,0.0,43
20.0,False,147,20.0,0.0,43
20.0,False,148,20.0,0.0,43
20.0,False,149,20.0,0.0,43
20.0,False,150,20.0,0.0,43
20.0,False,151,20.0,0.0,43
20.0,False,152,20.0,0.0,43
20.0,False,153,20.0,0.0,43
20.0,False,154,20.0,0.0,43
20.0,False,155,20.0,0.0,43
20.0,False,156,20.0,0.0,43
20.0,False,157,20.0,0.0,43
20.0,False,158,20.0,0.0,43
20.0,False,159,20.0,0.0,43
20.0,False,160,20.0,0.0,43
20.0,False,161,20.0,0.0,43
20.0,False,162,20.0,0.0,43
20.0,False,163,20.0,0.0,43
20.0,False,164,20.0,0.0,43
20.0,False,165,20.0,0.0,43
20.0,False,166,20.0,0.0,43
20.0,False,167,20.0,0.0,43
20.0,False,168,20.0,0.0,43
20.0,False,169,20.0,0.0,43
20.0,False,170,20.0,0.0,43
20.0,False,171,20.0,0.0,43
20.0,False,172,20.0,0.0,43
20.0,False,173,20.0,0.0,43
20.0,False,174,20.0,0.0,43
20.0,False,175,20.0,0.0,43
20.0,False,176,20.0,0.0,43
20.0,False,177,20.0,0.0,43
20.0,False,178,20.0,0.0,43
20.0,False,179,20.0,0.0,43
20.0,False,180,20.0,0.0,43
20.0,False,181,20.0,0.0,43
20.0,False,182,20.0,0.0,43
20.0,False,183,20.0,0.0,43
20.0,False,184,20.0,0.0,43
20.0,False,185,20.0,0.0,43
20.0,False,186,20.0,0.0,43
20.0,False,187,20.0,0.0,43
20.0,False,188,20.0,0.0,43
20.0,False,189,20.0,0.0,43
20.0,False,190,20.0,0.0,43
20.0,False,191,20.0,0.0,43
20.0,False,192,20.0,0.0,43
20.0,False,193,20.0,0.0,43
20.0,False,194,20.0,0.0,43
20.0,False,195,20.0,0.0,43
20.0,False,196,20.0,0.0,43
20.0,False,197,20.0,0.0,43
20.0,False,198,20.0,0.0,43
20.0,False,199,20.0,0.0,43
19.938376244863953,False,200,20.0,-0.06162375513604701,43
20.0,False,201,19.938376244863953,0.06162375513604701,43
20.0,False,202,20.0,0.0,43
19.97942030825873,False,203,20.0,-0.02057969174126839,43
20.0,False,204,19.97942030825873,0.02057969174126839,43
19.940368448620088,False,205,20.0,-0.05963155137991194,43
19.927355928987563,False,206,19.940368448620088,-0.013012519632525255,43
20.0,False,207,19.927355928987563,0.0726440710124372,43
19.94385569748176,False,208,20.0,-0.05614430251824132,43
19.98406330586937,False,209,19.94385569748176,0.04020760838761106,43
19.963287177666693,False,210,19.98406330586937,-0.020776128202676603,43
20.0,False,211,19.963287177666693,0.03671282233330686,43
20.0,False,212,20.0,0.0,43
19.994897887973526,False,213,20.0,-0.005102112026474259,43
20.0,False,214,19.994897887973526,0.005102112026474259,43
20.0,False,215,20.0,0.0,43
19.993733923769675,False,216,20.0,-0.006266076230325268,43
19.957051950097064,False,217,19.993733923769675,-0.036681973672610724,43
20.0,False,218,19.957051950097064,0.04294804990293599,43
20.0,False,219,20.0,0.0,43
19.977329878546765,False,220,20.0,-0.02267012145323477,43
19.90616266381972,False,221,19.977329878546765,-0.07116721472704413,43
20.0,False,222,19.90616266381972,0.0938373361802789,43
19.919054181994156,False,223,20.0,-0.08094581800584422,43
19.95812997490727,False,224,19.919054181994156,0.03907579291311336,43
20.0,False,225,19.95812997490727,0.041870025092730856,43
19.926385423394574,False,226,20.0,-0.0736145766054257,43
19.940750881231622,False,227,19.926385423394574,0.014365457837048012,43
20.0,False,228,19.940750881231622,0.059249118768377684,43
20.0,False,229,20.0,0.0,43
20.0,False,230,20.0,0.0,43
20.0,False,231,20.0,0.0,43
20.0,False,232,20.0,0.0,43
20.0,False,233,20.0,0.0,43
19.910424164549664,False,234,20.0,-0.08957583545033643,43
20.0,False,235,19.910424164549664,0.08957583545033643,43
19.92548494694172,False,236,20.0,-0.07451505305828121,43
19.98123490316434,False,237,19.92548494694172,0.0557499562226198,43
20.0,False,238,19.98123490316434,0.01876509683566141,43
20.0,False,239,20.0,0.0,43
20.0,False,240,20.0,0.0,43
19.92785256043155,False,241,20.0,-0.07214743956845027,43
20.0,False,242,19.92785256043155,0.07214743956845027,43
19.912550079757906,False,243,20.0,-0.08744992024209353,43
20.0,False,244,19.912550079757906,0.08744992024209353,43
19.990101571679926,False,245,20.0,-0.00989842832007426,43
20.0,False,246,19.990101571679926,0.00989842832007426,43
19.970678710852418,False,247,20.0,-0.02932128914758181,43
19.90981027928425,False,248,19.970678710852418,-0.060868431568167125,43
20.0,False,249,19.90981027928425,0.09018972071574893,43
19.9139802455141,False,250,20.0,-0.08601975448589982,43
20.0,False,251,19.9139802455141,0.08601975448589982,43
20.0,False,252,20.0,0.0,43
19.988956954379862,False,253,20.0,-0.011043045620137804,43
20.0,False,254,19.988956954379862,0.011043045620137804,43
19.916227270880835,False,255,20.0,-0.08377272911916478,43
20.0,False,256,19.916227270880835,0.08377272911916478,43
20.0,False,257,20.0,0.0,43
19.96506328692662,False,258,20.0,-0.03493671307338175,43
20.0,False,259,19.96506328692662,0.03493671307338175,43
19.98185286079943,False,260,20.0,-0.01814713920056832,43
19.964668346207834,False,261,19.98185286079943,-0.017184514591598088,43
20.0,False,262,19.964668346207834,0.035331653792166406,43
20.0,False,263,20.0,0.0,43
19.977585630599677,False,264,20.0,-0.022414369400323153,43
19.934203851567045,False,265,19.977585630599677,-0.043381779032632295,43
20.0,False,266,19.934203851567045,0.06579614843295545,43
19.945551059708507,False,267,20.0,-0.054448940291493386,43
20.0,False,268,19.945551059708507,0.054448940291493386,43
20.0,False,269,20.0,0.0,43
20.0,False,270,20.0,0.0,43
19.960894827321614,False,271,20.0,-0.039105172678386424,43
20.0,False,272,19.960894827321614,0.039105172678386424,43
19.999518997206543,False,273,20.0,-0.0004810027934567529,43
20.0,False,274,19.999518997206543,0.0004810027934567529,43
19.950380410865566,False,275,20.0,-0.04961958913443354,43
20.0,False,276,19.950380410865566,0.04961958913443354,43
20.0,False,277,20.0,0.0,43
19.91636742950798,False,278,20.0,-0.08363257049202133,43
20.0,False,279,19.91636742950798,0.08363257049202133,43
19.95670453775594,False,280,20.0,-0.043295462244060445,43
20.0,False,281,19.95670453775594,0.043295462244060445,43
19.957696986897492,False,282,20.0,-0.04230301310250795,43
19.957861896662322,False,283,19.957696986897492,0.0001649097648304121,43
20.0,False,284,19.957861896662322,0.042138103337677535,43
19.947548109602522,False,285,20.0,-0.052451890397477996,43
20.0,False,286,19.947548109602522,0.052451890397477996,43
19.933466133989604,False,287,20.0,-0.06653386601039557,43
20.0,False,288,19.933466133989604,0.06653386601039557,43
19.93021696902129,False,289,20.0,-0.06978303097870864,43
19.914248456730522,False,290,19.93021696902129,-0.0159685122907689,43
19.965718686316194,False,291,19.914248456730522,0.05147022958567149,43
19.989609506477265,False,292,19.965718686316194,0.023890820161071247,43
20.0,False,293,19.989609506477265,0.0103904935227348,43
20.0,False,294,20.0,0.0,43
20.0,False,295,20.0,0.0,43
19.942650462001396,False,296,20.0,-0.057349537998604205,43
19.957853323539982,False,297,19.942650462001396,0.015202861538586632,43
19.94637096166274,False,298,19.957853323539982,-0.011482361877241942,43
19.996351549782307,False,299,19.94637096166274,0.04998058811956696,43
2.1085110698018146,False,0,0.0,0.0,44
2.4655906454492804,False,1,2.1085110698018146,0.35707957564746584,44
2.37032522461788,False,2,2.4655906454492804,-0.09526542083140033,44
2.2060982126461517,False,3,2.37032522461788,-0.1642270119717284,44
2.106929241534981,False,4,2.2060982126461517,-0.09916897111117073,44
1.8053766228860513,False,5,2.106929241534981,-0.3015526186489297,44
1.6642528647085237,False,6,1.8053766228860513,-0.14112375817752754,44
2.2798089631053413,False,7,1.6642528647085237,0.6155560983968176,44
1.7948466198355706,False,8,2.2798089631053413,-0.4849623432697707,44
2.266229189267247,False,9,1.7948466198355706,0.4713825694316762,44
2.472269055273717,False,10,2.266229189267247,0.20603986600647017,44
2.1027358893338475,False,11,2.472269055273717,-0.3695331659398695,44
2.010034837196181,False,12,2.1027358893338475,-0.09270105213766655,44
1.8962352958803974,False,13,2.010034837196181,-0.11379954131578351,44
1.9048673419364046,False,14,1.8962352958803974,0.008632046056007203,44
2.358705812808388,False,15,1.9048673419364046,0.4538384708719836,44
1.7080814730498162,False,16,2.358705812808388,-0.650624339758572,44
1.5143948420694582,False,17,1.7080814730498162,-0.193686630980358,44
2.0787600784566953,False,18,1.5143948420694582,0.5643652363872371,44
1.9874783107675045,False,19,2.0787600784566953,-0.09128176768919083,44
2.114697564872809,False,20,1.9874783107675045,0.12721925410530455,44
1.5580983611152892,False,21,2.114697564872809,-0.5565992037575198,44
2.2416693563804033,False,22,1.5580983611152892,0.6835709952651141,44
2.1200714677061634,False,23,2.2416693563804033,-0.12159788867423993,44
1.64549129845006,False,24,2.1200714677061634,-0.47458016925610336,44
1.587554340250274,False,25,1.64549129845006,-0.05793695819978595,44
2.1513422226959413,False,26,1.587554340250274,0.5637878824456672,44
1.926320573081572,False,27,2.1513422226959413,-0.22502164961436932,44
1.5620121840169447,False,28,1.926320573081572,-0.36430838906462726,44
2.382214979006511,False,29,1.5620121840169447,0.820202794989566,44
1.518294307860658,False,30,2.382214979006511,-0.8639206711458527,44
2.2718657200656476,False,31,1.518294307860658,0.7535714122049895,44
2.1044220956133297,False,32,2.2718657200656476,-0.16744362445231786,44
1.900823929494668,False,33,2.1044220956133297,-0.20359816611866166,44
2.411855198810304,False,34,1.900823929494668,0.5110312693156358,44
2.4399994982863213,False,35,2.411855198810304,0.028144299476017487,44
2.3196865231807413,False,36,2.4399994982863213,-0.12031297510558003,44
2.2920874871266186,False,37,2.3196865231807413,-0.027599036054122728,44
1.972530035112571,False,38,2.2920874871266186,-0.3195574520140476,44
2.2886066010552524,False,39,1.972530035112571,0.3160765659426814,44
2.3121620620994627,False,40,2.2886066010552524,0.023555461044210357,44
2.171945238512566,False,41,2.3121620620994627,-0.14021682358689658,44
2.2003728810421546,False,42,2.171945238512566,0.028427642529588404,44
2.012384229391581,False,43,2.2003728810421546,-0.18798865165057377,44
2.1593930517571596,False,44,2.012384229391581,0.14700882236557877,44
2.396851535722868,False,45,2.1593930517571596,0.23745848396570857,44
1.8594270726574267,False,46,2.396851535722868,-0.5374244630654414,44
2.489136547469268,False,47,1.8594270726574267,0.6297094748118413,44
1.9381864384413845,False,48,2.489136547469268,-0.5509501090278834,44
2.3790875926537822,False,49,1.9381864384413845,0.44090115421239773,44
1.9673608673113683,False,50,2.3790875926537822,-0.41172672534241395,44
2.1870345672373412,False,51,1.9673608673113683,0.21967369992597297,44
2.1513589985485613,False,52,2.1870345672373412,-0.03567556868877997,44
1.8582463412950792,False,53,2.1513589985485613,-0.2931126572534821,44
2.288934731272,False,54,1.8582463412950792,0.43068838997692094,44
1.9657170366722263,False,55,2.288934731272,-0.3232176945997738,44
2.2651446957852013,False,56,1.9657170366722263,0.299427659112975,44
2.0630364386297706,False,57,2.2651446957852013,-0.20210825715543068,44
1.9987490924677582,False,58,2.0630364386297706,-0.06428734616201237,44
1.8380986188020687,False,59,1.9987490924677582,-0.16065047366568952,44
2.015136816787806,False,60,1.8380986188020687,0.17703819798573717,44
2.229931468340105,False,61,2.015136816787806,0.21479465155229915,44
1.907500017667839,False,62,2.229931468340105,-0.3224314506722661,44
2.4419448151250136,False,63,1.907500017667839,0.5344447974571747,44
1.5811521022110862,False,64,2.4419448151250136,-0.8607927129139274,44
2.495312128908567,False,65,1.5811521022110862,0.914160026697481,44
1.7536276348329691,False,66,2.495312128908567,-0.741684494075598,44
2.2778616311771733,False,67,1.7536276348329691,0.5242339963442042,44
1.918298458198652,False,68,2.2778616311771733,-0.35956317297852136,44
2.14392502809873,False,69,1.918298458198652,0.2256265699000779,44
1.8657785258281643,False,70,2.14392502809873,-0.2781465022705656,44
1.5386057795542412,False,71,1.8657785258281643,-0.3271727462739231,44
2.089754024766994,False,72,1.5386057795542412,0.5511482452127527,44
1.5488329938765248,False,73,2.089754024766994,-0.5409210308904691,44
2.18197800241447,False,74,1.5488329938765248,0.6331450085379451,44
1.7927906596497691,False,75,2.18197800241447,-0.3891873427647008,44
1.9605107971129003,False,76,1.7927906596497691,0.1677201374631312,44
2.258135714857421,False,77,1.9605107971129003,0.2976249177445207,44
2.1389559541670655,False,78,2.258135714857421,-0.11917976069035552,44
2.3887081331534055,False,79,2.1389559541670655,0.24975217898633995,44
2.348210113175603,False,80,2.3887081331534055,-0.040498019977802446,44
2.177732800921969,False,81,2.348210113175603,-0.17047731225363405,44
2.1266385302027975,False,82,2.177732800921969,-0.0510942707191715,44
1.9071730553958557,False,83,2.1266385302027975,-0.21946547480694178,44
2.3493278107795637,False,84,1.9071730553958557,0.44215475538370796,44
2.103498599428827,False,85,2.3493278107795637,-0.24582921135073654,44
1.862344065271233,False,86,2.103498599428827,-0.24115453415759402,44
1.6110008509663638,False,87,1.862344065271233,-0.2513432143048693,44
1.5516169235880521,False,88,1.6110008509663638,-0.05938392737831166,44
2.0772781202030615,False,89,1.5516169235880521,0.5256611966150093,44
1.725444517679406,False,90,2.0772781202030615,-0.3518336025236555,44
1.5091308046205534,False,91,1.725444517679406,-0.2163137130588526,44
1.796352817929272,False,92,1.5091308046205534,0.28722201330871866,44
1.9035180314498859,False,93,1.796352817929272,0.10716521352061381,44
2.058148466561785,False,94,1.9035180314498859,0.154630435111899,44
2.4963685754024496,False,95,2.058148466561785,0.43822010884066476,44
1.6040701241986723,False,96,2.4963685754024496,-0.8922984512037773,44
2.048091034519688,False,97,1.6040701241986723,0.44402091032101554,44
2.3493557951676727,False,98,2.048091034519688,0.3012647606479848,44
2.425807709792559,False,99,2.3493557951676727,0.07645191462488654,44
2.1724884132654263,True,100,2.425807709792559,-0.2533192965271329,44
2.3788489052419757,True,101,2.1724884132654263,0.20636049197654938,44
2.4252391093506978,True,102,2.3788489052419757,0.04639020410872208,44
2.5847160423243474,True,103,2.4252391093506978,0.15947693297364962,44
2.7409168750921875,True,104,2.5847160423243474,0.15620083276784014,44
2.926160307210307,True,105,2.7409168750921875,0.18524343211811933,44
3.0414974329104303,True,106,2.926160307210307,0.11533712570012344,44
3.2378382113909,True,107,3.0414974329104303,0.1963407784804696,44
3.460800895333621,True,108,3.2378382113909,0.222962683942721,44
3.5829265157729218,True,109,3.460800895333621,0.12212562043930086,44
3.7906782349858865,True,110,3.5829265157729218,0.20775171921296476,44
3.976009677904003,True,111,3.7906782349858865,0.18533144291811654,44
4.1657018788951,True,112,3.976009677904003,0.18969220099109707,44
4.1792524196121095,True,113,4.1657018788951,0.01355054071700934,44
4.376057575309529,True,114,4.1792524196121095,0.19680515569741974,44
4.543921460941307,True,115,4.376057575309529,0.16786388563177734,44
4.631298276939512,True,116,4.543921460941307,0.08737681599820579,44
4.9333493719605,True,117,4.631298276939512,0.30205109502098804,44
5.063896791689982,True,118,4.9333493719605,0.13054741972948136,44
5.109069757065679,True,119,5.063896791689982,0.045172965375697594,44
5.197684476211738,True,120,5.109069757065679,0.0886147191460589,44
5.522226931438341,True,121,5.197684476211738,0.3245424552266032,44
5.6292293062789795,True,122,5.522226931438341,0.10700237484063813,44
5.723639658714851,True,123,5.6292293062789795,0.09441035243587148,44
5.928739889083602,True,124,5.723639658714851,0.20510023036875058,44
5.986601493741252,True,125,5.928739889083602,0.05786160465765011,44
6.249552116782016,True,126,5.986601493741252,0.2629506230407639,44
6.3518332033382965,True,127,6.249552116782016,0.10228108655628088,44
6.505951983109634,True,128,6.3518332033382965,0.1541187797713377,44
6.792875642935604,True,129,6.505951983109634,0.2869236598259697,44
6.782028251333685,True,130,6.792875642935604,-0.010847391601918943,44
7.04948740302694,True,131,6.782028251333685,0.26745915169325496,44
7.236740762607903,True,132,7.04948740302694,0.18725335958096334,44
7.275651558491551,True,133,7.236740762607903,0.03891079588364743,44
7.427373825017092,True,134,7.275651558491551,0.15172226652554155,44
7.672619808844107,True,135,7.427373825017092,0.24524598382701512,44
7.729049698881769,True,136,7.672619808844107,0.056429890037661856,44
7.956753487609186,True,137,7.729049698881769,0.2277037887274167,44
8.108506391646197,True,138,7.956753487609186,0.1517529040370107,44
8.350904615868908,True,139,8.108506391646197,0.24239822422271118,44
8.461773853665342,True,140,8.350904615868908,0.1108692377964342,44
8.492518016148786,True,141,8.461773853665342,0.030744162483443915,44
8.795438515303253,True,142,8.492518016148786,0.3029204991544674,44
8.89875041961724,True,143,8.795438515303253,0.10331190431398696,44
9.054611321228146,True,144,8.89875041961724,0.1558609016109056,44
9.206177642276998,True,145,9.054611321228146,0.15156632104885226,44
9.337786813611926,True,146,9.206177642276998,0.13160917133492767,44
9.442126740687618,True,147,9.337786813611926,0.10433992707569217,44
9.753014118583092,True,148,9.442126740687618,0.31088737789547416,44
9.893675658197981,True,149,9.753014118583092,0.14066153961488936,44
9.930497606040092,True,150,9.893675658197981,0.03682194784211035,44
10.150591331641794,True,151,9.930497606040092,0.2200937256017017,44
10.256838663087375,True,152,10.150591331641794,0.10624733144558185,44
10.468223058655273,True,153,10.256838663087375,0.21138439556789734,44
10.566666219674847,True,154,10.468223058655273,0.09844316101957418,44
10.689286003435269,True,155,10.566666219674847,0.12261978376042215,44
10.753100923792106,True,156,10.689286003435269,0.06381492035683678,44
10.896143403277284,True,157,10.753100923792106,0.14304247948517812,44
11.086588305398093,True,158,10.896143403277284,0.19044490212080945,44
11.406630324854756,True,159,11.086588305398093,0.3200420194566629,44
11.432499358614614,True,160,11.406630324854756,0.025869033759857274,44
11.642704772208813,True,161,11.432499358614614,0.2102054135941991,44
11.704071001044824,True,162,11.642704772208813,0.06136622883601106,44
11.9390965634113,True,163,11.704071001044824,0.2350255623664772,44
12.215028645353236,True,164,11.9390965634113,0.2759320819419351,44
12.252353431760556,True,165,12.215028645353236,0.03732478640731962,44
12.512002364852892,True,166,12.252353431760556,0.25964893309233616,44
12.541997728213351,True,167,12.512002364852892,0.029995363360459493,44
12.75619835112192,True,168,12.541997728213351,0.21420062290856912,44
12.927857421793536,True,169,12.75619835112192,0.17165907067161612,44
13.115875571579922,True,170,12.927857421793536,0.18801814978638554,44
13.17257435443713,True,171,13.115875571579922,0.05669878285720742,44
13.411174501643664,True,172,13.17257435443713,0.23860014720653488,44
13.518114651578449,True,173,13.411174501643664,0.1069401499347844,44
13.765819549349834,True,174,13.518114651578449,0.24770489777138494,44
13.898372191833403,True,175,13.765819549349834,0.13255264248356902,44
14.056407117306199,True,176,13.898372191833403,0.15803492547279596,44
14.236361909680358,True,177,14.056407117306199,0.17995479237415957,44
14.395492689884236,True,178,14.236361909680358,0.15913078020387772,44
14.534590106137077,True,179,14.395492689884236,0.13909741625284155,44
14.747566409363005,True,180,14.534590106137077,0.2129763032259273,44
14.943744054858321,True,181,14.747566409363005,0.19617764549531636,44
14.94250540242559,True,182,14.943744054858321,-0.0012386524327308024,44
15.127614613120361,True,183,14.94250540242559,0.1851092106947707,44
15.383542209273891,True,184,15.127614613120361,0.2559275961535299,44
15.40650540607103,True,185,15.383542209273891,0.022963196797139318,44
15.557766485424446,True,186,15.40650540607103,0.15126107935341615,44
15.718600330728286,True,187,15.557766485424446,0.1608338453038396,44
15.995527606934983,True,188,15.718600330728286,0.2769272762066972,44
16.11613696461507,True,189,15.995527606934983,0.1206093576800864,44
16.164952353509914,True,190,16.11613696461507,0.0488153888948446,44
16.32685115963272,True,191,16.164952353509914,0.1618988061228066,44
16.448851533615276,True,192,16.32685115963272,0.12200037398255503,44
16.761680430695428,True,193,16.448851533615276,0.31282889708015205,44
16.836278324380174,True,194,16.761680430695428,0.07459789368474645,44
17.041207970777013,True,195,16.836278324380174,0.2049296463968382,44
17.093961045698812,True,196,17.041207970777013,0.05275307492179948,44
17.414745927966667,True,197,17.093961045698812,0.32078488226785495,44
17.39173504690589,True,198,17.414745927966667,-0.02301088106077742,44
17.654472647847246,True,199,17.39173504690589,0.2627376009413567,44
17.57172566464951,False,200,17.654472647847246,-0.08274698319773677,44
17.608501687588348,False,201,17.57172566464951,0.03677602293883808,44
17.583960628675637,False,202,17.608501687588348,-0.02454105891271041,44
17.641091657657384,False,203,17.583960628675637,0.05713102898174682,44
17.698595448319725,False,204,17.641091657657384,0.05750379066234146,44
17.56044618839832,False,205,17.698595448319725,-0.1381492599214056,44
17.69440582410061,False,206,17.56044618839832,0.13395963570228986,44
17.72228508418668,False,207,17.69440582410061,0.027879260086070445,44
17.62116924644664,False,208,17.72228508418668,-0.10111583774003918,44
17.712711739597694,False,209,17.62116924644664,0.0915424931510529,44
17.72041115717777,False,210,17.712711739597694,0.00769941758007775,44
17.57230013917587,False,211,17.72041115717777,-0.1481110180019023,44
17.615360400828134,False,212,17.57230013917587,0.04306026165226484,44
17.63817300809555,False,213,17.615360400828134,0.022812607267415075,44
17.56644262184007,False,214,17.63817300809555,-0.0717303862554779,44
17.626022029030256,False,215,17.56644262184007,0.05957940719018495,44
17.672837986174613,False,216,17.626022029030256,0.046815957144357156,44
17.59144105619797,False,217,17.672837986174613,-0.08139692997664483,44
17.547719693064344,False,218,17.59144105619797,-0.04372136313362418,44
17.743387319350344,False,219,17.547719693064344,0.19566762628599932,44
17.64804513460714,False,220,17.743387319350344,-0.09534218474320255,44
17.57666467792898,False,221,17.64804513460714,-0.07138045667815973,44
17.668064117686754,False,222,17.57666467792898,0.09139943975777243,44
17.68536374248206,False,223,17.668064117686754,0.017299624795306556,44
17.63430924565552,False,224,17.68536374248206,-0.051054496826541396,44
17.656241014601225,False,225,17.63430924565552,0.0219317689457057,44
17.649949275153322,False,226,17.656241014601225,-0.006291739447902955,44
17.712454179152445,False,227,17.649949275153322,0.06250490399912323,44
17.734182463811756,False,228,17.712454179152445,0.02172828465931076,44
17.663832277211274,False,229,17.734182463811756,-0.07035018660048209,44
17.689763172841207,False,230,17.663832277211274,0.02593089562993356,44
17.706750178443485,False,231,17.689763172841207,0.01698700560227806,44
17.559965298903933,False,232,17.706750178443485,-0.14678487953955255,44
17.57114035555232,False,233,17.559965298903933,0.011175056648387027,44
17.739157073568403,False,234,17.57114035555232,0.16801671801608364,44
17.629650898557045,False,235,17.739157073568403,-0.10950617501135795,44
17.560235384446315,False,236,17.629650898557045,-0.06941551411073021,44
17.74358528709716,False,237,17.560235384446315,0.18334990265084627,44
17.5771768578275,False,238,17.74358528709716,-0.16640842926966215,44
17.734998186999302,False,239,17.5771768578275,0.15782132917180292,44
17.72192029370492,False,240,17.734998186999302,-0.013077893294383358,44
17.612632711850694,False,241,17.72192029370492,-0.10928758185422538,44
17.567502251639134,False,242,17.612632711850694,-0.045130460211559864,44
17.622557685518697,False,243,17.567502251639134,0.0550554338795628,44
17.68362628054627,False,244,17.622557685518697,0.061068595027574446,44
17.602430617985014,False,245,17.68362628054627,-0.08119566256125665,44
17.55912667417811,False,246,17.602430617985014,-0.0433039438069045,44
17.61929802557319,False,247,17.55912667417811,0.06017135139508056,44
17.70094788688952,False,248,17.61929802557319,0.08164986131632901,44
17.652926217449455,False,249,17.70094788688952,-0.048021669440064585,44
17.5765420198171,False,250,17.652926217449455,-0.07638419763235405,44
17.68496531086976,False,251,17.5765420198171,0.10842329105265947,44
17.574531765195964,False,252,17.68496531086976,-0.11043354567379637,44
17.5898972773273,False,253,17.574531765195964,0.015365512131335635,44
17.66530636200582,False,254,17.5898972773273,0.07540908467851892,44
17.659283758023285,False,255,17.66530636200582,-0.00602260398253307,44
17.55584634645751,False,256,17.659283758023285,-0.1034374115657748,44
17.700916895994805,False,257,17.55584634645751,0.14507054953729437,44
17.627416376635075,False,258,17.700916895994805,-0.07350051935972957,44
17.639987737357732,False,259,17.627416376635075,0.012571360722656522,44
17.723841151841164,False,260,17.639987737357732,0.08385341448343198,44
17.66820070515368,False,261,17.723841151841164,-0.0556404466874838,44
17.581827176529718,False,262,17.66820070515368,-0.08637352862396241,44
17.624571849699866,False,263,17.581827176529718,0.04274467317014796,44
17.657080869930304,False,264,17.624571849699866,0.03250902023043878,44
17.63016966262302,False,265,17.657080869930304,-0.02691120730728258,44
17.59167984136724,False,266,17.63016966262302,-0.03848982125578004,44
17.616874129913256,False,267,17.59167984136724,0.025194288546014576,44
17.589867437857237,False,268,17.616874129913256,-0.027006692056019688,44
17.628933631279853,False,269,17.589867437857237,0.039066193422616635,44
17.706478879451296,False,270,17.628933631279853,0.07754524817144315,44
17.696000328951094,False,271,17.706478879451296,-0.010478550500202743,44
17.6395711639203,False,272,17.696000328951094,-0.056429165030792205,44
17.59055495237504,False,273,17.6395711639203,-0.04901621154526126,44
17.605040070545154,False,274,17.59055495237504,0.01448511817011422,44
17.639287028292237,False,275,17.605040070545154,0.03424695774708297,44
17.730836371190463,False,276,17.639287028292237,0.09154934289822592,44
17.633567577822618,False,277,17.730836371190463,-0.09726879336784577,44
17.601588607724675,False,278,17.633567577822618,-0.03197897009794204,44
17.71830161660128,False,279,17.601588607724675,0.11671300887660507,44
17.707360700974025,False,280,17.71830161660128,-0.01094091562725552,44
17.628235415150066,False,281,17.707360700974025,-0.0791252858239595,44
17.731729114896023,False,282,17.628235415150066,0.10349369974595746,44
17.639403537473985,False,283,17.731729114896023,-0.09232557742203795,44
17.65504121670455,False,284,17.639403537473985,0.015637679230565027,44
17.70471623672628,False,285,17.65504121670455,0.04967502002173063,44
17.5602804607783,False,286,17.70471623672628,-0.1444357759479793,44
17.591046095887965,False,287,17.5602804607783,0.030765635109663236,44
17.55306215690362,False,288,17.591046095887965,-0.03798393898434327,44
17.623252226452305,False,289,17.55306215690362,0.07019006954868345,44
17.652569957451476,False,290,17.623252226452305,0.029317730999171232,44
17.70720326240019,False,291,17.652569957451476,0.054633304948712436,44
17.663221545531854,False,292,17.70720326240019,-0.043981716868334075,44
17.606951669743324,False,293,17.663221545531854,-0.056269875788530044,44
17.719212899735297,False,294,17.606951669743324,0.1122612299919723,44
17.668037644463574,False,295,17.719212899735297,-0.05117525527172262,44
17.599082866343366,False,296,17.668037644463574,-0.068954778120208,44
17.600635692097526,False,297,17.599082866343366,0.0015528257541603807,44
17.5899325496156,False,298,17.600635692097526,-0.010703142481926164,44
17.682419420053403,False,299,17.5899325496156,0.09248687043780279,44
1.6087816973361004,False,0,0.0,0.0,45
1.6252875789159305,False,1,1.6087816973361004,0.016505881579830017,45
1.6536628134617866,False,2,1.6252875789159305,0.02837523454585611,45
2.027164141994022,False,3,1.6536628134617866,0.3735013285322353,45
1.6690129140695378,False,4,2.027164141994022,-0.35815122792448406,45
2.3192474699179515,False,5,1.6690129140695378,0.6502345558484137,45
2.377269477211571,False,6,2.3192474699179515,0.05802200729361928,45
2.3989073684632043,False,7,2.377269477211571,0.021637891251633512,45
1.8022059223807658,False,8,2.3989073684632043,-0.5967014460824385,45
2.159683598084591,False,9,1.8022059223807658,0.35747767570382516,45
1.9480945682935968,False,10,2.159683598084591,-0.21158902979099414,45
1.9581252899853165,False,11,1.9480945682935968,0.010030721691719702,45
1.7705006972549835,False,12,1.9581252899853165,-0.18762459273033305,45
1.5527622142870339,False,13,1.7705006972549835,-0.21773848296794962,45
1.9161318157618088,False,14,1.5527622142870339,0.36336960147477493,45
2.210514922143728,False,15,1.9161318157618088,0.2943831063819191,45
1.9287427101215258,False,16,2.210514922143728,-0.28177221202220215,45
2.213276896667718,False,17,1.9287427101215258,0.2845341865461921,45
1.9587402666099023,False,18,2.213276896667718,-0.25453663005781557,45
2.081517910636534,False,19,1.9587402666099023,0.12277764402663172,45
2.2622791398178768,False,20,2.081517910636534,0.18076122918134274,45
1.904885117817864,False,21,2.2622791398178768,-0.3573940220000127,45
2.378072970734798,False,22,1.904885117817864,0.47318785291693377,45
1.7314343995159311,False,23,2.378072970734798,-0.6466385712188667,45
2.4056067119562337,False,24,1.7314343995159311,0.6741723124403025,45
1.6263007338617945,False,25,2.4056067119562337,-0.7793059780944391,45
1.6489465147066118,False,26,1.6263007338617945,0.022645780844817276,45
1.9525324775274249,False,27,1.6489465147066118,0.30358596282081307,45
2.1133421225265066,False,28,1.9525324775274249,0.16080964499908168,45
1.878764227550614,False,29,2.1133421225265066,-0.23457789497589254,45
1.8413410872014926,False,30,1.878764227550614,-0.03742314034912142,45
2.0854614526186457,False,31,1.8413410872014926,0.2441203654171531,45
2.394773565860829,False,32,2.0854614526186457,0.30931211324218344,45
1.985776448439991,False,33,2.394773565860829,-0.4089971174208382,45
1.6234432779787358,False,34,1.985776448439991,-0.3623331704612551,45
2.028885177960473,False,35,1.6234432779787358,0.4054418999817371,45
1.6105757444170967,False,36,2.028885177960473,-0.41830943354337613,45
1.9311895940748225,False,37,1.6105757444170967,0.32061384965772577,45
1.7084796846195753,False,38,1.9311895940748225,-0.22270990945524716,45
1.661046589601415,False,39,1.7084796846195753,-0.04743309501816029,45
1.7984067777183261,False,40,1.661046589601415,0.13736018811691109,45
1.6448028142054856,False,41,1.7984067777183261,-0.15360396351284056,45
1.731692732553514,False,42,1.6448028142054856,0.0868899183480285,45
2.170574655849533,False,43,1.731692732553514,0.43888192329601905,45
2.4925561855415688,False,44,2.170574655849533,0.32198152969203564,45
2.196333149101694,False,45,2.4925561855415688,-0.2962230364398746,45
1.6611703355918284,False,46,2.196333149101694,-0.5351628135098658,45
1.9146631210801697,False,47,1.6611703355918284,0.2534927854883413,45
1.9009162963685111,False,48,1.9146631210801697,-0.013746824711658556,45
2.235719857241828,False,49,1.9009162963685111,0.3348035608733171,45
2.225886951968615,False,50,2.235719857241828,-0.009832905273213122,45
2.0694944862386646,False,51,2.225886951968615,-0.15639246572995047,45
1.934626212654811,False,52,2.0694944862386646,-0.13486827358385356,45
2.434965943967148,False,53,1.934626212654811,0.500339731312337,45
1.6396357427141195,False,54,2.434965943967148,-0.7953302012530286,45
1.6023244876027447,False,55,1.6396357427141195,-0.037311255111374786,45
1.9459478816132951,False,56,1.6023244876027447,0.3436233940105504,45
1.5450894397607355,False,57,1.9459478816132951,-0.4008584418525596,45
1.5630508053796799,False,58,1.5450894397607355,0.017961365618944347,45
1.5360374807820922,False,59,1.5630508053796799,-0.02701332459758765,45
2.0228340729071173,False,60,1.5360374807820922,0.486796592125025,45
1.8307835226528208,False,61,2.0228340729071173,-0.1920505502542964,45
2.302508242345474,False,62,1.8307835226528208,0.47172471969265306,45
1.516175676717297,False,63,2.302508242345474,-0.786332565628177,45
1.802361573185237,False,64,1.516175676717297,0.28618589646794,45
1.599086474398912,False,65,1.802361573185237,-0.203275098786325,45
1.686044482246678,False,66,1.599086474398912,0.08695800784776608,45
2.0765390043780307,False,67,1.686044482246678,0.3904945221313527,45
1.7397860644633123,False,68,2.0765390043780307,-0.33675293991471844,45
1.5645265664663186,False,69,1.7397860644633123,-0.1752594979969937,45
1.5584516394469758,False,70,1.5645265664663186,-0.006074927019342757,45
1.8637935579890483,False,71,1.5584516394469758,0.3053419185420725,45
2.3662821014509,False,72,1.8637935579890483,0.5024885434618518,45
2.4534156383262054,False,73,2.3662821014509,0.08713353687530523,45
2.4915764224652435,False,74,2.4534156383262054,0.03816078413903812,45
2.459549040105999,False,75,2.4915764224652435,-0.032027382359244516,45
1.9481319208548207,False,76,2.459549040105999,-0.5114171192511783,45
1.7485737966175492,False,77,1.9481319208548207,-0.19955812423727148,45
1.604423755684794,False,78,1.7485737966175492,-0.14415004093275519,45
1.8674986361935169,False,79,1.604423755684794,0.26307488050872285,45
1.5975379490625987,False,80,1.8674986361935169,-0.26996068713091814,45
2.2107730144561555,False,81,1.5975379490625987,0.6132350653935568,45
1.6881896959185139,False,82,2.2107730144561555,-0.5225833185376416,45
2.2199085777916565,False,83,1.6881896959185139,0.5317188818731426,45
1.5158481487349649,False,84,2.2199085777916565,-0.7040604290566916,45
2.383308088633941,False,85,1.5158481487349649,0.8674599398989762,45
2.1417908645704022,False,86,2.383308088633941,-0.24151722406353882,45
2.3060146924351397,False,87,2.1417908645704022,0.16422382786473744,45
2.048440545623114,False,88,2.3060146924351397,-0.2575741468120256,45
2.038849245609899,False,89,2.048440545623114,-0.009591300013215065,45
1.5572091351021118,False,90,2.038849245609899,-0.4816401105077872,45
2.36950678026229,False,91,1.5572091351021118,0.812297645160178,45
2.294395149299282,False,92,2.36950678026229,-0.07511163096300777,45
1.7165683556220157,False,93,2.294395149299282,-0.5778267936772663,45
2.247422541096836,False,94,1.7165683556220157,0.5308541854748203,45
1.8084968787546327,False,95,2.247422541096836,-0.4389256623422033,45
1.8665244271666614,False,96,1.8084968787546327,0.05802754841202873,45
2.4158891625737673,False,97,1.8665244271666614,0.5493647354071058,45
1.8519358236626444,False,98,2.4158891625737673,-0.5639533389111229,45
2.242379018497301,False,99,1.8519358236626444,0.3904431948346567,45
2.0207494464573332,True,100,2.242379018497301,-0.22162957203996791,45
2.0744755471506435,True,101,2.0207494464573332,0.0537261006933103,45
2.151438972248625,True,102,2.0744755471506435,0.07696342509798137,45
2.2848263742544375,True,103,2.151438972248625,0.13338740200581256,45
2.346242021300926,True,104,2.2848263742544375,0.06141564704648861,45
2.33838955314372,True,105,2.346242021300926,-0.007852468157206083,45
2.4619163632924255,True,106,2.33838955314372,0.12352681014870548,45
2.4714731571221638,True,107,2.4619163632924255,0.009556793829738286,45
2.6152238349171344,True,108,2.4714731571221638,0.14375067779497064,45
2.663698031089809,True,109,2.6152238349171344,0.04847419617267468,45
2.7875278675807724,True,110,2.663698031089809,0.12382983649096335,45
2.831826725628538,True,111,2.7875278675807724,0.04429885804776568,45
2.8375755744812574,True,112,2.831826725628538,0.005748848852719313,45
2.8130198568357416,True,113,2.8375755744812574,-0.024555717645515784,45
2.9307089968567457,True,114,2.8130198568357416,0.11768914002100406,45
3.010486039070112,True,115,2.9307089968567457,0.07977704221336612,45
3.202114138143973,True,116,3.010486039070112,0.19162809907386125,45
3.165788065071672,True,117,3.202114138143973,-0.03632607307230096,45
3.1763954052145866,True,118,3.165788065071672,0.010607340142914534,45
3.332088388039074,True,119,3.1763954052145866,0.1556929828244873,45
3.2991665818365923,True,120,3.332088388039074,-0.03292180620248164,45
3.3183749415843806,True,121,3.2991665818365923,0.01920835974778834,45
3.4098576047184874,True,122,3.3183749415843806,0.0914826631341068,45
3.447110621936009,True,123,3.4098576047184874,0.03725301721752139,45
3.643871166751662,True,124,3.447110621936009,0.1967605448156533,45
3.754475407458316,True,125,3.643871166751662,0.11060424070665409,45
3.6581585143395614,True,126,3.754475407458316,-0.0963168931187548,45
3.7560487968857466,True,127,3.6581585143395614,0.09789028254618515,45
3.8504084018229627,True,128,3.7560487968857466,0.09435960493721618,45
3.9950603285678863,True,129,3.8504084018229627,0.14465192674492355,45
4.100697568806941,True,130,3.9950603285678863,0.10563724023905507,45
4.08840535573174,True,131,4.100697568806941,-0.012292213075201452,45
4.146296401097197,True,132,4.08840535573174,0.05789104536545686,45
4.153495054542274,True,133,4.146296401097197,0.007198653445077419,45
4.353627530658532,True,134,4.153495054542274,0.2001324761162575,45
4.252033760803365,True,135,4.353627530658532,-0.10159376985516655,45
4.323241329510414,True,136,4.252033760803365,0.07120756870704881,45
4.472424349677005,True,137,4.323241329510414,0.1491830201665909,45
4.605461352108637,True,138,4.472424349677005,0.13303700243163252,45
4.721199477398358,True,139,4.605461352108637,0.11573812528972027,45
4.629871081092443,True,140,4.721199477398358,-0.09132839630591505,45
4.68004549830728,True,141,4.629871081092443,0.050174417214837064,45
4.798501988706075,True,142,4.68004549830728,0.11845649039879547,45
4.8851777922626605,True,143,4.798501988706075,0.08667580355658533,45
5.070246469264858,True,144,4.8851777922626605,0.18506867700219765,45
5.198724798857093,True,145,5.070246469264858,0.1284783295922347,45
5.1735404213941525,True,146,5.198724798857093,-0.025184377462940333,45
5.329406171523932,True,147,5.1735404213941525,0.1558657501297791,45
5.3231042423328585,True,148,5.329406171523932,-0.006301929191073086,45
5.307144310739083,True,149,5.3231042423328585,-0.015959931593775067,45
5.452808369410628,True,150,5.307144310739083,0.14566405867154497,45
5.508945527721018,True,151,5.452808369410628,0.056137158310389346,45
5.610766244901644,True,152,5.508945527721018,0.10182071718062602,45
5.679786777135365,True,153,5.610766244901644,0.06902053223372118,45
5.779895069495976,True,154,5.679786777135365,0.10010829236061092,45
5.838611156013184,True,155,5.779895069495976,0.058716086517208055,45
5.739761663935965,True,156,5.838611156013184,-0.09884949207721849,45
5.832562654384577,True,157,5.739761663935965,0.09280099044861156,45
5.859301608510995,True,158,5.832562654384577,0.026738954126417802,45
6.093341504902912,True,159,5.859301608510995,0.23403989639191725,45
6.098717925435205,True,160,6.093341504902912,0.005376420532292592,45
6.085337908664391,True,161,6.098717925435205,-0.013380016770813796,45
6.170056321458668,True,162,6.085337908664391,0.0847184127942775,45
6.149983206142793,True,163,6.170056321458668,-0.02007311531587508,45
6.255979648989712,True,164,6.149983206142793,0.10599644284691845,45
6.445718611021249,True,165,6.255979648989712,0.18973896203153728,45
6.383708093001598,True,166,6.445718611021249,-0.06201051801965107,45
6.521290771627731,True,167,6.383708093001598,0.13758267862613316,45
6.642168598013011,True,168,6.521290771627731,0.12087782638528033,45
6.62792944986905,True,169,6.642168598013011,-0.014239148143960989,45
6.689693478572585,True,170,6.62792944986905,0.06176402870353481,45
6.881294861154945,True,171,6.689693478572585,0.19160138258235992,45
6.970908276497615,True,172,6.881294861154945,0.08961341534266953,45
6.908182013346282,True,173,6.970908276497615,-0.06272626315133234,45
6.980493541914681,True,174,6.908182013346282,0.07231152856839884,45
7.222707161148885,True,175,6.980493541914681,0.24221361923420393,45
7.228986520298563,True,176,7.222707161148885,0.006279359149678143,45
7.293610746184731,True,177,7.228986520298563,0.06462422588616779,45
7.4277734625690695,True,178,7.293610746184731,0.1341627163843384,45
7.326820596348669,True,179,7.4277734625690695,-0.10095286622040067,45
7.548558909938537,True,180,7.326820596348669,0.22173831358986806,45
7.572760493405813,True,181,7.548558909938537,0.024201583467275967,45
7.540242902677599,True,182,7.572760493405813,-0.03251759072821425,45
7.578868958087818,True,183,7.540242902677599,0.03862605541021935,45
7.719376501034582,True,184,7.578868958087818,0.14050754294676437,45
7.824764777552405,True,185,7.719376501034582,0.10538827651782245,45
7.860491270439781,True,186,7.824764777552405,0.035726492887376615,45
8.01226187583622,True,187,7.860491270439781,0.15177060539643872,45
7.9610033093213755,True,188,8.01226187583622,-0.05125856651484462,45
8.141284779838001,True,189,7.9610033093213755,0.18028147051662557,45
8.042362765977906,True,190,8.141284779838001,-0.09892201386009525,45
8.20473817628519,True,191,8.042362765977906,0.16237541030728408,45
8.356179112489567,True,192,8.20473817628519,0.15144093620437715,45
8.301558163394281,True,193,8.356179112489567,-0.05462094909528581,45
8.33177592240589,True,194,8.301558163394281,0.030217759011609502,45
8.46272742861013,True,195,8.33177592240589,0.130951506204239,45
8.480238300272404,True,196,8.46272742861013,0.017510871662274496,45
8.496125941593645,True,197,8.480238300272404,0.015887641321240764,45
8.7239279364295,True,198,8.496125941593645,0.22780199483585584,45
8.75114932623568,True,199,8.7239279364295,0.027221389806179275,45
8.742629750068405,False,200,8.75114932623568,-0.008519576167275389,45
8.695254940929424,False,201,8.742629750068405,-0.04737480913898118,45
8.752732918708983,False,202,8.695254940929424,0.0574779777795591,45
8.738545153095718,False,203,8.752732918708983,-0.014187765613264958,45
8.709482013165028,False,204,8.738545153095718,-0.029063139930689985,45
8.778332148289449,False,205,8.709482013165028,0.06885013512442129,45
8.7005563287444,False,206,8.778332148289449,-0.07777581954504953,45
8.824814477771197,False,207,8.7005563287444,0.12425814902679733,45
8.699019648744349,False,208,8.824814477771197,-0.12579482902684802,45
8.759775551979331,False,209,8.699019648744349,0.060755903234982256,45
8.78254809207895,False,210,8.759775551979331,0.022772540099618155,45
8.816666560934886,False,211,8.78254809207895,0.03411846885593661,45
8.729343492020103,False,212,8.816666560934886,-0.08732306891478281,45
8.699505329756322,False,213,8.729343492020103,-0.029838162263780887,45
8.81662239577715,False,214,8.699505329756322,0.11711706602082828,45
8.75365340630823,False,215,8.81662239577715,-0.06296898946892071,45
8.793200516536606,False,216,8.75365340630823,0.039547110228376425,45
8.673034007521428,False,217,8.793200516536606,-0.12016650901517778,45
8.820355357271373,False,218,8.673034007521428,0.14732134974994437,45
8.778302428900476,False,219,8.820355357271373,-0.04205292837089658,45
8.767828187078312,False,220,8.778302428900476,-0.010474241822164387,45
8.6878355292234,False,221,8.767828187078312,-0.07999265785491083,45
8.77560880765159,False,222,8.6878355292234,0.08777327842818927,45
8.690855767975444,False,223,8.77560880765159,-0.084753039676146,45
8.766109829720493,False,224,8.690855767975444,0.07525406174504923,45
8.715041682502015,False,225,8.766109829720493,-0.05106814721847819,45
8.714436717229148,False,226,8.715041682502015,-0.0006049652728670196,45
8.672019328734931,False,227,8.714436717229148,-0.04241738849421672,45
8.641426725266122,False,228,8.672019328734931,-0.030592603468809543,45
8.777981430368412,False,229,8.641426725266122,0.13655470510228973,45
8.720880997577856,False,230,8.777981430368412,-0.057100432790555544,45
8.644808559971558,False,231,8.720880997577856,-0.07607243760629778,45
8.770012009199847,False,232,8.644808559971558,0.1252034492282892,45
8.836039949144125,False,233,8.770012009199847,0.06602793994427714,45
8.835979268587998,False,234,8.836039949144125,-6.068055612651335e-05,45
8.754050275163014,False,235,8.835979268587998,-0.0819289934249845,45
8.817871193358268,False,236,8.754050275163014,0.0638209181952547,45
8.691917720112142,False,237,8.817871193358268,-0.12595347324612582,45
8.765574613368942,False,238,8.691917720112142,0.0736568932567998,45
8.722685371683156,False,239,8.765574613368942,-0.04288924168578667,45
8.736395189485707,False,240,8.722685371683156,0.013709817802551427,45
8.724195704113129,False,241,8.736395189485707,-0.012199485372578422,45
8.783121991343101,False,242,8.724195704113129,0.05892628722997273,45
8.820643737237294,False,243,8.783121991343101,0.03752174589419255,45
8.766395330641213,False,244,8.820643737237294,-0.054248406596080656,45
8.707661044558554,False,245,8.766395330641213,-0.05873428608265918,45
8.752360561639511,False,246,8.707661044558554,0.04469951708095721,45
8.710613228413788,False,247,8.752360561639511,-0.04174733322572344,45
8.669232346118372,False,248,8.710613228413788,-0.04138088229541559,45
8.660919287996236,False,249,8.669232346118372,-0.008313058122135786,45
8.727198014453501,False,250,8.660919287996236,0.06627872645726463,45
8.81906455679335,False,251,8.727198014453501,0.09186654233984903,45
8.710828754187752,False,252,8.81906455679335,-0.10823580260559851,45
8.724690413303353,False,253,8.710828754187752,0.013861659115601555,45
8.652329489952695,False,254,8.724690413303353,-0.07236092335065791,45
8.67024525097777,False,255,8.652329489952695,0.017915761025074417,45
8.713206627984414,False,256,8.67024525097777,0.0429613770066446,45
8.680077048875287,False,257,8.713206627984414,-0.033129579109127505,45
8.68131993270699,False,258,8.680077048875287,0.001242883831702457,45
8.689865976467848,False,259,8.68131993270699,0.008546043760858879,45
8.738502266230011,False,260,8.689865976467848,0.04863628976216283,45
8.7596011988404,False,261,8.738502266230011,0.0210989326103892,45
8.675656119879703,False,262,8.7596011988404,-0.08394507896069747,45
8.775361550302497,False,263,8.675656119879703,0.09970543042279445,45
8.703418434005368,False,264,8.775361550302497,-0.07194311629712935,45
8.653664743964754,False,265,8.703418434005368,-0.04975369004061392,45
8.8060684704233,False,266,8.653664743964754,0.15240372645854627,45
8.6863232959513,False,267,8.8060684704233,-0.1197451744719995,45
8.730984566183892,False,268,8.6863232959513,0.04466127023259148,45
8.787502746639783,False,269,8.730984566183892,0.05651818045589074,45
8.705304392497185,False,270,8.787502746639783,-0.08219835414259791,45
8.741395069705183,False,271,8.705304392497185,0.03609067720799786,45
8.705847944773565,False,272,8.741395069705183,-0.03554712493161816,45
8.734827664358551,False,273,8.705847944773565,0.028979719584986796,45
8.65290603560573,False,274,8.734827664358551,-0.08192162875282172,45
8.682223869428714,False,275,8.65290603560573,0.029317833822984696,45
8.705412583602383,False,276,8.682223869428714,0.023188714173668856,45
8.696198919752094,False,277,8.705412583602383,-0.009213663850289322,45
8.699466931131834,False,278,8.696198919752094,0.003268011379740088,45
8.696613129944502,False,279,8.699466931131834,-0.002853801187331584,45
8.646177684429233,False,280,8.696613129944502,-0.05043544551526935,45
8.831597806984334,False,281,8.646177684429233,0.18542012255510087,45
8.802034650572505,False,282,8.831597806984334,-0.029563156411828828,45
8.645177799707536,False,283,8.802034650572505,-0.15685685086496903,45
8.72656663599435,False,284,8.645177799707536,0.08138883628681448,45
8.731751521518564,False,285,8.72656663599435,0.0051848855242138114,45
8.650314143158575,False,286,8.731751521518564,-0.08143737835998976,45
8.758660977715964,False,287,8.650314143158575,0.10834683455738947,45
8.791976387629031,False,288,8.758660977715964,0.03331540991306703,45
8.749512401354295,False,289,8.791976387629031,-0.04246398627473624,45
8.703424914872649,False,290,8.749512401354295,-0.04608748648164607,45
8.837959777012196,False,291,8.703424914872649,0.13453486213954768,45
8.689892169824471,False,292,8.837959777012196,-0.14806760718772516,45
8.69885535686853,False,293,8.689892169824471,0.008963187044058074,45
8.769696083386913,False,294,8.69885535686853,0.07084072651838369,45
8.81481657404713,False,295,8.769696083386913,0.04512049066021717,45
8.68484886642967,False,296,8.81481657404713,-0.12996770761746035,45
8.680847588537288,False,297,8.68484886642967,-0.004001277892381694,45
8.644778828454625,False,298,8.680847588537288,-0.03606876008266369,45
8.682133479188026,False,299,8.644778828454625,0.03735465073340194,45
1.5317554247496141,False,0,0.0,0.0,46
2.460923834322948,False,1,1.5317554247496141,0.9291684095733337,46
2.4027360276809695,False,2,2.460923834322948,-0.05818780664197831,46
1.8044891829625647,False,3,2.4027360276809695,-0.5982468447184048,46
1.5767562890509703,False,4,1.8044891829625647,-0.22773289391159435,46
2.452903996279812,False,5,1.5767562890509703,0.8761477072288417,46
2.3368443895212603,False,6,2.452903996279812,-0.11605960675855176,46
1.6775479389980106,False,7,2.3368443895212603,-0.6592964505232497,46
2.2373541796861427,False,8,1.6775479389980106,0.5598062406881321,46
1.5787666489519037,False,9,2.2373541796861427,-0.658587530734239,46
1.5253745277851691,False,10,1.5787666489519037,-0.05339212116673453,46
2.0534345748802165,False,11,1.5253745277851691,0.5280600470950474,46
1.6108743813628985,False,12,2.0534345748802165,-0.442560193517318,46
2.0390417598281347,False,13,1.6108743813628985,0.4281673784652362,46
1.6879950233852825,False,14,2.0390417598281347,-0.3510467364428522,46
2.48305225254453,False,15,1.6879950233852825,0.7950572291592475,46
1.5307855901616536,False,16,2.48305225254453,-0.9522666623828764,46
1.7665935052959698,False,17,1.5307855901616536,0.2358079151343162,46
2.414271661559516,False,18,1.7665935052959698,0.6476781562635461,46
1.823141199129874,False,19,2.414271661559516,-0.5911304624296418,46
1.5284586546453545,False,20,1.823141199129874,-0.2946825444845196,46
1.6638306904233349,False,21,1.5284586546453545,0.1353720357779804,46
2.392530020933333,False,22,1.6638306904233349,0.7286993305099982,46
2.4722529719694166,False,23,2.392530020933333,0.07972295103608351,46
1.5743385047235128,False,24,2.4722529719694166,-0.8979144672459038,46
2.3495029810227317,False,25,1.5743385047235128,0.7751644762992189,46
1.6774804259244842,False,26,2.3495029810227317,-0.6720225550982475,46
1.529065760052668,False,27,1.6774804259244842,-0.14841466587181618,46
2.121079715903342,False,28,1.529065760052668,0.5920139558506738,46
1.5658600491164174,False,29,2.121079715903342,-0.5552196667869245,46
2.351508962483252,False,30,1.5658600491164174,0.7856489133668347,46
1.6348724453146222,False,31,2.351508962483252,-0.71663651716863,46
1.8917427361537926,False,32,1.6348724453146222,0.25687029083917046,46
2.3266547795056263,False,33,1.8917427361537926,0.43491204335183364,46
2.424472378488212,False,34,2.3266547795056263,0.0978175989825858,46
1.7847182061192675,False,35,2.424472378488212,-0.6397541723689446,46
1.6812385290782608,False,36,1.7847182061192675,-0.10347967704100669,46
2.3019654567679724,False,37,1.6812385290782608,0.6207269276897116,46
1.9342220195992814,False,38,2.3019654567679724,-0.36774343716869096,46
1.8216356983153594,False,39,1.9342220195992814,-0.11258632128392199,46
1.812761193601291,False,40,1.8216356983153594,-0.008874504714068365,46
1.6105817234921656,False,41,1.812761193601291,-0.20217947010912551,46
1.8417259922218918,False,42,1.6105817234921656,0.23114426872972627,46
2.2930317264658533,False,43,1.8417259922218918,0.4513057342439615,46
1.6736633176324989,False,44,2.2930317264658533,-0.6193684088333544,46
1.563081487253664,False,45,1.6736633176324989,-0.11058183037883484,46
1.5138747379880408,False,46,1.563081487253664,-0.049206749265623184,46
1.8086674899945256,False,47,1.5138747379880408,0.2947927520064848,46
2.2451620698180146,False,48,1.8086674899945256,0.43649457982348894,46
1.895569625614114,False,49,2.2451620698180146,-0.3495924442039007,46
2.1702404643813304,False,50,1.895569625614114,0.27467083876721654,46
1.9045600783046706,False,51,2.1702404643813304,-0.2656803860766599,46
1.8584108813280258,False,52,1.9045600783046706,-0.04614919697664477,46
1.5263230816504931,False,53,1.8584108813280258,-0.33208779967753266,46
1.526243489231193,False,54,1.5263230816504931,-7.959241930022287e-05,46
1.811036928001596,False,55,1.526243489231193,0.2847934387704032,46
2.4420088410622687,False,56,1.811036928001596,0.6309719130606726,46
1.756735272810186,False,57,2.4420088410622687,-0.6852735682520827,46
1.7312603339831483,False,58,1.756735272810186,-0.025474938827037663,46
1.706589726031508,False,59,1.7312603339831483,-0.024670607951640333,46
1.8177656481899105,False,60,1.706589726031508,0.11117592215840255,46
2.2712703188090595,False,61,1.8177656481899105,0.453504670619149,46
2.0103544408432548,False,62,2.2712703188090595,-0.26091587796580473,46
2.0903529437794637,False,63,2.0103544408432548,0.07999850293620892,46
2.1897206717752233,False,64,2.0903529437794637,0.09936772799575966,46
2.0024319110331623,False,65,2.1897206717752233,-0.18728876074206102,46
1.810105409522244,False,66,2.0024319110331623,-0.19232650151091835,46
2.0454211488268057,False,67,1.810105409522244,0.23531573930456173,46
2.3844387393841204,False,68,2.0454211488268057,0.33901759055731473,46
1.5998945604926038,False,69,2.3844387393841204,-0.7845441788915166,46
1.7026614146471837,False,70,1.5998945604926038,0.10276685415457987,46
2.4981686939079073,False,71,1.7026614146471837,0.7955072792607236,46
1.9028260760502769,False,72,2.4981686939079073,-0.5953426178576304,46
1.7836023806149628,False,73,1.9028260760502769,-0.11922369543531408,46
1.5922280646652787,False,74,1.7836023806149628,-0.19137431594968413,46
1.6266826014098004,False,75,1.5922280646652787,0.0344545367445217,46
2.1504889512306873,False,76,1.6266826014098004,0.5238063498208869,46
2.161529317740421,False,77,2.1504889512306873,0.011040366509733612,46
1.9434101096706673,False,78,2.161529317740421,-0.2181192080697536,46
1.62793147532581,False,79,1.9434101096706673,-0.31547863434485723,46
1.870589975817775,False,80,1.62793147532581,0.24265850049196502,46
1.7717316470221345,False,81,1.870589975817775,-0.0988583287956406,46
2.4683481570547747,False,82,1.7717316470221345,0.6966165100326402,46
1.6771600891805074,False,83,2.4683481570547747,-0.7911880678742673,46
2.4200107625332627,False,84,1.6771600891805074,0.7428506733527553,46
1.5436100438275064,False,85,2.4200107625332627,-0.8764007187057563,46
2.031508814182031,False,86,1.5436100438275064,0.4878987703545248,46
2.2529047919183287,False,87,2.031508814182031,0.2213959777362975,46
2.0876649068248527,False,88,2.2529047919183287,-0.16523988509347598,46
1.8033265980120752,False,89,2.0876649068248527,-0.28433830881277755,46
2.2402124620008026,False,90,1.8033265980120752,0.4368858639887274,46
2.0778048336488557,False,91,2.2402124620008026,-0.1624076283519469,46
2.160524440775303,False,92,2.0778048336488557,0.08271960712644733,46
1.9639295020536554,False,93,2.160524440775303,-0.19659493872164768,46
2.319793102711988,False,94,1.9639295020536554,0.35586360065833267,46
1.9123107214571777,False,95,2.319793102711988,-0.4074823812548103,46
2.324558933092948,False,96,1.9123107214571777,0.4122482116357702,46
2.223716471193204,False,97,2.324558933092948,-0.10084246189974388,46
2.4224346179461524,False,98,2.223716471193204,0.1987181467529484,46
2.4917178743549457,False,99,2.4224346179461524,0.06928325640879329,46
2.3274275704468645,True,100,2.4917178743549457,-0.1642903039080812,46
2.617611302843853,True,101,2.3274275704468645,0.29018373239698825,46
2.8914807786825354,True,102,2.617611302843853,0.2738694758386826,46
3.01108595282751,True,103,2.8914807786825354,0.1196051741449744,46
3.436626342628532,True,104,3.01108595282751,0.4255403898010224,46
3.7416048681251404,True,105,3.436626342628532,0.3049785254966082,46
4.036369085915009,True,106,3.7416048681251404,0.2947642177898686,46
4.22305067663053,True,107,4.036369085915009,0.18668159071552104,46
4.463981826436362,True,108,4.22305067663053,0.2409311498058324,46
4.837438178672681,True,109,4.463981826436362,0.37345635223631835,46
5.101874661193918,True,110,4.837438178672681,0.2644364825212371,46
5.238249084301552,True,111,5.101874661193918,0.13637442310763426,46
5.553585286788262,True,112,5.238249084301552,0.31533620248670946,46
5.979437504643069,True,113,5.553585286788262,0.425852217854807,46
6.27993967699757,True,114,5.979437504643069,0.30050217235450116,46
6.430155089597483,True,115,6.27993967699757,0.15021541259991356,46
6.843583187438117,True,116,6.430155089597483,0.41342809784063395,46
7.002835519700833,True,117,6.843583187438117,0.1592523322627155,46
7.368847899695589,True,118,7.002835519700833,0.3660123799947561,46
7.558013968951713,True,119,7.368847899695589,0.18916606925612456,46
7.854684921589496,True,120,7.558013968951713,0.29667095263778265,46
8.18019204087997,True,121,7.854684921589496,0.3255071192904735,46
8.387552751207798,True,122,8.18019204087997,0.2073607103278281,46
8.753301896059135,True,123,8.387552751207798,0.36574914485133725,46
9.121228720477474,True,124,8.753301896059135,0.3679268244183387,46
9.245941323748841,True,125,9.121228720477474,0.12471260327136768,46
9.547590684118871,True,126,9.245941323748841,0.3016493603700301,46
9.89252256331779,True,127,9.547590684118871,0.3449318791989189,46
10.101652103781747,True,128,9.89252256331779,0.20912954046395704,46
10.483772856637861,True,129,10.101652103781747,0.3821207528561139,46
10.8028714845147,True,130,10.483772856637861,0.31909862787683885,46
11.111365456834195,True,131,10.8028714845147,0.3084939723194946,46
11.358130741507177,True,132,11.111365456834195,0.24676528467298198,46
11.506959731692797,True,133,11.358130741507177,0.14882899018562057,46
11.884565362589592,True,134,11.506959731692797,0.3776056308967952,46
12.191616097208865,True,135,11.884565362589592,0.30705073461927235,46
12.466957697548972,True,136,12.191616097208865,0.27534160034010746,46
12.687197040749119,True,137,12.466957697548972,0.22023934320014682,46
13.01099633362435,True,138,12.687197040749119,0.3237992928752309,46
13.34709228397168,True,139,13.01099633362435,0.33609595034733,46
13.49028384884555,True,140,13.34709228397168,0.1431915648738702,46
13.873375178652429,True,141,13.49028384884555,0.383091329806879,46
14.116270640814593,True,142,13.873375178652429,0.2428954621621635,46
14.379115837341923,True,143,14.116270640814593,0.26284519652732996,46
14.735393462368016,True,144,14.379115837341923,0.3562776250260935,46
14.928667554065502,True,145,14.735393462368016,0.19327409169748577,46
15.237643420396571,True,146,14.928667554065502,0.3089758663310693,46
15.590797137519628,True,147,15.237643420396571,0.35315371712305677,46
15.807322032720977,True,148,15.590797137519628,0.2165248952013492,46
16.084688757642148,True,149,15.807322032720977,0.27736672492117087,46
16.323773292240713,True,150,16.084688757642148,0.2390845345985646,46
16.695839858559957,True,151,16.323773292240713,0.3720665663192442,46
16.797392962335135,True,152,16.695839858559957,0.10155310377517779,46
17.245295341666253,True,153,16.797392962335135,0.44790237933111854,46
17.492286534752186,True,154,17.245295341666253,0.24699119308593254,46
17.667485470602294,True,155,17.492286534752186,0.17519893585010848,46
18.032857035506474,True,156,17.667485470602294,0.36537156490418,46
18.391204399528,True,157,18.032857035506474,0.358347364021526,46
18.568191906529727,True,158,18.391204399528,0.17698750700172639,46
18.86720404251755,True,159,18.568191906529727,0.29901213598782306,46
19.179559040342276,True,160,18.86720404251755,0.31235499782472687,46
19.36787461843363,True,161,19.179559040342276,0.1883155780913519,46
19.75127037195965,True,162,19.36787461843363,0.3833957535260204,46
19.911048138717636,True,163,19.75127037195965,0.15977776675798694,46
20.0,False,164,19.911048138717636,0.08895186128236432,46
20.0,False,165,20.0,0.0,46
20.0,False,166,20.0,0.0,46
20.0,False,167,20.0,0.0,46
20.0,False,168,20.0,0.0,46
20.0,False,169,20.0,0.0,46
20.0,False,170,20.0,0.0,46
20.0,False,171,20.0,0.0,46
20.0,False,172,20.0,0.0,46
20.0,False,173,20.0,0.0,46
20.0,False,174,20.0,0.0,46
20.0,False,175,20.0,0.0,46
20.0,False,176,20.0,0.0,46
20.0,False,177,20.0,0.0,46
20.0,False,178,20.0,0.0,46
20.0,False,179,20.0,0.0,46
20.0,False,180,20.0,0.0,46
20.0,False,181,20.0,0.0,46
20.0,False,182,20.0,0.0,46
20.0,False,183,20.0,0.0,46
20.0,False,184,20.0,0.0,46
20.0,False,185,20.0,0.0,46
20.0,False,186,20.0,0.0,46
20.0,False,187,20.0,0.0,46
20.0,False,188,20.0,0.0,46
20.0,False,189,20.0,0.0,46
20.0,False,190,20.0,0.0,46
20.0,False,191,20.0,0.0,46
20.0,False,192,20.0,0.0,46
20.0,False,193,20.0,0.0,46
20.0,False,194,20.0,0.0,46
20.0,False,195,20.0,0.0,46
20.0,False,196,20.0,0.0,46
20.0,False,197,20.0,0.0,46
20.0,False,198,20.0,0.0,46
20.0,False,199,20.0,0.0,46
19.902697013292524,False,200,20.0,-0.09730298670747572,46
20.0,False,201,19.902697013292524,0.09730298670747572,46
20.0,False,202,20.0,0.0,46
20.0,False,203,20.0,0.0,46
19.900548363795306,False,204,20.0,-0.09945163620469444,46
20.0,False,205,19.900548363795306,0.09945163620469444,46
19.9197339432467,False,206,20.0,-0.0802660567532989,46
19.918580315601343,False,207,19.9197339432467,-0.0011536276453583127,46
19.908486631210977,False,208,19.918580315601343,-0.010093684390366064,46
19.992511707649598,False,209,19.908486631210977,0.08402507643862123,46
19.968349317581502,False,210,19.992511707649598,-0.02416239006809562,46
19.946119834905414,False,211,19.968349317581502,-0.022229482676088708,46
19.963802094813143,False,212,19.946119834905414,0.017682259907729758,46
19.950663623643116,False,213,19.963802094813143,-0.013138471170027088,46
20.0,False,214,19.950663623643116,0.049336376356883704,46
20.0,False,215,20.0,0.0,46
20.0,False,216,20.0,0.0,46
19.93720415121855,False,217,20.0,-0.06279584878145172,46
20.0,False,218,19.93720415121855,0.06279584878145172,46
20.0,False,219,20.0,0.0,46
20.0,False,220,20.0,0.0,46
20.0,False,221,20.0,0.0,46
20.0,False,222,20.0,0.0,46
19.963969723473742,False,223,20.0,-0.03603027652625812,46
19.937631758687065,False,224,19.963969723473742,-0.02633796478667705,46
20.0,False,225,19.937631758687065,0.06236824131293517,46
19.908479978246238,False,226,20.0,-0.09152002175376239,46
20.0,False,227,19.908479978246238,0.09152002175376239,46
19.98024584516068,False,228,20.0,-0.01975415483931897,46
20.0,False,229,19.98024584516068,0.01975415483931897,46
19.915179584345836,False,230,20.0,-0.0848204156541641,46
20.0,False,231,19.915179584345836,0.0848204156541641,46
20.0,False,232,20.0,0.0,46
19.991944659565238,False,233,20.0,-0.00805534043476186,46
19.952031407056165,False,234,19.991944659565238,-0.039913252509073516,46
20.0,False,235,19.952031407056165,0.047968592943835375,46
20.0,False,236,20.0,0.0,46
19.973965007055384,False,237,20.0,-0.02603499294461642,46
19.907025650043924,False,238,19.973965007055384,-0.06693935701146003,46
19.95203295805152,False,239,19.907025650043924,0.04500730800759811,46
20.0,False,240,19.95203295805152,0.04796704194847834,46
19.947290840038914,False,241,20.0,-0.05270915996108627,46
19.913409361942527,False,242,19.947290840038914,-0.03388147809638653,46
20.0,False,243,19.913409361942527,0.0865906380574728,46
19.90855669925131,False,244,20.0,-0.09144330074868989,46
20.0,False,245,19.90855669925131,0.09144330074868989,46
20.0,False,246,20.0,0.0,46
19.948510674211864,False,247,20.0,-0.05148932578813614,46
20.0,False,248,19.948510674211864,0.05148932578813614,46
20.0,False,249,20.0,0.0,46
20.0,False,250,20.0,0.0,46
19.991143439935737,False,251,20.0,-0.008856560064263164,46
20.0,False,252,19.991143439935737,0.008856560064263164,46
19.928342133502696,False,253,20.0,-0.07165786649730421,46
20.0,False,254,19.928342133502696,0.07165786649730421,46
20.0,False,255,20.0,0.0,46
19.975456742388957,False,256,20.0,-0.024543257611043146,46
19.922019065239862,False,257,19.975456742388957,-0.05343767714909475,46
20.0,False,258,19.922019065239862,0.0779809347601379,46
20.0,False,259,20.0,0.0,46
20.0,False,260,20.0,0.0,46
19.95352878012729,False,261,20.0,-0.046471219872710634,46
19.97880459224417,False,262,19.95352878012729,0.025275812116881013,46
20.0,False,263,19.97880459224417,0.02119540775582962,46
19.958503271381154,False,264,20.0,-0.04149672861884568,46
19.982990161620073,False,265,19.958503271381154,0.02448689023891859,46
20.0,False,266,19.982990161620073,0.01700983837992709,46
20.0,False,267,20.0,0.0,46
19.903924229269542,False,268,20.0,-0.09607577073045803,46
20.0,False,269,19.903924229269542,0.09607577073045803,46
20.0,False,270,20.0,0.0,46
20.0,False,271,20.0,0.0,46
20.0,False,272,20.0,0.0,46
20.0,False,273,20.0,0.0,46
20.0,False,274,20.0,0.0,46
19.976936120920147,False,275,20.0,-0.023063879079852967,46
20.0,False,276,19.976936120920147,0.023063879079852967,46
19.961159791240277,False,277,20.0,-0.03884020875972283,46
20.0,False,278,19.961159791240277,0.03884020875972283,46
19.929480713336712,False,279,20.0,-0.07051928666328777,46
19.953871279924154,False,280,19.929480713336712,0.02439056658744221,46
19.921660397433644,False,281,19.953871279924154,-0.03221088249051007,46
19.94357307203139,False,282,19.921660397433644,0.02191267459774693,46
20.0,False,283,19.94357307203139,0.05642692796860871,46
19.997276784607674,False,284,20.0,-0.002723215392325784,46
20.0,False,285,19.997276784607674,0.002723215392325784,46
20.0,False,286,20.0,0.0,46
20.0,False,287,20.0,0.0,46
19.94360604398627,False,288,20.0,-0.05639395601372854,46
19.952841890540004,False,289,19.94360604398627,0.00923584655373233,46
20.0,False,290,19.952841890540004,0.04715810945999621,46
20.0,False,291,20.0,0.0,46
20.0,False,292,20.0,0.0,46
20.0,False,293,20.0,0.0,46
19.90012650251784,False,294,20.0,-0.0998734974821609,46
20.0,False,295,19.90012650251784,0.0998734974821609,46
20.0,False,296,20.0,0.0,46
19.9433723895483,False,297,20.0,-0.05662761045169873,46
20.0,False,298,19.9433723895483,0.05662761045169873,46
19.955345451450277,False,299,20.0,-0.044654548549722506,46
2.134872855375688,False,0,0.0,0.0,47
1.6893705368058862,False,1,2.134872855375688,-0.44550231856980194,47
2.2793178529077283,False,2,1.6893705368058862,0.589947316101842,47
1.6070632608167812,False,3,2.2793178529077283,-0.6722545920909471,47
1.8922610426350552,False,4,1.6070632608167812,0.28519778181827404,47
2.184490281101816,False,5,1.8922610426350552,0.29222923846676063,47
2.3619612315179523,False,6,2.184490281101816,0.17747095041613647,47
1.756071254297193,False,7,2.3619612315179523,-0.6058899772207593,47
1.794700191978817,False,8,1.756071254297193,0.03862893768162401,47
2.1737384764600693,False,9,1.794700191978817,0.3790382844812523,47
2.1435544101653656,False,10,2.1737384764600693,-0.030184066294703715,47
1.8727403480980565,False,11,2.1435544101653656,-0.2708140620673092,47
1.7673995990300435,False,12,1.8727403480980565,-0.10534074906801294,47
1.8605434645465146,False,13,1.7673995990300435,0.09314386551647114,47
1.886023745657405,False,14,1.8605434645465146,0.02548028111089029,47
1.7530996663519787,False,15,1.886023745657405,-0.13292407930542627,47
2.10733953152394,False,16,1.7530996663519787,0.3542398651719614,47
2.067780457809185,False,17,2.10733953152394,-0.03955907371475487,47
2.1378749546892966,False,18,2.067780457809185,0.07009449688011138,47
1.8686649460847193,False,19,2.1378749546892966,-0.2692100086045772,47
2.122685244621156,False,20,1.8686649460847193,0.2540202985364366,47
1.7524761597496372,False,21,2.122685244621156,-0.3702090848715187,47
2.004590282850048,False,22,1.7524761597496372,0.2521141231004109,47
1.9868919833569159,False,23,2.004590282850048,-0.017698299493132286,47
1.8750423266883196,False,24,1.9868919833569159,-0.11184965666859625,47
1.7733799609738239,False,25,1.8750423266883196,-0.10166236571449572,47
1.572759906848177,False,26,1.7733799609738239,-0.20062005412564687,47
1.8254155536016643,False,27,1.572759906848177,0.2526556467534873,47
2.268690028587624,False,28,1.8254155536016643,0.44327447498595984,47
1.7066729114656474,False,29,2.268690028587624,-0.5620171171219768,47
2.1497080201224734,False,30,1.7066729114656474,0.44303510865682605,47
2.3026648728312047,False,31,2.1497080201224734,0.15295685270873127,47
1.9731342004872618,False,32,2.3026648728312047,-0.32953067234394284,47
1.8023178731782017,False,33,1.9731342004872618,-0.17081632730906016,47
1.7271641684076178,False,34,1.8023178731782017,-0.07515370477058392,47
2.3448262939352604,False,35,1.7271641684076178,0.6176621255276427,47
2.19095496636922,False,36,2.3448262939352604,-0.1538713275660406,47
1.7932198495323846,False,37,2.19095496636922,-0.39773511683683527,47
1.8515240651882698,False,38,1.7932198495323846,0.05830421565588528,47
2.0433812441775454,False,39,1.8515240651882698,0.19185717898927557,47
2.096263254423068,False,40,2.0433812441775454,0.052882010245522526,47
1.8858854108577385,False,41,2.096263254423068,-0.2103778435653294,47
2.2255616589074076,False,42,1.8858854108577385,0.3396762480496691,47
2.0610944863682756,False,43,2.2255616589074076,-0.164467172539132,47
1.8322863445162265,False,44,2.0610944863682756,-0.22880814185204912,47
2.438185973366282,False,45,1.8322863445162265,0.6058996288500555,47
2.3946921236871797,False,46,2.438185973366282,-0.043493849679102414,47
2.257780072603705,False,47,2.3946921236871797,-0.13691205108347448,47
1.8970300668247442,False,48,2.257780072603705,-0.360750005778961,47
1.6555350204433066,False,49,1.8970300668247442,-0.2414950463814376,47
1.5208352538655996,False,50,1.6555350204433066,-0.134699766577707,47
2.12309999475536,False,51,1.5208352538655996,0.6022647408897606,47
2.234310907855377,False,52,2.12309999475536,0.11121091310001674,47
1.920870733452122,False,53,2.234310907855377,-0.3134401744032549,47
2.082342255171385,False,54,1.920870733452122,0.16147152171926304,47
1.8090349168254978,False,55,2.082342255171385,-0.2733073383458873,47
2.2998805923831154,False,56,1.8090349168254978,0.4908456755576176,47
1.5580100037225717,False,57,2.2998805923831154,-0.7418705886605437,47
1.902109283846665,False,58,1.5580100037225717,0.3440992801240934,47
2.4831236656739,False,59,1.902109283846665,0.5810143818272349,47
1.5992361641801898,False,60,2.4831236656739,-0.8838875014937102,47
2.269018724068663,False,61,1.5992361641801898,0.669782559888473,47
1.7470108390549695,False,62,2.269018724068663,-0.5220078850136933,47
1.6617991121864764,False,63,1.7470108390549695,-0.0852117268684931,47
2.1234976700320605,False,64,1.6617991121864764,0.4616985578455841,47
2.2825475636975696,False,65,2.1234976700320605,0.15904989366550915,47
2.050206488632825,False,66,2.2825475636975696,-0.23234107506474455,47
1.984836866736964,False,67,2.050206488632825,-0.06536962189586104,47
1.7624273668614352,False,68,1.984836866736964,-0.22240949987552883,47
2.2524542815960285,False,69,1.7624273668614352,0.49002691473459326,47
1.9889803781371753,False,70,2.2524542815960285,-0.26347390345885313,47
2.390837314171813,False,71,1.9889803781371753,0.40185693603463757,47
1.5715435710044674,False,72,2.390837314171813,-0.8192937431673455,47
2.246509183821246,False,73,1.5715435710044674,0.6749656128167785,47
2.4102681222493025,False,74,2.246509183821246,0.16375893842805667,47
1.8159028684932785,False,75,2.4102681222493025,-0.594365253756024,47
2.363702035967159,False,76,1.8159028684932785,0.5477991674738805,47
2.0982701041712915,False,77,2.363702035967159,-0.26543193179586755,47
1.5034753472896587,False,78,2.0982701041712915,-0.5947947568816327,47
2.428162259324502,False,79,1.5034753472896587,0.9246869120348431,47
2.048115976800359,False,80,2.428162259324502,-0.38004628252414285,47
1.8256193808494177,False,81,2.048115976800359,-0.2224965959509413,47
1.908016316114002,False,82,1.8256193808494177,0.08239693526458436,47
2.2651108122000037,False,83,1.908016316114002,0.35709449608600163,47
1.7065913423080397,False,84,2.2651108122000037,-0.558519469891964,47
1.795575678918654,False,85,1.7065913423080397,0.08898433661061445,47
1.7485110986001597,False,86,1.795575678918654,-0.047064580318494365,47
1.8850570303967735,False,87,1.7485110986001597,0.13654593179661378,47
2.422093379526982,False,88,1.8850570303967735,0.5370363491302086,47
2.2602501452388486,False,89,2.422093379526982,-0.16184323428813352,47
2.209584694458467,False,90,2.2602501452388486,-0.05066545078038143,47
2.1527690566052007,False,91,2.209584694458467,-0.05681563785326649,47
1.9768506346785393,False,92,2.1527690566052007,-0.1759184219266614,47
2.2040800392627204,False,93,1.9768506346785393,0.22722940458418117,47
2.1637123483321585,False,94,2.2040800392627204,-0.04036769093056192,47
2.141230723000956,False,95,2.1637123483321585,-0.02248162533120235,47
1.879897505866592,False,96,2.141230723000956,-0.2613332171343641,47
2.1120661336850013,False,97,1.879897505866592,0.2321686278184092,47
1.5049522247566465,False,98,2.1120661336850013,-0.6071139089283548,47
1.8572859615427642,False,99,1.5049522247566465,0.3523337367861177,47
2.119658684970298,True,100,1.8572859615427642,0.2623727234275339,47
2.19057728653591,True,101,2.119658684970298,0.0709186015656118,47
2.1957587238925695,True,102,2.19057728653591,0.005181437356659657,47
2.2392073144569604,True,103,2.1957587238925695,0.043448590564390877,47
2.41982394932085,True,104,2.2392073144569604,0.18061663486388957,47
2.4243202944133837,True,105,2.41982394932085,0.004496345092533716,47
2.6021733896659978,True,106,2.4243202944133837,0.17785309525261406,47
2.6999239037830653,True,107,2.6021733896659978,0.09775051411706759,47
2.615148205207541,True,108,2.6999239037830653,-0.08477569857552414,47
2.699085030238875,True,109,2.615148205207541,0.08393682503133393,47
2.8227737648476467,True,110,2.699085030238875,0.12368873460877161,47
2.8644355328825104,True,111,2.8227737648476467,0.041661768034863655,47
2.98370202769595,True,112,2.8644355328825104,0.11926649481343965,47
3.087198909117158,True,113,2.98370202769595,0.10349688142120783,47
3.230076012259689,True,114,3.087198909117158,0.14287710314253133,47
3.236842455488645,True,115,3.230076012259689,0.006766443228955588,47
3.3086576853734906,True,116,3.236842455488645,0.07181522988484579,47
3.258296321541254,True,117,3.3086576853734906,-0.05036136383223644,47
3.353721550919288,True,118,3.258296321541254,0.095425229378034,47
3.443615597629459,True,119,3.353721550919288,0.08989404671017098,47
3.590898209290083,True,120,3.443615597629459,0.14728261166062406,47
3.599482917893677,True,121,3.590898209290083,0.008584708603593949,47
3.7474976023275146,True,122,3.599482917893677,0.14801468443383747,47
3.801624944473446,True,123,3.7474976023275146,0.0541273421459314,47
3.865141785457161,True,124,3.801624944473446,0.06351684098371502,47
3.8088013643891556,True,125,3.865141785457161,-0.05634042106800541,47
3.945653275155449,True,126,3.8088013643891556,0.13685191076629355,47
4.059267388590302,True,127,3.945653275155449,0.11361411343485317,47
4.213460751533243,True,128,4.059267388590302,0.15419336294294084,47
4.253187111515434,True,129,4.213460751533243,0.03972635998219065,47
4.371079467399853,True,130,4.253187111515434,0.11789235588441915,47
4.343635954855222,True,131,4.371079467399853,-0.02744351254463062,47
4.36714300306201,True,132,4.343635954855222,0.023507048206787395,47
4.615472900059179,True,133,4.36714300306201,0.248329896997169,47
4.515790454025787,True,134,4.615472900059179,-0.09968244603339205,47
4.691612481949472,True,135,4.515790454025787,0.17582202792368484,47
4.8543205676108165,True,136,4.691612481949472,0.16270808566134498,47
4.7884015946150935,True,137,4.8543205676108165,-0.06591897299572302,47
4.936114416156957,True,138,4.7884015946150935,0.14771282154186327,47
5.103779725106488,True,139,4.936114416156957,0.16766530894953124,47
5.059507959087257,True,140,5.103779725106488,-0.04427176601923133,47
5.2096393674986174,True,141,5.059507959087257,0.15013140841136074,47
5.32292503368211,True,142,5.2096393674986174,0.11328566618349267,47
5.354779972652237,True,143,5.32292503368211,0.03185493897012659,47
5.33749830132207,True,144,5.354779972652237,-0.017281671330167114,47
5.4996490860076985,True,145,5.33749830132207,0.16215078468562893,47
5.587930234897877,True,146,5.4996490860076985,0.08828114889017868,47
5.659995006875731,True,147,5.587930234897877,0.07206477197785421,47
5.827489079223752,True,148,5.659995006875731,0.1674940723480205,47
5.869244631693162,True,149,5.827489079223752,0.041755552469409984,47
5.878221824305903,True,150,5.869244631693162,0.008977192612740659,47
6.039339535965151,True,151,5.878221824305903,0.16111771165924882,47
6.022738564494914,True,152,6.039339535965151,-0.01660097147023709,47
6.098896721100549,True,153,6.022738564494914,0.07615815660563463,47
6.134194391999889,True,154,6.098896721100549,0.03529767089934044,47
6.323956670763317,True,155,6.134194391999889,0.18976227876342744,47
6.30135920461393,True,156,6.323956670763317,-0.022597466149386847,47
6.394959362570297,True,157,6.30135920461393,0.09360015795636745,47
6.5263886874918615,True,158,6.394959362570297,0.13142932492156412,47
6.641521452177147,True,159,6.5263886874918615,0.11513276468528577,47
6.6023946151666895,True,160,6.641521452177147,-0.03912683701045783,47
6.682609727411486,True,161,6.6023946151666895,0.0802151122447965,47
6.750310620066904,True,162,6.682609727411486,0.06770089265541834,47
6.826451264897449,True,163,6.750310620066904,0.07614064483054506,47
6.9494918629876565,True,164,6.826451264897449,0.12304059809020718,47
6.945810898896302,True,165,6.9494918629876565,-0.003680964091354433,47
7.13540367497042,True,166,6.945810898896302,0.18959277607411806,47
7.222676173224345,True,167,7.13540367497042,0.0872724982539248,47
7.185933117448855,True,168,7.222676173224345,-0.03674305577548953,47
7.435576647407226,True,169,7.185933117448855,0.24964352995837036,47
7.483184767669519,True,170,7.435576647407226,0.047608120262292886,47
7.4732379659973285,True,171,7.483184767669519,-0.009946801672190198,47
7.570118335677098,True,172,7.4732379659973285,0.0968803696797691,47
7.665241310882947,True,173,7.570118335677098,0.09512297520584934,47
7.73334849126119,True,174,7.665241310882947,0.06810718037824337,47
7.772556467924497,True,175,7.73334849126119,0.03920797666330689,47
7.837433793492845,True,176,7.772556467924497,0.06487732556834747,47
7.989484554545715,True,177,7.837433793492845,0.15205076105287052,47
8.046668465866405,True,178,7.989484554545715,0.05718391132069023,47
8.133091172542011,True,179,8.046668465866405,0.08642270667560581,47
8.250898863275069,True,180,8.133091172542011,0.11780769073305741,47
8.345153004236165,True,181,8.250898863275069,0.09425414096109641,47
8.282484761237264,True,182,8.345153004236165,-0.06266824299890139,47
8.33805331768439,True,183,8.282484761237264,0.05556855644712577,47
8.57636653118127,True,184,8.33805331768439,0.2383132134968804,47
8.609905278335109,True,185,8.57636653118127,0.03353874715383931,47
8.697059005456095,True,186,8.609905278335109,0.08715372712098635,47
8.78138748553743,True,187,8.697059005456095,0.08432848008133398,47
8.883471023136654,True,188,8.78138748553743,0.10208353759922417,47
8.82445629216238,True,189,8.883471023136654,-0.05901473097427434,47
8.921169676452141,True,190,8.82445629216238,0.09671338428976206,47
8.982584632244475,True,191,8.921169676452141,0.06141495579233336,47
9.150334922240884,True,192,8.982584632244475,0.16775028999640895,47
9.10175228644626,True,193,9.150334922240884,-0.04858263579462374,47
9.236414410818572,True,194,9.10175228644626,0.13466212437231206,47
9.31226182876985,True,195,9.236414410818572,0.07584741795127847,47
9.371572724687972,True,196,9.31226182876985,0.059310895918121886,47
9.50236349124906,True,197,9.371572724687972,0.13079076656108768,47
9.49315238754064,True,198,9.50236349124906,-0.009211103708420154,47
9.55051634422567,True,199,9.49315238754064,0.05736395668503036,47
9.523628432222255,False,200,9.55051634422567,-0.026887912003415337,47
9.527430985155295,False,201,9.523628432222255,0.0038025529330401042,47
9.58986075759117,False,202,9.527430985155295,0.06242977243587511,47
9.657916873199412,False,203,9.58986075759117,0.06805611560824154,47
9.598682173692781,False,204,9.657916873199412,-0.059234699506630406,47
9.653235887246847,False,205,9.598682173692781,0.05455371355406591,47
9.561809545562468,False,206,9.653235887246847,-0.0914263416843788,47
9.672620294431518,False,207,9.561809545562468,0.11081074886904929,47
9.707235898736103,False,208,9.672620294431518,0.034615604304585545,47
9.64089944494135,False,209,9.707235898736103,-0.06633645379475261,47
9.65640822063975,False,210,9.64089944494135,0.015508775698400257,47
9.527965886052678,False,211,9.65640822063975,-0.12844233458707244,47
9.610652912648826,False,212,9.527965886052678,0.08268702659614746,47
9.56545383148758,False,213,9.610652912648826,-0.04519908116124505,47
9.646008738166426,False,214,9.56545383148758,0.08055490667884513,47
9.61902597743423,False,215,9.646008738166426,-0.026982760732195743,47
9.52037739504745,False,216,9.61902597743423,-0.09864858238677954,47
9.709334465036333,False,217,9.52037739504745,0.1889570699888825,47
9.718651202762574,False,218,9.709334465036333,0.009316737726241087,47
9.61428426734314,False,219,9.718651202762574,-0.10436693541943498,47
9.65492516132387,False,220,9.61428426734314,0.04064089398073101,47
9.625464433739443,False,221,9.65492516132387,-0.02946072758442675,47
9.646479596196745,False,222,9.625464433739443,0.021015162457301173,47
9.578186933582353,False,223,9.646479596196745,-0.06829266261439138,47
9.59083485718805,False,224,9.578186933582353,0.01264792360569622,47
9.644662469399334,False,225,9.59083485718805,0.053827612211284404,47
9.538187665500537,False,226,9.644662469399334,-0.10647480389879682,47
9.56870645058876,False,227,9.538187665500537,0.0305187850882227,47
9.64332188656846,False,228,9.56870645058876,0.0746154359797,47
9.642613501516001,False,229,9.64332188656846,-0.0007083850524587376,47
9.638233115034616,False,230,9.642613501516001,-0.004380386481384946,47
9.668771036013409,False,231,9.638233115034616,0.0305379209787926,47
9.622000460097878,False,232,9.668771036013409,-0.0467705759155308,47
9.668558875300725,False,233,9.622000460097878,0.046558415202847314,47
9.703172385963734,False,234,9.668558875300725,0.034613510663008995,47
9.53884834975677,False,235,9.703172385963734,-0.16432403620696334,47
9.667689467959647,False,236,9.53884834975677,0.12884111820287636,47
9.673364337167348,False,237,9.667689467959647,0.005674869207700439,47
9.531516743556233,False,238,9.673364337167348,-0.14184759361111432,47
9.58899598855067,False,239,9.531516743556233,0.05747924499443613,47
9.67602896386869,False,240,9.58899598855067,0.08703297531802079,47
9.544269655740733,False,241,9.67602896386869,-0.13175930812795755,47
9.605413906497372,False,242,9.544269655740733,0.061144250756639096,47
9.574951576398927,False,243,9.605413906497372,-0.030462330098444568,47
9.687662483849447,False,244,9.574951576398927,0.11271090745051993,47
9.585395686184212,False,245,9.687662483849447,-0.10226679766523539,47
9.707358614880144,False,246,9.585395686184212,0.1219629286959325,47
9.641217135998522,False,247,9.707358614880144,-0.06614147888162236,47
9.560950054715844,False,248,9.641217135998522,-0.08026708128267757,47
9.535005568130062,False,249,9.560950054715844,-0.0259444865857823,47
9.565123733959137,False,250,9.535005568130062,0.030118165829074783,47
9.556528224796491,False,251,9.565123733959137,-0.008595509162645953,47
9.661976772495484,False,252,9.556528224796491,0.10544854769899281,47
9.588115261390005,False,253,9.661976772495484,-0.07386151110547878,47
9.620661702812283,False,254,9.588115261390005,0.03254644142227825,47
9.530447406744184,False,255,9.620661702812283,-0.09021429606809939,47
9.688757150602278,False,256,9.530447406744184,0.15830974385809427,47
9.640518262077713,False,257,9.688757150602278,-0.04823888852456548,47
9.689665583846997,False,258,9.640518262077713,0.0491473217692846,47
9.657377676020854,False,259,9.689665583846997,-0.032287907826143325,47
9.527953611909302,False,260,9.657377676020854,-0.12942406411155183,47
9.696727673756365,False,261,9.527953611909302,0.16877406184706345,47
9.583927403116821,False,262,9.696727673756365,-0.11280027063954456,47
9.554700848012319,False,263,9.583927403116821,-0.02922655510450234,47
9.587013131683435,False,264,9.554700848012319,0.03231228367111605,47
9.699492061923484,False,265,9.587013131683435,0.11247893024004973,47
9.605005944910932,False,266,9.699492061923484,-0.09448611701255238,47
9.519882676146105,False,267,9.605005944910932,-0.08512326876482668,47
9.581892521170642,False,268,9.519882676146105,0.062009845024537213,47
9.635821992973991,False,269,9.581892521170642,0.053929471803348505,47
9.652537564893112,False,270,9.635821992973991,0.01671557191912143,47
9.608472835453982,False,271,9.652537564893112,-0.04406472943913009,47
9.68668793958432,False,272,9.608472835453982,0.07821510413033828,47
9.537340886768646,False,273,9.68668793958432,-0.14934705281567418,47
9.623860325169375,False,274,9.537340886768646,0.08651943840072818,47
9.648131036649099,False,275,9.623860325169375,0.024270711479724483,47
9.589092312451632,False,276,9.648131036649099,-0.059038724197467474,47
9.657233617836631,False,277,9.589092312451632,0.06814130538499974,47
9.706093782000154,False,278,9.657233617836631,0.04886016416352312,47
9.718414345323781,False,279,9.706093782000154,0.012320563323626743,47
9.636227594453466,False,280,9.718414345323781,-0.08218675087031535,47
9.579821883777567,False,281,9.636227594453466,-0.05640571067589839,47
9.6488316148022,False,282,9.579821883777567,0.06900973102463226,47
9.652802784174092,False,283,9.6488316148022,0.003971169371892458,47
9.679300608258878,False,284,9.652802784174092,0.026497824084785293,47
9.640581772835699,False,285,9.679300608258878,-0.03871883542317889,47
9.708390325292518,False,286,9.640581772835699,0.06780855245681927,47
9.563747055488541,False,287,9.708390325292518,-0.1446432698039768,47
9.536463775441959,False,288,9.563747055488541,-0.027283280046582092,47
9.638525182374927,False,289,9.536463775441959,0.10206140693296817,47
9.528275891656673,False,290,9.638525182374927,-0.1102492907182544,47
9.62171292829255,False,291,9.528275891656673,0.0934370366358781,47
9.714457535687725,False,292,9.62171292829255,0.09274460739517387,47
9.529220219775306,False,293,9.714457535687725,-0.18523731591241877,47
9.670170584725225,False,294,9.529220219775306,0.1409503649499193,47
9.65400052651775,False,295,9.670170584725225,-0.01617005820747508,47
9.629467360971493,False,296,9.65400052651775,-0.024533165546257507,47
9.59491033694827,False,297,9.629467360971493,-0.03455702402322203,47
9.599471651072387,False,298,9.59491033694827,0.004561314124115867,47
9.585283472299825,False,299,9.599471651072387,-0.014188178772561955,47
1.9021071266893328,False,0,0.0,0.0,48
2.448544556916035,False,1,1.9021071266893328,0.5464374302267023,48
1.6172207131997012,False,2,2.448544556916035,-0.8313238437163339,48
2.3120072400423837,False,3,1.6172207131997012,0.6947865268426825,48
2.030939582992069,False,4,2.3120072400423837,-0.2810676570503148,48
1.9435495973774977,False,5,2.030939582992069,-0.08738998561457123,48
2.428807612804447,False,6,1.9435495973774977,0.48525801542694946,48
1.7144898001066207,False,7,2.428807612804447,-0.7143178126978265,48
1.516768387414611,False,8,1.7144898001066207,-0.1977214126920097,48
2.347738856171924,False,9,1.516768387414611,0.8309704687573132,48
1.7630135853559996,False,10,2.347738856171924,-0.5847252708159245,48
2.405228894857192,False,11,1.7630135853559996,0.6422153095011924,48
1.928391241819074,False,12,2.405228894857192,-0.476837653038118,48
1.5066480763337446,False,13,1.928391241819074,-0.4217431654853294,48
1.756749395649896,False,14,1.5066480763337446,0.2501013193161514,48
1.7901291388793104,False,15,1.756749395649896,0.03337974322941428,48
2.492671486823153,False,16,1.7901291388793104,0.7025423479438426,48
1.8846937747127654,False,17,2.492671486823153,-0.6079777121103875,48
1.6848784387350166,False,18,1.8846937747127654,-0.1998153359777488,48
1.5030030980005493,False,19,1.6848784387350166,-0.18187534073446732,48
1.7691553415193118,False,20,1.5030030980005493,0.26615224351876243,48
2.261724548219179,False,21,1.7691553415193118,0.49256920669986726,48
1.821313601851164,False,22,2.261724548219179,-0.44041094636801503,48
2.4378137629647445,False,23,1.821313601851164,0.6165001611135805,48
1.6745966597516955,False,24,2.4378137629647445,-0.763217103213049,48
2.228963872773361,False,25,1.6745966597516955,0.5543672130216655,48
2.2314659511766513,False,26,2.228963872773361,0.0025020784032903087,48
2.2229485207938984,False,27,2.2314659511766513,-0.008517430382752877,48
2.103692522903857,False,28,2.2229485207938984,-0.11925599789004115,48
2.023477151678544,False,29,2.103692522903857,-0.08021537122531308,48
1.6995610488880275,False,30,2.023477151678544,-0.32391610279051664,48
1.67841158383983,False,31,1.6995610488880275,-0.02114946504819759,48
2.3260545636314474,False,32,1.67841158383983,0.6476429797916174,48
2.240306849994327,False,33,2.3260545636314474,-0.08574771363712053,48
2.428390504524818,False,34,2.240306849994327,0.18808365453049136,48
1.5361222408852147,False,35,2.428390504524818,-0.8922682636396035,48
1.7390259716628633,False,36,1.5361222408852147,0.20290373077764867,48
2.0934937652122514,False,37,1.7390259716628633,0.35446779354938807,48
1.6345555063135992,False,38,2.0934937652122514,-0.45893825889865214,48
2.1789873690305046,False,39,1.6345555063135992,0.5444318627169054,48
1.790531803543543,False,40,2.1789873690305046,-0.3884555654869617,48
2.016990523583064,False,41,1.790531803543543,0.22645872003952094,48
1.6158097193766716,False,42,2.016990523583064,-0.40118080420639224,48
2.145987377123898,False,43,1.6158097193766716,0.5301776577472266,48
1.9760533487308378,False,44,2.145987377123898,-0.16993402839306038,48
1.5914341286218825,False,45,1.9760533487308378,-0.38461922010895533,48
1.9806831145911539,False,46,1.5914341286218825,0.3892489859692714,48
2.3734883950395083,False,47,1.9806831145911539,0.3928052804483544,48
1.9777032185748222,False,48,2.3734883950395083,-0.39578517646468603,48
2.177001966487259,False,49,1.9777032185748222,0.19929874791243662,48
1.522855403623536,False,50,2.177001966487259,-0.6541465628637229,48
2.186979279282123,False,51,1.522855403623536,0.6641238756585872,48
1.6827718798047309,False,52,2.186979279282123,-0.5042073994773923,48
2.159603257410166,False,53,1.6827718798047309,0.4768313776054349,48
1.8438005981967445,False,54,2.159603257410166,-0.3158026592134213,48
2.3063561820208887,False,55,1.8438005981967445,0.4625555838241442,48
1.6673453746283704,False,56,2.3063561820208887,-0.6390108073925183,48
1.64131217758834,False,57,1.6673453746283704,-0.026033197040030487,48
1.5831757162746807,False,58,1.64131217758834,-0.05813646131365924,48
1.5210311259223797,False,59,1.5831757162746807,-0.06214459035230102,48
1.9158367227774837,False,60,1.5210311259223797,0.3948055968551041,48
2.2605718684235008,False,61,1.9158367227774837,0.34473514564601704,48
2.366592276994486,False,62,2.2605718684235008,0.10602040857098505,48
1.5324183028061804,False,63,2.366592276994486,-0.8341739741883054,48
2.3614447066021658,False,64,1.5324183028061804,0.8290264037959854,48
1.8158750354264477,False,65,2.3614447066021658,-0.5455696711757181,48
1.5185222056329861,False,66,1.8158750354264477,-0.29735282979346156,48
2.406964976526626,False,67,1.5185222056329861,0.88844277089364,48
2.452447885798894,False,68,2.406964976526626,0.045482909272267946,48
1.8415738069506729,False,69,2.452447885798894,-0.6108740788482212,48
1.7549652102467088,False,70,1.8415738069506729,-0.08660859670396404,48
2.197123899130233,False,71,1.7549652102467088,0.44215868888352405,48
1.8420656696639042,False,72,2.197123899130233,-0.3550582294663287,48
1.7069489420032262,False,73,1.8420656696639042,-0.13511672766067795,48
1.5829362355713088,False,74,1.7069489420032262,-0.12401270643191742,48
2.2301964031129877,False,75,1.5829362355713088,0.6472601675416789,48
1.5748524486706947,False,76,2.2301964031129877,-0.655343954442293,48
1.9310788193660349,False,77,1.5748524486706947,0.35622637069534013,48
1.8867876658487694,False,78,1.9310788193660349,-0.044291153517265425,48
1.5170045355153117,False,79,1.8867876658487694,-0.3697831303334578,48
1.7415797175610894,False,80,1.5170045355153117,0.22457518204577775,48
2.097166717057879,False,81,1.7415797175610894,0.3555869994967895,48
1.913674628608064,False,82,2.097166717057879,-0.18349208844981502,48
2.0491960614092557,False,83,1.913674628608064,0.13552143280119178,48
1.5402148217793385,False,84,2.0491960614092557,-0.5089812396299171,48
1.8281327249227475,False,85,1.5402148217793385,0.2879179031434089,48
1.959738137058359,False,86,1.8281327249227475,0.1316054121356116,48
2.3586029387394944,False,87,1.959738137058359,0.39886480168113536,48
1.575378107474252,False,88,2.3586029387394944,-0.7832248312652423,48
1.7740482248085994,False,89,1.575378107474252,0.19867011733434725,48
2.183222715622365,False,90,1.7740482248085994,0.4091744908137658,48
2.344389026419883,False,91,2.183222715622365,0.16116631079751764,48
1.7286622820278041,False,92,2.344389026419883,-0.6157267443920786,48
2.2015518437383514,False,93,1.7286622820278041,0.4728895617105473,48
2.0082035023238145,False,94,2.2015518437383514,-0.19334834141453694,48
2.482539985426249,False,95,2.0082035023238145,0.4743364831024346,48
2.0881616987708624,False,96,2.482539985426249,-0.39437828665538666,48
1.7655304221312176,False,97,2.0881616987708624,-0.32263127663964486,48
2.3471611515868274,False,98,1.7655304221312176,0.5816307294556098,48
2.222528421293149,False,99,2.3471611515868274,-0.1246327302936785,48
2.398143963445814,True,100,2.222528421293149,0.17561554215266506,48
2.6526341518142256,True,101,2.398143963445814,0.25449018836841164,48
2.9889559867969644,True,102,2.6526341518142256,0.3363218349827388,48
3.3410242193168873,True,103,2.9889559867969644,0.3520682325199229,48
3.767261245422135,True,104,3.3410242193168873,0.4262370261052477,48
4.070200458493846,True,105,3.767261245422135,0.30293921307171123,48
4.486275762713673,True,106,4.070200458493846,0.4160753042198264,48
4.774699462658649,True,107,4.486275762713673,0.2884236999449765,48
5.07940360823037,True,108,4.774699462658649,0.304704145571721,48
5.442352352117607,True,109,5.07940360823037,0.3629487438872365,48
5.892820515657433,True,110,5.442352352117607,0.450468163539826,48
6.111899086474438,True,111,5.892820515657433,0.21907857081700488,48
6.569231823916494,True,112,6.111899086474438,0.4573327374420568,48
6.867983243693877,True,113,6.569231823916494,0.29875141977738284,48
7.264526973562417,True,114,6.867983243693877,0.39654372986854014,48
7.6288960161115345,True,115,7.264526973562417,0.36436904254911706,48
7.962195319668301,True,116,7.6288960161115345,0.3332993035567666,48
8.37660985463971,True,117,7.962195319668301,0.41441453497140923,48
8.62467050132871,True,118,8.37660985463971,0.24806064668899985,48
9.048082135861073,True,119,8.62467050132871,0.4234116345323624,48
9.378662091050598,True,120,9.048082135861073,0.3305799551895259,48
9.674626002818172,True,121,9.378662091050598,0.29596391176757386,48
10.059808105234236,True,122,9.674626002818172,0.38518210241606354,48
10.422032893840534,True,123,10.059808105234236,0.3622247886062979,48
10.8055534101766,True,124,10.422032893840534,0.3835205163360662,48
11.097207363943216,True,125,10.8055534101766,0.29165395376661607,48
11.411226697252356,True,126,11.097207363943216,0.31401933330914034,48
11.777434954753604,True,127,11.411226697252356,0.3662082575012473,48
12.075499365321448,True,128,11.777434954753604,0.2980644105678447,48
12.47270456984187,True,129,12.075499365321448,0.3972052045204215,48
12.841392749003317,True,130,12.47270456984187,0.36868817916144714,48
13.208119120319829,True,131,12.841392749003317,0.36672637131651165,48
13.55073749547856,True,132,13.208119120319829,0.3426183751587306,48
13.810878618568845,True,133,13.55073749547856,0.2601411230902855,48
14.202606478717758,True,134,13.810878618568845,0.39172786014891336,48
14.546932925299584,True,135,14.202606478717758,0.3443264465818263,48
14.855771040900256,True,136,14.546932925299584,0.30883811560067187,48
15.262681395722344,True,137,14.855771040900256,0.40691035482208804,48
15.722795636283118,True,138,15.262681395722344,0.4601142405607739,48
15.964503692418903,True,139,15.722795636283118,0.24170805613578494,48
16.4269410624909,True,140,15.964503692418903,0.4624373700719975,48
16.770603776670036,True,141,16.4269410624909,0.3436627141791355,48
16.99295165920556,True,142,16.770603776670036,0.22234788253552296,48
17.453938484991163,True,143,16.99295165920556,0.46098682578560357,48
17.708559192469334,True,144,17.453938484991163,0.2546207074781712,48
17.987102306463786,True,145,17.708559192469334,0.2785431139944521,48
18.44145598288619,True,146,17.987102306463786,0.45435367642240365,48
18.787986726033406,True,147,18.44145598288619,0.3465307431472162,48
19.059601234018174,True,148,18.787986726033406,0.2716145079847685,48
19.454271084558346,True,149,19.059601234018174,0.394669850540172,48
19.86504427923747,True,150,19.454271084558346,0.4107731946791233,48
20.0,False,151,19.86504427923747,0.13495572076253026,48
20.0,False,152,20.0,0.0,48
20.0,False,153,20.0,0.0,48
20.0,False,154,20.0,0.0,48
20.0,False,155,20.0,0.0,48
20.0,False,156,20.0,0.0,48
20.0,False,157,20.0,0.0,48
20.0,False,158,20.0,0.0,48
20.0,False,159,20.0,0.0,48
20.0,False,160,20.0,0.0,48
20.0,False,161,20.0,0.0,48
20.0,False,162,20.0,0.0,48
20.0,False,163,20.0,0.0,48
20.0,False,164,20.0,0.0,48
20.0,False,165,20.0,0.0,48
20.0,False,166,20.0,0.0,48
20.0,False,167,20.0,0.0,48
20.0,False,168,20.0,0.0,48
20.0,False,169,20.0,0.0,48
20.0,False,170,20.0,0.0,48
20.0,False,171,20.0,0.0,48
20.0,False,172,20.0,0.0,48
20.0,False,173,20.0,0.0,48
20.0,False,174,20.0,0.0,48
20.0,False,175,20.0,0.0,48
20.0,False,176,20.0,0.0,48
20.0,False,177,20.0,0.0,48
20.0,False,178,20.0,0.0,48
20.0,False,179,20.0,0.0,48
20.0,False,180,20.0,0.0,48
20.0,False,181,20.0,0.0,48
20.0,False,182,20.0,0.0,48
20.0,False,183,20.0,0.0,48
20.0,False,184,20.0,0.0,48
20.0,False,185,20.0,0.0,48
20.0,False,186,20.0,0.0,48
20.0,False,187,20.0,0.0,48
20.0,False,188,20.0,0.0,48
20.0,False,189,20.0,0.0,48
20.0,False,190,20.0,0.0,48
20.0,False,191,20.0,0.0,48
20.0,False,192,20.0,0.0,48
20.0,False,193,20.0,0.0,48
20.0,False,194,20.0,0.0,48
20.0,False,195,20.0,0.0,48
20.0,False,196,20.0,0.0,48
20.0,False,197,20.0,0.0,48
20.0,False,198,20.0,0.0,48
20.0,False,199,20.0,0.0,48
20.0,False,200,20.0,0.0,48
19.99805993308192,False,201,20.0,-0.0019400669180811292,48
19.969097044192928,False,202,19.99805993308192,-0.02896288888899079,48
20.0,False,203,19.969097044192928,0.03090295580707192,48
19.95913272835553,False,204,20.0,-0.04086727164446913,48
19.943832164352045,False,205,19.95913272835553,-0.015300564003485562,48
20.0,False,206,19.943832164352045,0.05616783564795469,48
19.97680925293539,False,207,20.0,-0.02319074706461066,48
19.90569714294798,False,208,19.97680925293539,-0.07111210998741058,48
20.0,False,209,19.90569714294798,0.09430285705202124,48
19.91963242099406,False,210,20.0,-0.08036757900594083,48
20.0,False,211,19.91963242099406,0.08036757900594083,48
20.0,False,212,20.0,0.0,48
20.0,False,213,20.0,0.0,48
20.0,False,214,20.0,0.0,48
19.90458102567395,False,215,20.0,-0.0954189743260514,48
19.995213147910672,False,216,19.90458102567395,0.09063212223672323,48
20.0,False,217,19.995213147910672,0.004786852089328164,48
20.0,False,218,20.0,0.0,48
19.930920801037647,False,219,20.0,-0.0690791989623527,48
20.0,False,220,19.930920801037647,0.0690791989623527,48
19.975741108494386,False,221,20.0,-0.02425889150561389,48
20.0,False,222,19.975741108494386,0.02425889150561389,48
19.91980216678546,False,223,20.0,-0.08019783321454099,48
19.93163580208386,False,224,19.91980216678546,0.011833635298401646,48
19.934409265580328,False,225,19.93163580208386,0.0027734634964673432,48
20.0,False,226,19.934409265580328,0.065590734419672,48
19.91862089003119,False,227,20.0,-0.08137910996881104,48
20.0,False,228,19.91862089003119,0.08137910996881104,48
20.0,False,229,20.0,0.0,48
19.908956757340352,False,230,20.0,-0.09104324265964792,48
20.0,False,231,19.908956757340352,0.09104324265964792,48
19.939537257682048,False,232,20.0,-0.060462742317952234,48
19.989198389798837,False,233,19.939537257682048,0.04966113211678902,48
19.976265840141522,False,234,19.989198389798837,-0.012932549657314496,48
19.98680621021219,False,235,19.976265840141522,0.010540370070668104,48
19.950515036311895,False,236,19.98680621021219,-0.03629117390029535,48
19.935746015674233,False,237,19.950515036311895,-0.014769020637661612,48
19.945907480670297,False,238,19.935746015674233,0.010161464996063074,48
20.0,False,239,19.945907480670297,0.05409251932970349,48
19.997243982350444,False,240,20.0,-0.0027560176495562416,48
20.0,False,241,19.997243982350444,0.0027560176495562416,48
20.0,False,242,20.0,0.0,48
19.90217578284006,False,243,20.0,-0.09782421715993905,48
20.0,False,244,19.90217578284006,0.09782421715993905,48
19.98819031323543,False,245,20.0,-0.011809686764568283,48
19.942897892417296,False,246,19.98819031323543,-0.04529242081813578,48
20.0,False,247,19.942897892417296,0.057102107582704065,48
20.0,False,248,20.0,0.0,48
20.0,False,249,20.0,0.0,48
20.0,False,250,20.0,0.0,48
19.91672551837337,False,251,20.0,-0.08327448162663131,48
20.0,False,252,19.91672551837337,0.08327448162663131,48
20.0,False,253,20.0,0.0,48
20.0,False,254,20.0,0.0,48
19.971099893561355,False,255,20.0,-0.028900106438644713,48
20.0,False,256,19.971099893561355,0.028900106438644713,48
19.94861096956013,False,257,20.0,-0.05138903043987142,48
19.985328201563508,False,258,19.94861096956013,0.03671723200337951,48
19.937074681680485,False,259,19.985328201563508,-0.04825351988302273,48
20.0,False,260,19.937074681680485,0.06292531831951464,48
19.91206631314657,False,261,20.0,-0.08793368685342884,48
19.99245403411396,False,262,19.91206631314657,0.08038772096738711,48
19.903009430410098,False,263,19.99245403411396,-0.08944460370386054,48
20.0,False,264,19.903009430410098,0.09699056958990226,48
20.0,False,265,20.0,0.0,48
20.0,False,266,20.0,0.0,48
20.0,False,267,20.0,0.0,48
20.0,False,268,20.0,0.0,48
20.0,False,269,20.0,0.0,48
20.0,False,270,20.0,0.0,48
20.0,False,271,20.0,0.0,48
20.0,False,272,20.0,0.0,48
19.96777178548865,False,273,20.0,-0.03222821451134905,48
20.0,False,274,19.96777178548865,0.03222821451134905,48
19.965987998275974,False,275,20.0,-0.034012001724025964,48
20.0,False,276,19.965987998275974,0.034012001724025964,48
20.0,False,277,20.0,0.0,48
19.931698002680612,False,278,20.0,-0.06830199731938791,48
20.0,False,279,19.931698002680612,0.06830199731938791,48
19.921356378694245,False,280,20.0,-0.07864362130575486,48
19.97556971663795,False,281,19.921356378694245,0.054213337943703976,48
19.963983678986374,False,282,19.97556971663795,-0.01158603765157551,48
20.0,False,283,19.963983678986374,0.036016321013626396,48
20.0,False,284,20.0,0.0,48
20.0,False,285,20.0,0.0,48
19.90677992107816,False,286,20.0,-0.09322007892183848,48
19.99626923013227,False,287,19.90677992107816,0.0894893090541089,48
20.0,False,288,19.99626923013227,0.0037307698677295775,48
20.0,False,289,20.0,0.0,48
20.0,False,290,20.0,0.0,48
19.974743082818964,False,291,20.0,-0.025256917181035732,48
20.0,False,292,19.974743082818964,0.025256917181035732,48
19.92194806786371,False,293,20.0,-0.07805193213629025,48
20.0,False,294,19.92194806786371,0.07805193213629025,48
19.987357586029745,False,295,20.0,-0.012642413970255006,48
20.0,False,296,19.987357586029745,0.012642413970255006,48
20.0,False,297,20.0,0.0,48
19.951901466859624,False,298,20.0,-0.04809853314037582,48
19.91654539790842,False,299,19.951901466859624,-0.0353560689512058,48
1.8895317459376657,False,0,0.0,0.0,49
2.4004677022917758,False,1,1.8895317459376657,0.51093595635411,49
2.489485029893477,False,2,2.4004677022917758,0.08901732760170145,49
2.324053316233859,False,3,2.489485029893477,-0.1654317136596184,49
1.713156298010945,False,4,2.324053316233859,-0.6108970182229139,49
2.4082187733153577,False,5,1.713156298010945,0.6950624753044128,49
1.7992591661527304,False,6,2.4082187733153577,-0.6089596071626273,49
2.1045650721061806,False,7,1.7992591661527304,0.3053059059534502,49
2.2692520513762844,False,8,2.1045650721061806,0.16468697927010378,49
2.466730708641302,False,9,2.2692520513762844,0.1974786572650178,49
1.6780908168126047,False,10,2.466730708641302,-0.7886398918286974,49
2.389955471677973,False,11,1.6780908168126047,0.7118646548653684,49
2.118602979259472,False,12,2.389955471677973,-0.27135249241850135,49
1.508353045588371,False,13,2.118602979259472,-0.6102499336711009,49
2.0993474549116358,False,14,1.508353045588371,0.5909944093232649,49
1.9700226701785737,False,15,2.0993474549116358,-0.12932478473306208,49
1.9747567337690204,False,16,1.9700226701785737,0.004734063590446702,49
2.2250876700821185,False,17,1.9747567337690204,0.2503309363130981,49
1.7553472509836234,False,18,2.2250876700821185,-0.46974041909849507,49
2.091184414767529,False,19,1.7553472509836234,0.3358371637839055,49
1.7451459489305563,False,20,2.091184414767529,-0.3460384658369726,49
1.8759259319911683,False,21,1.7451459489305563,0.130779983060612,49
1.779547875964826,False,22,1.8759259319911683,-0.09637805602634231,49
1.609913188908321,False,23,1.779547875964826,-0.16963468705650508,49
2.2722049349914135,False,24,1.609913188908321,0.6622917460830926,49
2.4036064635789316,False,25,2.2722049349914135,0.13140152858751808,49
1.9141656604737167,False,26,2.4036064635789316,-0.48944080310521487,49
2.11360782394231,False,27,1.9141656604737167,0.19944216346859323,49
2.2390901791044016,False,28,2.11360782394231,0.1254823551620916,49
2.236150482501808,False,29,2.2390901791044016,-0.0029396966025934113,49
1.7758456219531142,False,30,2.236150482501808,-0.4603048605486939,49
2.371053021977179,False,31,1.7758456219531142,0.5952074000240648,49
2.3662703456824805,False,32,2.371053021977179,-0.004782676294698529,49
2.4943286537486453,False,33,2.3662703456824805,0.1280583080661648,49
2.2732996179099256,False,34,2.4943286537486453,-0.2210290358387197,49
1.5230923939413645,False,35,2.2732996179099256,-0.7502072239685611,49
2.246553214853145,False,36,1.5230923939413645,0.7234608209117805,49
1.920836900472529,False,37,2.246553214853145,-0.3257163143806161,49
2.332246757461917,False,38,1.920836900472529,0.4114098569893878,49
2.194731602659057,False,39,2.332246757461917,-0.13751515480285992,49
2.377550766120675,False,40,2.194731602659057,0.1828191634616183,49
1.8293188113448902,False,41,2.377550766120675,-0.548231954775785,49
2.33629555247685,False,42,1.8293188113448902,0.5069767411319597,49
2.374229473799298,False,43,2.33629555247685,0.03793392132244833,49
1.72900178215641,False,44,2.374229473799298,-0.6452276916428881,49
2.2779412990592425,False,45,1.72900178215641,0.5489395169028324,49
1.7046080050342702,False,46,2.2779412990592425,-0.5733332940249722,49
2.142369055885673,False,47,1.7046080050342702,0.4377610508514027,49
1.9405251014623301,False,48,2.142369055885673,-0.2018439544233428,49
1.5467149916048315,False,49,1.9405251014623301,-0.39381010985749865,49
2.361391600030543,False,50,1.5467149916048315,0.8146766084257113,49
1.801261737850369,False,51,2.361391600030543,-0.5601298621801738,49
2.1071794503015067,False,52,1.801261737850369,0.30591771245113764,49
1.921282988561144,False,53,2.1071794503015067,-0.18589646174036267,49
1.7711504868956567,False,54,1.921282988561144,-0.1501325016654873,49
1.5716322093290969,False,55,1.7711504868956567,-0.19951827756655982,49
2.270106469277985,False,56,1.5716322093290969,0.6984742599488882,49
1.9021620994626152,False,57,2.270106469277985,-0.36794436981536993,49
2.193648656163015,False,58,1.9021620994626152,0.2914865567003999,49
1.8841121261316771,False,59,2.193648656163015,-0.30953653003133796,49
1.5887050131714937,False,60,1.8841121261316771,-0.2954071129601834,49
1.5290757151402854,False,61,1.5887050131714937,-0.05962929803120831,49
2.037974256854981,False,62,1.5290757151402854,0.5088985417146956,49
1.5822982234059313,False,63,2.037974256854981,-0.4556760334490497,49
1.5630149525591654,False,64,1.5822982234059313,-0.019283270846765843,49
1.9806307798953098,False,65,1.5630149525591654,0.41761582733614433,49
1.5021929043118294,False,66,1.9806307798953098,-0.4784378755834804,49
1.716204572667567,False,67,1.5021929043118294,0.2140116683557376,49
2.474851464310751,False,68,1.716204572667567,0.7586468916431839,49
2.2039568400772147,False,69,2.474851464310751,-0.27089462423353616,49
2.35830934718122,False,70,2.2039568400772147,0.15435250710400528,49
2.1974584032590765,False,71,2.35830934718122,-0.1608509439221435,49
2.376240723607194,False,72,2.1974584032590765,0.17878232034811736,49
2.4687714007374604,False,73,2.376240723607194,0.09253067713026653,49
2.289419924443327,False,74,2.4687714007374604,-0.1793514762941335,49
2.274369293547828,False,75,2.289419924443327,-0.015050630895498962,49
1.8051269628197608,False,76,2.274369293547828,-0.4692423307280671,49
1.5454611516241306,False,77,1.8051269628197608,-0.25966581119563026,49
1.5016629509266497,False,78,1.5454611516241306,-0.04379820069748086,49
1.94280169698137,False,79,1.5016629509266497,0.44113874605472025,49
2.102138341621837,False,80,1.94280169698137,0.15933664464046715,49
1.97738464148121,False,81,2.102138341621837,-0.12475370014062714,49
2.1240588043527713,False,82,1.97738464148121,0.14667416287156132,49
2.079088588291185,False,83,2.1240588043527713,-0.04497021606158613,49
2.3051107370790582,False,84,2.079088588291185,0.22602214878787308,49
1.7466521482179806,False,85,2.3051107370790582,-0.5584585888610776,49
1.8097512456824025,False,86,1.7466521482179806,0.06309909746442188,49
1.9262073988857318,False,87,1.8097512456824025,0.11645615320332925,49
2.2908579827330726,False,88,1.9262073988857318,0.36465058384734084,49
2.042143959641604,False,89,2.2908579827330726,-0.24871402309146884,49
2.39026970686229,False,90,2.042143959641604,0.34812574722068623,49
1.5068198784584355,False,91,2.39026970686229,-0.8834498284038546,49
1.8051460311878622,False,92,1.5068198784584355,0.29832615272942675,49
1.693910197189744,False,93,1.8051460311878622,-0.11123583399811832,49
1.6774974470915298,False,94,1.693910197189744,-0.01641275009821408,49
1.7735382675876354,False,95,1.6774974470915298,0.09604082049610563,49
1.8734543771890468,False,96,1.7735382675876354,0.0999161096014114,49
2.3967774452152364,False,97,1.8734543771890468,0.5233230680261896,49
1.8750124251259872,False,98,2.3967774452152364,-0.5217650200892492,49
1.5094898550089655,False,99,1.8750124251259872,-0.3655225701170217,49
2.3078765204599105,True,100,1.5094898550089655,0.798386665450945,49
2.585360671088224,True,101,2.3078765204599105,0.27748415062831366,49
2.8967235956731203,True,102,2.585360671088224,0.3113629245848961,49
3.1198181400022156,True,103,2.8967235956731203,0.22309454432909526,49
3.591293640397749,True,104,3.1198181400022156,0.4714755003955333,49
3.7872387220457155,True,105,3.591293640397749,0.19594508164796665,49
4.092310667105732,True,106,3.7872387220457155,0.30507194506001634,49
4.449278051997563,True,107,4.092310667105732,0.35696738489183133,49
4.848218404733944,True,108,4.449278051997563,0.39894035273638107,49
5.076856661782338,True,109,4.848218404733944,0.22863825704839336,49
5.2858173269048665,True,110,5.076856661782338,0.20896066512252887,49
5.5815293438570075,True,111,5.2858173269048665,0.295712016952141,49
5.882279881628683,True,112,5.5815293438570075,0.30075053777167593,49
6.162652470801589,True,113,5.882279881628683,0.28037258917290586,49
6.454498006838189,True,114,6.162652470801589,0.29184553603659946,49
6.888542100010422,True,115,6.454498006838189,0.4340440931722336,49
7.121958054709191,True,116,6.888542100010422,0.23341595469876886,49
7.467911660480972,True,117,7.121958054709191,0.3459536057717809,49
7.800939227133429,True,118,7.467911660480972,0.3330275666524569,49
8.109317124623573,True,119,7.800939227133429,0.30837789749014366,49
8.438025500252214,True,120,8.109317124623573,0.32870837562864175,49
8.676367524035376,True,121,8.438025500252214,0.2383420237831615,49
8.956534814324963,True,122,8.676367524035376,0.28016729028958665,49
9.25353811697583,True,123,8.956534814324963,0.29700330265086805,49
9.607810345817645,True,124,9.25353811697583,0.35427222884181475,49
9.866248548424238,True,125,9.607810345817645,0.2584382026065928,49
10.221372314623878,True,126,9.866248548424238,0.3551237661996396,49
10.537354413549474,True,127,10.221372314623878,0.3159820989255966,49
10.770925429350202,True,128,10.537354413549474,0.23357101580072737,49
11.180699654637872,True,129,10.770925429350202,0.40977422528766994,49
11.369115151690243,True,130,11.180699654637872,0.1884154970523717,49
11.630590539078693,True,131,11.369115151690243,0.2614753873884492,49
12.016299617848814,True,132,11.630590539078693,0.3857090787701214,49
12.201255102522488,True,133,12.016299617848814,0.18495548467367406,49
12.563719840665094,True,134,12.201255102522488,0.3624647381426058,49
12.794795811535629,True,135,12.563719840665094,0.23107597087053477,49
13.259450579728304,True,136,12.794795811535629,0.46465476819267515,49
13.38013501675559,True,137,13.259450579728304,0.12068443702728615,49
13.692652299064695,True,138,13.38013501675559,0.3125172823091056,49
13.996745962706502,True,139,13.692652299064695,0.30409366364180634,49
14.340701851670321,True,140,13.996745962706502,0.34395588896381923,49
14.601921044577097,True,141,14.340701851670321,0.26121919290677553,49
14.940274823823877,True,142,14.601921044577097,0.33835377924678056,49
15.23042346524522,True,143,14.940274823823877,0.290148641421343,49
15.464262176839098,True,144,15.23042346524522,0.2338387115938776,49
15.84012564389775,True,145,15.464262176839098,0.37586346705865203,49
16.15734843758577,True,146,15.84012564389775,0.3172227936880212,49
16.425649470918234,True,147,16.15734843758577,0.26830103333246313,49
16.70124321103462,True,148,16.425649470918234,0.2755937401163848,49
16.983897240570407,True,149,16.70124321103462,0.282654029535788,49
17.40514880388938,True,150,16.983897240570407,0.42125156331897173,49
17.624580667865633,True,151,17.40514880388938,0.21943186397625425,49
18.042473717985143,True,152,17.624580667865633,0.4178930501195097,49
18.20214083023615,True,153,18.042473717985143,0.15966711225100738,49
18.671775167013976,True,154,18.20214083023615,0.4696343367778262,49
18.829720951795288,True,155,18.671775167013976,0.15794578478131172,49
19.198943577479064,True,156,18.829720951795288,0.3692226256837756,49
19.39859167541141,True,157,19.198943577479064,0.1996480979323465,49
19.869717632115474,True,158,19.39859167541141,0.4711259567040642,49
20.0,False,159,19.869717632115474,0.13028236788452574,49
20.0,False,160,20.0,0.0,49
20.0,False,161,20.0,0.0,49
20.0,False,162,20.0,0.0,49
20.0,False,163,20.0,0.0,49
20.0,False,164,20.0,0.0,49
20.0,False,165,20.0,0.0,49
20.0,False,166,20.0,0.0,49
20.0,False,167,20.0,0.0,49
20.0,False,168,20.0,0.0,49
20.0,False,169,20.0,0.0,49
20.0,False,170,20.0,0.0,49
20.0,False,171,20.0,0.0,49
20.0,False,172,20.0,0.0,49
20.0,False,173,20.0,0.0,49
20.0,False,174,20.0,0.0,49
20.0,False,175,20.0,0.0,49
20.0,False,176,20.0,0.0,49
20.0,False,177,20.0,0.0,49
20.0,False,178,20.0,0.0,49
20.0,False,179,20.0,0.0,49
20.0,False,180,20.0,0.0,49
20.0,False,181,20.0,0.0,49
20.0,False,182,20.0,0.0,49
20.0,False,183,20.0,0.0,49
20.0,False,184,20.0,0.0,49
20.0,False,185,20.0,0.0,49
20.0,False,186,20.0,0.0,49
20.0,False,187,20.0,0.0,49
20.0,False,188,20.0,0.0,49
20.0,False,189,20.0,0.0,49
20.0,False,190,20.0,0.0,49
20.0,False,191,20.0,0.0,49
20.0,False,192,20.0,0.0,49
20.0,False,193,20.0,0.0,49
20.0,False,194,20.0,0.0,49
20.0,False,195,20.0,0.0,49
20.0,False,196,20.0,0.0,49
20.0,False,197,20.0,0.0,49
20.0,False,198,20.0,0.0,49
20.0,False,199,20.0,0.0,49
20.0,False,200,20.0,0.0,49
19.989171398232955,False,201,20.0,-0.010828601767045143,49
19.96788702713984,False,202,19.989171398232955,-0.021284371093113208,49
20.0,False,203,19.96788702713984,0.03211297286015835,49
20.0,False,204,20.0,0.0,49
19.938349325386806,False,205,20.0,-0.061650674613193956,49
19.990316709450266,False,206,19.938349325386806,0.051967384063459576,49
19.920805853589986,False,207,19.990316709450266,-0.06951085586027972,49
19.912552315936303,False,208,19.920805853589986,-0.008253537653683196,49
20.0,False,209,19.912552315936303,0.0874476840636973,49
19.97322094207049,False,210,20.0,-0.02677905792950952,49
19.965863745474195,False,211,19.97322094207049,-0.007357196596295523,49
19.997788942495568,False,212,19.965863745474195,0.03192519702137275,49
20.0,False,213,19.997788942495568,0.00221105750443229,49
20.0,False,214,20.0,0.0,49
19.96521726032286,False,215,20.0,-0.03478273967714074,49
19.910883959171453,False,216,19.96521726032286,-0.05433330115140578,49
20.0,False,217,19.910883959171453,0.08911604082854652,49
19.98511794847465,False,218,20.0,-0.014882051525351159,49
19.98600377098127,False,219,19.98511794847465,0.000885822506621281,49
20.0,False,220,19.98600377098127,0.013996229018729878,49
19.99312073407299,False,221,20.0,-0.006879265927011602,49
20.0,False,222,19.99312073407299,0.006879265927011602,49
20.0,False,223,20.0,0.0,49
20.0,False,224,20.0,0.0,49
20.0,False,225,20.0,0.0,49
20.0,False,226,20.0,0.0,49
20.0,False,227,20.0,0.0,49
20.0,False,228,20.0,0.0,49
20.0,False,229,20.0,0.0,49
19.988767668016948,False,230,20.0,-0.01123233198305229,49
20.0,False,231,19.988767668016948,0.01123233198305229,49
20.0,False,232,20.0,0.0,49
19.918340667951085,False,233,20.0,-0.08165933204891473,49
20.0,False,234,19.918340667951085,0.08165933204891473,49
20.0,False,235,20.0,0.0,49
20.0,False,236,20.0,0.0,49
20.0,False,237,20.0,0.0,49
19.963650168418184,False,238,20.0,-0.03634983158181626,49
19.949193457532377,False,239,19.963650168418184,-0.014456710885806245,49
20.0,False,240,19.949193457532377,0.050806542467622506,49
19.979022670562227,False,241,20.0,-0.020977329437773307,49
19.9858248624674,False,242,19.979022670562227,0.006802191905173061,49
20.0,False,243,19.9858248624674,0.014175137532600246,49
20.0,False,244,20.0,0.0,49
19.979085719308358,False,245,20.0,-0.020914280691641807,49
19.92887546531152,False,246,19.979085719308358,-0.05021025399683765,49
19.945105150156106,False,247,19.92887546531152,0.016229684844585535,49
19.928448792461108,False,248,19.945105150156106,-0.01665635769499829,49
20.0,False,249,19.928448792461108,0.07155120753889221,49
20.0,False,250,20.0,0.0,49
20.0,False,251,20.0,0.0,49
20.0,False,252,20.0,0.0,49
19.961333603906002,False,253,20.0,-0.03866639609399769,49
19.966728825647778,False,254,19.961333603906002,0.005395221741775202,49
20.0,False,255,19.966728825647778,0.03327117435222249,49
20.0,False,256,20.0,0.0,49
19.90196325370081,False,257,20.0,-0.09803674629919001,49
19.91225250733715,False,258,19.90196325370081,0.01028925363634059,49
19.9492150406538,False,259,19.91225250733715,0.03696253331665034,49
20.0,False,260,19.9492150406538,0.05078495934619909,49
19.949296611664696,False,261,20.0,-0.050703388335303856,49
20.0,False,262,19.949296611664696,0.050703388335303856,49
19.983556184504096,False,263,20.0,-0.016443815495904346,49
19.985579776238133,False,264,19.983556184504096,0.002023591734037211,49
19.979035352094414,False,265,19.985579776238133,-0.006544424143719141,49
20.0,False,266,19.979035352094414,0.020964647905586276,49
19.98654369827869,False,267,20.0,-0.01345630172130896,49
19.9612132184684,False,268,19.98654369827869,-0.025330479810289575,49
19.982354408243133,False,269,19.9612132184684,0.021141189774731117,49
19.9712855586572,False,270,19.982354408243133,-0.011068849585932128,49
20.0,False,271,19.9712855586572,0.028714441342799546,49
20.0,False,272,20.0,0.0,49
19.955560791663878,False,273,20.0,-0.04443920833612225,49
19.911813853224075,False,274,19.955560791663878,-0.04374693843980282,49
19.946451809564195,False,275,19.911813853224075,0.03463795634012001,49
20.0,False,276,19.946451809564195,0.053548190435805054,49
20.0,False,277,20.0,0.0,49
20.0,False,278,20.0,0.0,49
20.0,False,279,20.0,0.0,49
20.0,False,280,20.0,0.0,49
20.0,False,281,20.0,0.0,49
19.945940183540188,False,282,20.0,-0.05405981645981228,49
20.0,False,283,19.945940183540188,0.05405981645981228,49
20.0,False,284,20.0,0.0,49
20.0,False,285,20.0,0.0,49
20.0,False,286,20.0,0.0,49
19.984314064542897,False,287,20.0,-0.015685935457103284,49
20.0,False,288,19.984314064542897,0.015685935457103284,49
19.936708074548296,False,289,20.0,-0.06329192545170415,49
20.0,False,290,19.936708074548296,0.06329192545170415,49
19.93313545402766,False,291,20.0,-0.06686454597234004,49
19.91950307798461,False,292,19.93313545402766,-0.013632376043048566,49
20.0,False,293,19.91950307798461,0.0804969220153886,49
20.0,False,294,20.0,0.0,49
19.964460112110896,False,295,20.0,-0.03553988788910445,49
20.0,False,296,19.964460112110896,0.03553988788910445,49
20.0,False,297,20.0,0.0,49
20.0,False,298,20.0,0.0,49
20.0,False,299,20.0,0.0,49
